Date,Close,High,Low,Open,Volume
,510300.SS,510300.SS,510300.SS,510300.SS,510300.SS
2012-05-04,2.2286417484283447,2.2286417484283447,2.2286417484283447,2.2286417484283447,0
2012-05-11,2.1648855209350586,2.1648855209350586,2.1648855209350586,2.1648855209350586,0
2012-05-18,2.1131649017333984,2.1131649017333984,2.1131649017333984,2.1131649017333984,0
2012-05-25,2.1131649017333984,2.1131649017333984,2.1131649017333984,2.1131649017333984,0
2012-05-28,2.146824359893799,2.146824359893799,2.146824359893799,2.146824359893799,0
2012-05-29,2.1772005558013916,2.1772005558013916,2.1772005558013916,2.1772005558013916,0
2012-05-30,2.169811248779297,2.169811248779297,2.169811248779297,2.169811248779297,0
2012-05-31,2.1632437705993652,2.1632437705993652,2.1632437705993652,2.1632437705993652,0
2012-06-01,2.164064884185791,2.164064884185791,2.164064884185791,2.164064884185791,0
2012-06-04,2.1041340827941895,2.1041340827941895,2.1041340827941895,2.1041340827941895,0
2012-06-05,2.1041340827941895,2.1041340827941895,2.1041340827941895,2.1041340827941895,0
2012-06-06,2.103313446044922,2.103313446044922,2.103313446044922,2.103313446044922,0
2012-06-07,2.093461751937866,2.093461751937866,2.093461751937866,2.093461751937866,0
2012-06-08,2.079505443572998,2.079505443572998,2.079505443572998,2.079505443572998,0
2012-06-11,2.10823917388916,2.10823917388916,2.10823917388916,2.10823917388916,0
2012-06-12,2.094282627105713,2.094282627105713,2.094282627105713,2.094282627105713,0
2012-06-13,2.1279423236846924,2.1279423236846924,2.1279423236846924,2.1279423236846924,0
2012-06-14,2.1131649017333984,2.1131649017333984,2.1131649017333984,2.1131649017333984,0
2012-06-15,2.1205532550811768,2.1205532550811768,2.1205532550811768,2.1205532550811768,0
2012-06-18,2.131226062774658,2.131226062774658,2.131226062774658,2.131226062774658,0
2012-06-19,2.1131649017333984,2.1131649017333984,2.1131649017333984,2.1131649017333984,0
2012-06-20,2.1098811626434326,2.1098811626434326,2.1098811626434326,2.1098811626434326,0
2012-06-21,2.0778632164001465,2.0778632164001465,2.0778632164001465,2.0778632164001465,0
2012-06-25,2.0343520641326904,2.0343520641326904,2.0343520641326904,2.0343520641326904,0
2012-06-26,2.0368151664733887,2.0368151664733887,2.0368151664733887,2.0368151664733887,0
2012-06-27,2.030247449874878,2.030247449874878,2.030247449874878,2.030247449874878,0
2012-06-28,2.013007164001465,2.013007164001465,2.013007164001465,2.013007164001465,0
2012-06-29,2.041740894317627,2.041740894317627,2.041740894317627,2.041740894317627,0
2012-07-02,2.0458457469940186,2.0458457469940186,2.0458457469940186,2.0458457469940186,0
2012-07-03,2.0483083724975586,2.0483083724975586,2.0483083724975586,2.0483083724975586,0
2012-07-04,2.0458457469940186,2.0458457469940186,2.0458457469940186,2.0458457469940186,0
2012-07-05,2.0195748805999756,2.0195748805999756,2.0195748805999756,2.0195748805999756,0
2012-07-06,2.0548763275146484,2.0548763275146484,2.0548763275146484,2.0548763275146484,0
2012-07-09,2.0089025497436523,2.0089025497436523,2.0089025497436523,2.0089025497436523,0
2012-07-10,2.0015132427215576,2.0015132427215576,2.0015132427215576,2.0015132427215576,0
2012-07-11,2.0171120166778564,2.0171120166778564,2.0171120166778564,2.0171120166778564,0
2012-07-12,2.0368151664733887,2.0368151664733887,2.0368151664733887,2.0368151664733887,0
2012-07-13,2.038456678390503,2.038456678390503,2.038456678390503,2.038456678390503,0
2012-07-16,1.9974089860916138,1.9974089860916138,1.9974089860916138,1.9974089860916138,0
2012-07-17,2.0089025497436523,2.0089025497436523,2.0089025497436523,2.0089025497436523,0
2012-07-18,2.0089025497436523,2.0089025497436523,2.0089025497436523,2.0089025497436523,0
2012-07-19,2.017932891845703,2.017932891845703,2.017932891845703,2.017932891845703,0
2012-07-20,1.9974089860916138,2.0121862716146537,1.9924831590061292,2.007260444529169,270297800
2012-07-23,1.9727799892425537,1.9793476280106475,1.9637492412696649,1.9793476280106475,185688542
2012-07-24,1.9768846035003662,1.9891991701656098,1.9662120443016209,1.967854051768119,230423665
2012-07-25,1.9645699262619019,1.98181031862289,1.9621072088008609,1.9703168542044884,138906724
2012-07-26,1.9555394649505615,1.9760636772699947,1.9538976532343795,1.9662120240393235,254895999
2012-07-27,1.9580022096633911,1.9670327605249958,1.9514345718973836,1.9612860285463949,372468536
2012-07-30,1.951434850692749,1.9694959549962916,1.9473299297025035,1.961286308749207,230320619
2012-07-31,1.9465092420578003,1.9580027089457879,1.9424043206072745,1.952255975501794,421498384
2012-08-01,1.9612863063812256,1.9711379601591952,1.9473299273513727,1.9473299273513727,261555591
2012-08-02,1.9465092420578003,1.9612865286661516,1.936657587163281,1.9588236149425218,208725821
2012-08-03,1.9580022096633911,1.9588231154507976,1.9440458326105918,1.9497925645891927,173736637
2012-08-06,1.9834522008895874,1.986736215754683,1.955539444670024,1.9563603505196014,314425730
2012-08-07,1.985915184020996,1.987557191511297,1.9801684514050417,1.9826313647737936,258440372
2012-08-08,1.9875566959381104,1.999871259711382,1.9834517761025694,1.9891987030189968,232950212
2012-08-09,2.0072596073150635,2.009722519830542,1.9801677653781322,1.9883774085186163,201000366
2012-08-10,2.0015132427215576,2.008901981619226,1.9974085182673202,2.008901981619226,111870103
2012-08-13,1.9637492895126343,1.99576696969383,1.9612863759807413,1.99576696969383,295936636
2012-08-14,1.9604653120040894,1.9670329504040756,1.9374781861373438,1.9645700370707315,322602237
2012-08-15,1.9424036741256714,1.9563600500922498,1.9407618626786403,1.9563600500922498,191010978
2012-08-16,1.9366570711135864,1.945687621871626,1.9350152595576025,1.94322490453765,122866266
2012-08-17,1.9284476041793823,1.9374781557711762,1.9169541392928453,1.9366572499173933,175726529
2012-08-20,1.9177751541137695,1.9235218868835648,1.840604518938342,1.9153122406790852,170506151
2012-08-21,1.925163745880127,1.943225044429809,1.9153120929015024,1.9177750061461585,234889417
2012-08-22,1.911207675933838,1.928447875690939,1.907102754620192,1.9268058680187963,129801974
2012-08-23,1.9202378988265991,1.9276266384814402,1.9062815210786026,1.9153120723900385,167054637
2012-08-24,1.9013561010360718,1.9144915757633345,1.8988931872913706,1.9128495680223907,158441884
2012-08-27,1.8619493246078491,1.8923251898014672,1.8611284187593922,1.8923251898014672,314323326
2012-08-28,1.8619493246078491,1.8750847968501232,1.8553816863534085,1.8594866070624783,217624127
2012-08-29,1.8496350049972534,1.8668752026910334,1.8471720916505137,1.8570237450374725,213328159
2012-08-30,1.8414250612258911,1.8512767130192942,1.8274686850074808,1.843887974174242,232674434
2012-08-31,1.8414250612258911,1.847992698599249,1.8373201410675177,1.8389621482775402,203186243
2012-09-03,1.852919101715088,1.8635916625715225,1.8332159877237573,1.8373207134274636,238842576
2012-09-04,1.8332157135009766,1.861128470457799,1.8323948076297165,1.8562026437634427,224764716
2012-09-05,1.8323949575424194,1.839783502455031,1.8250062168963939,1.8332158634808398,218155984
2012-09-06,1.8504559993743896,1.8504559993743896,1.832394894945646,1.8348576126767775,169650767
2012-09-07,1.935015320777893,1.9580022491559392,1.8611283178864428,1.8611283178864428,558933727
2012-09-10,1.9415829181671143,1.9456876428346748,1.9317312657915642,1.9374779977661758,239091508
2012-09-11,1.9268057346343994,1.9292686481054058,1.9136704571002423,1.928447742192873,286374277
2012-09-12,1.9366570711135864,1.9522554552956894,1.9161330565301558,1.94158289724829,277382682
2012-09-13,1.9177751541137695,1.939941179292524,1.916954248213343,1.930910627187618,205652699
2012-09-14,1.9309107065200806,1.9456879920019143,1.9169543269724005,1.932552714121801,323767643
2012-09-17,1.8857569694519043,1.9276262908791293,1.8841151580913715,1.9259842837852441,270617163
2012-09-18,1.862770438194275,1.8775477222286947,1.8570237057512564,1.8734429972265645,222930580
2012-09-19,1.8701589107513428,1.875084540903134,1.857023440302046,1.8627701719236074,278485038
2012-09-20,1.8299317359924316,1.866054135737441,1.8274688228582967,1.866054135737441,408269501
2012-09-21,1.8291109800338745,1.8471722811854028,1.8217224349689287,1.8233642468796196,277052151
2012-09-24,1.8455300331115723,1.8578445995045434,1.8094076312478444,1.8176172769320278,314290169
2012-09-25,1.843066930770874,1.8529185828746668,1.8348572859288375,1.839783111980734,172181047
2012-09-26,1.8233637809753418,1.8488138164222636,1.8209008680052083,1.8414250775118637,162960701
2012-09-27,1.875905990600586,1.9177751269299292,1.82582701244973,1.8266479183385205,479172703
2012-09-28,1.9194170236587524,1.920237929500163,1.8594865911011838,1.864412221883038,502110976
2012-10-08,1.8906829357147217,1.9202376954708085,1.880010378143541,1.9169538767719914,190407801
2012-10-09,1.9341943264007568,1.9440459795276634,1.9005348377728142,1.9005348377728142,368639934
2012-10-10,1.9341943264007568,1.937478145531928,1.9202379482932346,1.926805586555577,192738074
2012-10-11,1.9210585355758667,1.9341940056557054,1.9169538112759323,1.9276263684824662,236234561
2012-10-12,1.9194170236587524,1.9440459605015865,1.905460645687819,1.9276266692730304,283715279
2012-10-15,1.9128493070602417,1.9243429682119573,1.9005349357501644,1.9243429682119573,173331951
2012-10-16,1.913670539855957,1.9309107391651377,1.905460893175383,1.9120285322264756,303313385
2012-10-17,1.9210585355758667,1.9276263684824662,1.9021763340361035,1.9235214484491714,233149992
2012-10-18,1.9448668956756592,1.9506136281189876,1.9243428791971147,1.925163785050906,282792795
2012-10-19,1.9448668956756592,1.949792722265196,1.9399410690861225,1.942403982380891,163313551
2012-10-22,1.9522556066513062,1.957181433167902,1.9309104889016506,1.9366572212598825,233199489
2012-10-23,1.9300892353057861,1.9530761605970388,1.9284472281849727,1.9514343492095811,261856331
2012-10-24,1.9268057346343994,1.936657388518425,1.9227010093383272,1.9251639228093336,215470345
2012-10-25,1.911207675933838,1.935015710646088,1.9103865742310557,1.9268058680187963,243580691
2012-10-26,1.8685170412063599,1.9144910932993093,1.8619492076311497,1.912028180175278,305971025
2012-10-29,1.85948646068573,1.8709799245929446,1.8537395329987454,1.8652331926393373,238310475
2012-10-30,1.8635913133621216,1.8791896987268395,1.857844581013729,1.8619493059482706,330497135
2012-10-31,1.876726746559143,1.8783687539389475,1.8594865498714375,1.8652332821006727,243353492
2012-11-01,1.9161330461502075,1.9243426910857822,1.877547538792969,1.880831357620524,338128104
2012-11-02,1.9202378988265991,1.923521717873177,1.9029977020320246,1.9161331739517238,266208981
2012-11-05,1.91531240940094,1.9350157186141,1.9071027624732642,1.918596229025326,241740472
2012-11-06,1.9079232215881348,1.9210586927426203,1.8808313734986888,1.9194168811816699,311847850
2012-11-07,1.9062814712524414,1.919416942828807,1.8956089128299807,1.9046394639053772,310063038
2012-11-08,1.8718007802963257,1.8964297147528517,1.870979874534453,1.8939668017338618,350699111
2012-11-09,1.8668752908706665,1.875906038813068,1.862770565587817,1.8685172984238505,302511057
2012-11-12,1.8734427690505981,1.8791895007936934,1.8586652910826074,1.8685169430612678,324962305
2012-11-13,1.8447091579437256,1.8734430161829545,1.8406044329000617,1.8734430161829545,389247380
2012-11-14,1.8496350049972534,1.8520979183439932,1.8414253590859204,1.8471720916505137,321638345
2012-11-15,1.8274688720703125,1.8512769025191567,1.8258268646922111,1.842246155539679,414774187
2012-11-16,1.8102283477783203,1.8258267316669707,1.8028398044486413,1.8250058259044224,415832688
2012-11-19,1.8102283477783203,1.811870355036789,1.7921672466020249,1.809407442015772,338625302
2012-11-20,1.8053028583526611,1.818438331669532,1.8020190389567956,1.8151545122736665,302369712
2012-11-21,1.8274688720703125,1.8299317852707713,1.794630290375377,1.806123754821927,489243817
2012-11-22,1.8167965412139893,1.820080360648491,1.8061239812518008,1.8159754395553058,299881838
2012-11-23,1.8266477584838867,1.8348574038535503,1.8176172072972725,1.82008012048151,416464364
2012-11-26,1.8151545524597168,1.8241851049316282,1.8085869135225834,1.8233641989978397,338070384
2012-11-27,1.7954511642456055,1.8110495489931244,1.794630258437857,1.8077655342953647,369831105
2012-11-28,1.7757480144500732,1.7913462031104257,1.7732851013493065,1.7913462031104257,355128128
2012-11-29,1.7691802978515625,1.7839577774327198,1.7683593920081841,1.7798528567490457,379022647
2012-11-30,1.7773897647857666,1.7831364965784178,1.7626124824237166,1.76507539543962,416837419
2012-12-03,1.7609705924987793,1.789704449109889,1.7593285851343157,1.7798527963898776,306158705
2012-12-04,1.7749269008636475,1.7782107197312242,1.7552237919248102,1.756865799225287,399300134
2012-12-05,1.8373204469680786,1.848814107885116,1.771643279366261,1.774106192724669,619519593
2012-12-06,1.8348575830459595,1.8438883308479028,1.8274690385050658,1.8381415981012503,423682120
2012-12-07,1.8718007802963257,1.8775475120961778,1.8332154692211053,1.8348572807448507,577485563
2012-12-10,1.8890414237976074,1.8939670547602596,1.8759059511859395,1.8824735896250744,497570939
2012-12-11,1.8832945823669434,1.8931462362134692,1.8783689511770878,1.8816527705481272,325695412
2012-12-12,1.887399435043335,1.8931461676679329,1.876726875673825,1.8849365216708789,469480011
2012-12-13,1.8726218938827515,1.8857573661973546,1.8709800821767972,1.880010633759727,333202696
2012-12-14,1.9670326709747314,1.9703166854416065,1.8709798475528074,1.8709798475528074,574047553
2012-12-17,1.9727799892425537,1.9768847145392603,1.9637492412696649,1.9686750682124392,475098166
2012-12-18,1.9424036741256714,1.9760633533235257,1.9292682038826083,1.9456874927530963,446311396
2012-12-19,1.9473297595977783,1.9596443257593965,1.9374781066684839,1.9415830273001529,324553001
2012-12-20,1.9604653120040894,1.9686749578707705,1.9309105477373576,1.9407622010707337,491279016
2012-12-21,1.9522556066513062,1.9809894641758554,1.9424039536181141,1.967032890467703,419359410
2012-12-24,1.9538973569869995,1.9686746388590988,1.9473295239178934,1.9514344440527553,508316771
2012-12-25,2.0080816745758057,2.018754235365515,1.9440463098375493,1.9473301295266694,477178156
2012-12-26,2.0138282775878906,2.015470089459445,2.0039766234249106,2.0047975293606877,372002957
2012-12-27,2.009722948074341,2.0368147957841654,2.0089020423053685,2.0236793248137395,401730297
2012-12-28,2.039278030395508,2.040920037925752,2.009723264984941,2.015469997740689,515708540
2012-12-31,2.0721161365509033,2.076221056561727,2.045845392268396,2.045845392268396,770294422
2013-01-04,2.0770423412323,2.1016712785907785,2.051592498015224,2.096745451972404,536470795
2013-01-07,2.0803260803222656,2.0885357257924118,2.0655487967693573,2.0704746231981224,414827961
2013-01-08,2.0712954998016357,2.0844309715152214,2.0548762090929995,2.0795051451559536,400097236
2013-01-09,2.0696535110473633,2.080326069677281,2.0556971333928677,2.068011699401768,439988330
2013-01-10,2.0745797157287598,2.095924836880654,2.0606233355294648,2.0704749901329307,455625049
2013-01-11,2.0433833599090576,2.08525250510087,2.03435261028721,2.0803266772586704,584704424
2013-01-14,2.1156275272369385,2.124658274061809,2.0376359949133844,2.043382727038275,747183337
2013-01-15,2.1279423236846924,2.136972875755038,2.116448858189089,2.1172697640863736,490207723
2013-01-16,2.1123440265655518,2.131226233135448,2.081968354014,2.1271215077420336,496065732
2013-01-17,2.099208354949951,2.113164733144394,2.082789063458443,2.109060008138214,439093517
2013-01-18,2.1304049491882324,2.1427193189168485,2.095103455841687,2.1123436517551006,461440012
2013-01-21,2.137793779373169,2.141898504212798,2.1180904737961135,2.1345097646214026,411287904
2013-01-22,2.134509801864624,2.147645273900722,2.115627597512744,2.133688896029052,769514188
2013-01-23,2.1386148929595947,2.1427196181979955,2.1180906795673757,2.1336890660867898,417925900
2013-01-24,2.1246581077575684,2.1886932576607987,2.1082388184763947,2.138614484073229,787351437
2013-01-25,2.114806890487671,2.127121457845875,2.1123439770160304,2.124658544374234,572244740
2013-01-28,2.172274351119995,2.173095452742084,2.1205535611981006,2.1205535611981006,563554356
2013-01-29,2.1886935234069824,2.1993660823089196,2.171453326288495,2.1747371453967697,782680414
2013-01-30,2.2010085582733154,2.202650566043694,2.1845892635032627,2.1944409186586675,538504926
2013-01-31,2.2067549228668213,2.2141436629978664,2.1919776383381318,2.2100387421250414,692757102
2013-02-01,2.2494451999664307,2.2535499251780116,2.1927985827661063,2.1993662213979976,539815344
2013-02-04,2.253549575805664,2.268327054036542,2.24287721361675,2.256012488844144,424756405
2013-02-05,2.2699697017669678,2.28228407470043,2.2412358386998417,2.242877846433237,735651714
2013-02-06,2.2765371799468994,2.2822839130064976,2.269148439270238,2.271611352829125,462688028
2013-02-07,2.265864133834839,2.2765366917233862,2.237130278965663,2.274073778692693,608742643
2013-02-08,2.2732529640197754,2.288030247062713,2.25683367364612,2.2716109566890577,629626713
2013-02-18,2.239593505859375,2.2806419316346616,2.2346676791076683,2.2781790182588084,696787520
2013-02-19,2.2034714221954346,2.2453405641914994,2.1927988612630878,2.241235838458597,541152128
2013-02-20,2.213322401046753,2.214143306795894,2.1903352784704833,2.204291654872726,461017694
2013-02-21,2.134509801864624,2.1919775164892252,2.114806691677172,2.1919775164892252,732156514
2013-02-22,2.1279423236846924,2.1435407101335286,2.12383740273146,2.136972875755038,410754719
2013-02-25,2.131226062774658,2.1558550003666537,2.1197325977117396,2.1336889761071975,547550994
2013-02-26,2.100029468536377,2.1550340757738584,2.0959245477733495,2.1180905718401912,792972384
2013-02-27,2.119732141494751,2.1427190666732527,2.1057757661030387,2.1090595845952023,468323089
2013-02-28,2.1911563873291016,2.1944404020968156,2.126300129534248,2.139435601404943,613332622
2013-03-01,2.1886935234069824,2.197724270621478,2.15010820848462,2.1911564366715366,427679652
2013-03-04,2.085252046585083,2.1624228757661346,2.074579487184867,2.1607808682686396,740008408
2013-03-05,2.1451823711395264,2.1476452843916625,2.0860728445550394,2.089356859380148,541403534
2013-03-06,2.1681697368621826,2.1821261163508443,2.1460037108664607,2.159960090355122,595809651
2013-03-07,2.1418986320495605,2.1755583172637123,2.12137461515969,2.1591390254584573,790946542
2013-03-08,2.1386148929595947,2.15831800471741,2.1328681601857906,2.1550341853800083,549520132
2013-03-11,2.123837471008301,2.1402569596156775,2.1074181781343344,2.123837471008301,355399732
2013-03-12,2.093461751937866,2.146824550451333,2.0729377341711985,2.1238374235019144,530313552
2013-03-13,2.070474624633789,2.0926406478452155,2.05980206594186,2.090177734629125,442104196
2013-03-14,2.0745797157287598,2.0868942839830917,2.0565186099336357,2.0598024295569837,443976260
2013-03-15,2.076221466064453,2.137793908237512,2.0524134342126414,2.0795052852807796,502798788
2013-03-18,2.0540549755096436,2.088535363055673,2.052412968407443,2.0704742635982347,425210909
2013-03-19,2.0721161365509033,2.0786839694215495,2.044203385117395,2.057338855125328,433715040
2013-03-20,2.13533091545105,2.136972727131434,2.072937569728483,2.072937569728483,588856917
2013-03-21,2.141077756881714,2.152571222163526,2.131226103363932,2.1402568509996986,360687143
2013-03-22,2.146824359893799,2.154213099585991,2.1328679820752505,2.1418985334323373,363082791
2013-03-25,2.143540382385254,2.1657064040899825,2.1345096359623095,2.155033846123502,342852050
2013-03-26,2.10823917388916,2.13697283710853,2.0893569684592594,2.1328681119629347,574642246
2013-03-27,2.1131649017333984,2.141898762002632,2.1008505299990192,2.109881082319791,444545248
2013-03-28,2.047487497329712,2.082788992405508,2.0442036782901143,2.082788992405508,406669445
2013-03-29,2.041740894317627,2.05816018628833,2.0359941617012205,2.0540554611623545,323243212
2013-04-01,2.038456678390503,2.056517974336944,2.0335308526111677,2.0343517583299366,330909052
2013-04-02,2.041740894317627,2.071295659011573,2.027784515715869,2.043382901808057,372563929
2013-04-03,2.0376360416412354,2.059802064840813,2.0294262004363977,2.0483084045940725,316815548
2013-04-08,2.0277843475341797,2.031068166509285,1.997408679481035,2.01136505692527,331943596
2013-04-09,2.0400984287261963,2.0598017312534136,2.0335307917060277,2.0335307917060277,487022879
2013-04-10,2.0400984287261963,2.0450242543580006,2.026963154685859,2.0400984287261963,232247112
2013-04-11,2.0310680866241455,2.0622648549940856,2.0302471808460028,2.0589808404147623,217025149
2013-04-12,2.024500608444214,2.0400987981248013,2.0220376951823544,2.0327102540726143,209034536
2013-04-15,2.0039761066436768,2.023679214155227,1.997408469384281,2.019574489801445,273559905
2013-04-16,2.0162906646728516,2.019574483291965,1.9875568113555435,1.9941244485937706,408243738
2013-04-17,2.021216630935669,2.0228586383850313,2.0023344260682756,2.015469898462992,415677122
2013-04-18,2.0253212451934814,2.040919628534987,2.0015132173143466,2.0023341230481,411305194
2013-04-19,2.0827889442443848,2.091819691061191,2.027784340469508,2.0286052462770785,590539497
2013-04-22,2.076221466064453,2.086894025317562,2.0688327260276704,2.0811472927556416,231074058
2013-04-23,2.013007164001465,2.076221618283995,2.008902438613466,2.076221618283995,310669839
2013-04-24,2.047487497329712,2.0639067882610873,2.0089021832143183,2.0138280096404086,313392143
2013-04-25,2.0261425971984863,2.05980228422989,2.01547003737553,2.0384571645839777,297832482
2013-04-26,2.0072596073150635,2.042561092392479,1.9982290585805305,2.0351725505793756,186528756
2013-05-02,2.0089025497436523,2.011365463406062,1.9850945148293058,1.9924832558165353,214070260
2013-05-03,2.0450246334075928,2.072116483670692,2.013828058179408,2.0179327831444938,334474749
2013-05-06,2.0688323974609375,2.0795049550190576,2.0515922025132203,2.052413108253578,235982057
2013-05-07,2.073758602142334,2.083610255759503,2.0548763965316947,2.0671907678197536,285526254
2013-05-08,2.0868940353393555,2.107418052340005,2.077863287784343,2.08771494121403,299725233
2013-05-09,2.076221466064453,2.0885358370590263,2.058981072645294,2.083610206101236,189555032
2013-05-10,2.084430694580078,2.0909983316976097,2.0663693989068284,2.06719030461318,283255325
2013-05-13,2.076221466064453,2.0926407578794826,2.06308599346575,2.086072923713432,198740312
2013-05-14,2.0458457469940186,2.0754005107029774,2.030247361421686,2.072116495831565,264656318
2013-05-15,2.055696964263916,2.0565180657525457,2.0442035007568053,2.0466664137559536,192789345
2013-05-16,2.097566604614258,2.0983875104928345,2.0417408944696693,2.0515925479461847,412931452
2013-05-17,2.1336886882781982,2.1369725070341397,2.0909984572508473,2.097566290496101,477481159
2013-05-20,2.146003484725952,2.160780768588103,2.13122600513041,2.1394356507723584,282560767
2013-05-21,2.146003484725952,2.1501082096802304,2.1336889183963335,2.1468243905701296,203448134
2013-05-22,2.1484665870666504,2.159139146913756,2.140256940702216,2.1484665870666504,193631559
2013-05-23,2.1254796981811523,2.1574973813132887,2.1172700508959967,2.1353313532167113,290075694
2013-05-24,2.136972427368164,2.149286991910573,2.1107016825666305,2.1345095144596824,407363266
2013-05-27,2.132046699523926,2.1443612646322188,2.123837054696188,2.132046699523926,291601992
2013-05-28,2.1763792037963867,2.1772001096593363,2.123016408036747,2.1328680613257256,349158263
2013-05-29,2.168990135192871,2.1895143445240306,2.168169229454302,2.18130469993824,389543832
2013-05-30,2.1632437705993652,2.1730954240672165,2.1533921171315145,2.168990503211145,567469993
2013-05-31,2.1386148929595947,2.1714534778004215,2.134509971987789,2.164064737491214,544086378
2013-06-03,2.142719030380249,2.160780325381263,2.1361513935071628,2.141898124704451,319907193
2013-06-04,2.111523151397705,2.1410779184478588,2.1049553166457735,2.140257012503898,443629443
2013-06-05,2.105776309967041,2.1156277679878928,2.098387569651348,2.110702136844169,225450011
2013-06-06,2.085252046585083,2.108239172883009,2.0836102348209886,2.099208425246888,263805872
2013-06-07,2.047487497329712,2.0918197394311355,2.037636040210919,2.0860728114451055,394762138
2013-06-13,1.9842735528945923,2.017112139822747,1.9629284322446081,2.017112139822747,617468748
2013-06-14,1.9982298612594604,2.0039765941929,1.9793476548781257,1.9900202148212023,391245423
2013-06-17,1.985915184020996,2.0089023102182124,1.9826313647737936,2.00561849097101,307743323
2013-06-18,1.9990507364273071,2.0047974692723316,1.9768847109583816,1.9908410901153566,373895425
2013-06-19,1.9875566959381104,1.9908405143665324,1.9571810329418418,1.9908405143665324,286444962
2013-06-20,1.925163745880127,1.976063626714038,1.9210588252279035,1.9744216193064705,371264485
2013-06-21,1.9161330461502075,1.927626509913337,1.883294270674534,1.8931459228905734,357953242
2013-06-24,1.7987350225448608,1.907102420872766,1.7921673844724855,1.9054606092213657,766755501
2013-06-25,1.7995558977127075,1.801197905069521,1.6747692105963854,1.7773898749293344,967825002
2013-06-26,1.7954511642456055,1.8053026211387362,1.766717307907196,1.799555889017731,509000896
2013-06-27,1.7962721586227417,1.8266478280743914,1.7913463320666054,1.8077656234314643,475080428
2013-06-28,1.8291109800338745,1.8570239355832214,1.7814951071557266,1.8110498746157644,497637981
2013-07-01,1.836499571800232,1.8406044927106813,1.7979142547623388,1.8094077201381535,222531238
2013-07-02,1.842246174812317,1.847172001264766,1.8176172382834601,1.835678536697977,451480948
2013-07-03,1.8381415605545044,1.8389624664348567,1.8028400631651498,1.837320458940752,301741094
2013-07-04,1.8512771129608154,1.8718011309864995,1.8126915989230574,1.8241850646761133,299188492
2013-07-05,1.857844352722168,1.876726554860956,1.8504556138678512,1.8553814397707291,187479716
2013-07-08,1.8077654838562012,1.8406042597838717,1.802839853413759,1.8323946147352983,166016285
2013-07-09,1.8036607503890991,1.8151542142542894,1.797092916942293,1.8061236634649793,425990356
2013-07-10,1.853739619255066,1.854560720810486,1.798735014511083,1.8036608409100576,252836523
2013-07-11,1.9465092420578003,1.9793478307282946,1.8676965901019285,1.8718013158190263,416325849
2013-07-12,1.8980720043182373,1.9514348014442704,1.8972510984342679,1.9440460612883426,594163796
2013-07-15,1.925163745880127,1.9555394149196998,1.9005348091669554,1.91038626641219,404845132
2013-07-16,1.9366570711135864,1.9374779768915784,1.9038184911933966,1.9177748680861397,472311009
2013-07-17,1.9079232215881348,1.9465087292711158,1.9046394027328577,1.9309103450418283,306878736
2013-07-18,1.8783689737319946,1.9071026382403748,1.8701593273391133,1.9013559053386988,360186374
2013-07-19,1.8266477584838867,1.8898622039903419,1.825826852666936,1.8791896454364407,412488389
2013-07-22,1.8381415605545044,1.843067191570019,1.7913464021732155,1.8061238824199595,373751996
2013-07-23,1.8956091403961182,1.9095655194547752,1.844709255327235,1.844709255327235,389294042
2013-07-24,1.8816527128219604,1.8939670840189249,1.8529188538067087,1.8923252722504769,372698016
2013-07-25,1.876726746559143,1.9046395018821105,1.8644121805440772,1.892325131600431,324023118
2013-07-26,1.85948646068573,1.8750846492455024,1.847992801045138,1.8635911853382878,235180479
2013-07-29,1.8233637809753418,1.8430668890030404,1.818437955035075,1.8430668890030404,307721772
2013-07-30,1.8340363502502441,1.864412016096994,1.815975053599007,1.8373201689868228,243635603
2013-07-31,1.8381415605545044,1.876726877198669,1.8323948279252373,1.8496350258130385,247448136
2013-08-01,1.8865782022476196,1.8873991079850543,1.8463508851128325,1.8553814354247116,314443970
2013-08-02,1.8832945823669434,1.9120284422637053,1.8791898570864958,1.9071026153404425,282411577
2013-08-05,1.910386323928833,1.9120283313858368,1.8775477406559218,1.8882202997929574,227533030
2013-08-06,1.9227008819580078,1.9333734410475016,1.88822029138169,1.9013557637790204,300248093
2013-08-07,1.9095654487609863,1.9415831266867392,1.905460723652592,1.9210589139445697,256764961
2013-08-08,1.910386323928833,1.9292685288840965,1.900534866386997,1.910386323928833,300777891
2013-08-09,1.9185959100723267,1.9317313821196131,1.8898622484689398,1.9194170116419873,287577498
2013-08-12,1.9760637283325195,1.9777055400911268,1.924342939001794,1.9366573101249478,520617324
2013-08-13,1.9760637283325195,1.9785266417038303,1.9621073497173587,1.9752426267198162,334954386
2013-08-14,1.971958875656128,2.0031556489491944,1.9621074175636386,1.97934761602555,398834359
2013-08-15,1.9489719867706299,1.9793476590833792,1.9448670656760743,1.9703171067021323,297378225
2013-08-16,1.935015320777893,2.0154697658344367,1.922700755051524,1.9432249660176784,601993627
2013-08-19,1.951434850692749,1.9645701281013597,1.9161333522569441,1.9276268178561815,392391771
2013-08-20,1.9374783039093018,1.971958896938666,1.9292686575435871,1.9497928713245778,441631580
2013-08-21,1.9374783039093018,1.9506137772411267,1.9185960976948173,1.9456879502750162,268007373
2013-08-22,1.9309107065200806,1.9555396461454122,1.928447792984206,1.933373620055955,315620589
2013-08-23,1.9185959100723267,1.9481506732453742,1.8890413426326687,1.9415830350884256,427694298
2013-08-26,1.9612863063812256,1.962107408018327,1.916133349943479,1.9227009886398547,438599908
2013-08-27,1.9612863063812256,1.9662121332702105,1.9448670139068804,1.9571815811293423,406253463
2013-08-28,1.9522556066513062,1.9678539920427296,1.9317313947432864,1.94732978013471,331721515
2013-08-29,1.9465092420578003,1.9653914501166774,1.9341946734396511,1.9621076303963134,296974944
2013-08-30,1.9432252645492554,1.9571816440276268,1.9292686893374718,1.941583256955689,327918708
2013-09-02,1.9448668956756592,1.9538976430009414,1.9292685100532576,1.9473298089704276,384055774
2013-09-03,1.9744216203689575,1.9744216203689575,1.948971777805002,1.9497926836425323,307987300
2013-09-04,1.9736006259918213,1.9760635391273118,1.9678538939201375,1.971137712856331,369561752
2013-09-05,1.965390682220459,1.9727794205045006,1.9580019439364176,1.9727794205045006,276375682
2013-09-06,1.9768846035003662,1.9801684226999656,1.9612862176355235,1.9612862176355235,392820961
2013-09-09,2.049950361251831,2.05487618755948,1.9859150107191605,1.9859150107191605,464299349
2013-09-10,2.0770423412323,2.081147261992077,2.045845765538252,2.049950490564634,399759234
2013-09-11,2.0860724449157715,2.097566103134973,2.0770418952102268,2.089356459111745,380187444
2013-09-12,2.106597423553467,2.122195811624382,2.0762217491277117,2.083610490171844,456058268
2013-09-13,2.090998649597168,2.1098808538474767,2.0844310114811426,2.1033132157314514,268187756
2013-09-16,2.0803260803222656,2.104134110905706,2.0721164348521195,2.1016711976913234,371518773
2013-09-17,2.039278030395508,2.0811473629493964,2.037636218598668,2.079505355419152,305384091
2013-09-18,2.041740894317627,2.0450247135650876,2.0195748697305174,2.039277980948681,251206763
2013-09-23,2.070474624633789,2.0762213568935377,2.0450245866453174,2.0450245866453174,392661039
2013-09-24,2.0507712364196777,2.070474541355902,2.027784308305256,2.070474541355902,312518127
2013-09-25,2.038456678390503,2.05980179294538,2.0359937655008356,2.0491292356679414,221158299
2013-09-26,2.0047972202301025,2.0327101708100255,2.000692495450733,2.0310681634582477,279475132
2013-09-27,2.012186050415039,2.015469869533234,1.9990505782088672,2.0015134914808614,224889682
2013-09-30,2.0253212451934814,2.0417405342687402,2.013006680520355,2.0179325063896054,208841082
2013-10-08,2.0540549755096436,2.0556967868784906,2.004796915510516,2.004796915510516,313791093
2013-10-09,2.056518316268921,2.056518316268921,2.039277923174733,2.0442037497730725,272549754
2013-10-10,2.038456678390503,2.0606226986641483,2.0343517583299366,2.05980179294538,275538051
2013-10-11,2.0712954998016357,2.0762213261609035,2.045845657923265,2.0474874695540977,349897252
2013-10-14,2.0721161365509033,2.0803257808391917,2.0655484994136164,2.075400150852906,353637874
2013-10-15,2.0696535110473633,2.077042250652703,2.0540553217472723,2.0754004390071077,241241428
2013-10-16,2.0335309505462646,2.063906616670577,2.025321305763116,2.0614437036622952,271920407
2013-10-17,2.0228586196899414,2.046666650951996,2.0220377138395444,2.043382831817014,198492139
2013-10-18,2.032710552215576,2.0425620109745615,2.0220379917599436,2.023679803686398,255071242
2013-10-21,2.076221466064453,2.0786843794100474,2.0302474098356913,2.0368150482683443,341988034
2013-10-22,2.053234338760376,2.075400558856441,2.045845794461752,2.075400558856441,287684092
2013-10-23,2.0310680866241455,2.077042137667537,2.0245004489322507,2.055697021568815,304331468
2013-10-24,2.0146493911743164,2.033531599777282,2.0113655713593297,2.0286057721880852,230574792
2013-10-25,1.9826312065124512,2.022858527346429,1.9711377421979959,2.015469787829972,248884311
2013-10-28,1.9850939512252808,1.9949456030778583,1.9744213936294441,1.9891988714083104,209276983
2013-10-29,1.9875566959381104,2.0187534603414976,1.9555390258609553,1.9883776016118782,475069317
2013-10-30,2.015469551086426,2.01711155825278,1.9834518793427267,1.9900197122747825,324584073
2013-10-31,1.9957668781280518,2.0105441629080154,1.9883781378713683,2.0105441629080154,175313947
2013-11-01,2.0039761066436768,2.011364845360519,1.9875568177618246,1.997408469384281,282624744
2013-11-04,1.9982298612594604,2.0203958870694163,1.9933040342498236,2.0121862406311584,200060752
2013-11-05,1.9982298612594604,2.0023345866118842,1.9678541890112464,1.990841120745005,282530363
2013-11-06,1.9752429723739624,1.9990510086406115,1.971959152548702,1.9916624629671336,228948318
2013-11-07,1.9670326709747314,1.9768843229086188,1.95636011329081,1.975242315675181,205267799
2013-11-08,1.9374783039093018,1.9670330699725556,1.9333735785931487,1.9612863370898963,265641354
2013-11-11,1.939941167831421,1.9473299080918216,1.923521875519466,1.9350155367245574,212223264
2013-11-12,1.9596444368362427,1.9645700678466964,1.941583137353246,1.9465089640970996,256512497
2013-11-13,1.9227008819580078,1.9497927326108158,1.9218799760998606,1.9497927326108158,247824725
2013-11-14,1.9284476041793823,1.930910517474125,1.9144912259981026,1.9227008717361138,238237577
2013-11-15,1.968674659729004,1.9941244993414995,1.9350151754931193,1.9366569869777766,546214305
2013-11-18,2.0335309505462646,2.034351856304568,1.9768843428225285,1.9842730818473735,378773328
2013-11-19,2.024500608444214,2.0351731673344737,2.0203956877633176,2.0302473408107553,265441013
2013-11-20,2.0335309505462646,2.044203508337695,2.017932566738271,2.0392776823211314,370288312
2013-11-21,2.023679256439209,2.0286050823533603,2.0015132355588947,2.024500357913812,339118133
2013-11-22,2.012186050415039,2.0318891608576006,2.0072602238710506,2.0261424284674114,355556101
2013-11-25,2.0015132427215576,2.029425995357149,1.9949456053014307,2.0015132427215576,391438206
2013-11-26,2.000692367553711,2.0113649253245507,1.994124534299841,2.0023341790671507,260952169
2013-11-27,2.023679256439209,2.0351729154833516,1.995766503903507,1.9998714240764222,438060757
2013-11-28,2.0450246334075928,2.0663697512795367,2.0277844362341266,2.0294262479268044,434859434
2013-11-29,2.0466666221618652,2.052413354500593,2.040098788250898,2.047487528000715,245575852
2013-12-02,2.0277843475341797,2.0655487550813487,2.010543955381456,2.0392778118137396,533878978
2013-12-03,2.0458457469940186,2.053234291121213,2.0212166141253918,2.024500628996804,399462821
2013-12-04,2.0721161365509033,2.0844307008500156,2.044203385117395,2.0491292108370396,559342111
2013-12-05,2.0721161365509033,2.0778628679793694,2.064727593704795,2.0729372379930835,356731032
2013-12-06,2.0581600666046143,2.069653531169072,2.0515924284916065,2.0680117195075143,461758731
2013-12-09,2.0573394298553467,2.0729378170806045,2.0524136027596427,2.0671908883133407,399046599
2013-12-10,2.056518316268921,2.0680117811761165,2.0515924896705817,2.0589810338346966,332314401
2013-12-11,2.024500608444214,2.0466666320675566,2.012186042134917,2.0466666320675566,414481842
2013-12-12,2.0203957557678223,2.0302474091468565,2.017932842423064,2.0236795749830345,297476327
2013-12-13,2.0195748805999756,2.0286054325124456,1.9974088558935672,2.0023344869245685,311276982
2013-12-16,1.9867360591888428,2.0245004655608625,1.9842731461008087,2.0212164509545656,360866936
2013-12-17,1.9744216203689575,1.9883779982739263,1.9711378012854457,1.9867361865988653,396672002
2013-12-18,1.9760637283325195,1.9842733743257555,1.9727799090819054,1.9760637283325195,301511131
2013-12-19,1.957181692123413,1.9859153577163344,1.9563605904397463,1.9818106322316673,429050362
2013-12-20,1.91531240940094,1.959644659397128,1.91038658209765,1.9588235576909647,459476594
2013-12-23,1.91531240940094,1.92516406400752,1.8939672882422982,1.91531240940094,259802290
2013-12-24,1.9177751541137695,1.9407622809263556,1.898892948270126,1.9218800750827119,263476440
2013-12-25,1.9276270866394043,1.9350158280120688,1.9128496038940752,1.9210592512858913,324684810
2013-12-26,1.9013561010360718,1.9268059487534108,1.8956093675429122,1.9251641367458963,192218628
2013-12-27,1.9268057346343994,1.9424041213729706,1.9013558897452103,1.9021767956577431,356471224
2013-12-30,1.9284476041793823,1.9374781557711762,1.9202379584413711,1.9374781557711762,199941302
2013-12-31,1.9506138563156128,1.9530767698985103,1.9128494423557407,1.9169543635717088,352736361
2014-01-02,1.9440462589263916,1.949792992165211,1.9341946043836031,1.944867164893817,187779777
2014-01-03,1.9227008819580078,1.9374781660716327,1.9095654095606776,1.935836354355338,440444530
2014-01-06,1.876726746559143,1.9169540678971764,1.8718009201531167,1.9169540678971764,483408948
2014-01-07,1.8775477409362793,1.8841155750318797,1.8594866375735186,1.8635913626165477,152588820
2014-01-08,1.875905990600586,1.895609102065371,1.8652334311127021,1.8775478023781669,205054329
2014-01-09,1.8644121885299683,1.8931460455326075,1.862770376876518,1.8718009281706562,337128850
2014-01-10,1.8512771129608154,1.8660543981099715,1.8463512859999605,1.862770578713871,370178163
2014-01-13,1.8381415605545044,1.861949396951925,1.8307528204311325,1.8512770333071435,488482118
2014-01-14,1.8504559993743896,1.8562027322138452,1.8266479663727828,1.8381416277851013,250925981
2014-01-15,1.8504559993743896,1.852918912838929,1.8348576126767775,1.8496350934640124,333988442
2014-01-16,1.8512771129608154,1.864412390545217,1.8422463649547784,1.8471721919156334,200102440
2014-01-17,1.8250058889389038,1.8488139184754668,1.824184787414623,1.8455299038451018,252391970
2014-01-20,1.815975308418274,1.8274689692091544,1.806944756692165,1.8241849542783903,229662167
2014-01-21,1.8310803174972534,1.841989605277105,1.818492800874329,1.8210103442139078,290263774
2014-01-22,1.881431221961975,1.8822703364895468,1.832758978012916,1.8335980925404878,379440227
2014-01-23,1.871361255645752,1.8814314313975735,1.8671652823908205,1.878913887459618,253686230
2014-01-24,1.881431221961975,1.892340511120385,1.8629693018304363,1.8646475308855797,270064248
2014-01-27,1.8570951223373413,1.8696826407023839,1.850381605810988,1.8680044116270433,273112784
2014-01-28,1.8587734699249268,1.8730396184248894,1.8478641799396671,1.8629694430308006,240139616
2014-01-29,1.864647388458252,1.8680042464621212,1.8587731870639501,1.8638082739947743,170158770
2014-01-30,1.8386330604553223,1.8646474097956265,1.8377939459822425,1.8612907518283264,274449460
2014-02-07,1.8503813743591309,1.851220688866814,1.8201710539568405,1.8235279118376289,341727767
2014-02-10,1.9040889739990234,1.9057672031063382,1.8587733868265144,1.8587733868265144,638622113
2014-02-11,1.9133195877075195,1.9217113323874877,1.894018554936095,1.9007320707250548,288387939
2014-02-12,1.91667640209198,1.9217114893261518,1.9074455422126593,1.914158858474894,252528472
2014-02-13,1.911641240119934,1.9284247284377594,1.9091236968647642,1.9124803545133366,281555822
2014-02-14,1.9183547496795654,1.919193864157941,1.9074454611607519,1.9133196626593463,164713216
2014-02-17,1.9317816495895386,1.9401733948931208,1.9208723606873825,1.936816736786686,197199382
2014-02-18,1.9091240167617798,1.932620824313927,1.9040889294077494,1.932620824313927,293698614
2014-02-19,1.934299111366272,1.9401733128227987,1.9049279040086562,1.9074454475007365,337167805
2014-02-20,1.917515754699707,1.9527609658877358,1.9158373255633743,1.9384950184913916,201774862
2014-02-21,1.8956973552703857,1.9208725942421354,1.8873056089464693,1.91667662104267,259202740
2014-02-24,1.8528993129730225,1.8763963227758125,1.836115820288893,1.8713612349555706,269103571
2014-02-25,1.8050661087036133,1.8621300953350683,1.8017094506841123,1.8537383502488236,343520302
2014-02-26,1.8075836896896362,1.8092619186966667,1.789960884590893,1.796674400843982,417365000
2014-02-27,1.8033878803253174,1.8210106870198688,1.801709651166317,1.8117796263453394,326482680
2014-02-28,1.8218498229980469,1.8277240252735576,1.7824086362481841,1.8025487869177936,339421179
2014-03-03,1.8285629749298096,1.8377940348801378,1.8117794842064743,1.8193321150544726,266361331
2014-03-04,1.8243672847747803,1.8285630576078291,1.8109404515740228,1.8243672847747803,187974912
2014-03-05,1.8084228038787842,1.8319198106480274,1.8059052602936871,1.8294022670629304,393816972
2014-03-06,1.8176535367965698,1.8235279381351794,1.7866041015137968,1.8067444487890874,412769924
2014-03-07,1.8117796182632446,1.8294024248791831,1.8084229598852108,1.8168147058677986,243953993
2014-03-10,1.7555547952651978,1.7949959781199636,1.7530372516707455,1.7949959781199636,270346168
2014-03-11,1.7631075382232666,1.7773734861161483,1.7488415903303847,1.7547157923995125,286287672
2014-03-12,1.7647855281829834,1.7807299031098687,1.7530371256368469,1.756393783496461,264660512
2014-03-13,1.7924784421920776,1.796674414892441,1.7673032062148706,1.7714991789152337,224771751
2014-03-14,1.777373194694519,1.7882824824841914,1.768981450246692,1.7798907380363642,112616274
2014-03-17,1.7908003330230713,1.7949961059292503,1.7748559558145824,1.7916394475893063,137290453
2014-03-18,1.7891219854354858,1.8000312755942394,1.7874437562264547,1.7924786439285607,94671005
2014-03-19,1.778212547302246,1.7832476346603687,1.7605899416238127,1.7832476346603687,151842772
2014-03-20,1.747162938117981,1.789960776333671,1.7463238236652154,1.7782123736950473,285252726
2014-03-21,1.8117796182632446,1.8142971620655215,1.7396105627979888,1.7454847649782996,404680747
2014-03-24,1.8201713562011719,1.829402416793724,1.7991920913749282,1.8092620664645234,308131785
2014-03-25,1.8176535367965698,1.836115455107261,1.810940221088123,1.8142968789423464,264154749
2014-03-26,1.8176535367965698,1.827723710434215,1.811779335532935,1.8235279381351794,158773263
2014-03-27,1.8050661087036133,1.8310804584484766,1.7958352491312393,1.812618739303729,356680311
2014-03-28,1.8042268753051758,1.8184928210040587,1.7949958162662145,1.8050659897360009,200482017
2014-03-31,1.7966746091842651,1.8151365309273462,1.7840868897969342,1.8084230138957658,237653570
2014-04-01,1.8067445755004883,1.8201712078590244,1.7916393139846516,1.7949959720742856,170695684
2014-04-02,1.8210105895996094,1.8260456769572573,1.80758375667088,1.8092619857400984,162397170
2014-04-03,1.8084228038787842,1.8369546977432327,1.8075836893754147,1.8294022670629304,326947253
2014-04-04,1.8302414417266846,1.8302414417266846,1.8025486614553385,1.805905319654139,188558782
2014-04-08,1.8738785982131958,1.8797528000788333,1.8226888104090757,1.8252063540764911,371793083
2014-04-09,1.8705217838287354,1.8805917575825715,1.8654866969143278,1.877235099664626,268865665
2014-04-10,1.9007320404052734,1.9191937583617238,1.86296908991031,1.873878377827745,475451304
2014-04-11,1.8998929262161255,1.9091239862426126,1.8906620662646314,1.9032495843734876,306707736
2014-04-14,1.8990535736083984,1.9049277746660733,1.8889834003238315,1.8998926880237899,213490785
2014-04-15,1.8654866218566895,1.8906618553408252,1.8612906495718482,1.8906618553408252,226215073
2014-04-16,1.8654866218566895,1.8805916819171826,1.8570948773619775,1.8654866218566895,307027337
2014-04-17,1.8621299266815186,1.8755565575434692,1.857933954480934,1.870521671007721,196607371
2014-04-18,1.8587734699249268,1.8663261014704935,1.838633319211759,1.8537385823028922,343995551
2014-04-21,1.8252063989639282,1.8671651276610874,1.8243672844124852,1.8461858633500081,379847313
2014-04-22,1.8377939462661743,1.8394721752125929,1.8109402823736598,1.8252062287931263,455119365
2014-04-23,1.832759141921997,1.8411508881731964,1.826884939553659,1.8302415980391362,342666773
2014-04-24,1.8361154794692993,1.848703196683373,1.8302412781277242,1.8327588215705388,337468375
2014-04-25,1.8134578466415405,1.8419897398073082,1.812618732158719,1.8403115108416654,435385638
2014-04-28,1.7882826328277588,1.8184929553947569,1.7866042037670975,1.812618753794922,507055390
2014-04-29,1.8042268753051758,1.8084226475342724,1.7857649573022247,1.7882825006696712,438766901
2014-04-30,1.8033878803253174,1.807583853372832,1.7983527926983027,1.8025487657458172,297696397
2014-05-05,1.8042268753051758,1.811779305332544,1.7798907561365065,1.797513359633661,478049718
2014-05-06,1.8017094135284424,1.820171132292464,1.79583521209671,1.8025485279972668,402584270
2014-05-07,1.7899609804153442,1.801709584468457,1.7882827513184707,1.797513611576274,280843481
2014-05-08,1.786604404449463,1.8184931596590626,1.7840868606131781,1.7874437191115635,303828839
2014-05-09,1.7857650518417358,1.7949959112944132,1.7765341923890587,1.7924783677936862,314889846
2014-05-12,1.8218498229980469,1.8277240252735576,1.7908003823667722,1.7975136992316387,389626328
2014-05-13,1.8168143033981323,1.8260453619865735,1.8117792169089757,1.821849389887289,239676803
2014-05-14,1.8168143033981323,1.8277235907663179,1.815136074618388,1.8176534177880046,267601288
2014-05-15,1.7966746091842651,1.8176538747298003,1.7966746091842651,1.8159756455281644,370459993
2014-05-16,1.7958351373672485,1.8033875674223532,1.7882825072371715,1.7958351373672485,507299334
2014-05-19,1.7714991569519043,1.792478419968644,1.7631074117302108,1.792478419968644,531449606
2014-05-20,1.7698205709457397,1.7857649454756497,1.7664639131696984,1.7790514298485964,291171879
2014-05-21,1.786604404449463,1.7908003775349401,1.7555549639019636,1.7656251392471023,529215810
2014-05-22,1.781569004058838,1.8126186392312165,1.7807298896190353,1.7874434053623767,456222821
2014-05-23,1.8017094135284424,1.8033876424660913,1.78324749468944,1.7849259237020698,359852323
2014-05-26,1.8075836896896362,1.821010522120825,1.7975135153474973,1.8117794622822014,465901032
2014-05-27,1.8017094135284424,1.8126187019230828,1.7991918700469884,1.8059051859475452,387724604
2014-05-28,1.8201713562011719,1.8210106708482254,1.7933178892205799,1.8025487497381265,445464269
2014-05-29,1.8092620372772217,1.8268848435309784,1.8092620372772217,1.8226888705884166,395406859
2014-05-30,1.8075836896896362,1.8184929785352903,1.8008701734365473,1.8092619186966667,453652391
2014-06-03,1.8017094135284424,1.8176535888110101,1.8017094135284424,1.8101011584416289,388003053
2014-06-04,1.7857650518417358,1.8017094273213456,1.777373306864307,1.8017094273213456,408048426
2014-06-05,1.8067445755004883,1.8075836900041495,1.7840866832267332,1.7857651123090448,430206682
2014-06-06,1.7916393280029297,1.8059052750517368,1.7798909245597934,1.8050661605415101,449088004
2014-06-09,1.7899609804153442,1.8101013301778233,1.783247663877851,1.7866043221465977,467411495
2014-06-10,1.8142969608306885,1.8151362753883582,1.7908001547156207,1.7975134707270732,663983657
2014-06-11,1.8109403848648071,1.8142970430225978,1.8042270685492254,1.8109403848648071,321843989
2014-06-12,1.8092620372772217,1.8151364394118086,1.805066264409662,1.806744693601687,251541435
2014-06-13,1.8294020891189575,1.8361154046428936,1.8067443991319616,1.808422627975461,621326646
2014-06-16,1.8411506414413452,1.8487032720778032,1.8294022382790678,1.8302413527692345,688117720
2014-06-17,1.8260455131530762,1.836954601349393,1.8260455131530762,1.836954601349393,675631458
2014-06-18,1.8176535367965698,1.8302412538436263,1.8168144223517575,1.8260454815445908,709753694
2014-06-19,1.7916393280029297,1.8226887657062147,1.7849260117711347,1.8184929930800906,688416240
2014-06-20,1.798352599143982,1.8017094572507022,1.7891217395379648,1.7924783975696996,653308928
2014-06-23,1.7958351373672485,1.8101010831185234,1.7949958228583696,1.8000309096117542,552341747
2014-06-24,1.8109403848648071,1.8117794993855065,1.7958353231172521,1.7958353231172521,443685345
2014-06-25,1.8050661087036133,1.8092618812092431,1.7958352491312393,1.8092618812092431,320263170
2014-06-26,1.8134578466415405,1.818492933688437,1.805905216071196,1.805905216071196,407707655
2014-06-27,1.8168143033981323,1.8285627051561901,1.8067443304947808,1.8101009881292314,470226508
2014-06-30,1.8285629749298096,1.8352764912641384,1.821849658670472,1.821849658670472,528653550
2014-07-01,1.8294020891189575,1.8377938335613622,1.822688573520052,1.8361154046428936,266958617
2014-07-02,1.8377939462661743,1.8377939462661743,1.8226886852985167,1.8302413157823454,343222327
2014-07-03,1.8445074558258057,1.851220972541165,1.833598166228974,1.8377941391854489,363274727
2014-07-04,1.8445074558258057,1.847864114145984,1.838633253746743,1.8445074558258057,325994286
2014-07-07,1.8428292274475098,1.8503816586522106,1.8377941399277073,1.8428292274475098,305804848
2014-07-08,1.8453465700149536,1.8453465700149536,1.8327590512980727,1.8386332533759508,329116920
2014-07-09,1.8218498229980469,1.8461859467644552,1.8201713937443256,1.8445075175107337,363703432
2014-07-10,1.8201713562011719,1.825206443783472,1.8159755832659252,1.8226888999923219,333775699
2014-07-11,1.8252063989639282,1.83359814470336,1.8184930824023828,1.8201713115052691,389022406
2014-07-14,1.8503813743591309,1.851220688866814,1.8252061407030509,1.8294021130165503,570772408
2014-07-15,1.847863793373108,1.850381336694969,1.8428289068043537,1.847024678957477,353615298
2014-07-16,1.8470247983932495,1.8570949723318704,1.8461856839233581,1.8487032274080133,474828009
2014-07-17,1.8394721746444702,1.8478639195989166,1.8319197442379558,1.8470248051259663,362417363
2014-07-18,1.848703384399414,1.8570951300358958,1.8352765513660436,1.8369547804483413,368558130
2014-07-21,1.847863793373108,1.852059765601199,1.8419895923137548,1.8487031078637068,322819324
2014-07-22,1.869682788848877,1.8780745351155006,1.8428293208406887,1.8461859793323356,625600803
2014-07-23,1.873039722442627,1.8864663569470361,1.8680046344659629,1.870522178454295,518659916
2014-07-24,1.9133195877075195,1.9141587021530238,1.8772350655761587,1.8772350655761587,573897537
2014-07-25,1.9351381063461304,1.9368165352622033,1.9133195308120268,1.9175155030647248,487704051
2014-07-28,1.9871673583984375,1.9980766481229222,1.9384951119238116,1.9384951119238116,837514834
2014-07-29,1.9922025203704834,2.003950925104805,1.9796148009587016,1.9880065472082187,426583082
2014-07-30,1.9854885339736938,2.000593793697081,1.9829709906864628,1.9838103051655167,607940303
2014-07-31,2.0123422145843506,2.0131813289963327,1.9812927805163707,1.985488552651249,486189977
2014-08-01,1.988006353378296,2.0308043951305477,1.9871672388576613,2.0073073878778422,779007779
2014-08-04,2.03080415725708,2.032482386101774,1.9955587505439063,1.9972371794635695,636027189
2014-08-05,2.0249297618865967,2.033321505529902,2.0115029320423177,2.0316430767712608,612830459
2014-08-06,2.0123422145843506,2.0232515022399875,1.99304118258399,2.010663785685419,631365498
2014-08-07,1.9905238151550293,2.0207341374804,1.9880062716216664,2.018216593947037,557537872
2014-08-08,1.9913630485534668,2.0014332232882492,1.9846497321136096,1.9913630485534668,497675942
2014-08-11,2.0190563201904297,2.0240914087827457,1.995559506859683,2.000594595451999,494497432
2014-08-12,2.0106637477874756,2.014020605522067,2.0014328892047577,2.014020605522067,525301561
2014-08-13,2.016538619995117,2.024091051475335,1.9955591545889322,2.0156993053278627,566015969
2014-08-14,1.9922025203704834,2.0190559883239305,1.9922025203704834,2.0148602152366784,536493662
2014-08-15,2.0173776149749756,2.0266084751673845,1.9938806071102095,1.9955590362701923,575906199
2014-08-18,2.0240907669067383,2.032482511874408,2.014859907464796,2.01905567991114,638563151
2014-08-19,2.0257692337036133,2.0291258917382744,2.011503287000064,2.027447462683451,495174501
2014-08-20,2.018216609954834,2.028286784168159,2.0156990664015026,2.024930126122046,534522927
2014-08-21,2.0106637477874756,2.020733920841323,1.9980762315451295,2.018216377577861,506540381
2014-08-22,2.0207343101501465,2.0240909684564583,2.0081465914077237,2.0098250205983805,491311995
2014-08-25,2.0031116008758545,2.0240908642666517,1.9989156281527,2.0232517497520175,437576793
2014-08-26,1.9905238151550293,2.008146419813585,1.9821320700688145,1.9972373312689922,455347032
2014-08-27,1.98968505859375,1.996398375840388,1.9871675146075056,1.9888457438816547,451245910
2014-08-28,1.9804538488388062,1.9938806824006803,1.9779365051162727,1.9905240240289632,547850989
2014-08-29,1.9997540712356567,2.0014324997763726,1.9804530433545853,1.9804530433545853,442693821
2014-09-01,2.0089852809906006,2.010663509584113,1.997236880536254,1.9997542234265229,525547031
2014-09-02,2.039196252822876,2.0442313403738592,2.0056292692496607,2.01066415672564,732885597
2014-09-03,2.058497428894043,2.0652107460369225,2.0442314799091608,2.045070594533266,517065080
2014-09-04,2.077798366546631,2.078637481130664,2.05597978676171,2.061014874415924,431259802
2014-09-05,2.0979385375976562,2.1012951960416104,2.0786375014511576,2.0845117037468297,640741220
2014-09-09,2.0929031372070312,2.0996166531669265,2.085350506780267,2.098777338625077,396232581
2014-09-10,2.0794765949249268,2.081994138751077,2.069406619695332,2.078637480341212,531051140
2014-09-11,2.06772780418396,2.1096865266565503,2.0618536030452943,2.0794762064612913,722265774
2014-09-12,2.0845115184783936,2.0845115184783936,2.060175396791419,2.0677280276753063,511638597
2014-09-15,2.07863712310791,2.08283309545538,2.065210291700969,2.072762921881431,656473417
2014-09-16,2.042552947998047,2.089546765862977,2.040035404177157,2.0861901074601263,625985337
2014-09-17,2.0492658615112305,2.055140062578937,2.037517459375818,2.0517834048366717,516564370
2014-09-18,2.0576579570770264,2.061853930027195,2.0408744654263575,2.0475879821316267,846279417
2014-09-19,2.0744409561157227,2.081154471226751,2.0551399252933176,2.057657468450584,721865677
2014-09-22,2.03080415725708,2.0677277928149476,2.0274472994177533,2.0677277928149476,631035153
2014-09-23,2.0517830848693848,2.0551397420881927,2.033321370128472,2.033321370128472,664295614
2014-09-24,2.0912249088287354,2.0954206812391765,2.037517581435231,2.0433917828548367,1053045926
2014-09-25,2.0803158283233643,2.1096868383561667,2.0744414262418034,2.0979384343430456,1176657735
2014-09-26,2.0811548233032227,2.0861899104695594,2.0660495618042134,2.080315708800496,701404212
2014-09-29,2.090385675430298,2.092064104504615,2.076958843060725,2.080315701209359,730241015
2014-09-30,2.090385675430298,2.0970991916525783,2.082833244783341,2.0895465609306334,585316870
2014-10-08,2.1130435466766357,2.1147219758932594,2.0845116505190697,2.0962600548104198,815529750
2014-10-09,2.113882541656494,2.122274286320584,2.102134139141763,2.1164000850632183,612416131
2014-10-10,2.1038126945495605,2.1155610988876896,2.0954209485830386,2.10297357997541,697442763
2014-10-13,2.0920639038085938,2.0970989904735307,2.070245328310513,2.094581447141062,689352613
2014-10-14,2.0845115184783936,2.10213432387413,2.079476431222469,2.090385720251975,713754075
2014-10-15,2.0979385375976562,2.1021345107088565,2.0736024137477216,2.083672589154594,503569092
2014-10-16,2.090385675430298,2.113882682095797,2.0819939302086885,2.088707446430969,590780779
2014-10-17,2.0811548233032227,2.095420770224517,2.0610146747128657,2.0903856830581806,726013842
2014-10-20,2.090385675430298,2.0912249900049504,2.080315701209359,2.0853505882823344,526768368
2014-10-21,2.0769588947296143,2.0962599292269704,2.0752806656885356,2.0903857274332087,547902243
2014-10-22,2.066049575805664,2.0861899246074995,2.064371346788838,2.076958864714995,600859195
2014-10-23,2.0433919429779053,2.0685671796382596,2.042552828445059,2.064371406899032,775031162
2014-10-24,2.0417139530181885,2.050944814185516,2.0391964090498225,2.044231496986554,581637963
2014-10-27,2.0224127769470215,2.0333220667016425,2.0140210309876982,2.0333220667016425,644463605
2014-10-28,2.0626931190490723,2.063532433714406,2.0249303615093583,2.0266085906900067,708163931
2014-10-29,2.08870792388916,2.1012954445614644,2.060175823553539,2.0668893413104636,909871750
2014-10-30,2.101294755935669,2.1063298425845307,2.0845112671561083,2.0887072393884827,842643128
2014-10-31,2.1432535648345947,2.1457711082611604,2.105490813586064,2.1071690424871234,732390673
2014-11-03,2.1390581130981445,2.1491282883136735,2.133183910914088,2.144093200705909,613585078
2014-11-04,2.1373796463012695,2.141575619258988,2.12982721509738,2.1340229879800963,577670118
2014-11-05,2.134862184524536,2.148289018399849,2.128987982218151,2.1432539306872305,550265229
2014-11-06,2.1357014179229736,2.1415756200058262,2.1155610678389043,2.1373796470466444,725225744
2014-11-07,2.131505250930786,2.1667506602944804,2.1205959623199995,2.1365403379934547,826105432
2014-11-10,2.191086769104004,2.19192588358488,2.139896984345884,2.1407362989017438,677223536
2014-11-11,2.176820993423462,2.2137446344551055,2.1600373019636248,2.194443599355042,869365062
2014-11-12,2.208709478378296,2.2095485928989587,2.167589865740935,2.1743033821312143,557593815
2014-11-13,2.196122169494629,2.215423205833644,2.188569537864142,2.2078705742031564,1170138449
2014-11-14,2.198639392852783,2.198639392852783,2.1793383575710985,2.1902476470813985,524787559
2014-11-17,2.189408302307129,2.22968879781922,2.189408302307129,2.223814596404432,687792799
2014-11-18,2.1659114360809326,2.1885691266400857,2.160876349273349,2.1885691266400857,591856074
2014-11-19,2.15919828414917,2.1701075740455518,2.1541631964931462,2.165072486389528,691531749
2014-11-20,2.1625547409057617,2.166750713586181,2.144093021321887,2.1533238811138244,599367796
2014-11-21,2.203674554824829,2.2061920986488492,2.155002507735462,2.1625549391325145,1030970788
2014-11-24,2.2666125297546387,2.28255690573052,2.220457830904714,2.2238146890601542,1327766667
2014-11-25,2.290109395980835,2.2943051683052627,2.25905976043518,2.2632557328345837,1274172215
2014-11-26,2.3152847290039062,2.3161238434896227,2.2934661517754007,2.2934661517754007,1184224028
2014-11-27,2.336264133453369,2.337942562601646,2.3127673258274712,2.3219981859555032,1418039963
2014-11-28,2.3916497230529785,2.4084332144370344,2.3270333012318627,2.328711730400268,1365134607
2014-12-01,2.394166946411133,2.4159855223059212,2.3874536307858003,2.3992020331676183,819286144
2014-12-02,2.4889938831329346,2.517525774687536,2.381579432473002,2.39164940592317,1407945894
2014-12-03,2.5158472061157227,2.5729111861329277,2.476406028789473,2.4957070602581637,1856213985
2014-12-04,2.6685776710510254,2.67109521470954,2.524239368287829,2.5418621738974316,1786390401
2014-12-05,2.6526331901550293,2.7189280370446602,2.5670373093598733,2.676969311179385,1975923301
2014-12-08,2.7801878452301025,2.7885795905492925,2.608996080658629,2.630814658503522,1662513764
2014-12-09,2.6266191005706787,2.882567453763663,2.5175262024294014,2.736550913214957,1619628064
2014-12-10,2.7214455604553223,2.7474599102766946,2.59556918371646,2.682004378441473,2357002105
2014-12-11,2.6920745372772217,2.749977642538788,2.664381756503212,2.6853612207577644,1921122550
2014-12-12,2.7004659175872803,2.7499772704630705,2.681164885111548,2.7063401187657674,1344235413
2014-12-15,2.731515645980835,2.7424247342035515,2.6660599161946643,2.700466010010485,1129179178
2014-12-16,2.795292854309082,2.8011670554943118,2.732354670063806,2.7365504423068394,1641886482
2014-12-17,2.843125820159912,2.84900002143163,2.7768309771291317,2.806202183562696,2004303083
2014-12-18,2.839769124984741,2.881727847856345,2.8229856358361,2.844804211744328,2241069005
2014-12-19,2.881728172302246,2.889280803291957,2.7785096824095166,2.842286988369861,2142954135
2014-12-22,2.8615877628326416,2.922008405105557,2.8523567035485997,2.8817279102319544,1869113598
2014-12-23,2.803684711456299,2.8985114488114427,2.795292966558277,2.8406083489925984,1907357439
2014-12-24,2.7256412506103516,2.826342388973469,2.687039184251569,2.803684697866136,2090044354
2014-12-25,2.8246638774871826,2.828020535317105,2.7382288879730763,2.7424246602417357,1761013220
2014-12-26,2.934596061706543,2.941309577875445,2.8196289730170934,2.8263424891859956,1796451772
2014-12-29,2.920330047607422,3.016835214700698,2.8758537793046486,2.9958557522597755,2474509369
2014-12-30,2.920330047607422,2.959771228918375,2.895154812723304,2.9228475911033316,1347750407
2014-12-31,2.9992122650146484,3.0084433240777,2.9236865640190683,2.9270432218260996,1474861437
2015-01-05,3.094878673553467,3.1343198575496416,3.011800332757271,3.0294229383534352,3075898438
2015-01-06,3.073899269104004,3.1116620222356963,3.0311012287931027,3.0755774980887534,1602342411
2015-01-07,3.0730600357055664,3.096557042787568,3.0420105978427348,3.058794088583454,1704322177
2015-01-08,3.0059256553649902,3.089843097416512,2.995855482288822,3.0814513532113597,1236136569
2015-01-09,2.984107255935669,3.1259278013668235,2.9723588533724317,2.997534087468644,2078056281
2015-01-12,2.974876880645752,3.004247891830966,2.926204633431672,2.9849468558771073,1382650488
2015-01-13,2.9690024852752686,3.0008910382127247,2.9471839069141166,2.97235914346737,969740091
2015-01-14,2.9622888565063477,2.9983733808720987,2.9287218757079736,2.9748765743432317,963163112
2015-01-15,3.046206474304199,3.0512413613073175,2.940470245888981,2.9622888231774396,1311928040
2015-01-16,3.0730600357055664,3.0923610700648925,3.048723914109026,3.0571156594793854,1313395824
2015-01-19,2.7659215927124023,2.9362742239598347,2.7659215927124023,2.911098990782746,1276527273
2015-01-20,2.868551731109619,2.895693612318659,2.800697230309384,2.807482599500462,1700513729
2015-01-21,3.0000205039978027,3.016136011701284,2.876185975797163,2.878730540288365,1388185591
2015-01-22,3.0051095485687256,3.026314184658988,2.9694858489149394,3.0051095485687256,994191346
2015-01-23,3.019528388977051,3.0644820200326532,2.994082948882694,3.0263139610023084,974562336
2015-01-26,3.0483665466308594,3.0534554725887557,3.0042610386983752,3.03649184680278,880206459
2015-01-27,3.017832040786743,3.059392985469381,2.956762905833576,3.0551519778259566,1231244985
2015-01-28,2.9694857597351074,3.028010335186428,2.9593077045842633,2.9949312009458047,958400896
2015-01-29,2.9381027221679688,2.9584590322881557,2.910960840526142,2.9304690300395113,953056647
2015-01-30,2.9016313552856445,2.9711823113446654,2.8889085331067514,2.9550668039922,1117981743
2015-02-02,2.8363213539123535,2.88297122917029,2.826991217082851,2.8498920943509134,858340407
2015-02-03,2.903327226638794,2.913505280153069,2.8439543378049112,2.869399774924136,872503658
2015-02-04,2.8702480792999268,2.9431917056847943,2.866855394816938,2.916897945941327,1093056902
2015-02-05,2.8363213539123535,2.9516740631968714,2.832928466580319,2.947433055143026,1464772222
2015-02-06,2.793911933898926,2.850740265912827,2.7727075014228952,2.8363212032957543,1332376592
2015-02-09,2.8261425495147705,2.8583733551534207,2.7905188572005946,2.793911541653765,1251856642
2015-02-10,2.8829710483551025,2.8846674919147217,2.8269910397786373,2.829535604006875,1393534589
2015-02-11,2.9016313552856445,2.913505854504346,2.885515847933179,2.886364170893371,1191126006
2015-02-12,2.9135053157806396,2.9228354510607657,2.87788162248916,2.9016308187576003,778512221
2015-02-13,2.9321656227111816,2.9711820037237007,2.920291124721905,2.920291124721905,1081377591
2015-02-16,2.9567630290985107,2.9643965196191093,2.927076581024059,2.931317588844288,842154770
2015-02-17,2.9830567836761475,2.993235041327522,2.9686377201516305,2.9694858408817795,897306046
2015-02-25,2.9372549057006836,2.980512094462964,2.9211393991682626,2.980512094462964,1377980569
2015-02-26,3.0246174335479736,3.02716199770907,2.9219873531250027,2.9347101739304855,1251704071
2015-02-27,3.0186800956726074,3.040732849604356,3.0042610339993185,3.022920901001283,1033178829
2015-03-02,3.042428970336914,3.0517591056907016,3.011894606957274,3.039036285763883,1151242268
2015-03-03,2.9593074321746826,3.0220728076055914,2.955914545214332,3.0220728076055914,1196503311
2015-03-04,2.9839048385620117,2.995779539634048,2.949977583435946,2.9694857753556727,869686625
2015-03-05,2.9584593772888184,2.9737267633261397,2.9270766867308455,2.9660930703074793,1061900758
2015-03-06,2.9397988319396973,2.969485072032618,2.932165140677656,2.9559141327519924,918423384
2015-03-09,2.9974753856658936,3.005957198328591,2.8846672570297818,2.9109608156174342,1498949750
2015-03-10,2.9762706756591797,3.0000196679958413,2.9652443000107738,2.986448728565315,1061447815
2015-03-11,2.9805119037628174,3.0237692919797765,2.9643963982615045,2.9771192189789555,1413614937
2015-03-12,3.0347952842712402,3.05091058550617,2.990689781008098,3.0008680362910845,1438513306
2015-03-13,3.0517594814300537,3.074660357895571,3.0305548463487155,3.0415812242354296,920002891
2015-03-16,3.1272473335266113,3.133184582152461,3.0543037043770798,3.0704190068376587,1241954187
2015-03-17,3.167112350463867,3.173897923018671,3.139122343953494,3.1509968431464044,1377257726
2015-03-18,3.251081943511963,3.2561710717048653,3.173897506660848,3.173897506660848,1332204306
2015-03-19,3.2341184616088867,3.2502339675294607,3.2171548350258763,3.2366630258185762,1374798449
2015-03-20,3.2799198627471924,3.3045169755941735,3.2315733531281317,3.2434478492918255,1271122032
2015-03-23,3.3460781574249268,3.3757646022127212,3.3096063435428507,3.3138473508935475,950611987
2015-03-24,3.3426854610443115,3.3604972065205163,3.280768209944332,3.3511672734933176,1626694701
2015-03-25,3.322329044342041,3.3511671652930834,3.291794480067027,3.3299627359663826,1218971400
2015-03-26,3.324873685836792,3.3638900631978035,3.2739826093754685,3.30791006109047,1275240888
2015-03-27,3.3503196239471436,3.3689794926249905,3.31639236938118,3.3308114323494755,884522819
2015-03-30,3.4571902751922607,3.4690647723232413,3.3715236246199045,3.378309195996438,1280276120
2015-03-31,3.4190220832824707,3.519955715279894,3.3715236894011777,3.5063845722660676,2741013827
2015-04-01,3.4750022888183594,3.4987512849114153,3.416477514795035,3.422414763818299,1482410071
2015-04-02,3.4699127674102783,3.5106253853075144,3.422414376159578,3.5004471297220277,2019822726
2015-04-03,3.525892972946167,3.530133980426593,3.4546455841650006,3.4631275991258526,1054923088
2015-04-07,3.587810754776001,3.587810754776001,3.525045371708034,3.547946249253849,1239846351
2015-04-08,3.6166486740112305,3.627675051784308,3.549642286689417,3.5962921598317736,936815824
2015-04-09,3.5903544425964355,3.6454863242753137,3.556427193016313,3.631915586221152,1166833108
2015-04-10,3.6743245124816895,3.6802621654881684,3.573390882487151,3.5903545075842653,1028443437
2015-04-13,3.735393524169922,3.7515090281631163,3.6819582888243194,3.6955290266897927,825774214
2015-04-14,3.737090587615967,3.7811960972776757,3.706555817337203,3.7277604515122182,984846384
2015-04-15,3.705707311630249,3.7744099309516077,3.701466304346967,3.737090199303932,1191779369
2015-04-16,3.8269972801208496,3.8312382872152124,3.666690771067257,3.705707146557064,1071165913
2015-04-17,3.8931562900543213,3.9279316651960987,3.8414168832441127,3.8422654083833545,1212683429
2015-04-20,3.8083372116088867,3.9431984941008866,3.7913735867811416,3.8931557401923307,1263876375
2015-04-21,3.888915538787842,3.8914599010391573,3.8049455178223934,3.810882767520265,1329915439
2015-04-22,3.9949376583099365,4.000874907028803,3.9016375155845235,3.9016375155845235,1216951580
2015-04-23,3.990696430206299,4.028016566122352,3.957617301553489,4.017838310468455,972563704
2015-04-24,3.976278066635132,3.9864559191110867,3.8948524157141486,3.9610106812540544,870871288
2015-04-27,4.058550834655762,4.06703284898583,3.988151976161833,4.017838217427665,1126696711
2015-04-28,4.005964279174805,4.074666906154696,3.9686441389222016,4.0449806607519205,1251906836
2015-04-29,4.028017520904541,4.050070278567029,3.9703412644541,4.005964763242053,802790616
2015-04-30,4.019535064697266,4.0687297036744186,4.017838823353325,4.0373472165876985,765820011
2015-05-04,4.0415873527526855,4.045828360067054,3.976277619668171,4.019534600051631,798841555
2015-05-05,3.8880672454833984,4.037347410945126,3.8617734811627207,4.037347410945126,981395204
2015-05-06,3.847353935241699,3.967795965464224,3.814275207630046,3.8931560903969404,1878249317
2015-05-07,3.780348300933838,3.840569327999879,3.7676256797541283,3.826150465181497,2500567525
2015-05-08,3.838871955871582,3.842264842594607,3.748964704380929,3.808337188698502,1309472794
2015-05-11,3.9652512073516846,3.969491810182871,3.8236045572274677,3.8592284521224385,2702015629
2015-05-12,4.01105260848999,4.012748849476569,3.9372608677929817,3.9644023413569593,781912590
2015-05-13,3.9737331867218018,4.016142454532309,3.9491360702363494,4.016142454532309,682368450
2015-05-14,3.9644031524658203,3.9923931566944653,3.9465914051284576,3.9745814093571026,615597780
2015-05-15,3.8914594650268555,3.961010616552498,3.873647717928928,3.9593143752416733,824120011
2015-05-18,3.8626210689544678,3.8990930856862986,3.844809323108809,3.878736573608558,737268614
2015-05-19,3.995785713195801,4.009356856076224,3.8566838242286576,3.8626210728498647,1511441661
2015-05-20,4.014446258544922,4.099264803668348,3.9839118896785344,4.017839145949986,2074177050
2015-05-21,4.096719741821289,4.0992645083029275,4.013597848611998,4.0246242263279735,1163571813
2015-05-22,4.184929847717285,4.18832273413538,4.112834348001378,4.126405084784398,1215924565
2015-05-25,4.317246913909912,4.318943155117648,4.174752136897082,4.17984126496502,1136578470
2015-05-26,4.380860328674316,4.393582946391158,4.273989450074452,4.325728445975035,1130920608
2015-05-27,4.380860328674316,4.419028586269566,4.323184084209558,4.397823953778347,1504854694
2015-05-28,4.083996772766113,4.393583038517367,4.033105896386924,4.37577129245136,1509791281
2015-05-29,4.086541175842285,4.1526994371365795,3.9355647863930256,4.096719432109828,2055018987
2015-06-01,4.300284385681152,4.308765998328577,4.0721233027932335,4.086542165627307,1754210421
2015-06-02,4.373227119445801,4.378316247747915,4.242606833766114,4.300283486375162,1512321510
2015-06-03,4.33675479888916,4.38170842539218,4.262114929726994,4.373226815108733,1430179593
2015-06-04,4.385949611663818,4.393583101674771,3.994089574799789,4.338451217026949,2182733530
2015-06-05,4.392735481262207,4.4529565009230145,4.284168345285573,4.4105472296125,1440508515
2015-06-08,4.500454425811768,4.537774160002235,4.352870516966669,4.406306160820612,2523308005
2015-06-09,4.463983058929443,4.5148739438852115,4.407154924284409,4.508088573446735,1762319871
2015-06-10,4.459741115570068,4.535229508647659,4.407154000142938,4.439385008523139,703178992
2015-06-11,4.460589408874512,4.495365184760193,4.415635781293593,4.459741288270303,734093714
2015-06-12,4.493669033050537,4.51911467619744,4.440233789109206,4.479250172304606,820533246
2015-06-15,4.385949611663818,4.521658617292463,4.374923234734254,4.506391637270558,877839273
2015-06-16,4.270597457885742,4.381709367148654,4.2239475801885655,4.3672905052343465,912758569
2015-06-17,4.3342108726501465,4.357959869163825,4.185778835550131,4.272293614913906,1094024217
2015-06-18,4.163725852966309,4.317247010140854,4.151003234735241,4.307916874400876,872297835
2015-06-19,3.904182195663452,4.1467620760601,3.894003939671618,4.108593818313087,1084007913
2015-06-23,4.0424346923828125,4.057702073098256,3.771016747813004,3.915207733088035,1760686559
2015-06-24,4.131494522094727,4.136583649881267,3.969491766816535,4.062791903643496,1341641268
2015-06-25,3.9830641746520996,4.168815982325635,3.954226044328403,4.149307989982632,676086220
2015-06-26,3.6862001419067383,3.9508328265635804,3.5869627334936203,3.8931565707339004,989303614
2015-06-29,3.547097682952881,3.770169585265158,3.3588011529570645,3.7684729395692935,1734793983
2015-06-30,3.803248882293701,3.8040970029562717,3.38933586782454,3.5538832074836915,2765317587
2015-07-01,3.5598204135894775,3.8439614588030735,3.5377676588498357,3.743875941822353,1386366359
2015-07-02,3.4843320846557617,3.6658432546485353,3.3588013277555184,3.630219759852598,2261637316
2015-07-03,3.3240256309509277,3.5496421009278887,3.2103693764346697,3.484331958390614,3581953789
2015-07-06,3.4139328002929688,3.6539683117327453,3.24853715648572,3.6539683117327453,4918303700
2015-07-07,3.2638049125671387,3.377461372567063,3.1967985268292334,3.324874049217176,3383389046
2015-07-08,2.9372549057006836,3.1382740703414647,2.9372549057006836,3.011046663916145,1658607447
2015-07-09,3.230725049972534,3.230725049972534,2.8923005128823034,2.900782324265792,1392556530
2015-07-10,3.553034782409668,3.553882902999575,3.275679127273874,3.333355574057153,1249760084
2015-07-13,3.591203451156616,3.660754200827211,3.4775467857594977,3.519956055667266,1032250428
2015-07-14,3.523348331451416,3.6446384803515692,3.470761211943976,3.532678467349812,909731909
2015-07-15,3.3460781574249268,3.5106254812960467,3.3079101023804607,3.47076098286683,600683545
2015-07-16,3.42326283454895,3.480091366435366,3.2994285252980466,3.333355777634705,633754913
2015-07-17,3.5623645782470703,3.587810218631503,3.4122363110907528,3.4521012151004853,733647705
2015-07-20,3.5521867275238037,3.608166731940357,3.506384574819115,3.547945720051099,689596119
2015-07-21,3.5742392539978027,3.5996844883281773,3.4817872383004964,3.506384352079153,471259379
2015-07-22,3.5572755336761475,3.5835692952831764,3.508081301852647,3.5623646618724996,366573757
2015-07-23,3.6539688110351562,3.6641470681133055,3.546249799921742,3.5615167810941966,520488965
2015-07-24,3.577631950378418,3.677717461477481,3.5555791969347355,3.6488793387691416,420040939
2015-07-27,3.2230918407440186,3.558972066615796,3.2196991561280615,3.5080811907093454,508691385
2015-07-28,3.262108564376831,3.3248741464106284,3.1094357182887715,3.1569339146025692,761611896
2015-07-29,3.3833985328674316,3.389335781799493,3.231573815889839,3.2917948302962494,524545692
2015-07-30,3.265501022338867,3.4020585547479465,3.256171088751284,3.3503193541457406,390171505
2015-07-31,3.2663495540618896,3.3163923143835143,3.227333171513585,3.2578677405610574,350509161
2015-08-03,3.267197370529175,3.2739827398090853,3.1934056201650893,3.2180027354715404,219344059
2015-08-04,3.3969693183898926,3.4020584464474304,3.256170985094923,3.274831053898441,282740109
2015-08-05,3.321481227874756,3.3884876149391903,3.288402296904969,3.3817022450536913,373591690
2015-08-06,3.2850093841552734,3.3333559025468578,3.2553231383594405,3.2705903215941,295871439
2015-08-07,3.3528640270233154,3.3757649025318037,3.307910396662985,3.3087585173196317,685893268
2015-08-10,3.5182595252990723,3.531830670070591,3.3596496271732494,3.3757651340892356,399159524
2015-08-11,3.476698875427246,3.5182596227178484,3.4614314888033366,3.507233648675065,300425219
2015-08-12,3.4410741329193115,3.50129472800187,3.4334402401465676,3.4419222533508056,388521573
2015-08-13,3.487725019454956,3.491966027306187,3.3935767482704273,3.441923267107015,465258759
2015-08-14,3.479243516921997,3.5157151340259047,3.46991338024668,3.500447747951236,545842857
2015-08-17,3.485180616378784,3.4911178655226984,3.430896848967483,3.460583094687055,345598624
2015-08-18,3.245992660522461,3.507233011595102,3.2400554119880036,3.486028379210017,460601202
2015-08-19,3.3206331729888916,3.337596800261136,3.1382740787010683,3.218851409355424,591963489
2015-08-20,3.2358148097991943,3.3189366989398366,3.2239403119854955,3.2858575674110684,233326435
2015-08-21,3.074660062789917,3.2341182642740494,3.06702637062663,3.2230918874456465,693137987
2015-08-24,2.767618417739868,2.9805120799591234,2.767618417739868,2.9771193949746992,542239636
2015-08-25,2.5301272869110107,2.7396282518427633,2.522493594477559,2.633605487304645,710535841
2015-08-26,2.601374387741089,2.7319944664147826,2.5326717648457233,2.603918951798958,735620662
2015-08-27,2.762529134750366,2.7735555120002555,2.6005263630192017,2.648872677456669,708696214
2015-08-28,2.8855159282684326,2.900783315308162,2.744717770754862,2.7794931486413494,568256026
2015-08-31,2.879578113555908,2.8855153621657417,2.7523507220748993,2.8159644178154037,313629095
2015-09-01,2.868551731109619,2.882122671714139,2.729449842691246,2.79984910971609,227411321
2015-09-02,2.86007022857666,2.900783054803995,2.74047651639515,2.781189342622484,244408893
2015-09-07,2.789670944213867,2.9448881400524343,2.7794926878746677,2.8583735678363515,178587489
2015-09-08,2.865159273147583,2.8787302148255614,2.7057010623205007,2.756591941946135,203250023
2015-09-09,2.919442653656006,2.941495407215175,2.860918085107987,2.8821227180602245,188386447
2015-09-10,2.867703676223755,2.924531801723813,2.8634626687153846,2.881274617139224,101627981
2015-09-11,2.873640775680542,2.9194425219464155,2.8490434591879086,2.8744888962492112,255079986
2015-09-14,2.772707462310791,2.8897566073945806,2.714182889768896,2.8821229147441474,198007174
2015-09-15,2.691281795501709,2.7794926063728456,2.6819516600569027,2.7464134764627826,216623773
2015-09-16,2.8371694087982178,2.879578477240609,2.6802557544501764,2.699763946155915,572357366
2015-09-17,2.7820372581481934,2.867703709934034,2.7769481299672725,2.801545448026808,419773130
2015-09-18,2.781189203262329,2.8100273273393426,2.765073697715961,2.799000950094183,258148381
2015-09-21,2.832080125808716,2.8498918729171665,2.740476421631588,2.757440048084125,252574446
2015-09-22,2.854132890701294,2.8948457156643084,2.8235983225346275,2.831232015131889,211611262
2015-09-23,2.7879745960235596,2.841410039185669,2.782037347030256,2.799000973360374,87301995
2015-09-24,2.811723470687866,2.8269906517393015,2.7820370269148453,2.8159642756712384,77205840
2015-09-25,2.750654697418213,2.810875511074551,2.733691070848339,2.8015455771278344,112398720
2015-09-28,2.766770124435425,2.776948178753707,2.735387234175859,2.755743747257172,101835984
2015-09-29,2.713334560394287,2.742172887375069,2.6972192566895217,2.7345391947428874,73216674
2015-09-30,2.731994867324829,2.756592188678885,2.7226649325584207,2.724361174031005,50208266
2015-10-08,2.830383777618408,2.851588412509565,2.829535656933925,2.8456511632734136,110258919
2015-10-09,2.8660073280334473,2.8829709541860122,2.8244463832929503,2.8244463832929503,97261864
2015-10-12,2.985600709915161,3.006805341415558,2.8668553397355274,2.8668553397355274,196904376
2015-10-13,2.9643967151641846,2.9728787313641543,2.9372550317693884,2.9542186597245346,144310758
2015-10-14,2.9321656227111816,2.975422809195995,2.9304691791888375,2.9499773696950973,113842553
2015-10-15,3.0076537132263184,3.0093501566881193,2.9177464564206264,2.9245318258230912,126322277
2015-10-16,3.0492148399353027,3.051759404169539,3.006805773068672,3.0195283920174703,207569965
2015-10-19,3.044125556945801,3.0738120033567378,3.022072802850083,3.0509109264110807,120340775
2015-10-20,3.0839898586273193,3.087382745363479,3.0229207284894684,3.042428917221772,79532845
2015-10-21,2.9915385246276855,3.093320491989962,2.9448884478273762,3.087383242579041,165859614
2015-10-22,3.0297064781188965,3.035643726923204,2.9669409009175283,2.968637344385489,97325109
2015-10-23,3.083142042160034,3.088231170543881,3.026313913725964,3.030554719230917,119779881
2015-10-26,3.088230848312378,3.114524405922231,3.0695707802594243,3.109435278069393,180318324
2015-10-27,3.0899271965026855,3.103498137172983,3.000868264881897,3.0814453838615457,132236099
2015-10-28,3.0356438159942627,3.0924719438363883,3.026313882202647,3.0729637533831005,174448320
2015-10-29,3.039884567260742,3.0704189302254083,3.0178318145022036,3.038188123886101,121324456
2015-10-30,3.0407328605651855,3.075508232830684,3.006805608924005,3.033947288903527,99564884
2015-11-02,2.989841938018799,3.048366506884039,2.9805118024025057,3.0144390535320884,268080333
2015-11-03,2.9669408798217773,3.002564574616699,2.951673697608165,2.9949308823987084,221278067
2015-11-04,3.145059108734131,3.1509963574153494,2.9745745315221086,2.9745745315221086,271206812
2015-11-05,3.1951019763946533,3.269742052272477,3.1136765309926515,3.134881164644861,272744328
2015-11-06,3.2714385986328125,3.2799204119159264,3.1849240222561006,3.1942539562008117,264607632
2015-11-09,3.305365562438965,3.3418373765861293,3.265500861497638,3.265500861497638,251780519
2015-11-10,3.2960355281829834,3.3274184175461903,3.273134653842976,3.2739827744563486,140106416
2015-11-11,3.291795015335083,3.303669513866697,3.2485376246522226,3.295187700312346,176515062
2015-11-12,3.2578673362731934,3.299428277936445,3.2341181400846093,3.295187270601128,144470283
2015-11-13,3.2264842987060547,3.2578671853105776,3.207824433517926,3.236662554061289,147450630
2015-11-16,3.2451446056365967,3.248537290264635,3.1722009761331402,3.1874681580704927,137476088
2015-11-17,3.2332704067230225,3.323177669886497,3.223092149677201,3.259563967794882,148675852
2015-11-18,3.205280065536499,3.2468410078134706,3.137425362725952,3.234966308432648,137045472
2015-11-19,3.2536263465881348,3.2553227899759367,3.1942536591281305,3.2069762767583794,100104858
2015-11-20,3.2442965507507324,3.2646528611536563,3.232422053200891,3.252778363603815,119001859
2015-11-23,3.2281811237335205,3.2756793173039527,3.223091995454122,3.240055621570535,87720256
2015-11-24,3.230725049972534,3.231573170444183,3.180682302143251,3.218002231786134,125306848
2015-11-25,3.2502341270446777,3.2536268120833105,3.2120658642484896,3.224788685921349,148588894
2015-11-26,3.234966516494751,3.271438535351256,3.224788462085323,3.2705902124836883,126799420
2015-11-27,3.0602409839630127,3.223091869189864,3.0415809150770143,3.223091869189864,185180577
2015-11-30,3.061088800430298,3.085686115558313,2.9771188021198083,3.0661779280046937,203567284
2015-12-01,3.084838390350342,3.1068911445171596,3.0364918744204545,3.056848387326669,279014346
2015-12-02,3.2171549797058105,3.2230922290546324,3.0687231393180925,3.082294081639281,186980377
2015-12-03,3.223940372467041,3.236662991156861,3.179834862934592,3.2086729873724034,145664390
2015-12-04,3.1628711223602295,3.2086728715460393,3.1501483019072984,3.2086728715460393,139429870
2015-12-07,3.1679601669311523,3.1891648010725064,3.1442111708263187,3.165415804967673,78512644
2015-12-08,3.1221582889556885,3.1526928557208165,3.1068911066843095,3.147603727556233,94908142
2015-12-09,3.126399517059326,3.1450593853493736,3.1043467616052847,3.1204620656335282,94259041
2015-12-10,3.120461940765381,3.1671120140685227,3.100953750353781,3.134881205079396,210355633
2015-12-11,3.1051948070526123,3.1280956826316193,3.0831420521328634,3.104346686393354,150733983
2015-12-14,3.2001912593841553,3.2018877029584125,3.078052984264354,3.0865347976908746,198995061
2015-12-15,3.169656753540039,3.199343202233498,3.160326819252329,3.197646758625557,140912682
2015-12-16,3.1705048084259033,3.1959502486825575,3.1645675592549223,3.1815311860926916,97198442
2015-12-17,3.229877471923828,3.2392074053458266,3.1883165284983233,3.1883165284983233,157151362
2015-12-18,3.2417521476745605,3.2705902723628153,3.220547513377539,3.229877649534971,148984514
2015-12-21,3.3265702724456787,3.3494711480092563,3.2230920698578576,3.231573883111863,159482597
2015-12-22,3.3308112621307373,3.3359003905000333,3.2934911222374854,3.3316593827848275,154148488
2015-12-23,3.3265702724456787,3.3757649106523395,3.318088459191673,3.331659400842558,289263641
2015-12-24,3.28670597076416,3.326570475266283,3.2595640858075527,3.3214813465591204,198218870
2015-12-25,3.303668975830078,3.3070616602548077,3.274830854886348,3.295187163657078,147544494
2015-12-28,3.204432249069214,3.307062130282437,3.201039361939905,3.2943395113258673,166164893
2015-12-29,3.2341184616088867,3.234966582271323,3.19425395936105,3.1984947648956124,152912918
2015-12-30,3.2332704067230225,3.238359535245933,3.2069766434287783,3.2341185274027127,139157511
2015-12-31,3.204432249069214,3.247689436632886,3.202735805504559,3.2239404400620186,127070020
2016-01-04,2.998323678970337,3.202735503684634,2.9923864303871355,3.202735503684634,310853942
2016-01-05,2.9915385246276855,3.034795916367811,2.9084166284300115,2.940647642057743,426887761
2016-01-06,3.0381882190704346,3.046670031764651,2.9856008994773457,2.989841906935637,175246565
2016-01-07,2.955066680908203,3.001716757324552,2.8863640506709656,3.001716757324552,75040500
2016-01-08,2.8906044960021973,2.9559144330642653,2.790518985583741,2.9559144330642653,408336021
2016-01-11,2.7421727180480957,2.8727927965027615,2.7396281539944933,2.8371691019746947,461218760
2016-01-12,2.761680841445923,2.7947599711274718,2.7319943963470648,2.7650735260286132,276690207
2016-01-13,2.723512887954712,2.7998494118138892,2.7057011402395097,2.7845820261530996,250040943
2016-01-14,2.769314765930176,2.775252015003955,2.653113741993696,2.6590509910674758,346908803
2016-01-15,2.6878890991210938,2.7642256203907194,2.6683809084756707,2.7523509200943557,301465118
2016-01-18,2.6895856857299805,2.720120255417663,2.6463282944131006,2.653961987390619,314291235
2016-01-19,2.766770124435425,2.777796501613678,2.678559107009401,2.688737363550057,252318423
2016-01-20,2.7305805683135986,2.771078439524781,2.709900939790057,2.7572919520310015,256534366
2016-01-21,2.652169704437256,2.756429623649064,2.6461381558410535,2.7038688684911767,273331611
2016-01-22,2.6780195236206055,2.696975967626115,2.6280435373489137,2.681466093775907,243967259
2016-01-25,2.688359498977661,2.7107625153459005,2.6642333000790988,2.7021459863915203,179548311
2016-01-26,2.536708354949951,2.6737112165127375,2.5246452564201,2.6495850194530344,298712099
2016-01-27,2.5091352462768555,2.5677277587867784,2.4453729814158396,2.541878175294402,535087740
2016-01-28,2.4548516273498535,2.5272306410125314,2.4427885268841645,2.497934275751794,243514887
2016-01-29,2.5246455669403076,2.551356746318084,2.452266555990423,2.4557131266465446,305349768
2016-02-01,2.497072219848633,2.5315383321579703,2.4643292898942213,2.522921804080636,166983659
2016-02-02,2.550494909286499,2.5556648674897176,2.4919023920404326,2.4919023920404326,221015984
2016-02-03,2.5384318828582764,2.5436016357747464,2.500518991909159,2.524645395734438,227830715
2016-02-04,2.5720362663269043,2.5797912040491395,2.5436017001129634,2.5461866793537085,427360671
2016-02-05,2.5418784618377686,2.5703130274282047,2.540155073903643,2.5703130274282047,476611165
2016-02-15,2.532399892807007,2.545324787484314,2.485870682837164,2.4979337809131628,221657203
2016-02-16,2.6056408882141113,2.6125342349246425,2.5418786123887136,2.542740203689681,271988474
2016-02-17,2.632352352142334,2.6349373315573295,2.5978862338547537,2.6047793753385617,235182071
2016-02-18,2.6271820068359375,2.66250971125348,2.62115045756632,2.6495850215140826,221163948
2016-02-19,2.6202890872955322,2.641830514278655,2.60650280411272,2.6254590462062235,211377526
2016-02-22,2.6745729446411133,2.6849126550729037,2.6383834445442615,2.6607864586311587,732868230
2016-02-23,2.653893232345581,2.6762962474407095,2.6297670348180544,2.6728496771416688,230079769
2016-02-24,2.6737112998962402,2.677158075670181,2.6220121284980733,2.6470001229707942,280592207
2016-02-25,2.5031042098999023,2.6694034570649725,2.4858711507095013,2.6694034570649725,375768215
2016-02-26,2.5272305011749268,2.5461867421623237,2.4979341375352258,2.521198951275822,461895738
2016-02-29,2.4677765369415283,2.523783877427294,2.422108908863427,2.5168907358221846,394030333
2016-03-01,2.5143051147460938,2.533261557474135,2.4212464942187393,2.473807455923399,234562572
2016-03-02,2.6271820068359375,2.633213556105555,2.516890321279778,2.516890321279778,451413432
2016-03-03,2.6211507320404053,2.659063419462707,2.613395794124164,2.6263206906512333,238875815
2016-03-04,2.653031587600708,2.6668180739529515,2.6030556002531053,2.6194270656360343,460608313
2016-03-07,2.6737112998962402,2.738335366861072,2.645276735083824,2.664233180103517,342306558
2016-03-08,2.664233446121216,2.6676800168050434,2.584099701909459,2.6590634873783414,289042280
2016-03-09,2.6245975494384766,2.6306290999068613,2.5901314293709747,2.6220125698899857,264769484
2016-03-10,2.5892698764801025,2.645277219705008,2.5858231000747036,2.6211510174729162,137343306
2016-03-11,2.584099054336548,2.600470312340673,2.5496329452669153,2.567727590898208,158993200
2016-03-14,2.6401069164276123,2.6754348292212913,2.60822577959009,2.60822577959009,578053418
2016-03-15,2.6314902305603027,2.640968555723409,2.6004706868435576,2.63493700631102,293101026
2016-03-16,2.648723602294922,2.670265028842331,2.6202890342955327,2.6202890342955327,287722068
2016-03-17,2.6918065547943115,2.7142095734919622,2.639245578903452,2.652170476396049,409964975
2016-03-18,2.7297191619873047,2.755568750751656,2.6918064728864435,2.692668064214974,968766520
2016-03-21,2.7900350093841553,2.8107148457828126,2.7495373388272513,2.7495373388272513,388550106
2016-03-22,2.77107834815979,2.7917579760015054,2.7667699810825477,2.772801530643288,168862775
2016-03-23,2.7762482166290283,2.7900347042422324,2.748675446836878,2.7684934842619358,252646768
2016-03-24,2.7331652641296387,2.767631376572831,2.73144208176802,2.758153257281223,353711508
2016-03-25,2.7443671226501465,2.757292019188573,2.7271340642217514,2.7348890021448073,255432765
2016-03-28,2.718517541885376,2.7805566345582604,2.714209379984508,2.754707046850269,253708460
2016-03-29,2.6961145401000977,2.729719065941654,2.6806048695609053,2.721102536656711,510634474
2016-03-30,2.770216464996338,2.772801444075129,2.7133473361314153,2.7133473361314153,321345997
2016-03-31,2.7650465965270996,2.7848646316787473,2.7521217016741844,2.7788328771245636,267776952
2016-04-01,2.773663282394409,2.774524873622203,2.7167941526751123,2.757291816460855,255475694
2016-04-05,2.8003742694854736,2.8167457343089644,2.7538450593915864,2.7607381996150395,341087921
2016-04-06,2.7952044010162354,2.805544317116409,2.7848646903503003,2.7891728517692136,282223573
2016-04-07,2.7607383728027344,2.8124375440245393,2.7538452321468583,2.8029594242641487,235979540
2016-04-08,2.737473726272583,2.760738332438826,2.71420912010634,2.7400587053393037,287695308
2016-04-11,2.767631769180298,2.798651315866352,2.7598770365844825,2.7598770365844825,293934447
2016-04-12,2.7641851902008057,2.7736635162426393,2.746952131586535,2.7684935575715053,423792609
2016-04-13,2.799513101577759,2.8348408100740987,2.7796950636462294,2.7796950636462294,664723733
2016-04-14,2.809852361679077,2.8219156651056703,2.7926193058516358,2.8107141582744104,196376388
2016-04-15,2.8124382495880127,2.821054780286631,2.8003751476968066,2.815884820780601,190846492
2016-04-18,2.772801399230957,2.7934812315268354,2.765908258755158,2.7934812315268354,225522391
2016-04-19,2.7762482166290283,2.796066254054086,2.765046913717199,2.7822799718751394,276854283
2016-04-20,2.7279956340789795,2.790034726107463,2.662509971478749,2.787449746820088,467962419
2016-04-21,2.715070962905884,2.7529836503405147,2.702146066374611,2.7116243923089645,254742919
2016-04-22,2.7271339893341064,2.7305805598382897,2.696976240629684,2.7064543608747518,153401499
2016-04-25,2.718517541885376,2.725410888534731,2.6806048543338408,2.725410888534731,156096951
2016-04-26,2.734027147293091,2.738335308767752,2.7038691952335,2.716794090525965,130165933
2016-04-27,2.721102237701416,2.73919688558154,2.714209097204485,2.734027132925962,144753386
2016-04-28,2.719379425048828,2.7279959552096344,2.695253222772283,2.7219644046404983,144567963
2016-04-29,2.7159323692321777,2.727995468216986,2.7073158406095654,2.712485798869982,113589098
2016-05-03,2.76849365234375,2.772801814427665,2.703869577610863,2.720241045485135,234118098
2016-05-04,2.7581534385681152,2.7728015167758318,2.7452287482695263,2.7555684594215477,184462270
2016-05-05,2.7581534385681152,2.765046784770378,2.7460903395069662,2.7547068681841083,132028313
2016-05-06,2.6952528953552246,2.7633235369867175,2.6935295073587056,2.759876966427938,215542840
2016-05-09,2.6401069164276123,2.68835952003698,2.6314903874057345,2.68835952003698,327203388
2016-05-10,2.6375222206115723,2.650446911809484,2.6306288739296586,2.636660423879919,113547933
2016-05-11,2.6478617191314697,2.666818164186488,2.6357986202029338,2.64527674001332,99451509
2016-05-12,2.6573402881622314,2.661648450131551,2.6133958445564347,2.6366604533198497,119507818
2016-05-13,2.6478617191314697,2.671988122422788,2.6357986202029338,2.6478617191314697,90896427
2016-05-16,2.6582021713256836,2.660787150964798,2.620289273574859,2.642692293490995,110290661
2016-05-17,2.653893232345581,2.6694031068426285,2.638383563282777,2.6607865783779054,96106445
2016-05-18,2.63666033744812,2.647861845684056,2.610810750465404,2.647000254414909,119244145
2016-05-19,2.6314902305603027,2.658201612740018,2.6280436602438297,2.63493700631102,111260472
2016-05-20,2.648723602294922,2.6504469903750514,2.6177042603267417,2.6263207898588514,139069288
2016-05-23,2.653031587600708,2.671126235381268,2.64355346811102,2.6521699964018923,107809105
2016-05-24,2.63666033744812,2.6530318041674503,2.626320625915587,2.6530318041674503,96780922
2016-05-25,2.634936809539795,2.6590630053876594,2.6306284428902598,2.6418299496579767,83786394
2016-05-26,2.634936809539795,2.646999907463727,2.607363838198611,2.634936809539795,142476437
2016-05-27,2.63666033744812,2.6435536839040643,2.624597237943037,2.6332137669372755,85685190
2016-05-30,2.638383626937866,2.647000155610476,2.608225673866607,2.6332136686474503,79238252
2016-05-31,2.7305805683135986,2.733165547558323,2.6383837285106906,2.639245319780847,494593315
2016-06-01,2.719379425048828,2.7357508939846458,2.715932854071362,2.7314427316213843,171347808
2016-06-02,2.721964120864868,2.7236875088910733,2.709039429688251,2.7211025295688973,92385756
2016-06-03,2.75384521484375,2.7624617433265777,2.720240692130449,2.724548853654741,177793222
2016-06-06,2.737473726272583,2.760738332438826,2.733165359349968,2.7495368249611176,81647929
2016-06-07,2.737473726272583,2.7443668668276766,2.732303768139142,2.74092029655013,57621036
2016-06-08,2.734027147293091,2.741781879034329,2.7159322938836397,2.7348887385011746,72625043
2016-06-13,2.6444151401519775,2.714209165245676,2.6418301610422668,2.714209165245676,329962423
2016-06-14,2.6556167602539062,2.656478351515541,2.6383837024156898,2.6409686816348477,175090226
2016-06-15,2.6909444332122803,2.715932428392436,2.6280437523536384,2.635798689913187,194595117
2016-06-16,2.6745729446411133,2.690082613005916,2.666818007741595,2.690082613005916,87724465
2016-06-17,2.685774564743042,2.705592600697679,2.6754346484417555,2.6762962396554486,201308067
2016-06-20,2.686635971069336,2.6969758866590556,2.668541118787326,2.6883591533781366,82108494
2016-06-21,2.680604934692383,2.7297191322664744,2.6711266084446637,2.696976402361836,144544590
2016-06-22,2.6969761848449707,2.7004227552778644,2.668541413829406,2.6788813305623385,117291372
2016-06-23,2.688359498977661,2.6986994158966193,2.6719882377683173,2.696976233366296,99387293
2016-06-24,2.6599252223968506,2.7030080772922385,2.619427552446835,2.6883597915846114,154395516
2016-06-27,2.6935296058654785,2.695252993925025,2.6513085500321263,2.6538935294043124,135557760
2016-06-28,2.7073161602020264,2.7099011396373855,2.6719884503092333,2.684913142051759,181488939
2016-06-29,2.719379425048828,2.7279959552096344,2.7090397121164305,2.709901303502226,119541995
2016-06-30,2.723687171936035,2.7305803123195598,2.715932234928893,2.720240601744273,92851291
2016-07-01,2.721102237701416,2.737473703174427,2.718517258656507,2.7236872167463253,93766657
2016-07-04,2.766770124435425,2.778833224181922,2.708177602841458,2.716794337442396,137810706
2016-07-05,2.773663282394409,2.783141402202877,2.763323365923902,2.7667699362693225,160714354
2016-07-06,2.787449598312378,2.7900345774620323,2.762461808922799,2.771078337610231,278068713
2016-07-07,2.790896415710449,2.8003745357775447,2.771939970142007,2.784003069397265,185677172
2016-07-08,2.7805566787719727,2.78831161683796,2.776248311368336,2.7865882287896526,168019456
2016-07-11,2.787449598312378,2.8219159184963547,2.784003027924255,2.7848648245969723,107960088
2016-07-12,2.858105182647705,2.859828570538947,2.7857263835977264,2.7857263835977264,172362881
2016-07-13,2.8641369342803955,2.885678359987311,2.856382201808055,2.860690363688882,249841642
2016-07-14,2.8598287105560303,2.864998669048631,2.8486272023001473,2.864136872343693,130428056
2016-07-15,2.8632755279541016,2.869307078237444,2.8546589982015735,2.8658605074232875,91696966
2016-07-18,2.852935552597046,2.864998652052046,2.842595635673186,2.858967102324546,138478162
2016-07-19,2.838287353515625,2.854658820657496,2.8236392743907848,2.851212250057697,116901083
2016-07-20,2.8322556018829346,2.8460420887344626,2.8288090315286145,2.8348405810072363,64802024
2016-07-21,2.8477656841278076,2.8641369458622634,2.8322558082518876,2.8322558082518876,107390332
2016-07-22,2.822777509689331,2.8469037078400525,2.8201925305397184,2.8417339549750755,115224737
2016-07-25,2.821916103363037,2.8400107531617693,2.8176077360199514,2.8201927153389503,95011247
2016-07-26,2.858105182647705,2.8589669793104493,2.821915885839839,2.821915885839839,108020908
2016-07-27,2.80554461479187,2.8632753397966613,2.7624619688603644,2.8589671779206407,228730897
2016-07-28,2.8132996559143066,2.829670918164984,2.7952048001551626,2.796066391475128,212210696
2016-07-29,2.803821325302124,2.8210543842802647,2.794343204494427,2.8132996515440887,126724461
2016-08-01,2.7805566787719727,2.8020981049216274,2.7667701906883058,2.7960663494696827,133376245
2016-08-02,2.787449598312378,2.7986511061494648,2.7728015200871683,2.779694866297663,116491586
2016-08-03,2.790896415710449,2.796927965338078,2.7788331110209397,2.783141478145961,201883691
2016-08-04,2.799513101577759,2.8003746928773974,2.7745251049798716,2.7900347755446817,93097489
2016-08-05,2.8107147216796875,2.823639413423897,2.794343253731703,2.8003748039369034,101415033
2016-08-08,2.8339788913726807,2.834840482572782,2.791757841054124,2.8107142854960294,84969760
2016-08-09,2.8469035625457764,2.8520735205811487,2.8262239358385255,2.8288089148562117,231288258
2016-08-10,2.838287353515625,2.853797229366111,2.835702374207211,2.846903882732253,176568231
2016-08-11,2.8348405361175537,2.867583467550729,2.8313939658178096,2.836563923984547,126506962
2016-08-12,2.884816884994507,2.88912504704901,2.827085952163723,2.8279477489220386,217390163
2016-08-15,2.9701199531555176,3.0020010850959746,2.8891244284436874,2.8908478161570463,392578074
2016-08-16,2.9615039825439453,2.995108508519089,2.9571956151672154,2.9787370411823373,274130428
2016-08-17,2.954610586166382,2.971843644515117,2.9434090776962774,2.9563339741749592,118831100
2016-08-18,2.9503026008605957,2.9709822310298226,2.935654520930965,2.9597807218893513,95390557
2016-08-19,2.9468555450439453,2.9528870942907997,2.9235907338191995,2.9485787274377673,132203904
2016-08-22,2.926176071166992,2.9571956178308914,2.923591091825479,2.946855905899101,105378309
2016-08-23,2.9278993606567383,2.94340903074952,2.9106663025828663,2.926175972675648,241625141
2016-08-24,2.9158360958099365,2.931345765023565,2.910666137593979,2.927899194691008,154267096
2016-08-25,2.9003262519836426,2.9080811893899905,2.873615074829663,2.901188048651624,126229180
2016-08-26,2.8968796730041504,2.923590850078737,2.893433102645211,2.902049631259682,79142269
2016-08-29,2.8960180282592773,2.903772760065034,2.8874014998040254,2.892571457964025,77872739
2016-08-30,2.908081293106079,2.9175594133179303,2.893433214438944,2.897741376195511,103444542
2016-08-31,2.920144557952881,2.9261761080142756,2.894294969646503,2.9054964784560267,112057117
2016-09-01,2.889124631881714,2.920144174866848,2.886539652846766,2.919282583666612,92390242
2016-09-02,2.9020495414733887,2.909804478616757,2.886539667186651,2.886539667186651,98875543
2016-09-05,2.908081293106079,2.931345900720603,2.9037729259152574,2.908081293106079,159225737
2016-09-06,2.9330694675445557,2.9391010176321104,2.8882634321121277,2.9098048585113387,142875576
2016-09-07,2.9347927570343018,2.9494410425622988,2.93048459485816,2.93565455381695,196966881
2016-09-08,2.9304842948913574,2.9347924566265124,2.923590948507154,2.9322076828459713,74892456
2016-09-09,2.9158360958099365,2.9356541320149447,2.9141127079265354,2.930484173798987,120461526
2016-09-12,2.858105182647705,2.88050819806262,2.8417339221350137,2.8779232189428803,206472538
2016-09-13,2.858105182647705,2.8667217112354226,2.852073633179727,2.859828570538947,95438184
2016-09-14,2.840872287750244,2.8555203666426756,2.8374257172051296,2.8503506135421324,71966886
2016-09-19,2.8589673042297363,2.861552283643257,2.840010857008674,2.841734245095778,100797674
2016-09-20,2.855520248413086,2.8641367771362445,2.8512120867686312,2.860690206733831,70694357
2016-09-21,2.8667216300964355,2.8710299969854742,2.8529353490936877,2.8555201227060225,68012760
2016-09-22,2.8856780529022217,2.8994645392354204,2.873614954398512,2.8787849124527414,98900069
2016-09-23,2.8787851333618164,2.890848232791211,2.8762001541363382,2.886539865603996,67358775
2016-09-26,2.8305325508117676,2.875338378366241,2.828809162837487,2.875338378366241,163349220
2016-09-27,2.8451807498931885,2.8469039325060845,2.826224303111479,2.830532670512248,106896159
2016-09-28,2.840872287750244,2.8477656342747317,2.8365641259274152,2.845180655007331,47131670
2016-09-29,2.853797197341919,2.8606903384641647,2.844319076940267,2.844319076940267,111132006
2016-09-30,2.8624138832092285,2.8667220452879847,2.847765803446626,2.847765803446626,109625583
2016-10-10,2.895156145095825,2.9003261031013348,2.860690032304745,2.869306560502515,156366066
2016-10-11,2.9020495414733887,2.9046345205211783,2.8899864428731976,2.8968795833778094,101921091
2016-10-12,2.895156145095825,2.8986029207223227,2.887401413521798,2.8942945539063194,68982158
2016-10-13,2.895156145095825,2.903772673293595,2.88912459590081,2.8994645119118285,95024582
2016-10-14,2.903773069381714,2.905496457430041,2.8805084606177576,2.894294948701578,116980175
2016-10-17,2.877061605453491,2.9063577613382066,2.8520736111121776,2.903772782238468,116946886
2016-10-18,2.9132511615753174,2.9141127528131667,2.873615088554779,2.8770616589404243,185419311
2016-10-19,2.9115278720855713,2.925314359528433,2.905496322348242,2.914112851320749,133499853
2016-10-20,2.907219886779785,2.9149746195217614,2.904634907387704,2.9098048661718665,108766472
2016-10-21,2.921867847442627,2.9278993973005436,2.901188218582018,2.9089429510083344,152925363
2016-10-24,2.95719575881958,2.97184383883035,2.9192830690602767,2.9218680485250332,206599173
2016-10-25,2.9494404792785645,2.95805700741954,2.942547133505243,2.957195210801477,188178229
2016-10-26,2.940824270248413,2.951163981879011,2.9365159029933037,2.948579002612797,142670985
2016-10-27,2.9365155696868896,2.940823936452982,2.9253140626161316,2.9382389574801735,89222498
2016-10-28,2.9322078227996826,2.9606423900853445,2.9313460260641153,2.9347925967035944,149226831
2016-10-31,2.926176071166992,2.9313460298500194,2.906358033171564,2.9313460298500194,89194562
2016-11-01,2.9442710876464844,2.9485792498285424,2.9227296604333706,2.924453048566759,86692429
2016-11-02,2.924452781677246,2.9399624517252056,2.9210062111592836,2.9399624517252056,85254005
2016-11-03,2.9468555450439453,2.9615036225626263,2.914112614350462,2.914112614350462,225826643
2016-11-04,2.9373772144317627,2.958918637786579,2.933069053021342,2.945132151491605,111407480
2016-11-07,2.939962148666382,2.9468554944259795,2.931345620542561,2.937377169685812,100805993
2016-11-08,2.955472230911255,2.9692587179681658,2.944270723017156,2.9459939055028634,142243804
2016-11-09,2.9442710876464844,2.95547259692782,2.9072199889699775,2.95547259692782,196076229
2016-11-10,2.974428415298462,2.982183352642037,2.952887196589748,2.952887196589748,144827420
2016-11-11,3.0002782344818115,3.0037248048553047,2.963226935305451,2.9718434639563087,173427181
2016-11-14,3.0045864582061768,3.024404495056287,2.988214991800813,2.995108338124559,261985206
2016-11-15,3.0011401176452637,3.0080332590627643,2.990800200084745,3.0037250970353933,136391995
2016-11-16,3.0020017623901367,3.0097567006985395,2.994246824081734,3.002863353724091,143926440
2016-11-17,3.008894443511963,3.0097560346552514,2.9882146125992275,2.9976929369123066,131459987
2016-11-18,2.9985549449920654,3.0149264115962895,2.9942465778081098,3.0097564531492447,109743449
2016-11-21,3.0123414993286133,3.0373294954219063,2.9925234617972785,2.9942466443617586,136285270
2016-11-22,3.04249906539917,3.0442224532941657,3.014926297118965,3.014926297118965,172143723
2016-11-23,3.0476691722869873,3.0614556598165903,3.039914439966919,3.0468075810145923,91125359
2016-11-24,3.0562856197357178,3.0743804740128233,3.0416375413247043,3.045945908440194,175518691
2016-11-25,3.089890241622925,3.0916136296106025,3.0338826999516213,3.0562857166201427,134787111
2016-11-28,3.1036767959594727,3.119186466445043,3.0959218579995564,3.0967836547290553,148348331
2016-11-29,3.127803087234497,3.143312757155278,3.0847202370933458,3.095060153996703,159136067
2016-11-30,3.0993683338165283,3.129526288004274,3.09419858076897,3.1200481677437852,166067658
2016-12-01,3.128664255142212,3.139003965212193,3.101091284087141,3.101091284087141,112886474
2016-12-02,3.094198703765869,3.126079841758684,3.0864437657348827,3.126079841758684,93882635
2016-12-05,3.0321595668792725,3.0666256837212087,3.0278511995569,3.053700787188352,222865641
2016-12-06,3.026989459991455,3.045945905499658,3.0261278687428894,3.0347443975312993,126885410
2016-12-07,3.040776252746582,3.044222823521486,3.016649846453709,3.028713152317281,111353437
2016-12-08,3.0476691722869873,3.058870680565149,3.040776031239314,3.049392560266034,207960060
2016-12-09,3.0649023056030273,3.0743806315691513,3.037329535300993,3.040776105909465,111308344
2016-12-12,2.9839072227478027,3.063179380579456,2.9813222432155286,3.063179380579456,147902895
2016-12-13,2.9795987606048584,2.993385249195235,2.9554725596474034,2.974428801704183,161187550
2016-12-14,2.958918809890747,2.986491784084464,2.9580572186453966,2.9727052969876055,101355869
2016-12-15,2.92531418800354,2.9580571194397467,2.9132510892361982,2.9434088361545534,229792762
2016-12-16,2.92531418800354,2.9408240625051887,2.9184210474034145,2.921867617703477,142249704
2016-12-19,2.9166979789733887,2.9278994877510662,2.9098048376183248,2.925314508384351,87041876
2016-12-20,2.895156145095825,2.915835977117863,2.878784885324028,2.912389406925602,167465993
2016-12-21,2.9270377159118652,2.9278993071695423,2.8994647413236736,2.8994647413236736,129163126
2016-12-22,2.921867847442627,2.925314418013685,2.9089429510083344,2.923591030011026,103592371
2016-12-23,2.8986032009124756,2.9192828294992488,2.8908482631545893,2.914974462266782,80260529
2016-12-26,2.908942937850952,2.9115279171261186,2.86499870104164,2.889986697078743,145262059
2016-12-27,2.904634714126587,2.9158362222688865,2.8994647556864095,2.9037729174303877,113296091
2016-12-28,2.889124631881714,2.9072194851263484,2.8796465123763983,2.902049527056453,104911615
2016-12-29,2.890848159790039,2.902049667672826,2.8770616727470513,2.8856782014696374,84878307
2016-12-30,2.8934333324432373,2.902049861742038,2.8865399857436387,2.8899867618105697,96078848
2017-01-03,2.926176071166992,2.9330694178891163,2.89687991254219,2.89687991254219,105867931
2017-01-04,2.952025890350342,2.9528874816602793,2.9184213640515955,2.9244529140896884,113483983
2017-01-05,2.9459939002990723,2.955472225690721,2.9391007594999174,2.9511638586155624,65674831
2017-01-06,2.9365155696868896,2.9494404645509316,2.932207408355032,2.9434087099915556,77885978
2017-01-09,2.9468555450439453,2.950302115265828,2.929622488500293,2.9322074675252643,77512872
2017-01-10,2.939100742340088,2.9520256380558525,2.9356541719606333,2.945993883098997,69721435
2017-01-11,2.9175593852996826,2.948578930299242,2.916697794043494,2.933930851772777,94705340
2017-01-12,2.9029111862182617,2.9253142014228053,2.9003262071227955,2.9175592641364068,84000935
2017-01-13,2.908081293106079,2.9235909630376766,2.8968797849310484,2.902049743386333,97497540
2017-01-16,2.904634714126587,2.9063578966504764,2.8572437023373,2.902049734906498,146915124
2017-01-17,2.908942937850952,2.914974487681588,2.8856783298087127,2.8951564501948175,86494983
2017-01-18,2.9278993606567383,2.9373774809670907,2.903772956092763,2.904634752800437,113866267
2017-01-19,2.9175593852996826,2.9330692605165885,2.9123896323283,2.9201443645025003,106034647
2017-01-20,2.94254732131958,2.9434089125583998,2.9106661857065137,2.9123895736184022,206369367
2017-01-23,2.94342303276062,2.965316860021162,2.9399200454545737,2.942547129336357,142179834
2017-01-24,2.9451746940612793,2.950429279904217,2.9364171205887244,2.9434233046449814,84296275
2017-01-25,2.953932046890259,2.955683644972743,2.9337896085282167,2.943423084786371,67023992
2017-01-26,2.966193199157715,2.9749507731077562,2.953932428590031,2.953932428590031,66176291
2017-02-03,2.9486777782440186,2.96794431387203,2.9399202051048277,2.9661929245224,112045005
2017-02-06,2.9478018283843994,2.9565594013857774,2.9390442553830214,2.949553426503479,101168895
2017-02-07,2.94254732131958,2.9521807980359855,2.933789748084585,2.94517461416978,91957105
2017-02-08,2.9626898765563965,2.967944462462385,2.9267838875271823,2.941671741729467,95170122
2017-02-09,2.973198890686035,2.984583756612877,2.9583110372733215,2.9591867319455365,98341142
2017-02-10,2.9889626502990723,2.995092930604202,2.97057160058667,2.975826186218785,106142794
2017-02-13,3.0047261714935303,3.009105062413421,2.9880867200731633,2.9880867200731633,122506447
2017-02-14,3.0082290172576904,3.0091049206786185,2.999471444627419,3.0047260299649823,77496950
2017-02-15,2.9977200031280518,3.0178624407062844,2.9915895144764173,3.0073532702143377,124532123
2017-02-16,3.0108563899993896,3.0108563899993896,2.9915896461815983,2.9977201351031284,90500759
2017-02-17,2.9933414459228516,3.0257444468197683,2.9924657512166437,3.010856592829132,125371532
2017-02-20,3.0423836708068848,3.0520169382436295,2.9924655267481084,2.9933412213886292,138284417
2017-02-21,3.0423836708068848,3.053768536321676,3.038880683447796,3.0423836708068848,111851589
2017-02-22,3.0520172119140625,3.0546445048682163,3.0388809559403183,3.0450112365676687,95185292
2017-02-23,3.0388805866241455,3.0546441336362946,3.0309987087195718,3.0493897571635773,102858894
2017-02-24,3.0362534523010254,3.0397564397311507,3.0248685865553613,3.0397564397311507,89741197
2017-02-27,3.012608051300049,3.037129172312632,3.0056018675843026,3.037129172312632,73568162
2017-02-28,3.016986846923828,3.027496018494296,3.0082292735474447,3.0091051770429966,95073307
2017-03-01,3.0204896926879883,3.0406321313875844,3.0134837178346547,3.0187383033731594,135589767
2017-03-02,3.0099809169769287,3.0677809438891086,3.0012233434689324,3.025744465772513,95548529
2017-03-03,2.99859619140625,3.002099179214609,2.98370833662295,3.0012234844617773,77837516
2017-03-06,3.013483762741089,3.0161110555494925,2.9933413237413333,2.998595909358141,99993926
2017-03-07,3.0178627967834473,3.0187384914954336,3.007353625051525,3.0117323074084776,76185403
2017-03-08,3.0213654041290283,3.022241098730791,3.011731928321658,3.0161108189244623,110172149
2017-03-09,2.9942171573638916,3.01611119551762,2.988962780300257,3.01611119551762,80900120
2017-03-10,2.996844530105591,3.0047264091064845,2.9915899441049953,2.9915899441049953,82574306
2017-03-13,3.029247999191284,3.0309993888094975,2.983708528365018,2.991590199241067,123668119
2017-03-14,3.0222413539886475,3.030123232461199,3.0187383664887406,3.026620244961292,68053403
2017-03-15,3.027496099472046,3.0301233924349362,3.0143596346575947,3.016986927620485,57608618
2017-03-16,3.045886754989624,3.059023219000049,3.0345018891129265,3.0345018891129265,93477588
2017-03-17,3.0117321014404297,3.05026558929088,3.009105017484134,3.0458866984363713,103774287
2017-03-20,3.013483762741089,3.0196140430283602,3.0012232021665453,3.012608068070625,88935003
2017-03-21,3.034501791000366,3.034501791000366,3.0099806707030807,3.013483658060264,107707450
2017-03-22,3.018738269805908,3.0292474407660603,3.0020988187180033,3.022241257193623,62825891
2017-03-23,3.027496099472046,3.0362536730826717,3.0056020610469685,3.02136581882431,85383956
2017-03-24,3.056396007537842,3.0651535808455197,3.0266203000511402,3.0283716894344654,128355180
2017-03-27,3.0423836708068848,3.0642777071959473,3.038880683447796,3.0555201343997234,86785604
2017-03-28,3.0380051136016846,3.0485140761106346,3.0301232351222116,3.04238379578116,66960838
2017-03-29,3.031874418258667,3.045886576114561,3.0213654564644963,3.0380049069681827,79010706
2017-03-30,3.00297474861145,3.0318747622188176,2.993341480341335,3.0257444816108334,119741074
2017-03-31,3.0248687267303467,3.0257444214292057,3.00209899418385,3.002974688882709,88619958
2017-04-05,3.074786901473999,3.0756628049776715,3.0406323023503474,3.042383900560671,135135515
2017-04-06,3.0712835788726807,3.0756624695223835,3.056395726498287,3.0730351768919615,96078334
2017-04-07,3.077414035797119,3.0879232069234304,3.066029170009285,3.073035353692496,75535316
2017-04-10,3.0695321559906006,3.0809168122015906,3.0677805579905275,3.080041117600052,82112908
2017-04-11,3.077414035797119,3.0809170232402194,3.0362534635474168,3.068656462790863,105726827
2017-04-12,3.0660293102264404,3.080917164138233,3.059899029721409,3.075662787131792,98867698
2017-04-13,3.077414035797119,3.0826686213602748,3.059898889784607,3.062526182566185,78443851
2017-04-14,3.0520172119140625,3.078290141455599,3.046762834802779,3.077414237939532,86076343
2017-04-17,3.041508197784424,3.0485141730130882,3.0266203438257473,3.045886880103084,135776283
2017-04-18,3.034501791000366,3.0511412419432413,3.033626096360322,3.0371290837175047,83200637
2017-04-19,3.0108563899993896,3.028371535725743,2.9977201351031284,3.028371535725743,212040104
2017-04-20,3.027496099472046,3.0318747818788463,3.008229354009859,3.0091052575288386,115800896
2017-04-21,3.030123472213745,3.0388810460549456,3.0161113123084182,3.030123472213745,81436561
2017-04-24,2.9977200031280518,3.025744109778247,2.9828319419987945,3.022241122546597,170077938
2017-04-25,3.0073535442352295,3.01698681219927,2.999471665648097,3.0038505566843985,98383598
2017-04-26,3.014359474182129,3.0318746204709273,3.0073534991854154,3.0073534991854154,87626463
2017-04-27,3.016111135482788,3.021365721238854,2.9775778546000042,3.010856549726723,209732693
2017-04-28,3.0047261714935303,3.0134837445363005,2.9915897075308693,3.0134837445363005,71528975
2017-05-02,3.00034761428833,3.0038506018918807,2.989838442680658,3.00034761428833,92082652
2017-05-03,2.985459327697754,3.003850376632028,2.9819563403568936,2.996844193153303,82176804
2017-05-04,2.974074602127075,2.994217041280672,2.971447309298605,2.9828321752896385,104322842
2017-05-05,2.954808235168457,2.9714474789695253,2.944299063254497,2.969696089515216,146520934
2017-05-08,2.9294111728668213,2.954808198815077,2.922404988744704,2.951305002355507,164393876
2017-05-09,2.9320385456085205,2.9390445211242824,2.9153990927623004,2.9250323612957296,140023584
2017-05-10,2.9215288162231445,2.9460501434446478,2.919777427076816,2.9329136808622374,167022419
2017-05-11,2.9364168643951416,2.94342304784013,2.9040138662534543,2.9145230370224353,218188437
2017-05-12,2.9600627422332764,2.964441424549374,2.9311625202401412,2.934665716649444,145119742
2017-05-15,2.972323179244995,2.9819564469760476,2.965316995515766,2.9679442883146003,102439193
2017-05-16,3.0073535442352295,3.008229238923683,2.958311092132542,2.9696959582705063,103313151
2017-05-17,2.987210988998413,3.005601829524971,2.9863352943439128,3.0038504402159703,109791866
2017-05-18,2.974074602127075,2.9889626644207454,2.9688202252671485,2.9767018949555455,97423640
2017-05-19,2.9793295860290527,2.983708477594165,2.9731993048755294,2.9731993048755294,71594455
2017-05-22,2.981956720352173,2.996844575045764,2.9688204639507223,2.9802053308570624,86336579
2017-05-23,2.9950928688049316,3.0073534291622126,2.9784534175789026,2.9810807103407497,151469922
2017-05-24,2.9950928688049316,2.995968563459878,2.9679442465315136,2.9907139779361835,140438333
2017-05-25,3.059022903442383,3.06252589055147,2.986335033541613,2.9924653131817633,248952501
2017-05-26,3.0537686347961426,3.06778079348135,3.0458867563862735,3.0537686347961426,203202998
2017-05-31,3.0555202960968018,3.081793015875817,3.0415081371219235,3.0634019658725946,148033425
2017-06-01,3.062526226043701,3.0642778241886233,3.04763837260141,3.0502656654202864,90718196
2017-06-02,3.0546445846557617,3.06427806200496,3.038005340574202,3.0607748654432356,131541298
2017-06-05,3.034501791000366,3.056395827377518,3.0318744982832277,3.0458866565089644,110178724
2017-06-06,3.0581471920013428,3.0590228865745384,3.0318742668355845,3.0345015593521603,95906865
2017-06-07,3.1001839637756348,3.1019355620066573,3.057271790687305,3.06165068186635,166723728
2017-06-08,3.122077703475952,3.1264563854391887,3.0940533872420257,3.098432278002266,146093932
2017-06-09,3.1413443088531494,3.1492261871206804,3.1203261756034086,3.1212018702563538,151231556
2017-06-12,3.13521409034729,3.1588597256149105,3.1273324207217623,3.13521409034729,124074038
2017-06-13,3.1413443088531494,3.1483504924677352,3.125580761115096,3.1273323592179945,131625386
2017-06-14,3.1098170280456543,3.1395927324413706,3.1045624428471172,3.1395927324413706,142576188
2017-06-15,3.0993082523345947,3.1185749975837846,3.087047691174666,3.1089415205606787,120841927
2017-06-16,3.0940535068511963,3.113320251106455,3.08967482471869,3.099308092447813,102395662
2017-06-19,3.1290836334228516,3.131710926082052,3.095804941067978,3.095804941067978,141314249
2017-06-20,3.119450807571411,3.1378416499909147,3.1124446232232454,3.1317113691844134,129832010
2017-06-21,3.1588597297668457,3.1597354244381637,3.119450546399359,3.1395929854187616,202666097
2017-06-22,3.162362813949585,3.198268802135727,3.150977947686268,3.1527293370824587,190007357
2017-06-23,3.193014144897461,3.194765743051472,3.145723291506312,3.15973545034736,97993376
2017-06-26,3.2324233055114746,3.235050598325228,3.1930141221021873,3.1930141221021873,107394592
2017-06-27,3.2341744899749756,3.239428866133391,3.214032053510595,3.2306712941400506,80665111
2017-06-28,3.212280511856079,3.231547254097678,3.2079018301812097,3.231547254097678,79248790
2017-06-29,3.2315475940704346,3.2359262762059604,3.2122808498018913,3.213156544469594,86837702
2017-06-30,3.2262930870056152,3.235926354975877,3.2105293298211683,3.2210385012774663,82475091
2017-07-03,3.212280511856079,3.2297956561495362,3.1991442580344813,3.2271683636258186,96518891
2017-07-04,3.1860082149505615,3.212280934850348,3.1790022398294258,3.2114052401594604,135215496
2017-07-05,3.2271687984466553,3.2332990788956453,3.1842566265067074,3.1842566265067074,133333806
2017-07-06,3.224541664123535,3.231547848407611,3.20177193059509,3.2271689571304347,161832079
2017-07-07,3.222790479660034,3.2271691624187206,3.206151025823535,3.2201631864860056,82642695
2017-07-10,3.2262930870056152,3.240305246015007,3.218411208413392,3.2219141959664857,95092105
2017-07-11,3.252565860748291,3.2779628863238592,3.2219142493574995,3.2227901528580505,131419688
2017-07-12,3.2332990169525146,3.264826322084051,3.219287066935844,3.247311175766199,117476077
2017-07-13,3.26657772064209,3.2692050133089374,3.2341747228136337,3.2341747228136337,111237938
2017-07-14,3.2884716987609863,3.291974685989504,3.2578200907182095,3.2674533577958833,85576653
2017-07-17,3.2438082695007324,3.2937264168770715,3.2192871475604323,3.2858447469945573,194210589
2017-07-18,3.2455601692199707,3.2499388519173835,3.2157842499300004,3.238553984588256,160845690
2017-07-19,3.312993049621582,3.317371940560911,3.2411808668332793,3.2446838543065355,174118048
2017-07-20,3.328756809234619,3.3296325039044135,3.3051111739770604,3.3103657595898515,97697579
2017-07-21,3.312117099761963,3.331383633778937,3.301607929354889,3.3199987687702723,97761450
2017-07-24,3.328756809234619,3.335762784186999,3.302483881170665,3.3086143702502624,64264258
2017-07-25,3.3033595085144043,3.3296322255852475,3.2972292287442406,3.32788062759506,96998398
2017-07-26,3.284968614578247,3.318247516374703,3.2709564563901083,3.303359663548869,154254047
2017-07-27,3.294602394104004,3.302484064162905,3.2630750874773278,3.285844820529762,146357436
2017-07-28,3.3068628311157227,3.3103658186544136,3.284093098918706,3.2902233793106697,74148654
2017-07-31,3.3191235065460205,3.331384067753442,3.298981066506533,3.3068629453385996,119463626
2017-08-01,3.3453962802886963,3.3488992680039855,3.3173721697693557,3.319123559228487,122451036
2017-08-02,3.3453962802886963,3.3629114276621688,3.340141694317249,3.3471478785448543,118097968
2017-08-03,3.312117099761963,3.3480230839911393,3.305110916558248,3.3401412061858338,107292854
2017-08-04,3.2919750213623047,3.324378021921925,3.2910991178681934,3.3121174609745583,104071614
2017-08-07,3.312117099761963,3.3182473795670906,3.2832170899395052,3.2858443825412738,106249074
2017-08-08,3.312993049621582,3.319999024568094,3.303359781870875,3.3138687442906427,121129512
2017-08-09,3.310365915298462,3.32087508701836,3.2989810488675797,3.310365915298462,96191652
2017-08-10,3.3033595085144043,3.328756530988651,3.278838180636754,3.3042352031110007,138679903
2017-08-11,3.2403054237365723,3.2893478785607737,3.2359265324572726,3.2823416942733004,181664345
2017-08-14,3.280590057373047,3.2867203376640903,3.2411808740197543,3.2411808740197543,148955883
2017-08-15,3.2893478870391846,3.3024841433168857,3.2770873255007893,3.281466007994347,238628000
2017-08-16,3.284092903137207,3.290223183163713,3.265702063057688,3.285844501200639,88139928
2017-08-17,3.3094899654388428,3.3103656600823146,3.2875959289760064,3.2893475270599555,70331808
2017-08-18,3.311241388320923,3.3191232665831527,3.2884718657806062,3.2989808279999044,72499742
2017-08-21,3.325253963470459,3.33313584272046,3.312117706850825,3.3199993773037915,49078814
2017-08-22,3.330508232116699,3.3375144159366523,3.3156203785951934,3.324377951772374,72334729
2017-08-23,3.339265823364258,3.353277982282976,3.3252536644455395,3.330508250139686,56394516
2017-08-24,3.3217508792877197,3.3471479058253584,3.317372196807177,3.3392660268039474,76400150
2017-08-25,3.3795509338378906,3.380426628581327,3.319999306546574,3.3208752100870407,202389591
2017-08-28,3.4180843830108643,3.4399782129025036,3.3821781846170937,3.3821781846170937,229744938
2017-08-29,3.4110779762268066,3.4215871475192907,3.4049476959051956,3.4189598546961695,121835533
2017-08-30,3.4075748920440674,3.425965732487091,3.4058232939460145,3.4102021847926434,83783479
2017-08-31,3.401444435119629,3.416332287389816,3.3821776922303886,3.4075747149487063,116677103
2017-09-01,3.405823230743408,3.4172080961769633,3.393562670675581,3.4014445487750433,90011878
2017-09-04,3.4180843830108643,3.420711467208358,3.3891841600711317,3.4058236127707566,128022660
2017-09-05,3.430344581604004,3.4364748616771044,3.4154567287411877,3.418084021457803,70319888
2017-09-06,3.4198358058929443,3.4312206727147743,3.4075752443300593,3.422463098913138,78784301
2017-09-07,3.4049477577209473,3.4329720758116675,3.4040720630296804,3.4224629043283934,51305517
2017-09-08,3.401444435119629,3.418959580001849,3.3874322774544536,3.4066990203436944,58651566
2017-09-11,3.4066991806030273,3.430344606426662,3.398817302396147,3.405823277159814,76006016
2017-09-12,3.415457010269165,3.4268418767139233,3.40144485089123,3.415457010269165,62323672
2017-09-13,3.4180843830108643,3.422463065470381,3.4023206250437372,3.4172084794813387,59311179
2017-09-14,3.4066991806030273,3.428593008337242,3.398817302396147,3.416332448102321,62545471
2017-09-15,3.411953926086426,3.4163328173848013,3.3953146820248747,3.40494795056546,92683628
2017-09-18,3.4250903129577637,3.44172976543631,3.4066994710374914,3.4093265552000807,110703771
2017-09-19,3.403196096420288,3.4285931211691363,3.3909355357818836,3.4259658283470475,88757581
2017-09-20,3.418959617614746,3.4233382994849735,3.399692874513547,3.401444472539837,69777749
2017-09-21,3.4198358058929443,3.4294690744356355,3.4075752443300593,3.4189601111518892,120840286
2017-09-22,3.4102025032043457,3.414581185662806,3.394438745241023,3.406699515478172,74723487
2017-09-25,3.3961904048919678,3.407575271805595,3.3891842205159497,3.405823673512333,84546032
2017-09-26,3.397942066192627,3.399693455721334,3.3900601869223412,3.391811576451048,60566307
2017-09-27,3.400568723678589,3.410202200065514,3.39268705419457,3.397065736263802,54881178
2017-09-28,3.405823230743408,3.4093262180775015,3.391811072610033,3.400568645343767,49663885
2017-09-29,3.417208433151245,3.4320962873869987,3.4058235665950174,3.4058235665950174,88762589
2017-10-09,3.4531145095825195,3.4898961921191516,3.4513629114058633,3.4785113259634275,165313691
2017-10-10,3.457493305206299,3.4653751840641887,3.4329721827111177,3.450487329863968,141763845
2017-10-11,3.4706296920776367,3.4758842778649672,3.4513629471230978,3.45749322760931,108213609
2017-10-12,3.485517740249634,3.4863934349973325,3.46449960472564,3.469753982008865,110217642
2017-10-13,3.492523193359375,3.4933990967730737,3.477635340890493,3.477635340890493,54857403
2017-10-16,3.4802629947662354,3.5056598116625293,3.479387300058645,3.492523555860587,105285388
2017-10-17,3.478511333465576,3.4872691155707294,3.470629663646166,3.4802629316460103,73448262
2017-10-18,3.4995298385620117,3.503908521020418,3.4776357998789,3.4776357998789,95552332
2017-10-19,3.489896059036255,3.5012809247578316,3.485517376957115,3.5012809247578316,95638856
2017-10-20,3.488144636154175,3.4916476235431766,3.479387063283167,3.4872689415061764,51650766
2017-10-23,3.4986538887023926,3.5012811816614557,3.482014645024359,3.4916479133429075,88406936
2017-10-24,3.521423578262329,3.522299272972178,3.489020577230687,3.490772175447406,93931730
2017-10-25,3.532808542251587,3.537187433515815,3.5126663105866243,3.516169089522763,64082799
2017-10-26,3.5582056045532227,3.570466165421862,3.5266780900961194,3.5336840652219084,140318002
2017-10-27,3.5757203102111816,3.5765960047946614,3.5520748860812974,3.5538262752482566,69986193
2017-10-30,3.559957265853882,3.5818513051890704,3.519672383810999,3.5783481085615763,155769168
2017-10-31,3.5573296546936035,3.561708545944923,3.5398145072823803,3.548572289785019,67683593
2017-11-01,3.5450689792633057,3.5800992729592522,3.541566200450135,3.55645384559419,129829402
2017-11-02,3.551198959350586,3.5520750715738005,3.530181035467549,3.545068679352116,98210650
2017-11-03,3.5415658950805664,3.5555778443131563,3.5187961643821044,3.547696175069075,112590577
2017-11-06,3.5730934143066406,3.574844803770363,3.5301814492870704,3.536311730004152,60852136
2017-11-07,3.608123540878296,3.61688132297659,3.5704661636001216,3.5722175529821665,103209215
2017-11-08,3.6002418994903564,3.6387753893578245,3.593235924312827,3.6046207905740766,99446750
2017-11-09,3.6273906230926514,3.628266317814728,3.5923603286452885,3.596738802255672,121757350
2017-11-10,3.6597933769226074,3.6650479627933272,3.613378216392953,3.620384191689231,126033530
2017-11-13,3.667675495147705,3.6781842493828387,3.658042018038613,3.660669102198884,88966535
2017-11-14,3.639651298522949,3.6720540922261278,3.6361481019307393,3.669427007977517,132724100
2017-11-15,3.6133782863616943,3.642278300413245,3.6072480056594896,3.6335209355218328,255412300
2017-11-16,3.6475327014923096,3.6510358978277293,3.6089992121788197,3.6125024085142394,193305451
2017-11-17,3.6519112586975098,3.656290149318009,3.6273901393731047,3.6414020882459095,188891042
2017-11-20,3.680811643600464,3.6816873382949704,3.6116267516060065,3.6414024591894125,140347463
2017-11-21,3.7534992694854736,3.7552510764475735,3.6694267335017408,3.675557013884012,172888221
2017-11-22,3.7526237964630127,3.7876540914577577,3.721972392741125,3.7543756035285893,154947659
2017-11-23,3.6335206031799316,3.74736884191942,3.6247628214955014,3.74736884191942,299273363
2017-11-24,3.637024164199829,3.653663618904627,3.6046213672223635,3.6247636012792634,216014969
2017-11-27,3.578347682952881,3.6317688152053402,3.5757205989902756,3.625638535031911,273105200
2017-11-28,3.594987392425537,3.5993662836051388,3.564335989356421,3.5739690488386877,104832040
2017-11-29,3.591484308242798,3.608123761170241,3.547696647860001,3.5984907013868184,119168219
2017-11-30,3.550323486328125,3.5958629506415623,3.541566121895404,3.58798128089271,117615115
2017-12-01,3.552950382232666,3.5774714995765273,3.538062322363059,3.5494471865004176,84713268
2017-12-04,3.567838668823242,3.5827267313814803,3.5345597649359117,3.54944782749415,77888620
2017-12-05,3.589733123779297,3.5958634049348968,3.5582060232067936,3.559081718001296,81856493
2017-12-06,3.562584400177002,3.5818513555077867,3.5258027142448953,3.5818513555077867,90833542
2017-12-07,3.52229905128479,3.569590320986583,3.510038490930479,3.558205455287006,89747869
2017-12-08,3.5564539432525635,3.5660874204413933,3.5179208696853483,3.5222993433220418,94170770
2017-12-11,3.615129232406616,3.6168810392452726,3.555577822148335,3.555577822148335,92127790
2017-12-12,3.5582056045532227,3.6116267390791625,3.5564537975762494,3.6116267390791625,109485456
2017-12-13,3.5836024284362793,3.5914840982699325,3.552075331507631,3.5582056119547025,115979105
2017-12-14,3.5722172260284424,3.5941112616762516,3.558205277066483,3.5844777857686565,155910158
2017-12-15,3.5249264240264893,3.564335605207454,3.5214232279415585,3.5625837983679878,92548743
2017-12-18,3.5258021354675293,3.5529507568717396,3.5144172701297,3.527553524721348,102803098
2017-12-19,3.5722172260284424,3.5739686152501884,3.5293052669376945,3.5293052669376945,105296944
2017-12-20,3.564336061477661,3.5800994018927086,3.556453973676082,3.5695906474806955,93004698
2017-12-21,3.608123540878296,3.62038410174068,3.5555781010706355,3.5573294904526804,241553329
2017-12-22,3.591484308242798,3.610751262997764,3.5879815292648476,3.606372371681266,129764867
2017-12-25,3.5748445987701416,3.6221358699251978,3.56608723435967,3.594111552142434,170234108
2017-12-26,3.5853538513183594,3.594111633521157,3.5599570345995173,3.577472181411073,208995198
2017-12-27,3.5258021354675293,3.5888567421390474,3.522298939365888,3.586229240664315,208485856
2017-12-28,3.5582056045532227,3.5713418601133315,3.521423504353269,3.5301812864560316,193950965
2017-12-29,3.5695903301239014,3.5757206103167487,3.5503233772943643,3.5608325483661085,108315943
2018-01-02,3.622135877609253,3.623887266976257,3.5765964133149075,3.578347802681911,168876561
2018-01-03,3.6414027214050293,3.6659238449931135,3.618632987332075,3.622136183956401,126793328
2018-01-04,3.6527867317199707,3.6606684002835617,3.6343958933422793,3.6414018673536903,92220709
2018-01-05,3.666799545288086,3.6755573280650937,3.6475330078103627,3.65979356962292,127131673
2018-01-08,3.681687593460083,3.6904453762001936,3.6545389680786187,3.6659238350843233,105696705
2018-01-09,3.71146297454834,3.7140904761753983,3.6755569871994225,3.681687267537188,107946072
2018-01-10,3.727226734161377,3.7307299304685873,3.696575332450898,3.7079601984567945,144965698
2018-01-11,3.7219719886779785,3.7272265741161497,3.7062082323634646,3.7210962940372854,98475059
2018-01-12,3.7421140670776367,3.745617263092951,3.7175929477524177,3.721971838373062,103574919
2018-01-15,3.7351086139678955,3.774517799866236,3.7316058350576755,3.7421145893823877,157364726
2018-01-16,3.772766351699829,3.7753934358416115,3.7307300822729865,3.7351085558426242,123183954
2018-01-17,3.761381149291992,3.789405465604978,3.749120589203937,3.7736417093800467,158939722
2018-01-18,3.785902261734009,3.797287127163089,3.7640082255097767,3.7666357270055686,125086310
2018-01-19,3.7964112758636475,3.8226837841733388,3.7850264109043836,3.7876534946977567,218506460
2018-01-22,3.844578266143799,3.8472057678364164,3.785026850635631,3.785026850635631,139873365
2018-01-23,3.8835201263427734,3.884405094128005,3.8498888184073023,3.8525441437791086,158466266
2018-01-24,3.8861749172210693,3.89414047108983,3.855198935553941,3.8835200139422152,161345725
2018-01-25,3.861393928527832,3.885289744843448,3.8419233727933495,3.883519809417425,154871983
2018-01-26,3.8808648586273193,3.906530610053822,3.845463196429002,3.8498884569558007,98413154
2018-01-29,3.8074069023132324,3.894140063928697,3.797671413943153,3.8897148035772013,214053187
2018-01-30,3.768465518951416,3.8144872155771146,3.7658106158458127,3.7985565308952793,161687140
2018-01-31,3.779970645904541,3.793246004420915,3.7525345392234675,3.757844767033225,166736854
2018-02-01,3.753420114517212,3.7950165494043198,3.7312942345515427,3.7790858651871106,439073590
2018-02-02,3.7764313220977783,3.7817411286602103,3.7065138048325696,3.725984361609784,212796141
2018-02-05,3.77289080619812,3.777316066754872,3.72598414153834,3.742799794041139,230839513
2018-02-06,3.666687250137329,3.728639212658846,3.6604920538851777,3.717133787902551,313173133
2018-02-07,3.579953908920288,3.7250991630357855,3.574643680670788,3.717133609653499,339517812
2018-02-08,3.550748109817505,3.603849973964346,3.523311998969334,3.575528895349477,312348562
2018-02-09,3.387016773223877,3.470209855838821,3.3312597992514084,3.456049317669807,416837179
2018-02-12,3.4356937408447266,3.4560494758302243,3.3843618140089347,3.394982270873731,193558868
2018-02-13,3.477290153503418,3.523311851575299,3.4666699077231673,3.4666699077231673,162462468
2018-02-14,3.508265972137451,3.5144611676026116,3.4755198485324517,3.4879102394627726,93035624
2018-02-22,3.580838680267334,3.5870338758826863,3.5418971492450853,3.5542875404757894,189064057
2018-02-23,3.600309371948242,3.6091598928879933,3.569333392691245,3.5879189802454436,157657247
2018-02-26,3.646331310272217,3.6578367350487166,3.584379347641904,3.62686075373356,202772259
2018-02-27,3.594114065170288,3.65429650846139,3.5888038371735425,3.6534111187818876,211823291
2018-02-28,3.557828187942505,3.588804169108502,3.5357023062456103,3.564908351921005,239224566
2018-03-01,3.58349347114563,3.5994241545222394,3.5339319077731153,3.5401271031946795,118636949
2018-03-02,3.5595977306365967,3.578183739301348,3.5472073395374597,3.5578277953413044,90614682
2018-03-05,3.551632881164551,3.5834938290841754,3.5312771465998773,3.562253337809785,96012470
2018-03-06,3.6047346591949463,3.6056196268922815,3.5374722610126406,3.577298550497195,133593823
2018-03-07,3.575528621673584,3.6224352858471316,3.567563490366856,3.602079762722795,139728541
2018-03-08,3.6118147373199463,3.6135850946887933,3.5675633993878404,3.5772984658442315,93207522
2018-03-09,3.638366222381592,3.6436764509590915,3.60561988315636,3.618010275831826,111687110
2018-03-12,3.648986339569092,3.671111797561848,3.6436761114863336,3.656066503007416,294989163
2018-03-13,3.6100447177886963,3.65252611937744,3.6082747824771797,3.6463309237710826,143512766
2018-03-14,3.597654342651367,3.6153549618937726,3.5941140499964654,3.6020796029659814,120903364
2018-03-15,3.6242055892944336,3.6268609146770463,3.586149442277926,3.593229606604705,100079431
2018-03-16,3.584379196166992,3.6330557964646197,3.583493806438752,3.6197804367500077,88323264
2018-03-19,3.6038496494293213,3.606504552490337,3.565793084775644,3.5834937045639426,80902013
2018-03-20,3.6020796298980713,3.6126996639100777,3.570218261813889,3.5923441415363397,75493600
2018-03-21,3.58349347114563,3.641020587214468,3.5755283404653433,3.6162398055282106,129100272
2018-03-22,3.551632881164551,3.60119444948754,3.542782359954829,3.589689447140628,98444017
2018-03-23,3.4463140964508057,3.471980059114591,3.3852468932885733,3.45162432472718,278976065
2018-03-26,3.4303832054138184,3.439233515006418,3.3870166251076697,3.4188777818426352,233957550
2018-03-27,3.4613595008850098,3.4781751529302265,3.438348653035351,3.470209810749645,143793379
2018-03-28,3.39144229888916,3.455164620128052,3.388787184586869,3.428613688113189,135099139
2018-03-29,3.4533941745758057,3.46843968031403,3.356925733305513,3.4047173645925826,193453972
2018-03-30,3.4480843544006348,3.464900008512725,3.432153879089431,3.454279761974608,92303130
2018-04-02,3.4365789890289307,3.4834858700043396,3.4339240856041173,3.448969593385032,177505995
2018-04-03,3.4144530296325684,3.432153650357851,3.3958672301653907,3.4153379973664193,140985282
2018-04-04,3.4056026935577393,3.448084098574468,3.4011774329058073,3.4224183464222135,102878409
2018-04-09,3.4100277423858643,3.4294985094352315,3.3879020721556232,3.409142774658906,119199109
2018-04-10,3.476405143737793,3.477290111456769,3.410027711629667,3.413568004521651,159073409
2018-04-11,3.480830430984497,3.5020711334587395,3.4746352348881784,3.4852554806212788,136495500
2018-04-12,3.4445440769195557,3.4852555471941864,3.4436591091769038,3.479945318722183,96730312
2018-04-13,3.4206478595733643,3.4755198623503993,3.414452664083573,3.464899406649031,121246776
2018-04-16,3.3666610717773438,3.425073160410248,3.3551556475915874,3.414452914936652,114159639
2018-04-17,3.3170993328094482,3.3808216504438886,3.3144442186573433,3.3763966008624062,138299800
2018-04-18,3.3241796493530273,3.3586959217180588,3.2834681810775597,3.3463053188891516,212567660
2018-04-19,3.371086359024048,3.379936669159519,3.3312598579104074,3.3321450366295813,171495153
2018-04-20,3.3188693523406982,3.371971211336222,3.31267415655869,3.3604657874530552,163178579
2018-04-23,3.3330302238464355,3.3533859595994056,3.302054030828246,3.3126744880934655,106409975
2018-04-24,3.4029476642608643,3.4117979747774734,3.340110311887308,3.340110311887308,179486723
2018-04-25,3.382591724395752,3.39586708386376,3.3746263821101263,3.3887869202818934,107213904
2018-04-26,3.3153295516967773,3.3932124114315987,3.3100193231453954,3.3870170041162875,127956877
2018-04-27,3.3224093914031982,3.3356849614855992,3.2852380061805024,3.333029847469119,117876195
2018-05-02,3.3330302238464355,3.3533859595994056,3.310904341546578,3.3365703059321583,113098000
2018-05-03,3.3525009155273438,3.3648913080493945,3.30205395567377,3.324179837470044,150087441
2018-05-04,3.3365697860717773,3.3622357464584254,3.331259558266537,3.3507303232164114,111229369
2018-05-07,3.390556812286377,3.3940968938116964,3.3365697777451886,3.3418800055371767,151975283
2018-05-08,3.4348084926605225,3.443658802322554,3.389671765678542,3.394097026013571,188264393
2018-05-09,3.4250731468200684,3.4348086355589476,3.4100276408694783,3.433923667858335,87267325
2018-05-10,3.4480843544006348,3.4498545009943498,3.4179933393638846,3.4348089934759742,99489112
2018-05-11,3.4277281761169434,3.460474512325782,3.424188094394051,3.4542793165587127,85096764
2018-05-14,3.4578194618225098,3.4657845930933773,3.4348086136888156,3.4348086136888156,180928713
2018-05-15,3.471095085144043,3.471095085144043,3.437463989089955,3.464899888792186,144488809
2018-05-16,3.4427742958068848,3.466670113994333,3.435693920524051,3.4587047709291654,87803478
2018-05-17,3.4135680198669434,3.4489692608816083,3.4126828411359478,3.444544000250755,83591034
2018-05-18,3.4507391452789307,3.455164405844319,3.4020625451078845,3.4179930189256,191679213
2018-05-21,3.4675545692443848,3.4887952699372313,3.4569341133939493,3.4737497648211306,158257390
2018-05-22,3.4533941745758057,3.4675547126259088,3.4321534730046674,3.4675547126259088,84688776
2018-05-23,3.4082577228546143,3.445428898566384,3.4073725441414506,3.444543930861257,110004473
2018-05-24,3.380821704864502,3.416222946118365,3.3772816229407243,3.407372635804899,121639995
2018-05-25,3.372856616973877,3.3976374017693294,3.3640063065457806,3.379936780913136,103168428
2018-05-28,3.394097328186035,3.4073726883569586,3.3640063148577655,3.379936789264483,91613409
2018-05-29,3.3622360229492188,3.3985222309222953,3.3604658765325657,3.389671920855103,126385560
2018-05-30,3.298513650894165,3.333914890570843,3.2976286832046577,3.329489841115275,144032281
2018-05-31,3.3657758235931396,3.368430937492289,3.3117889999958092,3.3170990167860896,170193623
2018-06-01,3.3427653312683105,3.362236098255447,3.3277198249179034,3.350730673809599,121025470
2018-06-04,3.375511646270752,3.379051939380657,3.348960713994783,3.3604661390818413,126079681
2018-06-05,3.40383243560791,3.4073725174086804,3.3657760814815507,3.3719712773849073,104885997
2018-06-06,3.397637367248535,3.4064876775867106,3.390557203381212,3.3994075137193875,83502820
2018-06-07,3.396752119064331,3.4241880155450173,3.390556923439919,3.410027477971493,109814321
2018-06-08,3.3516156673431396,3.389672022878299,3.334800014406942,3.389672022878299,135333285
2018-06-11,3.3604660034179688,3.367546378343887,3.336570186435089,3.337455154172812,76834934
2018-06-12,3.394097328186035,3.4056027528717934,3.3445355474646257,3.3613512006219715,122168366
2018-06-13,3.3595807552337646,3.3870166518853253,3.354270527234617,3.3825916025580534,114881661
2018-06-14,3.3507308959960938,3.3817070894831054,3.3418805851438127,3.349845928213282,137252556
2018-06-15,3.3454201221466064,3.364890887252084,3.3277195033263616,3.3454201221466064,130340300
2018-06-19,3.2303662300109863,3.323294588066647,3.1958499586179663,3.323294588066647,351576108
2018-06-20,3.2303662300109863,3.2454117355137835,3.1905397305562664,3.2188608062133133,249030285
2018-06-21,3.203815460205078,3.2710780754211006,3.1985054425373347,3.2321365391372927,333719959
2018-06-22,3.2179758548736572,3.218861033618496,3.1613339105659692,3.1949650056526466,154260956
2018-06-25,3.1728391647338867,3.2339063664611505,3.1719541970446317,3.2285961383095563,115424451
2018-06-26,3.1418631076812744,3.1604489069995636,3.1038067523259762,3.1427482864160776,202340188
2018-06-27,3.0675208568573,3.150713739898337,3.059555513478457,3.1445185431619245,200894524
2018-06-28,3.0498199462890625,3.0967266122966186,3.044509717871595,3.0533600282313595,162531044
2018-06-29,3.130357503890991,3.1356677319634696,3.0524746511800425,3.0524746511800425,170604955
2018-07-02,3.0471644401550293,3.1285873693954893,3.013533138508745,3.1250470769005,212198117
2018-07-03,3.0356593132019043,3.056015047497768,2.963971653809328,3.0462795586988527,361552434
2018-07-04,3.003798246383667,3.0445097162180814,2.9993729857021667,3.029464209715458,126890878
2018-07-05,2.9790172576904297,3.0330042986864463,2.973707029263537,3.0046832210817147,172621249
2018-07-06,3.004683256149292,3.0365444160744546,2.9471561325332973,2.984327520947328,235437839
2018-07-09,3.0923011302948,3.0949562443135057,3.01795857079513,3.01795857079513,229957247
2018-07-10,3.100266695022583,3.103806776965775,3.070175681993386,3.097611580813178,145734481
2018-07-11,3.0489346981048584,3.062210268846162,3.008223229175578,3.044509648529783,195431757
2018-07-12,3.122392416000366,3.13832288943023,3.0453945298999314,3.047164676284597,208933958
2018-07-13,3.127702474594116,3.1356678169186405,3.11265696865315,3.1232774250858486,132747563
2018-07-16,3.114427328109741,3.1498285706297144,3.102921903189945,3.125047574260903,126517900
2018-07-17,3.094956636428833,3.114427404696845,3.0710608182410324,3.1108873225594036,121537372
2018-07-18,3.080796003341675,3.128587849274427,3.0799110355861945,3.099381803263097,127613656
2018-07-19,3.0825655460357666,3.1170818138348935,3.069289977263792,3.0967260823898703,141953100
2018-07-20,3.1418631076812744,3.1551386786229094,3.0569000866789353,3.0807959033658365,193402166
2018-07-23,3.1622185707092285,3.1701839125897116,3.1153119090930907,3.1241622186242863,173776124
2018-07-24,3.2206308841705322,3.2365615690610383,3.1692991696532133,3.1692991696532133,260280530
2018-07-25,3.2197463512420654,3.2259415480889415,3.2047008430413566,3.2215164979160584,202257308
2018-07-26,3.178149461746216,3.229481175971747,3.1701841193462403,3.2170907840215883,155486234
2018-07-27,3.1701841354370117,3.1896549021775433,3.1595636788498056,3.1737242172967344,87662456
2018-07-30,3.1524834632873535,3.192309963826386,3.1365527786685266,3.1692991156045482,159982013
2018-07-31,3.1639888286590576,3.180804480664071,3.1445180626001985,3.1480581443359825,105773714
2018-08-01,3.093186378479004,3.194080087315548,3.0923014107285227,3.1816896947766184,269610753
2018-08-02,3.0241541862487793,3.0861063629320027,2.989637910222852,3.083451248544773,270606239
2018-08-03,2.9816722869873047,3.035659326445797,2.980787319277374,3.023268723466578,167573565
2018-08-06,2.9506962299346924,3.009108317424113,2.932110431455674,2.981672209053002,222204999
2018-08-07,3.0330042839050293,3.034774219366672,2.9409608876422495,2.9560063941064247,225098060
2018-08-08,2.9887523651123047,3.028578651211654,2.9763617633626245,3.0276936835895403,197563683
2018-08-09,3.0604400634765625,3.0701755521687226,2.9763620130888286,2.9781321594895944,229221996
2018-08-10,3.0657503604888916,3.081681045429282,3.0409695763701143,3.0560150825862347,137674358
2018-08-13,3.0524752140045166,3.060440557581908,3.002028460030507,3.035659770018559,170754010
2018-08-14,3.0391993522644043,3.054244858096044,3.019728585948617,3.049819808619931,97181092
2018-08-15,2.9666268825531006,3.0391995124556366,2.9604316863551827,3.0374293659670695,151489700
2018-08-16,2.9542362689971924,2.988752540379958,2.9135248018802935,2.9471558945810195,207748996
2018-08-17,2.909099578857422,2.979017090194955,2.901134447672967,2.975477008445416,180110413
2018-08-20,2.9400758743286133,2.942730988487955,2.8940541769107417,2.9161800579025767,204679525
2018-08-21,2.9905223846435547,3.0055678896836304,2.9391906739778864,2.9391906739778864,232249206
2018-08-22,2.9852123260498047,2.995832782448908,2.970166820156432,2.995832782448908,116553337
2018-08-23,2.994062662124634,3.0117634932799913,2.9604315682479383,2.98698249846892,245065534
2018-08-24,2.998487710952759,3.023268493006109,2.9639714408001447,2.988752433861517,203133054
2018-08-27,3.073715925216675,3.0746008929968967,3.004683374166048,3.004683374166048,224129105
2018-08-28,3.0648651123046875,3.08345069869299,3.0560148029281597,3.074600389316462,143206281
2018-08-29,3.0533599853515625,3.0648654097584846,3.045394642837223,3.0613253278659025,132357316
2018-08-30,3.023268699645996,3.0692903963283897,3.017958682420212,3.0533599226349653,162923699
2018-08-31,3.000258207321167,3.0303492207564573,2.9843275218497456,3.0108784532940684,149124071
2018-09-03,2.994062662124634,3.004683118616241,2.965741796493742,2.9967177762475354,140562775
2018-09-04,3.0294642448425293,3.0427396050248743,2.9825573673085137,2.993177824260826,174997837
2018-09-05,2.9675116539001465,3.023268626999393,2.9666266862184534,3.017958609901204,195263963
2018-09-06,2.941845655441284,2.9896374967943613,2.932995345710422,2.965741681621837,213334039
2018-09-07,2.9613165855407715,2.9949478909886667,2.9321105407078267,2.9506963398793626,185057798
2018-09-10,2.918835163116455,2.9586614533684457,2.915294870242823,2.9498111432004435,160330584
2018-09-11,2.908214569091797,2.9329953519880387,2.89759411298882,2.919719992867346,225378210
2018-09-12,2.8878591060638428,2.912639891281229,2.8843190240339376,2.907329873740395,206182200
2018-09-13,2.918835163116455,2.9338806693012547,2.882548743722019,2.917065016679639,259771423
2018-09-14,2.92326021194458,2.9338806685466667,2.9099848522000107,2.922375244230419,175624021
2018-09-17,2.895824432373047,2.9126398746712154,2.888744057345565,2.907329857160663,115650820
2018-09-18,2.9515810012817383,2.955121082801482,2.8852035760024632,2.8860885436303945,236746841
2018-09-19,2.991408109664917,3.0153039285640832,2.9409611464243874,2.947156343101352,446329246
2018-09-20,2.989637851715088,3.020614044954519,2.9834426552688127,2.9914079982746182,244090449
2018-09-21,3.08345103263855,3.0852211791087747,2.9887527331544375,2.9984880112205676,477366017
2018-09-25,3.0524752140045166,3.060440557581908,3.035659770018559,3.050705278326031,208980617
2018-09-26,3.086106061935425,3.111772024503333,3.0515897892759662,3.053359935697491,301578428
2018-09-27,3.0728306770324707,3.0861062484762622,3.0622104308854876,3.075485791321229,231202883
2018-09-28,3.104691505432129,3.1082317981105265,3.0737155270563523,3.077255608726723,302266815
2018-10-08,2.9568917751312256,3.039199687953623,2.956006596331805,3.036544573571476,429904746
2018-10-09,2.9630868434906006,2.9834425788676797,2.952466386421499,2.9630868434906006,196570044
2018-10-10,2.9613165855407715,2.989637662653942,2.932995508427601,2.965741846155722,263664079
2018-10-11,2.809091091156006,2.89582425564514,2.787850389385944,2.8763534892678964,667556837
2018-10-12,2.8613078594207764,2.8754683969899815,2.797585545863367,2.8126310510906394,500732547
2018-10-15,2.819711685180664,2.8692734657353713,2.8170565709538007,2.866618351508508,292629244
2018-10-16,2.8011257648468018,2.8568827391913714,2.7905055194051913,2.8232516454475522,493884019
2018-10-17,2.810861349105835,2.845377411723941,2.765724618669165,2.836527101384522,643736526
2018-10-18,2.7489089965820312,2.8011258914732244,2.7480240288405673,2.792275581034448,593291440
2018-10-19,2.81882643699646,2.8321020078037575,2.7197028783287704,2.7347483845716813,673105315
2018-10-22,2.9675116539001465,2.982557159529082,2.8321018922316945,2.8763534414368084,934186388
2018-10-23,2.8675029277801514,2.966626475357341,2.8515722445938088,2.964856329111742,859975998
2018-10-24,2.8719284534454346,2.9285706106075198,2.857768125162964,2.8639633215385576,530668997
2018-10-25,2.8860888481140137,2.890514108736574,2.7975857457432105,2.8055510882589947,528384552
2018-10-26,2.8568825721740723,2.907329526352656,2.8347569038748546,2.892283810259239,449965791
2018-10-29,2.7710347175598145,2.855112767358622,2.75244891901008,2.848917571511388,408324867
2018-10-30,2.803781270980835,2.833872287118077,2.7506794033240314,2.7621848290838122,546588034
2018-10-31,2.8365273475646973,2.861308345270623,2.8002411353262353,2.8099764142421018,379812449
2018-11-01,2.8568825721740723,2.9029042660879987,2.8515723442596923,2.8683879956525535,517841018
2018-11-02,2.9763617515563965,2.989637320875531,2.9055592778757213,2.9648563284824854,857183305
2018-11-05,2.9383060932159424,2.9595470091316316,2.9082150770128035,2.9560067158069727,451180900
2018-11-06,2.919719934463501,2.9338804719815377,2.8913988594274276,2.927685276381401,337071814
2018-11-07,2.895824432373047,2.952466377552664,2.8931693181137472,2.922375363957997,392048742
2018-11-08,2.893169403076172,2.931225760566323,2.889629320962495,2.9241453853309145,312186607
2018-11-09,2.8568825721740723,2.879008451481313,2.855112636874628,2.8772383051738455,300641309
2018-11-12,2.8887436389923096,2.893168899119617,2.8453770603815727,2.8498023205088803,347471891
2018-11-13,2.918835163116455,2.935650604730032,2.852457731352419,2.8568827809324007,449938160
2018-11-14,2.8834338188171387,2.9179500930601647,2.876353654822283,2.909984961317964,341269217
2018-11-15,2.921490430831909,2.922375398592815,2.880778959717547,2.8834338630002643,334424552
2018-11-16,2.9303407669067383,2.9595468133506975,2.9011347204627795,2.9259155060476894,415306733
2018-11-19,2.9630868434906006,2.963971811243676,2.923260340489518,2.9294555367771444,365042287
2018-11-20,2.898479461669922,2.9506963555587835,2.8887439726685145,2.943615980738847,382519118
2018-11-21,2.901134490966797,2.908214654571533,2.870158300427998,2.8719282358251648,289117040
2018-11-22,2.893169403076172,2.9090998780917463,2.872813667162461,2.9073299425389343,322232716
2018-11-23,2.817941665649414,2.8905142987678363,2.814401583523454,2.8878591844213526,367248738
2018-11-26,2.822366237640381,2.8498023442389053,2.809090879163949,2.825906530174913,426056068
2018-11-27,2.819711685180664,2.843607502214389,2.810861374760468,2.8329870453069357,279828903
2018-11-28,2.8621931076049805,2.865733189592242,2.8144014732568348,2.820596669486554,251727744
2018-11-29,2.833871841430664,2.8852037653640283,2.8321019060586368,2.87723842316581,203787998
2018-11-30,2.8630781173706055,2.863963296136447,2.8241367929231025,2.8321021357673812,269127077
2018-12-03,2.9374208450317383,2.955121465933364,2.9135250279153486,2.9445010089891706,592549035
2018-12-04,2.941845655441284,2.946270915810729,2.9223751006382046,2.932995345710422,220401803
2018-12-05,2.928570508956909,2.9453861619687354,2.906444627519449,2.909984920475234,269428273
2018-12-06,2.8692734241485596,2.9037894865814224,2.864848163498578,2.9037894865814224,435470972
2018-12-07,2.8630781173706055,2.877238656535529,2.8630781173706055,2.871043460214884,192426645
2018-12-10,2.8365273475646973,2.858653230837557,2.8250219220240997,2.843607723055559,260128623
2018-12-11,2.8480324745178223,2.850687588672526,2.8321020005976387,2.8436074249320087,151831888
2018-12-12,2.8577678203582764,2.872813325809711,2.8471473642711325,2.8630778373938197,209047639
2018-12-13,2.9064443111419678,2.919719880760957,2.858652682529649,2.8630777317306317,417723230
2018-12-14,2.8559980392456055,2.8975944792264112,2.853342924884272,2.896709511441985,300148418
2018-12-17,2.8524577617645264,2.861308072026888,2.8294469128807775,2.850687615308838,350731460
2018-12-18,2.81705641746521,2.8586528530729267,2.805550993445029,2.8382971191147623,327863254
2018-12-19,2.7878506183624268,2.825906975538179,2.7816552109546073,2.8197117791384114,291027768
2018-12-20,2.7674946784973145,2.793160429972475,2.74625376554127,2.7816550057906295,346518081
2018-12-21,2.732978582382202,2.7621846285741554,2.7152779611148397,2.760414482044199,386498126
2018-12-24,2.739173650741577,2.7418287649084307,2.7135076878006865,2.723242965740456,241440710
2018-12-25,2.722357988357544,2.7347483804201858,2.6781064374137946,2.7143926458852574,403131569
2018-12-26,2.7073123455047607,2.7303231930358063,2.7002321821142985,2.714392508895223,216459817
2018-12-27,2.7011172771453857,2.745368827942334,2.695807048848144,2.7409435673586198,235347582
2018-12-28,2.7073123455047607,2.7320931283794074,2.695806921739238,2.70642737783296,389266656
2019-01-02,2.6701407432556152,2.7170474021786886,2.6630605804403635,2.7170474021786886,350934863
2019-01-03,2.6701407432556152,2.7090822717635334,2.6639455480402674,2.669255775655712,268176241
2019-01-04,2.738288402557373,2.7400583378152996,2.6524402123073934,2.655980293831264,479847743
2019-01-07,2.7497940063476562,2.7595292839296315,2.7356334683142167,2.655980468252125,416831608
2019-01-08,2.7497940063476562,2.752448909408896,2.738288582383489,2.7497940063476562,197084842
2019-01-09,2.7701497077941895,2.8135160780661406,2.7595292516413683,2.7604142193180934,439688193
2019-01-10,2.7728047370910645,2.7913905362048537,2.7559892954274035,2.7692646552149274,247692317
2019-01-11,2.7931602001190186,2.801125541822055,2.7692643860179285,2.771034532287943,251368241
2019-01-14,2.7692649364471436,2.792275787490957,2.7630697397827415,2.792275787490957,203912053
2019-01-15,2.821481466293335,2.8232516126837455,2.766609460287013,2.7728046561413993,351830119
2019-01-16,2.821481466293335,2.8241866448600432,2.8079557884465682,2.823284990333398,187728100
2019-01-17,2.806152105331421,2.835908852891586,2.804348581393596,2.8214813063492694,238176691
2019-01-18,2.8548452854156494,2.8629608217888793,2.8142680335230827,2.8142680335230827,388985926
2019-01-21,2.8701744079589844,2.885503609538457,2.852140027867044,2.854844991392743,285184899
2019-01-22,2.8341054916381836,2.86476411042052,2.826891825446324,2.86476411042052,254310704
2019-01-23,2.8268918991088867,2.8512382918742927,2.819678232729055,2.8268918991088867,225512623
2019-01-24,2.8485331535339355,2.855747035002602,2.811562736587407,2.830498772342441,254376976
2019-01-25,2.8701744079589844,2.8882087880509246,2.8512381583717086,2.8512381583717086,272285916
2019-01-28,2.866567373275757,2.911653538701949,2.859353707200157,2.882798444426011,296695511
2019-01-29,2.8791916370391846,2.888208827207404,2.8404176978171636,2.8602553871951835,358790006
2019-01-30,2.860255241394043,2.8882086799813407,2.857550062982796,2.8656655982165367,212926833
2019-01-31,2.8873069286346436,2.899931166732486,2.8656657154461236,2.871076072489946,334294802
2019-02-01,2.93509840965271,2.9369017187603847,2.8873070635240716,2.9026364808599863,351264883
2019-02-11,2.975675344467163,2.980184046732722,2.914358541560207,2.9260806944797957,387253735
2019-02-12,2.997316598892212,3.003628825150883,2.9702650298754096,2.9747737322049237,372881020
2019-02-13,3.059535503387451,3.0748649204770917,2.996415170910514,3.001825528120178,427801646
2019-02-14,3.0631425380706787,3.078471740106245,3.0478133360351123,3.055928656827205,379756065
2019-02-15,3.012646198272705,3.0613389824706547,3.008137495668642,3.048714959158116,447946854
2019-02-18,3.1001129150390625,3.1019164390740386,3.032483881035664,3.032483881035664,471106363
2019-02-19,3.0919973850250244,3.1298696699347057,3.0757665286276024,3.1064249323709396,678230531
2019-02-20,3.1001129150390625,3.1136388078344512,3.079373356077315,3.099211260514961,611614499
2019-02-21,3.096506118774414,3.1451989034432426,3.0820785712833754,3.101014606435303,635292922
2019-02-22,3.179464101791382,3.1812676257038275,3.0748646595649856,3.091997169292805,592121710
2019-02-25,3.4039928913116455,3.408501379260657,3.2101229648080105,3.228157346577634,1151319843
2019-02-26,3.3273463249206543,3.3886631307438613,3.3120171234648526,3.376039107778703,782003578
2019-02-27,3.309312105178833,3.3571032358491704,3.273243343539845,3.3264446164666084,599435862
2019-02-28,3.302999973297119,3.3246411864963052,3.284965378146566,3.3084101153568386,462897908
2019-03-01,3.370628833770752,3.380547893476207,3.2975896576857044,3.327346406828525,652737527
2019-03-04,3.4057960510253906,3.495066301363234,3.381449658203575,3.3994840391817185,660330540
2019-03-05,3.4346511363983154,3.4391596241360896,3.3913684931870756,3.403090862286779,443103496
2019-03-06,3.4580960273742676,3.471621706171926,3.4030910126332365,3.434651288139086,580495917
2019-03-07,3.4202234745025635,3.458095759174967,3.3931719040184958,3.4535870566009033,618420999
2019-03-08,3.301196813583374,3.3904670697413826,3.2921796225064073,3.348987947789977,536077631
2019-03-11,3.345381021499634,3.356201521499576,3.288572697792879,3.3011967219528717,452305971
2019-03-12,3.3679237365722656,3.420223569959864,3.343577343955782,3.37062891519485,530745016
2019-03-13,3.348085880279541,3.3796459376634207,3.3300515003496765,3.3706287476984884,483233618
2019-03-14,3.323739767074585,3.3643170178197694,3.307508694787083,3.3408722789512346,354622924
2019-03-15,3.3679237365722656,3.4066978918337187,3.3327568444522213,3.3327568444522213,387005565
2019-03-18,3.471621513366699,3.4734250374333917,3.3589065263744455,3.368825586261089,571415655
2019-03-19,3.446373224258423,3.4824419831643603,3.431044023222076,3.473424793437876,397086476
2019-03-20,3.446373224258423,3.468014436604633,3.4085009414124845,3.4427663913651814,327893321
2019-03-21,3.448176622390747,3.475228407256593,3.4355525994445304,3.4499801463773925,380012707
2019-03-22,3.4526853561401367,3.4598990221785293,3.4012873944029747,3.447274999117958,302384437
2019-03-25,3.3670220375061035,3.4229287033223224,3.360710025799127,3.3976804415076405,435950896
2019-03-26,3.331855058670044,3.388663381198705,3.3165258560812663,3.379646190559025,320140031
2019-03-27,3.3607101440429688,3.3706289892190937,3.3372654054568716,3.3444792869377844,350739341
2019-03-28,3.3516929149627686,3.3760393078345,3.334560188502372,3.348987736311823,256884436
2019-03-29,3.4887540340423584,3.496869569384266,3.358906328518892,3.358906328518892,634401638
2019-04-01,3.5789263248443604,3.582533157957421,3.51129729028068,3.51129729028068,691035684
2019-04-02,3.5726141929626465,3.5960589312998112,3.5581868601275732,3.5807297289224604,383940043
2019-04-03,3.6204051971435547,3.633029220424626,3.548267675552549,3.5527763781453734,542017944
2019-04-04,3.6627860069274902,3.6718034122050853,3.6131915678213664,3.631225948403007,521370108
2019-04-08,3.639341115951538,3.7222993491291105,3.607781058755787,3.6952479943823326,763948328
2019-04-09,3.660982847213745,3.675410610251778,3.6258157391488472,3.6447517750360463,371223765
2019-04-10,3.6663928031921387,3.70246156187789,3.6213066398481897,3.6447513759912797,385994627
2019-04-11,3.6032726764678955,3.6826240789945017,3.5825331175681447,3.6663930076885545,502104128
2019-04-12,3.590648651123047,3.6050759834042068,3.5644987351365933,3.5915503056439264,282398882
2019-04-15,3.5681052207946777,3.6736063140023774,3.567203566361589,3.646554961115699,722580318
2019-04-16,3.676312208175659,3.6781155172875395,3.5473661472578812,3.5509729804684222,669085202
2019-04-17,3.66729474067688,3.6943465267656026,3.6447516572652034,3.675410491490273,418151517
2019-04-18,3.660982847213745,3.679918883100944,3.6483588232889463,3.667294859176145,356951847
2019-04-19,3.715085744857788,3.715085744857788,3.6330291648133306,3.663687997996399,457838576
2019-04-22,3.622208833694458,3.7150856966273453,3.606879417301935,3.7150856966273453,577508653
2019-04-23,3.6158971786499023,3.6528675965675457,3.6014694153335896,3.611388475740206,353200067
2019-04-24,3.6213066577911377,3.6357344193210372,3.564498556067689,3.62401205119141,463122649
2019-04-25,3.546464443206787,3.615897002727893,3.544660919133297,3.606879597347219,378555556
2019-04-26,3.4977712631225586,3.5509727482052544,3.4905575971733103,3.533840022842332,628809844
2019-05-06,3.3120174407958984,3.4175185520922002,3.282260689534533,3.4066980520796593,1214522745
2019-05-07,3.3426756858825684,3.364316899853627,3.306606924268545,3.3255429596198742,483599688
2019-05-08,3.2993929386138916,3.3516927702923653,3.284965391427183,3.297589629582285,475372780
2019-05-09,3.2525033950805664,3.293080639577767,3.218237946629807,3.2777514392133353,554053021
2019-05-10,3.354398250579834,3.361611917328726,3.2218453504279156,3.2777520201855976,671996480
2019-05-13,3.293081045150757,3.325542973738551,3.2840638547089687,3.3228377951073367,425777021
2019-05-14,3.2768499851226807,3.3156239231163207,3.2669309257611405,3.2732431521670136,290068555
2019-05-15,3.347184181213379,3.372432443392759,3.3020982290931773,3.3020982290931773,357513759
2019-05-16,3.363415241241455,3.3679237289443664,3.3282481342142822,3.3426756818397974,247437408
2019-05-17,3.287670850753784,3.3670222595645196,3.2732435173216405,3.3634154262064837,315390766
2019-05-20,3.2516021728515625,3.285867628122476,3.2245505994735333,3.276850436996466,388224753
2019-05-21,3.292179584503174,3.3228379908135968,3.2497988084293317,3.250700463030582,350382927
2019-05-22,3.2840638160705566,3.303000066266264,3.264225911337312,3.294884530468104,283508032
2019-05-23,3.231764316558838,3.2750467457617285,3.2263539591617807,3.2687347337940897,310608303
2019-05-24,3.2371745109558105,3.266931262130714,3.2218453080758285,3.2335676776287774,299409208
2019-05-27,3.2759482860565186,3.290375833616463,3.2047124177826998,3.2380762155717866,435101077
2019-05-28,3.2912778854370117,3.3165259338252513,3.268734800815979,3.2714399795699745,385067256
2019-05-29,3.293081045150757,3.3273464978216203,3.27504666426718,3.2822605456126777,292852624
2019-05-30,3.2912778854370117,3.294884718780076,3.252503943278795,3.287670837107159,305426373
2019-05-31,3.2750465869903564,3.3138205264738287,3.2723414084229727,3.2840637772193784,276030098
2019-06-03,3.2822604179382324,3.3201324873285167,3.2579138112043458,3.286768905490365,330813060
2019-06-04,3.2525033950805664,3.2867686285445745,3.238977503590332,3.279554963074284,326322903
2019-06-05,3.2452898025512695,3.282260432580175,3.242584624013215,3.2750465514831046,328564451
2019-06-06,3.217336654663086,3.253405416051608,3.21643478513763,3.2452898802431576,366067403
2019-06-10,3.2588157653808594,3.277751800568033,3.2254519676890165,3.228157146285295,335497545
2019-06-11,3.3607101440429688,3.3688256800889524,3.2642260110165844,3.2642260110165844,466796339
2019-06-12,3.3354616165161133,3.356201174773569,3.3282479505947222,3.356201174773569,259724900
2019-06-13,3.3291494846343994,3.346282209311271,3.300294607006085,3.331854663003735,301229173
2019-06-14,3.309312105178833,3.3516928786059665,3.2984913906924254,3.3309533191648706,344513947
2019-06-17,3.3120174407958984,3.3354619649831307,3.3002950712088888,3.3039019045464024,235206148
2019-06-18,3.319230794906616,3.329149639397441,3.2885723919446006,3.316525616411525,265370585
2019-06-19,3.3679237365722656,3.4328475935407403,3.365218772936459,3.40128753458855,628901479
2019-06-20,3.4653093814849854,3.494164475631114,3.3652186364557726,3.367021945473175,660928446
2019-06-21,3.471621513366699,3.4986732994332033,3.456292311253531,3.476130216040042,421955172
2019-06-24,3.477031946182251,3.488754315403694,3.455390731845272,3.476130291622688,307454039
2019-06-25,3.4418647289276123,3.476130180941353,3.399483956162638,3.476130180941353,505703429
2019-06-26,3.4427666664123535,3.453587165956542,3.417518404169024,3.4220271068858525,240208406
2019-06-27,3.4806387424468994,3.49867333835412,3.4445699806060164,3.4445699806060164,473076803
2019-06-28,3.479736804962158,3.4806384594388335,3.452685235781038,3.4806384594388335,386269026
2019-07-01,3.5654006004333496,3.5753194457097126,3.5257250043411124,3.5365455041916585,510266004
2019-07-02,3.5708107948303223,3.5762211520019833,3.5500712356634723,3.5654004376586617,333843577
2019-07-03,3.5410542488098145,3.562695463752991,3.5275283551035868,3.562695463752991,251838500
2019-07-04,3.517609119415283,3.5518743546911953,3.495967906873299,3.534741844546621,386021727
2019-07-05,3.5356435775756836,3.5428572435876755,3.505886829049373,3.516707543054129,236203923
2019-07-08,3.45448899269104,3.519412849098881,3.4265355521613103,3.519412849098881,422531310
2019-07-09,3.446373224258423,3.466211127651393,3.4319456776986956,3.4589972468781487,218346083
2019-07-10,3.447275161743164,3.4698182454034563,3.4355527926376968,3.458095876297989,174479315
2019-07-11,3.448176622390747,3.4914592631893333,3.4355525994445304,3.460800860323731,234524437
2019-07-12,3.4761300086975098,3.4896556859372128,3.443668082340755,3.4454716062998716,246010770
2019-07-15,3.4887540340423584,3.5176091274890764,3.4175181698991737,3.463505988516553,448461100
2019-07-16,3.4743268489837646,3.495066409247488,3.467113182364551,3.4833440397511755,182887400
2019-07-17,3.468916177749634,3.4860489031540314,3.4517836673320033,3.464407690267131,219966800
2019-07-18,3.446373224258423,3.46170242529477,3.4445697003184215,3.4571939379249086,230549411
2019-07-19,3.4824423789978027,3.5013784150797647,3.4553908067435204,3.4553908067435204,319938127
2019-07-22,3.455390453338623,3.4914592126553505,3.4355525497197177,3.4824420228261688,308863238
2019-07-23,3.4635062217712402,3.4671130549482965,3.4463734954467515,3.4589975190598365,167029018
2019-07-24,3.491459369659424,3.516707631308556,3.47342498919009,3.4752285132317327,297445389
2019-07-25,3.523019790649414,3.5239214452146435,3.4860491586468303,3.490557861446543,233629586
2019-07-26,3.5275282859802246,3.5356438220449338,3.504985416893965,3.5076905955822015,285790892
2019-07-29,3.5221176147460938,3.5293314956008195,3.509493591983779,3.5257246626668386,247102162
2019-07-30,3.53834867477417,3.56089154178374,3.524822782579017,3.5257246520498695,239654855
2019-07-31,3.5131006240844727,3.529331695687713,3.504985303269628,3.526626517087173,216422852
2019-08-01,3.4806387424468994,3.505887004727585,3.4671130642499577,3.4977714688173527,312465662
2019-08-02,3.4274373054504395,3.4355526259861215,3.4021890443761817,3.41751824592741,490613929
2019-08-05,3.3679237365722656,3.4184200458825487,3.363415248859143,3.413009903624157,354214662
2019-08-06,3.332756757736206,3.3399704238842185,3.2795552711876046,3.3147223773794026,583702695
2019-08-07,3.311115026473999,3.3462821294493073,3.3075081937298845,3.3408717728397597,278581169
2019-08-08,3.3598082065582275,3.363415039501572,3.3327566370029986,3.3327566370029986,280984950
2019-08-09,3.333658218383789,3.37694064272825,3.3264443376685393,3.371530500925262,210963917
2019-08-12,3.386859893798828,3.388663202839779,3.337265240397563,3.343577252014434,180115577
2019-08-13,3.3580048084259033,3.372432355726681,3.3471840942036275,3.3607099869814725,155348999
2019-08-14,3.370628833770752,3.4030907614708084,3.3697271792472643,3.3985822738665967,193700550
2019-08-15,3.384154796600342,3.3895651538267937,3.3147224521589447,3.3183292853143205,244306152
2019-08-16,3.3985822200775146,3.4220269572113184,3.373333958938508,3.3823511489909883,257412533
2019-08-19,3.479736804962158,3.4806384594388335,3.4085009416225143,3.424732012123243,327943205
2019-08-20,3.4653093814849854,3.485147285583795,3.463506072467583,3.472523262514902,206912094
2019-08-21,3.4644079208374023,3.4734251113893047,3.4589975635089045,3.4635062662782463,242245207
2019-08-22,3.471621513366699,3.476130216040042,3.4535871326468808,3.4734250374333917,264778500
2019-08-23,3.4959678649902344,3.509493542046896,3.465309248020732,3.4743264377207597,285682076
2019-08-26,3.4571940898895264,3.4680145890448775,3.440963018676344,3.447275030263658,267490225
2019-08-27,3.493262767791748,3.5293315274303736,3.468916161547587,3.470719685524225,366176008
2019-08-28,3.4824423789978027,3.5013784150797647,3.4743268428254823,3.4923612243283375,173957985
2019-08-29,3.4725232124328613,3.4887540682892406,3.4517836541244638,3.486950759297846,233928253
2019-08-30,3.4815404415130615,3.5140023685777417,3.4589973589729226,3.4950661190477303,276281765
2019-09-02,3.5203146934509277,3.5374474205075512,3.4788355726753055,3.4797372272614053,301944194
2019-09-03,3.523921489715576,3.5293318471488417,3.5103955961324123,3.525725013855593,231345288
2019-09-04,3.5681052207946777,3.569908744647607,3.523920928772051,3.52482258320514,293760544
2019-09-05,3.6014692783355713,3.650162063982031,3.5807297187108236,3.5807297187108236,527401698
2019-09-06,3.6276190280914307,3.6276190280914307,3.5996660166879635,3.6131916951072904,264029381
2019-09-09,3.6402435302734375,3.658277911729949,3.6222091488169266,3.650162160591698,282845401
2019-09-10,3.630324125289917,3.642948148113493,3.6113880910545526,3.637537791192885,168692850
2019-09-11,3.6041743755340576,3.642948315261784,3.601469196949633,3.6411450061966835,304195543
2019-09-12,3.6411447525024414,3.6501617271732405,3.610486350664093,3.6158967074559807,217205516
2019-09-16,3.628520965576172,3.649260309647062,3.6104865850900962,3.6483586551187903,181849801
2019-09-17,3.562695026397705,3.6240120453607,3.5518743127610706,3.6231103908865676,381079011
2019-09-18,3.578024387359619,3.593353589039022,3.5699090667560807,3.5762210783307307,201031097
2019-09-19,3.5951571464538574,3.5960588009766776,3.567203921365467,3.592451967898623,242177803
2019-09-20,3.600567579269409,3.610486639176082,3.593353697974849,3.601469233811188,232504313
2019-09-23,3.569007396697998,3.591550480713017,3.5491697063510346,3.590648826148187,289892128
2019-09-24,3.571712017059326,3.604173941173471,3.565400006118624,3.5708103626354397,211482034
2019-09-25,3.547366142272949,3.5690073564925644,3.545562618176823,3.565400523287092,234976431
2019-09-26,3.523019790649414,3.569007398277858,3.520314611966943,3.5608918622304446,317094917
2019-09-27,3.531135320663452,3.5374475479539296,3.516707986818918,3.5284303568076982,267734088
2019-09-30,3.4887540340423584,3.533839983186128,3.4842455466213633,3.525724662830984,263288381
2019-10-08,3.5112974643707275,3.5356438578244496,3.493263082924505,3.493263082924505,323423873
2019-10-09,3.5212161540985107,3.523019678158165,3.483343868739973,3.503181773449069,250789659
2019-10-10,3.546464443206787,3.552776454983837,3.5067886334842187,3.519412872025096,236335248
2019-10-11,3.5897469520568848,3.600567666768295,3.5410541658291024,3.553678189667893,306020073
2019-10-14,3.6158971786499023,3.6519659419803214,3.605076248669274,3.6086830820049585,395654617
2019-10-15,3.6041743755340576,3.619503577521283,3.602370851482183,3.6149948748849834,295000513
2019-10-16,3.591550350189209,3.6348329925298306,3.5888451716062466,3.6086828612322708,314366343
2019-10-17,3.59696102142334,3.6086831763239955,3.5861403061466812,3.5951574972149656,193642784
2019-10-18,3.544661045074463,3.6122900829249263,3.535643854360187,3.5987641893601197,308143071
2019-10-21,3.552776336669922,3.555481515196681,3.532036777955946,3.536545265509365,184939266
2019-10-22,3.5663018226623535,3.5744173578064995,3.5437589561331815,3.559989811434715,164134229
2019-10-23,3.547366142272949,3.5717125351433636,3.536545427669752,3.567204047383218,147826200
2019-10-24,3.5518746376037598,3.5654005308865866,3.5284301142248276,3.5482678043905995,202167106
2019-10-25,3.5735161304473877,3.578024618297372,3.5248231287494947,3.546464558387129,250290767
2019-10-28,3.5942554473876953,3.5996658044311136,3.5726140192140226,3.5798279002675035,267434287
2019-10-29,3.582533121109009,3.5969606683996305,3.5789262880330464,3.5969606683996305,209553585
2019-10-30,3.5590884685516357,3.5798280279667116,3.5518745872408224,3.5762211948046936,262846100
2019-10-31,3.5572850704193115,3.5753194518546687,3.5491697492641503,3.5672041306995075,192782765
2019-11-01,3.630324125289917,3.6312257797810967,3.5473658924719627,3.5527762493925708,320651363
2019-11-04,3.6420466899871826,3.6492603562790835,3.6276189274298294,3.6294226664829687,235968262
2019-11-05,3.6627860069274902,3.6979531135577215,3.6357346510418043,3.642046662746701,352935688
2019-11-06,3.6474573612213135,3.666393398107901,3.636636645865095,3.660983040429792,205938945
2019-11-07,3.651965856552124,3.6736068560599957,3.636636439007179,3.6474571537478973,237722500
2019-11-08,3.637537956237793,3.6826241226306995,3.6339313381094316,3.6790170745287893,297216299
2019-11-11,3.577122926712036,3.618602046439269,3.570810914795298,3.618602046439269,347068934
2019-11-12,3.5726141929626465,3.5879436103267777,3.550972978723256,3.5726141929626465,330054660
2019-11-13,3.56990909576416,3.575319237881557,3.554579678973424,3.5681055717338466,202016501
2019-11-14,3.5726141929626465,3.585238431673506,3.563597002447336,3.5699092292961554,238587713
2019-11-15,3.5554816722869873,3.587943601055582,3.5527764936407062,3.5735160532710086,187791494
2019-11-18,3.5807297229766846,3.587041734828243,3.545562615529332,3.5536781514756703,240875274
2019-11-19,3.6167984008789062,3.618601709837784,3.573515761064411,3.5789261179145684,237888988
2019-11-20,3.5798277854919434,3.6158967596293734,3.5699089412215383,3.6158967596293734,216610292
2019-11-21,3.561793327331543,3.5771225281336867,3.550070959367534,3.57081051692026,244840685
2019-11-22,3.523921489715576,3.5942557063744576,3.5112974656958134,3.569909312911548,354707168
2019-11-25,3.5491695404052734,3.5500711949279458,3.519412791289359,3.5302332905217457,252457634
2019-11-26,3.554579734802246,3.567203973239176,3.538348878221587,3.559088437455459,285821518
2019-11-27,3.5491695404052734,3.5654003967472394,3.535643647631325,3.5527763734827356,211239168
2019-11-28,3.5437591075897217,3.5635967965853537,3.532036739098318,3.5491694645837186,169480950
2019-11-29,3.5049853324890137,3.541955748693307,3.487852606205024,3.5365453914471234,302917100
2019-12-02,3.5121989250183105,3.5266264723760177,3.5049852588328436,3.508592091925577,174355701
2019-12-03,3.5266263484954834,3.5284298724718837,3.4896557193800137,3.5040832662309214,198551900
2019-12-04,3.5284299850463867,3.529331639569971,3.505886902062588,3.516707616292695,158939610
2019-12-05,3.554579734802246,3.5608917465273233,3.534742045091082,3.5356436996270144,219206401
2019-12-06,3.577122926712036,3.577122926712036,3.5518746640583028,3.5563833668484195,213071653
2019-12-09,3.5644989013671875,3.5843365916723005,3.5545798412278495,3.576221270632382,232220816
2019-12-10,3.567203998565674,3.5717124862641203,3.5536781054967803,3.5581868081820036,186995451
2019-12-11,3.5736162662506104,3.5763645163693756,3.55712676553802,3.5745322768202756,170498912
2019-12-12,3.560791492462158,3.5763647652791914,3.558959252785537,3.573616514969152,137151900
2019-12-13,3.634993314743042,3.641405825501071,3.5937700000971744,3.5946860106598164,436082930
2019-12-16,3.645986318588257,3.6533148399158715,3.619420046558561,3.6340773076235577,302848303
2019-12-17,3.7027828693389893,3.7266008910396318,3.6404897834232455,3.64415404405186,525630459
2019-12-18,3.6881258487701416,3.716524360232857,3.6844613697099566,3.7036993387515103,363117684
2019-12-19,3.6835455894470215,3.694538590495331,3.6753010570705698,3.6917905586430337,264192000
2019-12-20,3.678964853286743,3.70644735406796,3.6771328321745056,3.6817133217746303,328779836
2019-12-23,3.6313295364379883,3.6936228495772814,3.6294972966595576,3.678049357485111,447144760
2019-12-24,3.650566816329956,3.65789555652208,3.6313292828439705,3.6322452934643183,312792100
2019-12-25,3.656979560852051,3.6615598323822947,3.639574048535604,3.6505668312540585,310578426
2019-12-26,3.6835455894470215,3.688126079353744,3.6523990443565184,3.6542312840011633,332255940
2019-12-27,3.6798813343048096,3.7266009308307044,3.6789648869207814,3.6872098556402895,436813014
2019-12-30,3.733013391494751,3.744922402312381,3.664307795065092,3.669804295197808,542381449
2019-12-31,3.752251386642456,3.7549994183182918,3.7211044067324623,3.727516917462277,352185905
2020-01-02,3.8008038997650146,3.823705476954349,3.773321395590395,3.7742374062596182,627623614
2020-01-03,3.7925589084625244,3.8127128903487755,3.786146396994967,3.8072163895452142,469673776
2020-01-06,3.7769851684570312,3.820956730090272,3.7504186799219146,3.7797331999505763,666504783
2020-01-07,3.806300163269043,3.8108802163295827,3.7815656926443397,3.787062193136545,464959514
2020-01-08,3.76874041557312,3.76874041557312,3.76874041557312,3.76874041557312,562852067
2020-01-09,3.8090484142303467,3.815460925703556,3.7870624109967252,3.7907268904755234,394431722
2020-01-10,3.8081319332122803,3.8255374441524954,3.7962229224015815,3.8154604544451263,379555000
2020-01-13,3.849355697631836,3.852103729452352,3.849355697631836,3.849355697631836,373639185
2020-01-14,3.8328664302825928,3.8328664302825928,3.8328664302825928,3.8328664302825928,409962842
2020-01-15,3.80355167388916,3.838362697876938,3.797139162819786,3.8328661974146807,319607409
2020-01-16,3.7980549335479736,3.8136284233440323,3.78797838068655,3.8099639443274516,416297801
2020-01-17,3.802635908126831,3.8246219113914988,3.7898108851623027,3.8035519187929285,321627384
2020-01-20,3.83011794090271,3.83194996200947,3.7943909084037113,3.807215929790091,353488249
2020-01-21,3.760495662689209,3.813628202850247,3.7559151733881966,3.813628202850247,618294600
2020-01-22,3.7733209133148193,3.7861459346839226,3.6954543377285263,3.7458388494723214,907393261
2020-01-23,3.6606438159942627,3.746755148407034,3.6240007701708814,3.7385101791640576,753583400
2020-02-03,3.3519256114959717,3.4224636685715146,3.330855839114018,3.4169671682266967,1471075772
2020-02-04,3.4536099433898926,3.4591064433061836,3.3427645897772096,3.343680818703095,735843705
2020-02-05,3.4875051975250244,3.5314769842773632,3.451778161740584,3.4664354239913635,553287488
2020-02-06,3.5699520111083984,3.5846092722946605,3.478344183296703,3.502162205423158,527965212
2020-02-07,3.5617072582244873,3.5653715189160233,3.521399953798053,3.5452177574979222,346989051
2020-02-10,3.5736162662506104,3.5818610166069056,3.5278124616208073,3.5433857333539636,398519147
2020-02-11,3.6120917797088623,3.627665052434532,3.579112994591651,3.5809450158477403,422258801
2020-02-12,3.637741804122925,3.643238304679859,3.6001827476668455,3.608427280092465,290783451
2020-02-13,3.6185038089752197,3.650566360784184,3.607510809263716,3.6368253295545574,325961046
2020-02-14,3.643238067626953,3.6597273498150726,3.6120915243773006,3.6139235455038876,313979347
2020-02-17,3.7229371070861816,3.728433607615286,3.6514830370273836,3.6514830370273836,581140084
2020-02-18,3.7000350952148438,3.7211046498983604,3.675301061237883,3.7165245968060048,709950982
2020-02-19,3.700951099395752,3.7275171545634453,3.690874108970977,3.697286620108681,440377238
2020-02-20,3.7843143939971924,3.7962234063259945,3.700035297027142,3.7146923413612445,605241099
2020-02-21,3.7971389293670654,3.827369461641093,3.7714888866665643,3.77698538679089,444470153
2020-02-24,3.7669084072113037,3.788894407767663,3.7394259065158546,3.7769853969362237,372727289
2020-02-25,3.759580373764038,3.7705733754685387,3.6753012764556483,3.7110283135854822,603830762
2020-02-26,3.728433609008789,3.772405176438499,3.7082796281213533,3.7229371084776304,641793391
2020-02-27,3.729349374771118,3.753167396569143,3.720188395547478,3.740342375111673,475330532
2020-02-28,3.602931022644043,3.6817136154074137,3.594686271752123,3.6734690829252763,560071042
2020-03-02,3.7339301109313965,3.746755133235693,3.616672015315727,3.616672015315727,426683708
2020-03-03,3.7311816215515137,3.791642690261746,3.7146921200433893,3.771489146298188,408776061
2020-03-04,3.7577478885650635,3.759579909683141,3.708279387001181,3.723852876963436,295453297
2020-03-05,3.8475229740142822,3.8548519320022034,3.765992356979266,3.8026353996407716,547831292
2020-03-06,3.775153160095215,3.8191251637830748,3.7714891176675964,3.815460684535901,249987730
2020-03-09,3.655147075653076,3.726600922957227,3.6469023253607546,3.726600922957227,423642354
2020-03-10,3.735762357711792,3.744922901273821,3.6120919618872915,3.6569797610721597,859648156
2020-03-11,3.674384832382202,3.735761908369926,3.6725523744345367,3.735761908369926,703269381
2020-03-12,3.6166720390319824,3.6414060731838265,3.5901057652204607,3.639574051933931,388119218
2020-03-13,3.5626235008239746,3.60018277598527,3.4352888500291328,3.511323192572041,717892899
2020-03-16,3.4133028984069824,3.5589590651091876,3.404142137326525,3.5589590651091876,571080084
2020-03-17,3.3830723762512207,3.47009971600987,3.311618308540162,3.443533443265263,985255849
2020-03-18,3.3262758255004883,3.4471979688169543,3.3216953353883,3.3949816483147868,783304767
2020-03-19,3.294212579727173,3.3409326111995816,3.1989407141365733,3.329023600699537,1248163833
2020-03-20,3.3381845951080322,3.3500936064425235,3.2813877886212115,3.3088700720677813,678689518
2020-03-23,3.2300872802734375,3.2813875831771337,3.2181782696845564,3.242912301396921,807278071
2020-03-24,3.3079540729522705,3.318946855323172,3.239248254892594,3.2878003109909555,832898539
2020-03-25,3.394981622695923,3.4087226561092177,3.3620028367303125,3.383072610585847,1010026400
2020-03-26,3.3739116191864014,3.4096384346750024,3.3620026078869434,3.3739116191864014,355654180
2020-03-27,3.3894851207733154,3.4389531904994204,3.3876528810609536,3.41605139534873,491544293
2020-03-30,3.3583381175994873,3.3757436291964598,3.325359552397544,3.3519256066763443,497134429
2020-03-31,3.361086368560791,3.3949813811765033,3.3528418364632464,3.3922331310073974,374003032
2020-04-01,3.364751100540161,3.4105549094504846,3.3473455876313016,3.3565063494133662,355438884
2020-04-02,3.4105546474456787,3.415134918779952,3.335436319239555,3.3510095912317195,463048932
2020-04-03,3.3867363929748535,3.4114704243511014,3.3739113720256517,3.3986454034019,324717000
2020-04-07,3.46277117729187,3.474680189269062,3.4426174143128256,3.444449654005388,546740521
2020-04-08,3.4490299224853516,3.461854944280123,3.4371209112731282,3.4499459330679003,221917490
2020-04-09,3.459106683731079,3.4700996843277285,3.453610183432754,3.4636869550398357,328543624
2020-04-10,3.4481139183044434,3.4920857052802567,3.4316246346946295,3.4591069196508433,464247186
2020-04-13,3.4288761615753174,3.442617193955742,3.418799389935688,3.435288672474152,246696932
2020-04-14,3.485672950744629,3.488421200889464,3.4398691456803294,3.444449416981874,376124777
2020-04-15,3.4655191898345947,3.4939174834571194,3.463686950267754,3.483840711863921,239200804
2020-04-16,3.4673514366149902,3.478344218809593,3.449945925127988,3.4536101858595223,227317249
2020-04-17,3.49849796295166,3.5223159852021757,3.4902532125396117,3.493917473252821,570480887
2020-04-20,3.513155460357666,3.514071470995097,3.493001697465686,3.5049107093914307,382296046
2020-04-21,3.4765119552612305,3.5039942364462897,3.453609945068803,3.499413747043902,292757173
2020-04-22,3.5076587200164795,3.5085747305913144,3.4554424042847796,3.459106664993891,345671032
2020-04-23,3.501246213912964,3.519567735893092,3.4920854529229,3.510406974903028,201520738
2020-04-24,3.4719316959381104,3.4920854575066134,3.460938913781466,3.4875049678006835,305829499
2020-04-27,3.4875051975250244,3.511323221381318,3.4691836743139963,3.4737641643216457,309460942
2020-04-28,3.509491205215454,3.521400217160939,3.440785383869179,3.4994142145478686,422865548
2020-04-29,3.5278124809265137,3.5406375026110886,3.502162219147593,3.504910469281398,277834908
2020-04-30,3.580029010772705,3.5873575326279936,3.5388054747098034,3.543385964676696,527998051
2020-05-06,3.5891897678375244,3.596518508093491,3.536057220018453,3.540637709979655,383453463
2020-05-07,3.5827770233154297,3.5956020449159998,3.5717840228522166,3.5891895341157145,274638833
2020-05-08,3.6212525367736816,3.638657830734076,3.5974345131954992,3.5992665344493395,370674288
2020-05-11,3.614839792251587,3.656979336107036,3.6047628023667393,3.62674880327203,412309647
2020-05-12,3.6139237880706787,3.6276650394912315,3.5882737432986893,3.615756027730013,586605193
2020-05-13,3.62216854095459,3.6276650415258938,3.59102199559691,3.6029310073648078,278396942
2020-05-14,3.591937780380249,3.609343291625085,3.588273519699696,3.609343291625085,300179639
2020-05-15,3.5745322704315186,3.6093432929338123,3.57361625986349,3.5983502924783997,543570346
2020-05-18,3.5855257511138916,3.607511536559612,3.5653719870495997,3.5736167384954185,302052954
2020-05-19,3.6120917797088623,3.624916802140616,3.602014789161242,3.618504290924739,278121100
2020-05-20,3.5974345207214355,3.6130077934605693,3.5910220095000147,3.6093435325354406,197561343
2020-05-21,3.5736162662506104,3.609343299384787,3.571784026701511,3.602930788577592,236523366
2020-05-22,3.4948337078094482,3.570868045971268,3.493001468245038,3.570868045971268,532861629
2020-05-25,3.4966657161712646,3.5076587166979674,3.478344194233273,3.4920854448916514,250559675
2020-05-26,3.5388052463531494,3.5415534964739854,3.51223919253468,3.51223919253468,475110838
2020-05-27,3.5223159790039062,3.5397214903732346,3.511322978473853,3.538805261389217,231199608
2020-05-28,3.5268964767456055,3.558043240777422,3.4948339204905077,3.524148226436628,284073116
2020-05-29,3.5415537357330322,3.5424699647750555,3.502162439219554,3.5085749504647965,246295720
2020-06-01,3.634993314743042,3.64232205447348,3.568119738655291,3.5736162388506783,350928902
2020-06-02,3.6450703144073486,3.6542310752877913,3.627664803211577,3.6349933245520245,162838185
2020-06-03,3.6441543102264404,3.6826295956616004,3.6423222889832023,3.6624758331175107,365752469
2020-06-04,3.645986318588257,3.6597273506799763,3.63224506808677,3.656063090016169,281384424
2020-06-05,3.667056083679199,3.667972531115143,3.632245277749012,3.6450705184272936,201359632
2020-06-08,3.6844615936279297,3.7073636063019726,3.6753010506500483,3.6826295723962654,285603662
2020-06-09,3.709195613861084,3.7101120612930973,3.6762170477148906,3.6862940380910185,294492489
2020-06-10,3.700951099395752,3.706447599916578,3.6890420877372216,3.7055315892997003,318357157
2020-06-11,3.667056083679199,3.710112077205745,3.6496507899189954,3.6945385862685307,305193298
2020-06-12,3.6762168407440186,3.685377383172395,3.611175285906367,3.629496807582653,309073335
2020-06-15,3.6240007877349854,3.6725526271174744,3.6230845586981135,3.6478188113175762,280526100
2020-06-16,3.680797576904297,3.6817135875265348,3.656063324415844,3.6597275853145765,247695273
2020-06-17,3.6844615936279297,3.685377604243762,3.6606437887478345,3.6826295723962654,279025595
2020-06-18,3.712859869003296,3.714691890117617,3.668888304522867,3.6762168257996835,343002705
2020-06-19,3.760495662689209,3.7788171830737562,3.711027601332882,3.711027601332882,369563643
2020-06-22,3.764160633087158,3.7925587094592723,3.7531676320568614,3.760496153803873,521244200
2020-06-23,3.7815656661987305,3.7861461560467955,3.7430905998419175,3.755915621960855,398167830
2020-06-24,3.814544439315796,3.8172924709674922,3.788894396621851,3.790726417722982,457942198
2020-06-29,3.7815656661987305,3.8108801896789686,3.761412122414622,3.8017196468023937,212654964
2020-06-30,3.827369451522827,3.8401944728391726,3.7980549298770967,3.799886950973853,542468494
2020-07-01,3.913480758666992,3.9171452378674214,3.8319501370382785,3.8356141794191583,574064113
2020-07-02,4.003256320953369,4.007836810716594,3.905236198845918,3.9116487097866135,550437787
2020-07-03,4.082955360412598,4.08936830886328,4.002340741270513,4.017914233414353,586768714
2020-07-06,4.382512092590332,4.396253124647426,4.1296748312782245,4.147080342399659,929317489
2020-07-07,4.338540554046631,4.442973184584697,4.327547553606932,4.416407130871705,1074501897
2020-07-08,4.395337104797363,4.431980148085198,4.312890475809502,4.336708497628548,903486859
2020-07-09,4.4631266593933105,4.4741192217698265,4.360526061596436,4.393504622364955,642434179
2020-07-10,4.38342809677124,4.449385662096635,4.363274553995534,4.431980151000534,564416770
2020-07-13,4.47503662109375,4.513511689645647,4.376100044100963,4.380680534210354,824378259
2020-07-14,4.43564510345459,4.4878616423157105,4.3651070409821315,4.467707660569535,737641416
2020-07-15,4.382512092590332,4.484196690815803,4.365106581468897,4.452134137076071,662402942
2020-07-16,4.173646450042725,4.422819209440987,4.168149950360017,4.388008190390338,1289918063
2020-07-17,4.218534469604492,4.263422045495539,4.159905424636173,4.186471915396602,904292349
2020-07-20,4.330296039581299,4.3422046138161825,4.200212928553081,4.257009515294413,724976202
2020-07-21,4.341289043426514,4.364191057287071,4.315638997576088,4.35045002369857,465350652
2020-07-22,4.389840602874756,4.448469646839765,4.331211995729279,4.334876037964885,705437207
2020-07-23,4.366023063659668,4.387093056121481,4.270751402710175,4.3440374973572835,430577055
2020-07-24,4.171814918518066,4.344037594235235,4.147080882864044,4.329380112887184,648282022
2020-07-27,4.197464466094971,4.2286114464512385,4.156241369449601,4.198380913486245,311101401
2020-07-28,4.229527950286865,4.251513517031197,4.202045445831965,4.227695492110146,374257289
2020-07-29,4.350450038909912,4.35411408157588,4.2130383920856875,4.2185348929042235,488385416
2020-07-30,4.318387508392334,4.357778588214435,4.31380701821175,4.351366076689452,297474433
2020-07-31,4.35136604309082,4.405414603709543,4.279911969375941,4.314722995568253,518524684
2020-08-03,4.420071601867676,4.423736081309527,4.371519542565933,4.388009044824896,434393304
2020-08-04,4.423735618591309,4.452134130041361,4.400833607319316,4.442057140244996,311402501
2020-08-05,4.425568103790283,4.4383931266107846,4.3614429896877756,4.417323571068412,300697444
2020-08-06,4.409078598022461,4.4448056309485615,4.3486175325812955,4.425567661819481,224666976
2020-08-07,4.365106105804443,4.401749145176735,4.305561057619599,4.399917124253966,343055100
2020-08-10,4.379764080047607,4.413658655057872,4.300981492786012,4.335792078361481,240425812
2020-08-11,4.3367085456848145,4.443889208238685,4.329379587490408,4.3834281424618196,248052945
2020-08-12,4.307394504547119,4.342205094171344,4.234108408972519,4.328464060456003,424060538
2020-08-13,4.2936530113220215,4.327548026914966,4.285408478500303,4.319303494093249,197805792
2020-08-14,4.377016067504883,4.378848525645723,4.278079927043571,4.29456942939365,422185608
2020-08-17,4.46770715713501,4.497937689528229,4.38159604954694,4.39716953943052,563474986
2020-08-18,4.461295127868652,4.481449109518705,4.437477103605555,4.47228812934694,349311764
2020-08-19,4.3916730880737305,4.462210706561857,4.3889246195604334,4.4585466643035065,405819093
2020-08-20,4.3449530601501465,4.379764082565161,4.326631538376907,4.3696870927030425,344280792
2020-08-21,4.381596088409424,4.403582089188416,4.345869055553328,4.366939045769785,289329087
2020-08-24,4.409078598022461,4.425567661819481,4.377015607353682,4.401749639868747,415934500
2020-08-25,4.417323112487793,4.461294677138867,4.399917601375599,4.420987591550188,216133255
2020-08-26,4.363274574279785,4.442057161448655,4.348617531614685,4.4145746604271725,334981700
2020-08-27,4.39625358581543,4.398086043949592,4.342205025659015,4.368771518818366,207431486
2020-08-28,4.504350185394287,4.5116791434445,4.3770155455403605,4.390757014269862,554996485
2020-08-31,4.464959621429443,4.551070738582543,4.461295141985227,4.5300011830321365,488697161
2020-09-01,4.496105670928955,4.4979376920388,4.452134106555966,4.457630606705031,240533025
2020-09-02,4.492441177368164,4.511679146237471,4.446637592033388,4.508014667210096,385904700
2020-09-03,4.474120140075684,4.525420667913214,4.453050584641759,4.486945162830172,229830280
2020-09-04,4.423735618591309,4.440225119125487,4.3889245964034425,4.406330107497376,375102467
2020-09-07,4.334876537322998,4.447554148618926,4.314722992246974,4.415491591266257,445746642
2020-09-08,4.356861591339111,4.369686611486054,4.3092255526107595,4.342204113442971,485820300
2020-09-09,4.2551774978637695,4.313806542616582,4.227694996629783,4.305561573836617,515494651
2020-09-10,4.2588419914245605,4.311058088717073,4.245100522351153,4.290904545623431,423536864
2020-09-11,4.291820526123047,4.299149047485786,4.238687981808999,4.241436450332237,279946274
2020-09-14,4.316554546356201,4.327547546778554,4.291820513815675,4.311974056710298,263594672
2020-09-15,4.348617076873779,4.355945597439976,4.300064590676439,4.310141579467141,292860603
2020-09-16,4.322967052459717,4.350449553485892,4.30739399922783,4.346785074409224,188912654
2020-09-17,4.296400547027588,4.337624075822206,4.275330558986554,4.308309556750045,408145361
2020-09-18,4.4072465896606445,4.409079047795771,4.299149469290947,4.300981927426074,873517831
2020-09-21,4.356861591339111,4.442972690508292,4.351365091730495,4.410910140140935,381620413
2020-09-22,4.304646015167236,4.375184078389942,4.2863244913610306,4.328464039797262,578513427
2020-09-23,4.317470550537109,4.332128030018417,4.290904496905319,4.308310008078385,466006228
2020-09-24,4.2469329833984375,4.301897549273297,4.236855993434541,4.291820559309401,344502320
2020-09-25,4.24968147277832,4.274415508244678,4.23319197019422,4.2533459522924275,325369201
2020-09-28,4.2588419914245605,4.288156513900473,4.246016969745012,4.252429480584786,304679600
2020-09-29,4.268918514251709,4.293652546860871,4.2615899928896495,4.278079493568936,315881012
2020-09-30,4.256093502044678,4.300981514522869,4.23227547995083,4.28082753470836,454910191
2020-10-09,4.341289043426514,4.365107067950361,4.323883530365273,4.324799977848144,359609638
2020-10-12,4.476868152618408,4.482364652784418,4.36327454388676,4.365106565002253,360952774
2020-10-13,4.491525650024414,4.5016026408191525,4.452134571135118,4.475036584676119,320043929
2020-10-14,4.469540119171143,4.486029184649362,4.454882638188795,4.479616673225704,278946496
2020-10-15,4.458547115325928,4.4896936617703345,4.450302145771516,4.46495962674626,330528322
2020-10-16,4.4457221031188965,4.481449139754589,4.419155609897198,4.455798657192331,283570693
2020-10-19,4.417323112487793,4.506182689170191,4.400833611936315,4.470455656385089,601869622
2020-10-20,4.44480562210083,4.446637643225845,4.4035820890512705,4.4072461313012985,273913000
2020-10-21,4.450301647186279,4.4557981473335655,4.413658604084059,4.447553615522401,348894700
2020-10-22,4.43564510345459,4.451218595093037,4.389841076016458,4.43564510345459,257148347
2020-10-23,4.384344100952148,4.458546634847465,4.37976404815947,4.42648364438152,776805715
2020-10-26,4.35136604309082,4.375184067662447,4.311058516088164,4.35777855456629,507147375
2020-10-27,4.364191055297852,4.3696875560946635,4.335792540650921,4.33945702012199,299348813
2020-10-28,4.400834083557129,4.413659106420621,4.348617981444279,4.362359014966652,482829143
2020-10-29,4.441141128540039,4.462210681867557,4.353197562533298,4.355946031031385,371024766
2020-10-30,4.357778072357178,4.44022513856958,4.349533540463751,4.431980169856619,384587845
2020-11-02,4.38342809677124,4.40083360786734,4.359610074936527,4.359610074936527,200166029
2020-11-03,4.430148124694824,4.454882157060451,4.397169560480498,4.397169560480498,356112935
2020-11-04,4.464042663574219,4.484196204192203,4.424651155980561,4.438392186546483,344738845
2020-11-05,4.533665180206299,4.537329659613778,4.490609622061386,4.507099124165684,375894391
2020-11-06,4.535497665405273,4.5455742194017645,4.496106149613025,4.542826187444424,354123679
2020-11-09,4.624356746673584,4.64817477056788,4.562063655020611,4.562063655020611,597987950
2020-11-10,4.59962272644043,4.638098231138297,4.573056670546308,4.635349762392949,384784687
2020-11-11,4.556567668914795,4.6060357435677,4.551987178382587,4.58771421825849,394072600
2020-11-12,4.553819179534912,4.574888734956528,4.540077709317779,4.5620637122095316,258032875
2020-11-13,4.507099151611328,4.537329687243509,4.476868615979147,4.5354976659384,432927885
2020-11-16,4.55565071105957,4.557482732163731,4.498853688635298,4.530000668323204,285050760
2020-11-17,4.5474066734313965,4.552902737341128,4.519924169784857,4.550154705386262,298769617
2020-11-18,4.540993690490723,4.563895703884368,4.519924135205879,4.543742159244138,360698687
2020-11-19,4.579469203948975,4.591378215990592,4.5235886231458355,4.5309171451361605,270079501
2020-11-20,4.593210220336914,4.598706721014271,4.567560175055625,4.58038519769627,284503346
2020-11-23,4.6463422775268555,4.67657280964483,4.588629244929121,4.607867213674716,521147087
2020-11-24,4.617027759552002,4.649090312787098,4.608783227811413,4.643593812686864,346142109
2020-11-25,4.560231685638428,4.650923292232735,4.558399227519849,4.630769310665394,425196010
2020-11-26,4.566643714904785,4.571223767668779,4.522671713814213,4.558398746290538,395838615
2020-11-27,4.631685256958008,4.635349299159543,4.559315181643344,4.566643702865943,378780759
2020-11-30,4.608783721923828,4.699475328071547,4.606035253169281,4.643594310531356,535115737
2020-12-01,4.710468292236328,4.717796814157932,4.60420319550457,4.605119206142324,475283650
2020-12-02,4.700390815734863,4.731537358296956,4.679320825966094,4.7132158369769295,292946878
2020-12-03,4.698559284210205,4.715048349342623,4.674741260330524,4.695810815475089,248986842
2020-12-04,4.7086358070373535,4.715048318284292,4.653671237712353,4.69031428392902,330154760
2020-12-07,4.668328762054443,4.710468309280608,4.650923249415422,4.708635851178899,359375330
2020-12-08,4.653670787811279,4.690313830485421,4.646342266640356,4.668328266972651,361251873
2020-12-09,4.598706245422363,4.678404841772375,4.590461713668751,4.66741184155454,568550630
2020-12-10,4.589546203613281,4.6096997483307165,4.573056701488339,4.589546203613281,318844690
2020-12-11,4.53824520111084,4.6124472976800375,4.505266637131039,4.598706265756748,403011950
2020-12-14,4.578552722930908,4.582216765139863,4.532748700762743,4.543741701028665,251887731
2020-12-15,4.592294216156006,4.598706727485352,4.549238658139094,4.578553182853062,284133598
2020-12-16,4.601454734802246,4.607867682916858,4.584049659015399,4.598706702884187,284081500
2020-12-17,4.6664958000183105,4.6701602790064305,4.593209714812106,4.6005382359688225,466230890
2020-12-18,4.63992977142334,4.667411835110457,4.619776228931486,4.662831782375621,460711300
2020-12-21,4.681153297424316,4.691229850246813,4.612447264660661,4.637181296673329,445896144
2020-12-22,4.6106157302856445,4.687566302903581,4.604203218969114,4.6710768008812575,515397033
2020-12-23,4.64817476272583,4.670160765304878,4.614280185039296,4.617028216951892,338687208
2020-12-24,4.64817476272583,4.669244754667346,4.626189196966352,4.64817476272583,383376749
2020-12-25,4.686650276184082,4.689398308101923,4.619776694501342,4.6307692589922755,403356129
2020-12-28,4.699474811553955,4.726956875161438,4.674740779579411,4.682985311297751,447130014
2020-12-29,4.684817314147949,4.719628335613462,4.677488793002453,4.706803314403962,342717900
2020-12-30,4.7434468269348145,4.745278848197826,4.6784052670826854,4.681153735796769,340671518
2020-12-31,4.84329891204834,4.8487954120899,4.750774858698345,4.752607316591879,861799157
2021-01-04,4.886354923248291,4.91566944727911,4.818565332138025,4.836886855054842,506705639
2021-01-05,4.977046489715576,4.988039490746765,4.859788394475646,4.874445874790417,622830794
2021-01-06,5.021934509277344,5.051249035665314,4.962389445804842,4.989871950799688,374945107
2021-01-07,5.129115104675293,5.130031115279193,5.022850011870948,5.0292625229178,470659227
2021-01-08,5.1034650802612305,5.158429648084163,5.055829034117445,5.137359656834617,697564767
2021-01-11,5.045752048492432,5.14835266255464,5.017353972356864,5.108961585480343,635965163
2021-01-12,5.192324161529541,5.195988203606541,5.031094516014679,5.03475855809168,596280782
2021-01-13,5.172170162200928,5.23537969279174,5.139191599541882,5.2069811827106784,552434398
2021-01-14,5.07781457901001,5.1666737154096865,5.073234089565418,5.1666737154096865,696047994
2021-01-15,5.062241554260254,5.108045579271219,5.001780485864732,5.077815045073458,709049177
2021-01-18,5.117003440856934,5.148561160195186,5.026042695360713,5.059457063544372,396768553
2021-01-19,5.047390937805176,5.132782623631253,5.026970898203627,5.121644500682435,417009672
2021-01-20,5.075235843658447,5.100296399202998,5.039965268230506,5.0455343297499775,422385751
2021-01-21,5.162484169006348,5.186616623417193,5.089158702540499,5.089158702540499,511620315
2021-01-22,5.165268421173096,5.169909379476486,5.1105063524342915,5.157843153439357,554309326
2021-01-25,5.226527214050293,5.243234396982858,5.1337102687351095,5.160627027971375,450177153
2021-01-26,5.115147113800049,5.2070359602558876,5.107721403766063,5.204251208346611,392744995
2021-01-27,5.124428749084473,5.134638768763625,5.058528557910756,5.109578213720378,591541591
2021-01-28,4.99819803237915,5.067810638352179,4.97870609552744,5.067810638352179,469951845
2021-01-29,4.963855743408203,5.033468351957774,4.902596506257006,5.018617815563738,622113874
2021-02-01,5.022330284118652,5.025115036339803,4.961999592085292,4.963855798508608,436288063
2021-02-02,5.096584320068359,5.099368629717208,5.022330309145408,5.030684123264312,573156921
2021-02-03,5.091014862060547,5.1281416433401565,5.071523368276674,5.096583923511103,281969488
2021-02-04,5.080804347991943,5.114218713444394,5.026970387598174,5.063169062211945,300084150
2021-02-05,5.088230609893799,5.148561746046439,5.082661547896156,5.0919434654209565,560000491
2021-02-08,5.155058860778809,5.172694149834219,5.088230560047954,5.123501138158774,475013428
2021-02-09,5.283146381378174,5.285002587823827,5.151346429426931,5.17455033775615,418299845
2021-02-10,5.389885902404785,5.414018355127497,5.287787029917455,5.296140401019103,341909857
2021-02-18,5.349974155426025,5.506835091889205,5.335123620149741,5.497553175401924,470765736
2021-02-19,5.37967586517334,5.384316823586592,5.2636545603589715,5.329554753551452,709064650
2021-02-22,5.187545299530029,5.370394476084353,5.18290434066072,5.369466372827731,776075991
2021-02-23,5.173622131347656,5.232097059081314,5.148561574486424,5.1513463266855455,591250364
2021-02-24,5.037181377410889,5.197754743907057,4.985203613104587,5.186616619942407,1011269033
2021-02-25,5.084517955780029,5.12628525490193,5.051103585379109,5.0873022653536895,669305438
2021-02-26,4.9462199211120605,5.030683499527966,4.9387946537162515,5.001910090459816,837070336
2021-03-01,5.028827667236328,5.030683873576765,4.963855576873318,4.994485194421308,558208540
2021-03-02,4.964783668518066,5.059457273039069,4.9258006799424505,5.054816314612594,433859754
2021-03-03,5.062241554260254,5.0659544094979205,4.9341540234738055,4.949933105001199,361154593
2021-03-04,4.9072370529174805,5.012120229831301,4.880319849406839,5.012120229831301,644981648
2021-03-05,4.887745380401611,4.929513121310715,4.806994650689961,4.8283427940243255,593632850
2021-03-08,4.7151055335998535,4.942507174048736,4.705824059798947,4.919303268253403,563722005
2021-03-09,4.6213603019714355,4.729027783890151,4.57216729773422,4.712321043173218,931719068
2021-03-10,4.640851974487305,4.697470248192621,4.625072893658216,4.675194445510897,636535760
2021-03-11,4.760586261749268,4.763370571192369,4.654774536360793,4.663128349862388,620676884
2021-03-12,4.772652626037598,4.781934100369501,4.715105803352399,4.775436935561321,448201493
2021-03-15,4.677978992462158,4.751304453842432,4.634355045418802,4.75037635067349,386572405
2021-03-16,4.708608627319336,4.720674853732356,4.651990350529843,4.67983521604533,323236064
2021-03-17,4.729957103729248,4.753161012430873,4.652918781377841,4.695614628416389,306294597
2021-03-18,4.767083168029785,4.788430867028451,4.739237862177046,4.741094068371855,319610130
2021-03-19,4.638067722320557,4.722530861066199,4.625072950696627,4.707680325761905,492195605
2021-03-22,4.690973281860352,4.7076804665168135,4.631570253694811,4.636211212085965,423486762
2021-03-23,4.649205684661865,4.6946862816404495,4.610222695182649,4.686332467761928,491638773
2021-03-24,4.578664779663086,4.668697424026976,4.55917328574995,4.6297139936145575,755052862
2021-03-25,4.574952125549316,4.595372166096302,4.536897239200722,4.5536044243974825,284908649
2021-03-26,4.671481609344482,4.692829751576938,4.590730883800874,4.59444329630312,556534950
2021-03-29,4.6807637214660645,4.71510575147829,4.6454931457033215,4.681691824630428,639256772
2021-03-30,4.721602916717529,4.737381998271853,4.668697495653937,4.677978969884716,268283890
2021-03-31,4.687260627746582,4.7188183465256195,4.652918157041851,4.717890243412432,230812676
2021-04-01,4.744807243347168,4.7522325112133,4.689117070471952,4.692829925698094,322996435
2021-04-02,4.790287494659424,4.794000349961809,4.742023031245372,4.761514525764037,280334645
2021-04-06,4.764298915863037,4.805138554535215,4.752232689158951,4.800497595975297,234635544
2021-04-07,4.731813430786133,4.770796423281012,4.703040016752561,4.768940216758265,175217273
2021-04-08,4.74202299118042,4.761514485534401,4.6937580855879935,4.71603388945562,140755921
2021-04-09,4.676123142242432,4.729028567590466,4.664056914954952,4.729028567590466,222329800
2021-04-12,4.598155975341797,4.686331965100036,4.582376895052979,4.664984266271056,663938234
2021-04-13,4.591659069061279,4.635283014845954,4.5749518847439115,4.590730965919116,453545245
2021-04-14,4.617647171020508,4.630641498617434,4.58794566111921,4.596299473564441,527184200
2021-04-15,4.591659069061279,4.608366253378647,4.542466061837481,4.603725295081688,493540700
2021-04-16,4.606509685516357,4.6176478085904735,4.56474238786765,4.60279727288242,499764030
2021-04-19,4.723459243774414,4.7308845111703075,4.581448847220602,4.602796988893184,567369226
2021-04-20,4.716034412384033,4.748520682495671,4.698399122417026,4.70675293705657,369851557
2021-04-21,4.727171897888184,4.741094330290628,4.6844760549460265,4.68633226124338,414321361
2021-04-22,4.723459243774414,4.750376004054323,4.70118299900061,4.734596923575192,448399160
2021-04-23,4.770795822143555,4.7800777387601325,4.716033753346947,4.716033753346947,322992630
2021-04-26,4.711393356323242,4.818132744586209,4.706752397898029,4.781005962356816,538061634
2021-04-27,4.723459243774414,4.731812614271528,4.690044876613708,4.7151054306911755,317792609
2021-04-28,4.758729457855225,4.76151420979376,4.692829710653676,4.706752142587961,301245972
2021-04-29,4.801425933837891,4.807923099104855,4.752232921422504,4.75965818992958,380984480
2021-04-30,4.759658336639404,4.800497978566429,4.728100612571969,4.790287957438122,404241300
2021-05-06,4.697470188140869,4.772652293665707,4.673337736937906,4.742022678107033,407574566
2021-05-07,4.640851974487305,4.730884616094408,4.63713911941395,4.708608370826551,338289245
2021-05-10,4.639924049377441,4.664056501814758,4.5990844123482555,4.644565007750653,369199148
2021-05-11,4.664056301116943,4.681691588107365,4.577736514985917,4.610222337028203,397926530
2021-05-12,4.6928300857543945,4.699327250682125,4.637139468393611,4.653846653601846,253971232
2021-05-13,4.641780376434326,4.665912829499376,4.61857602655083,4.655702809329959,472543935
2021-05-14,4.758729457855225,4.760586106676292,4.633426685274405,4.659415342908037,848963043
2021-05-17,4.815349102020264,4.840409661366744,4.749448899530599,4.755017961894952,667255521
2021-05-18,4.81720495223999,4.837624551007848,4.795856807658253,4.825558323875436,283458826
2021-05-19,4.804210186004639,4.8227735766328905,4.782862043359771,4.807922598578602,393359467
2021-05-20,4.81720495223999,4.83205548905549,4.781934374070449,4.800497766382915,270139103
2021-05-21,4.766155242919922,4.851546927275697,4.755017120162884,4.823701620383101,541063511
2021-05-24,4.792144298553467,4.793072401762533,4.729956957684316,4.766155638354928,349612789
2021-05-25,4.944363594055176,4.954573170505066,4.792143624524221,4.792143624524221,1536160149
2021-05-26,4.945291996002197,4.968496344712133,4.934153873214537,4.948076305406042,486861122
2021-05-27,4.962927341461182,5.006551287402141,4.915590540352125,4.937866786188421,530753500
2021-05-28,4.949004650115967,4.987059978595753,4.91930357801393,4.961999422393309,345621858
2021-05-31,4.954574108123779,4.955502653964138,4.910022053820613,4.9462207362501225,328603031
2021-06-01,4.96199893951416,4.965711351872559,4.892385896760763,4.949932714177128,454422825
2021-06-02,4.922087669372559,4.972208779555731,4.897027114280973,4.966639718136919,577607087
2021-06-03,4.884032726287842,4.940651000346062,4.882176520032662,4.919303300653081,443276399
2021-06-04,4.914663314819336,4.967569186834883,4.857116483661467,4.872895567710875,558117757
2021-06-07,4.909093379974365,4.9174467508770965,4.873822804898576,4.914662441438234,265277430
2021-06-08,4.870110034942627,4.956429817419197,4.838551874767739,4.909093019742977,454203706
2021-06-09,4.877536296844482,4.887745875372674,4.855260048080786,4.8571162546156925,259513156
2021-06-10,4.909093379974365,4.941579203025148,4.871038495459714,4.871966598606002,404112579
2021-06-11,4.863613128662109,4.925800912303638,4.859900715814731,4.9128065821654605,337555800
2021-06-15,4.80885124206543,4.872894786129662,4.783790243750999,4.863612869333776,431236597
2021-06-16,4.742950916290283,4.810707313692959,4.728099938349915,4.803282046015846,557301699
2021-06-17,4.75316047668457,4.774508619090711,4.730884673731457,4.733668983130793,342210455
2021-06-18,4.757801532745361,4.784718737089669,4.723459503183518,4.752232471246062,523765660
2021-06-21,4.7513041496276855,4.784718517087083,4.721602637192485,4.741094130250737,449263050
2021-06-22,4.775436878204346,4.781005939771061,4.743879157717058,4.770795919801056,678314191
2021-06-23,4.804210186004639,4.829270741223471,4.767083404748136,4.7819339402162795,586465223
2021-06-24,4.8162760734558105,4.817204176534055,4.78471835586492,4.807922260579381,217509708
2021-06-25,4.891458511352539,4.909093800400761,4.818133045482332,4.819989251933877,619258662
2021-06-28,4.899811267852783,4.910021287226888,4.879391671690701,4.898883164743524,445496481
2021-06-29,4.8496904373168945,4.899811548779557,4.8404089631060305,4.899811548779557,290185647
2021-06-30,4.8784637451171875,4.888673764860759,4.849690334758304,4.850618437901147,371170976
2021-07-01,4.876607418060303,4.9044522820006105,4.846905905294145,4.894242262509893,564373863
2021-07-02,4.7457356452941895,4.846906420068113,4.743879438857329,4.8450497710450735,442235989
2021-07-05,4.752232551574707,4.763370674761578,4.724387686193684,4.745735386813392,257570313
2021-07-06,4.758729457855225,4.76151420979376,4.706752142587961,4.752232293446816,381688734
2021-07-07,4.807922840118408,4.828342880645645,4.7308849643047095,4.738310232411812,349465134
2021-07-08,4.767083168029785,4.822773337149141,4.753160293810355,4.81627617288119,328035047
2021-07-09,4.744807243347168,4.759657779079432,4.692829925698094,4.7522325112133,426231921
2021-07-12,4.807922840118408,4.83484004556263,4.7540893144022975,4.780077974070236,596692894
2021-07-13,4.822773456573486,4.839480640498843,4.796784798858131,4.806994375768516,346440364
2021-07-14,4.769867897033691,4.818132803034632,4.7596578768915965,4.818132803034632,382469318
2021-07-15,4.832983016967773,4.83948062396054,4.755945147205362,4.762442311611998,355286695
2021-07-16,4.785647392272949,4.831127550079591,4.78193453664975,4.826486591197143,370235145
2021-07-19,4.806066513061523,4.815348429901963,4.739238216603285,4.777293101959547,332046158
2021-07-20,4.794000625610352,4.806994956036617,4.762442902777108,4.770796274455083,306679327
2021-07-21,4.830198764801025,4.849690258251692,4.8004972517678555,4.807922519379614,578430257
2021-07-22,4.834839820861816,4.857115624147846,4.824629801072712,4.831126965687739,269684073
2021-07-23,4.786574840545654,4.836695950376261,4.775436717786378,4.835767847244011,268144135
2021-07-26,4.6241455078125,4.7689402393412,4.5693834318563535,4.7680121360754315,915273374
2021-07-27,4.463572025299072,4.640852579680094,4.458002963255871,4.621361083821986,807205216
2021-07-28,4.472853183746338,4.495129430342534,4.394887205831968,4.458002647739646,913347342
2021-07-29,4.553604602813721,4.563814180901072,4.509052107210065,4.547107437635885,640206355
2021-07-30,4.522046089172363,4.533183768538931,4.474709292166549,4.532255665473893,225870235
2021-08-02,4.634355068206787,4.6445650882876635,4.477494124644253,4.507195639127218,375203941
2021-08-03,4.636211395263672,4.658487642352426,4.59908461183986,4.613935590761087,233009764
2021-08-04,4.677051067352295,4.67797917055657,4.6241452014330395,4.626001850427763,248645287
2021-08-05,4.649205684661865,4.6946862816404495,4.623217025009054,4.6445651687139815,209871649
2021-08-06,4.634355068206787,4.645493191461169,4.605581656897328,4.640852233007483,112699204
2021-08-09,4.685404300689697,4.703039588809705,4.596300199498893,4.6130069418558195,229090628
2021-08-10,4.738309860229492,4.741094169581142,4.642708157778064,4.674265876694091,324122381
2021-08-11,4.713249683380127,4.75594552829612,4.710464931219211,4.731813074970291,239129600
2021-08-12,4.6835479736328125,4.716033796918686,4.674266056930478,4.6965423029471625,133971695
2021-08-13,4.658487319946289,4.702111265320819,4.63157011614591,4.67148164898669,202566401
2021-08-16,4.655702590942383,4.681691691737618,4.6417801586998175,4.6529182815283265,186203629
2021-08-17,4.5517473220825195,4.679834843994708,4.543393951609205,4.650133774495757,352300896
2021-08-18,4.600940704345703,4.627857909342682,4.540610014715033,4.551747695397544,384771032
2021-08-19,4.569382667541504,4.6009403862300156,4.548963071351555,4.585161748178824,240311000
2021-08-20,4.485847473144531,4.560101030357925,4.444079736565469,4.559172927280674,418441340
2021-08-23,4.552676200866699,4.5582448198655925,4.492345069183807,4.495129378683254,352961261
2021-08-24,4.600940704345703,4.6204326413589545,4.557316757031879,4.557316757031879,317705413
2021-08-25,4.613935470581055,4.615791676928045,4.583305852924917,4.608366408953924,207656406
2021-08-26,4.535040855407715,4.612078728282194,4.520189877173953,4.611150625127487,194840259
2021-08-27,4.547107219696045,4.588874518443316,4.525759076144799,4.5285438282796475,232236414
2021-08-30,4.530399799346924,4.568454683386131,4.509980202625282,4.55824466373224,215532211
2021-08-31,4.528543949127197,4.545250692037473,4.46449995935056,4.531328258750185,245032607
2021-09-01,4.593515396118164,4.629714075131124,4.492345069584112,4.529471851763637,386518269
2021-09-02,4.5898027420043945,4.611150441470852,4.566598393716322,4.603725173942785,224004834
2021-09-03,4.564742088317871,4.612078444397307,4.556388275267407,4.58980264229702,348367264
2021-09-06,4.6427083015441895,4.655702630759869,4.56102947108014,4.56474232625011,494535866
2021-09-07,4.701182842254639,4.723459086285712,4.627857388669484,4.640851716825573,457495603
2021-09-08,4.681691646575928,4.727171798003121,4.666840668752461,4.704895552560989,236943077
2021-09-09,4.679835319519043,4.6807638652980925,4.642708536286729,4.669625741811165,182545189
2021-09-10,4.725315570831299,4.758729496260473,4.67240970943346,4.67519446139447,389334975
2021-09-13,4.700254917144775,4.742022654991388,4.673337714157076,4.719746410116894,320015733
2021-09-14,4.638996124267578,4.716962103516383,4.619504629455377,4.701183464062482,327711994
2021-09-15,4.5898027420043945,4.63249858352344,4.563813641776965,4.631570037819567,270735874
2021-09-16,4.537825584411621,4.599084824147439,4.5304003159013195,4.589803349156109,429348425
2021-09-17,4.574023723602295,4.579592784970801,4.518333552503372,4.53689694286968,513992694
2021-09-22,4.543394088745117,4.559173169655562,4.503482998784914,4.510908266383773,491629600
2021-09-23,4.570311069488525,4.5990844807268525,4.553604327234413,4.563813904703891,286973255
2021-09-24,4.576808929443359,4.6176481267474125,4.564742702379394,4.574024177189885,464771190
2021-09-27,4.606509685516357,4.63899595158022,4.567526697343103,4.5898029434913346,359893578
2021-09-28,4.598155975341797,4.622288426026977,4.572167318476562,4.599084078431824,263635257
2021-09-29,4.567526817321777,4.593515476786611,4.527615282355502,4.568454920504641,592261073
2021-09-30,4.580521106719971,4.597228291622888,4.567526777101977,4.5693829834513595,312959671
2021-10-08,4.646421432495117,4.654774803890671,4.6139356075277735,4.620432772521242,244624120
2021-10-11,4.645493030548096,4.696542244011891,4.641780175396524,4.6538464014064544,260322371
2021-10-12,4.597228050231934,4.63899578900301,4.560101269676785,4.628785769445196,330606824
2021-10-13,4.649205684661865,4.664056663453589,4.587946448288145,4.589803097253464,253573666
2021-10-14,4.6241455078125,4.666841356141255,4.613935929302847,4.6436370041522395,199808658
2021-10-15,4.646421432495117,4.656631452878927,4.6037255871439635,4.621360875722285,217970095
2021-10-18,4.592586994171143,4.6445647513926485,4.562885481842586,4.643636205700337,251260474
2021-10-19,4.636211395263672,4.6408523538381905,4.582377426523293,4.585162178702473,288469796
2021-10-20,4.6232171058654785,4.661271992820668,4.61393563122122,4.6408523945343605,156696300
2021-10-21,4.643636703491211,4.66591295077214,4.605581816541434,4.622289002002131,224085516
2021-10-22,4.674266338348389,4.707680709385153,4.650134327158959,4.650134327158959,334597340
2021-10-25,4.6900458335876465,4.697471102498619,4.651062839865383,4.66127241864814,265374504
2021-10-26,4.674266338348389,4.7225312458995985,4.662200111460587,4.691901627075652,247909532
2021-10-27,4.613006591796875,4.663128142822648,4.601868911932829,4.663128142822648,278104300
2021-10-28,4.593515396118164,4.6195044977127555,4.572167695528707,4.603725416122688,441341200
2021-10-29,4.6232171058654785,4.624145209071287,4.579593157089264,4.590731280731314,426484699
2021-11-01,4.6083664894104,4.629714190531973,4.584234036133565,4.600940778720477,195002345
2021-11-02,4.56010103225708,4.636210795656671,4.523902356712558,4.605581181164085,429413513
2021-11-03,4.541537761688232,4.581448850586811,4.528543433089341,4.557316399592834,340635107
2021-11-04,4.5851616859436035,4.59537170519306,4.559173028857122,4.560101131955051,284423300
2021-11-05,4.569382667541504,4.610222302507529,4.568454564430978,4.575879831901311,265600790
2021-11-08,4.565670490264893,4.592587252201059,4.549891408814834,4.5665985934232225,312485200
2021-11-09,4.56381368637085,4.596299951326033,4.540609780442179,4.5805208704118465,262840000
2021-11-10,4.540610313415527,4.560101809124853,4.479351073994112,4.560101809124853,489426383
2021-11-11,4.614863395690918,4.6176477051039715,4.529471710817951,4.5313279170933205,352364995
2021-11-12,4.613006591796875,4.632498527377739,4.598156056920731,4.618575653021961,272906704
2021-11-15,4.607438564300537,4.632499121735675,4.587946626218823,4.616720039142426,335915381
2021-11-16,4.603725433349609,4.637139360401754,4.594443516476918,4.609294494955993,351870307
2021-11-17,4.602797508239746,4.616719941501219,4.586090322774275,4.5972284464179225,226981757
2021-11-18,4.561957359313965,4.596299829613361,4.549891133812677,4.591658871516068,360601200
2021-11-19,4.613006591796875,4.618575653021961,4.552675906599676,4.557316422132143,275920589
2021-11-22,4.625073432922363,4.636211556854951,4.610222896069703,4.616720061266015,353647489
2021-11-23,4.627857685089111,4.6408520140775025,4.609294294736247,4.6185757686196105,317267246
2021-11-24,4.638067722320557,4.655702567024602,4.616719579911229,4.627857702682518,178594706
2021-11-25,4.6204328536987305,4.639924349021587,4.613007142787584,4.638996245804239,137259970
2021-11-26,4.581449031829834,4.609294338919113,4.573095660996121,4.608366235780495,204637800
2021-11-29,4.574952125549316,4.5833059394407805,4.548035362665229,4.548035362665229,233856000
2021-11-30,4.558244705200195,4.593515280156195,4.536897005149655,4.577736641550609,183680000
2021-12-01,4.570311069488525,4.574952027930737,4.554532430405624,4.558244843090468,211626158
2021-12-02,4.579593181610107,4.589803202101016,4.550819769145113,4.566598851486865,161035147
2021-12-03,4.6213603019714355,4.622288405057253,4.57216729773422,4.57959256500687,219632143
2021-12-06,4.616720199584961,4.65570319193078,4.61207924070964,4.624145468233755,332899117
2021-12-07,4.6427083015441895,4.649205466152029,4.6204324982828,4.63621113693635,212426758
2021-12-08,4.709536552429199,4.714177510701697,4.630642032141307,4.647349216370613,341191710
2021-12-09,4.787503242492676,4.830199087344029,4.711393469864081,4.713249676244438,633221175
2021-12-10,4.773581027984619,4.780078193199448,4.755017635572796,4.773581027984619,396126046
2021-12-13,4.785647392272949,4.851547592127887,4.779150226872,4.795856970710898,429033771
2021-12-14,4.75687313079834,4.784718436545784,4.747591214687152,4.768011253097318,362687781
2021-12-15,4.71417760848999,4.767083471687172,4.710464753277747,4.752232493424349,203583199
2021-12-16,4.739238262176514,4.740166365352252,4.701183376454311,4.716962015614171,377304328
2021-12-17,4.671481609344482,4.734597047744017,4.6696254030933595,4.731812738367332,622618900
2021-12-20,4.601868629455566,4.658486898751384,4.5916586107386115,4.643635922200713,851825300
2021-12-21,4.6213603019714355,4.633426527259285,4.593514996466353,4.597227851395736,517133515
2021-12-22,4.6241455078125,4.64456555000421,4.613007383450876,4.633427425642587,666046188
2021-12-23,4.659415245056152,4.664984306230137,4.6204322594243825,4.6343546910662825,302305260
2021-12-24,4.638067722320557,4.670553544915034,4.620432435030372,4.664984483529389,260396101
2021-12-27,4.641780376434326,4.657559458279229,4.6130069648753445,4.63806796370811,504491326
2021-12-28,4.665913105010986,4.675195022546926,4.6334272788075745,4.641780650520969,639914174
2021-12-29,4.603725433349609,4.669625626870016,4.6027973301795715,4.664056565263633,403865556
2021-12-30,4.637139797210693,4.656631735962214,4.599084908137512,4.603725867011026,474498019
2021-12-31,4.648277759552002,4.667769255038347,4.635283429227772,4.650134408588451,351416595
2022-01-04,4.631569862365723,4.665912331937994,4.58701781629892,4.664056125772827,486355276
2022-01-05,4.587945938110352,4.633426530031512,4.571239197383423,4.621360304736443,464073106
2022-01-06,4.535968780517578,4.578664622061261,4.508123474038597,4.569382705706224,517272800
2022-01-07,4.547107219696045,4.575880188710455,4.54153815801251,4.54803532287894,478519700
2022-01-10,4.559173107147217,4.569382683985869,4.509980101423297,4.536896862069921,491122307
2022-01-11,4.517405986785889,4.57031141220138,4.514621234477279,4.559173730725512,412218898
2022-01-12,4.565670490264893,4.578664819653811,4.533184224206447,4.533184224206447,511332582
2022-01-13,4.490488052368164,4.577736381661736,4.488631846187275,4.5758797328947285,488272297
2022-01-14,4.449649333953857,4.492345178756516,4.446864581800333,4.478422303161226,410029000
2022-01-17,4.487704277038574,4.502554813424824,4.452433699888516,4.453361803089385,498349057
2022-01-18,4.530399799346924,4.545250334674273,4.4691405665958595,4.484919205057902,624167062
2022-01-19,4.5058913230896,4.561507985254431,4.4832674437368025,4.538884105901634,522439260
2022-01-20,4.541711330413818,4.569048589656385,4.500234822482803,4.501177409095839,541278488
2022-01-21,4.509661674499512,4.53888411044396,4.490808591517632,4.534170727325251,781436980
2022-01-24,4.511547088623047,4.5238016156896474,4.475726543691658,4.487038483982824,460574013
2022-01-25,4.411625385284424,4.503063038403525,4.407855038450407,4.488923338790069,595270865
2022-01-26,4.436133861541748,4.440847243965073,4.383345416777756,4.4257649596019,521842100
2022-01-27,4.359779357910156,4.429535716162472,4.3512956283568105,4.423879746629265,607621674
2022-01-28,4.292850971221924,4.391829768691152,4.28908062434261,4.371091512376068,858391702
2022-02-07,4.360722064971924,4.395600469807451,4.341868982505058,4.359779478272522,484586760
2022-02-08,4.3399834632873535,4.360721717500557,4.256086960824434,4.360721717500557,448141306
2022-02-09,4.3767476081848145,4.386173925147414,4.326786914652029,4.341869201589375,458938095
2022-02-10,4.366377830505371,4.386173498746066,4.341868779495105,4.383345738780076,495383095
2022-02-11,4.3324432373046875,4.390887665810716,4.329615027340605,4.349410699117179,461743608
2022-02-14,4.286252498626709,4.330557221776922,4.2664568286438005,4.317360108454983,329967908
2022-02-15,4.3258442878723145,4.329614634825276,4.285309911677247,4.287195085153728,604314440
2022-02-16,4.345639228820801,4.368262655222103,4.334327290873707,4.345639228820801,449800548
2022-02-17,4.355065822601318,4.377689699942199,4.335270154674506,4.340926124009726,629040692
2022-02-18,4.377689838409424,4.378632425079623,4.331499495626269,4.33621287847019,304105215
2022-02-21,4.361664295196533,4.3710910604059965,4.3409260410257815,4.370148473783631,324195053
2022-02-22,4.305105209350586,4.333385056516943,4.288137301050771,4.326786500426946,315316769
2022-02-23,4.3503522872924805,4.353180496607331,4.308875779613116,4.317359508571872,446903932
2022-02-24,4.270227432250977,4.3380986187652155,4.231578231275843,4.326786679430686,591236542
2022-02-25,4.303220272064209,4.346582407102376,4.291908332577218,4.291908332577218,384466069
2022-02-28,4.3088765144348145,4.310761687970941,4.262686166855914,4.300392334536295,269317076
2022-03-01,4.344696998596191,4.352238141348489,4.310761181971468,4.3249008808186415,326162903
2022-03-02,4.311704158782959,4.326786895145271,4.290965901964363,4.325844308402557,194601292
2022-03-03,4.284367084503174,4.336212948140533,4.274940318663871,4.326786631794166,200689920
2022-03-04,4.236291885375977,4.273998052575696,4.223094771805371,4.246661238678438,405376626
2022-03-07,4.096778869628906,4.203298806980332,4.079810960729857,4.203298806980332,583112990
2022-03-08,4.0194807052612305,4.120344667650262,4.004398420032052,4.097721239806494,691708074
2022-03-09,3.9817745685577393,4.047760578223044,3.836605886685569,4.027021874032079,786748812
2022-03-10,4.038334369659424,4.0779261607154735,4.036449196106796,4.0534171065593885,552846528
2022-03-11,4.064727783203125,4.070383752221098,3.9355844308559123,3.985545115937272,397342208
2022-03-14,3.9327566623687744,4.028907696957677,3.931814075675619,4.006283818350185,433100428
2022-03-15,3.745168685913086,3.925215792113421,3.740455302626812,3.8978789781403793,1044477802
2022-03-16,3.908247709274292,3.9308715884542877,3.7159460847231793,3.8036129423062373,1325138541
2022-03-17,3.9874308109283447,4.047760855353243,3.963864345184905,3.9808322544593353,1147561626
2022-03-18,4.013824939727783,4.030792848591835,3.948781963321656,3.968577632249915,403021732
2022-03-21,4.008169174194336,4.034563850268915,3.9704630077940344,4.018538527276955,372016391
2022-03-22,4.004398345947266,4.036448538586,3.988373024881446,3.9893156115042165,250422476
2022-03-23,4.0279645919799805,4.0402191177675935,3.9968569841724197,4.013824892838253,308244671
2022-03-24,4.0025129318237305,4.0251368099210305,3.971405324186408,4.006283728004257,220641762
2022-03-25,3.92992901802063,4.010054732706667,3.9280433950858504,4.00157055323254,356808307
2022-03-28,3.906362533569336,3.93464193303494,3.8488606984287173,3.8969357674188343,415593846
2022-03-29,3.889394521713257,3.9336992426701567,3.8827959653789503,3.9167317832350466,231033117
2022-03-30,4.005341053009033,4.008168812962375,3.915788578759419,3.915788578759419,500257530
2022-03-31,3.976118803024292,4.000627855057051,3.9685776599741214,3.995914472090842,424278996
2022-04-01,4.024194240570068,4.04304732256799,3.9450111163816284,3.9468962897335413,375247241
2022-04-06,4.012882709503174,4.0241946497507115,3.9855458951491034,3.999685595712038,339893770
2022-04-07,3.9638640880584717,4.023251541920181,3.9610363281093037,3.9940291083141877,278398351
2022-04-08,3.9902586936950684,3.993086903407534,3.935585066840956,3.966692676720313,320271297
2022-04-11,3.865828037261963,3.9648068312781994,3.853573511345801,3.963864244591254,580058497
2022-04-12,3.931814193725586,3.9365275768258194,3.8422621622859148,3.8677138017370414,806475900
2022-04-13,3.901649236679077,3.9468965465192984,3.897878889729952,3.9129611765123724,387260208
2022-04-14,3.9431259632110596,3.9704627749254318,3.914846115322973,3.9365274069526617,573689243
2022-04-15,3.9412407875061035,3.964806802990408,3.912018352954612,3.9214446692497473,532237966
2022-04-18,3.9223875999450684,3.9252158097267116,3.880911085420061,3.9073053127528787,279709272
2022-04-19,3.89693546295166,3.9459535643214085,3.874312035045333,3.9214445136365343,313996240
2022-04-20,3.8309502601623535,3.9007066226557727,3.8252942902852705,3.8950506527786892,390343438
2022-04-21,3.7668495178222656,3.846975005934266,3.747053623909266,3.81963819367948,792508456
2022-04-22,3.776276111602783,3.805498547155971,3.7253726084360745,3.737627134684868,617378397
2022-04-25,3.594343662261963,3.731971437652507,3.5886876924211015,3.718774099775005,1654284344
2022-04-26,3.5660641193389893,3.650902994652243,3.5575801643837193,3.597171729428497,1543759738
2022-04-27,3.665985107421875,3.667870505455609,3.5443826652806996,3.5547517926000927,1372583856
2022-04-28,3.6904945373535156,3.709347620642318,3.647132400839974,3.6499603858079426,1072926129
2022-04-29,3.784759759902954,3.78853055616472,3.669755867834357,3.703691460964965,763121189
2022-05-05,3.770620107650757,3.799842542939018,3.742340483812953,3.751767025092221,736095393
2022-05-06,3.679182529449463,3.7168886930265206,3.6763545447065376,3.6999207845689672,520669718
2022-05-09,3.649017810821533,3.682010594309972,3.6292219159819883,3.655616367519221,318700633
2022-05-10,3.691437005996704,3.707462328551333,3.589630449392782,3.613196690376608,547467162
2022-05-11,3.7432830333709717,3.795129122265694,3.684838388120889,3.684838388120889,629011561
2022-05-12,3.7244300842285156,3.7508245353406005,3.7074623993858364,3.7282006558883913,307105783
2022-05-13,3.753652334213257,3.7696774315332635,3.7253724862997544,3.7593080790494904,279973247
2022-05-16,3.7244300842285156,3.783817318297609,3.714060955977238,3.7706202051148057,442584342
2022-05-17,3.770620107650757,3.771562694354742,3.7225445898039595,3.732913942533685,300849564
2022-05-18,3.757422924041748,3.7866453587796336,3.7329138722279605,3.7772185929314377,264017324
2022-05-19,3.765906810760498,3.767792208958058,3.710290373263454,3.720659501483839,324962036
2022-05-20,3.845089912414551,3.8460324991335466,3.7800469338743126,3.789473250557224,600461424
2022-05-23,3.814924716949463,3.845089738054222,3.7904156653951544,3.845089738054222,512091273
2022-05-24,3.7376270294189453,3.8168099297032683,3.732913871242559,3.8139821696453176,415664500
2022-05-25,3.753652334213257,3.7555375075765123,3.7216019148267763,3.7329138539921773,457684097
2022-05-26,3.7630786895751953,3.789472913330053,3.7065192212856535,3.7545947356197953,481614068
2022-05-27,3.772505044937134,3.824351355847748,3.756479948240038,3.791358126315653,553297211
2022-05-30,3.794186592102051,3.811154501337049,3.777218682867053,3.789473209065727,450531920
2022-05-31,3.8545162677764893,3.8677133794217897,3.7857020507085766,3.7941862292612005,452258118
2022-06-01,3.848860502243042,3.8611150279182813,3.8271792108978064,3.8545164717464546,377434508
2022-06-02,3.859229564666748,3.8630003609892536,3.8252941957359807,3.832835338888046,290132608
2022-06-06,3.9365274906158447,3.937470077316658,3.8318927254455186,3.857344364339254,423835904
2022-06-07,3.942183256149292,3.9610363376679953,3.9167316185736882,3.922387138485672,380864188
2022-06-08,3.9817745685577393,3.9874305379286463,3.926157910987917,3.9450109923933017,427291052
2022-06-09,3.9497244358062744,3.99120139533259,3.9336991140936526,3.9732909002983385,291614828
2022-06-10,4.004398345947266,4.015710284406326,3.9195592569972177,3.9205018436199883,648069142
2022-06-13,3.95538067817688,3.9808323177466822,3.930871625332929,3.9685777913247064,579900248
2022-06-14,3.993086814880371,3.9968571617561217,3.879025281522845,3.9261582134133364,624902550
2022-06-15,4.039276599884033,4.113746342555072,3.9902584958987477,3.9902584958987477,1121885205
2022-06-16,4.013824939727783,4.0694415997602835,4.005341210042226,4.051531104208163,507512036
2022-06-17,4.073212623596191,4.088294910433891,3.9921443204843916,3.997800290421769,715647404
2022-06-20,4.093008041381836,4.1363701752340525,4.06095784670723,4.08263868888687,732434457
2022-06-21,4.091122627258301,4.1269431665554865,4.058129398349732,4.093007800512651,422401546
2022-06-22,4.043990135192871,4.097721624160892,4.0364489918709445,4.091123067567586,361964272
2022-06-23,4.114689350128174,4.11657497320021,4.038334426260783,4.044932983280447,405693924
2022-06-24,4.159936428070068,4.17219095330521,4.112803500398628,4.1241154389992065,414833849
2022-06-27,4.205183982849121,4.241004974048447,4.17501896128616,4.17501896128616,455981050
2022-06-28,4.254201889038086,4.266456414432,4.178789563381057,4.204241200815658,374882378
2022-06-29,4.202356338500977,4.267399316870894,4.188216189274209,4.240062504119788,544835604
2022-06-30,4.249488353729248,4.2843667553650935,4.197642494074845,4.198585080687776,568051561
2022-07-01,4.235349178314209,4.265514201115737,4.2174386819791465,4.260800817976413,445571244
2022-07-04,4.261743068695068,4.263628242004981,4.193871885116069,4.221209145574412,387421725
2022-07-05,4.252316951751709,4.3032202294460875,4.206126607552779,4.266456651223938,392115820
2022-07-06,4.196700096130371,4.251374167574415,4.169362835661889,4.241947402035512,318962717
2022-07-07,4.211782455444336,4.230635537359763,4.168420322089559,4.190101613513412,403045946
2022-07-08,4.208012104034424,4.254201997352858,4.2014130983531475,4.233463742117041,208249030
2022-07-11,4.136370658874512,4.191044738297044,4.119402748124142,4.191044738297044,452207498
2022-07-12,4.1024346351623535,4.154280496477202,4.089237073679946,4.130714032427575,343539200
2022-07-13,4.109033107757568,4.127886188716033,4.07981067494943,4.105262311768713,295600301
2022-07-14,4.109975814819336,4.137312625687665,4.087351937209051,4.105262432068374,326414269
2022-07-15,4.048703193664551,4.147681984120005,4.046818020358479,4.100549055524867,737307108
2022-07-18,4.092065334320068,4.109033242587327,4.0289075335114575,4.064728073862887,389115108
2022-07-19,4.071326732635498,4.088294641330756,4.039276538095299,4.088294641330756,353527001
2022-07-20,4.082638740539551,4.109976002146796,4.070384214524254,4.0911229197765655,299838373
2022-07-21,4.040219306945801,4.089237412391463,4.039276720224608,4.067556569325164,310492643
2022-07-22,4.0430474281311035,4.086409562807791,4.014767579649376,4.054359367523794,314768801
2022-07-25,4.026079177856445,4.042104498886867,4.009111270205335,4.039276289531896,251676078
2022-07-26,4.053417205810547,4.072270290277401,4.028908151054337,4.031735911452521,376254537
2022-07-27,4.030793190002441,4.050588860607405,4.023252046366213,4.0439903037390845,257178619
2022-07-28,4.033620834350586,4.081696354075584,4.029850487387346,4.045875360967038,369581028
2022-07-29,3.978003740310669,4.058129448008833,3.969520011069372,4.037391193478488,471265353
2022-08-01,3.994971752166748,4.00439851778479,3.9412407164198524,3.9648067314791082,298391483
2022-08-02,3.9280433654785156,3.9685777406229428,3.8950505830304585,3.9685777406229428,543973256
2022-08-03,3.885624408721924,3.9676352992355293,3.8752550555043195,3.9402980360690174,376662823
2022-08-04,3.9148459434509277,3.9233301221913424,3.885623959657916,3.90164883151352,261750872
2022-08-05,3.976118803024292,3.9817747726851547,3.914846172942395,3.917674382519296,393385248
2022-08-08,3.962921380996704,3.97706107929875,3.952552029178988,3.9600936211334568,157282357
2022-08-09,3.969520330429077,3.977061473638372,3.9497246609448213,3.961036600505239,241824356
2022-08-10,3.927100896835327,3.9742338298864452,3.9101329869977692,3.961036716510443,203763174
2022-08-11,4.010054588317871,4.015710557932652,3.936527432818651,3.9431259891204062,348050252
2022-08-12,4.010997295379639,4.021366198740474,3.99497197274133,4.008169085740902,205589752
2022-08-15,4.001570224761963,4.040218974104636,3.9949716687642605,3.99874246483134,232822800
2022-08-16,3.9921441078186035,4.027022062832659,3.9846029648014785,4.006283807162331,168483356
2022-08-17,4.030793190002441,4.041162543435364,3.969520555158762,3.993087022328327,281022766
2022-08-18,3.9959144592285156,4.028907690392838,3.9912015257704168,4.0251368941334205,199968110
2022-08-19,3.9676353931427,4.0072267344675785,3.965749770108437,3.9921444471513325,289441065
2022-08-22,3.993086814880371,4.004398754493526,3.955380649165159,3.959150996040909,310932370
2022-08-23,3.9798896312713623,4.006283856905487,3.961979135450222,3.9902585344888006,275877595
2022-08-24,3.9073050022125244,3.9949718570954484,3.8988212725277993,3.9912015103435428,403161100
2022-08-25,3.9412407875061035,3.945953720907205,3.8875093012971544,3.914846112995273,332510691
2022-08-26,3.935584783554077,3.9600938349974455,3.928986227357242,3.9393551302420238,226855432
2022-08-29,3.912018299102783,3.922387201935403,3.8884518344499557,3.9035341201117264,234594502
2022-08-30,3.903534173965454,3.9176743226479864,3.8705413926920786,3.9157886997945557,232094792
2022-08-31,3.903534173965454,3.942183374306189,3.8771399489467537,3.887509301415357,555279634
2022-09-01,3.8714840412139893,3.9148461756486195,3.8630003114633005,3.8931653331777745,320251600
2022-09-02,3.8498029708862305,3.882795750733889,3.8309498896171523,3.8743120214853235,263737445
2022-09-05,3.8479175567626953,3.8488605929462603,3.8083262187987152,3.841319000435365,215865010
2022-09-06,3.8752546310424805,3.8799680137608528,3.8403762282166096,3.860171896242273,264101508
2022-09-07,3.882796049118042,3.894107988647369,3.859229583347436,3.8620577929762416,183572795
2022-09-08,3.865828037261963,3.894107885335003,3.8648854505750174,3.8865667423465045,171632183
2022-09-09,3.920501947402954,3.928043090077654,3.870541259130306,3.871483845778029,392975947
2022-09-13,3.933699369430542,3.9544380752863133,3.9233304659956088,3.9271008128836016,327431190
2022-09-14,3.8903372287750244,3.9167319044218627,3.87808270241887,3.896935785313496,429913863
2022-09-15,3.855458974838257,3.9091900097165317,3.8318925106670543,3.89693548430694,588844446
2022-09-16,3.770620107650757,3.8526309943057413,3.766849536088344,3.8432046777729454,725780900
2022-09-19,3.7602508068084717,3.784759633210718,3.747053469827001,3.764963964858205,397790449
2022-09-20,3.7621359825134277,3.792300778391636,3.7517668550002745,3.776275906164511,301514995
2022-09-21,3.733856678009033,3.7611937162320657,3.716888992928881,3.751767174577208,363488622
2022-09-22,3.706519603729248,3.7366846266299434,3.6952078887013466,3.7187741302360005,279846800
2022-09-23,3.6989781856536865,3.7244298235092668,3.6688131649933515,3.706519328445539,520249045
2022-09-26,3.6754117012023926,3.73102835941687,3.670698543169645,3.676354512606111,756033583
2022-09-27,3.7225446701049805,3.730086038138957,3.668813406128734,3.6857813156453236,519160341
2022-09-28,3.6697559356689453,3.712175484052938,3.666928175540054,3.7093474991775737,530081606
2022-09-29,3.670698642730713,3.711232791796184,3.650902749166155,3.691436898231627,506083627
2022-09-30,3.6461894512176514,3.690494170062325,3.6433614665311342,3.6716410886498485,638378801
2022-10-10,3.5717196464538574,3.648074557344643,3.560407707916058,3.6452467974566476,684109248
2022-10-11,3.568891763687134,3.585859447231692,3.5538092534550483,3.573604921714776,491380691
2022-10-12,3.6273365020751953,3.6301644868648344,3.50573405510658,3.5698344443478223,731512983
2022-10-13,3.596229076385498,3.6263938744262303,3.58774512158663,3.597171663114324,345140276
2022-10-14,3.679182529449463,3.6980356112379917,3.6226230593374136,3.6311070135661905,749629133
2022-10-17,3.678239583969116,3.6820101552400955,3.6471319776772404,3.6716410280582883,388760090
2022-10-18,3.6716413497924805,3.7046343569841453,3.6641002065897155,3.698978387208834,431134380
2022-10-19,3.6160244941711426,3.678239708867475,3.6141393208448673,3.666927994670436,288162283
2022-10-20,3.604712724685669,3.6537308294165722,3.57360511587513,3.600942153109401,372305013
2022-10-21,3.5839743614196777,3.6188525407630197,3.5670064527143985,3.6169671426580554,327572110
2022-10-24,3.491594076156616,3.6131965212096744,3.474626392432534,3.581146327093928,629793970
2022-10-25,3.4765117168426514,3.5245872348519374,3.451060077777252,3.480282288417808,823516971
2022-10-26,3.502906084060669,3.551923962864981,3.477454220854056,3.4783970322852795,686287021
2022-10-27,3.4783968925476074,3.534956136797213,3.47745408115426,3.524587009442056,512397050
2022-10-28,3.3973286151885986,3.4717983545954274,3.388844661083066,3.4661423851917386,738137151
2022-10-31,3.360565185546875,3.4086404780844703,3.3483106595526206,3.3747048849270334,597656387
2022-11-01,3.4906516075134277,3.492536780909586,3.374704903283795,3.3794182862671325,1069157204
2022-11-02,3.5227017402648926,3.5509813634241847,3.467085080627677,3.4736836368901987,751646303
2022-11-03,3.49442195892334,3.517988422862532,3.477454050947972,3.503848499549725,488110710
2022-11-04,3.6141395568847656,3.6301646549370186,3.4915942928149306,3.4925368795396285,1129245726
2022-11-07,3.6141395568847656,3.633935226582288,3.590573090795497,3.591515677520195,534073373
2022-11-08,3.5924582481384277,3.6226230440246905,3.569834370290653,3.614139314578237,801257895
2022-11-09,3.5547521114349365,3.604712803972186,3.550981539775734,3.5924585022663966,520923983
2022-11-10,3.534956216812134,3.550038727236051,3.5132751502177144,3.534956216812134,506496368
2022-11-11,3.6273365020751953,3.6744692073250698,3.5915155112374113,3.621680532495917,1376702267
2022-11-14,3.6292216777801514,3.6942648784909062,3.619795136724091,3.67446920969712,850966866
2022-11-15,3.699920892715454,3.708404847192212,3.6150820221872846,3.621680578531495,767183469
2022-11-16,3.672583818435669,3.7121753808435356,3.6678706602720834,3.6933222986962595,537797213
2022-11-17,3.6565587520599365,3.663157308392733,3.615082015933872,3.663157308392733,791622815
2022-11-18,3.6443042755126953,3.678239869074816,3.637705719090404,3.659386786512135,649194923
2022-11-21,3.613196611404419,3.6169671829098426,3.5726624620415626,3.6169671829098426,518248908
2022-11-22,3.611311435699463,3.649017600222354,3.58680238381029,3.607540639449999,649025638
2022-11-23,3.6141395568847656,3.634877813306986,3.5952862491654645,3.600942219006607,548791595
2022-11-24,3.5971715450286865,3.646189649262149,3.591515575348445,3.6292217402214257,482148926
2022-11-25,3.61696720123291,3.632992523518462,3.586802404290243,3.5999995169993144,549215773
2022-11-28,3.57454776763916,3.5811463237894627,3.516103124205315,3.5556946858535925,626091449
2022-11-29,3.6838958263397217,3.6923797808881904,3.5952861587974807,3.5952861587974807,720706845
2022-11-30,3.6867237091064453,3.7018062196372754,3.671641198575615,3.6744691833468,459485800
2022-12-01,3.7291433811187744,3.7800468839625148,3.7282005696657516,3.7517670353012855,635412583
2022-12-02,3.7074623107910156,3.7366845213898445,3.705576912632893,3.7282005667980016,1030421029
2022-12-05,3.774390697479248,3.7772184574365095,3.730085753618593,3.746110850442039,876177074
2022-12-06,3.796071767807007,3.8177530600913947,3.75930818918883,3.7630789855187508,765807260
2022-12-07,3.784759759902954,3.832835277149011,3.7706200605339744,3.789473142856927,682075053
2022-12-08,3.793243885040283,3.801727614642135,3.7734477668144093,3.7847597059454996,509409492
2022-12-09,3.825294017791748,3.8356629205836446,3.7781610886712036,3.792300787610197,647455186
2022-12-12,3.7857022285461426,3.81303948923238,3.7819318818948853,3.81303948923238,466857524
2022-12-13,3.7753334045410156,3.7970142467169254,3.7706200216356667,3.7875879303991615,363674333
2022-12-14,3.784759759902954,3.8017276688414925,3.7659066775800016,3.78004682644192,621907353
2022-12-15,3.782874584197998,3.7941865234834182,3.7593081189355293,3.785702344272884,530751298
2022-12-16,3.7866454124450684,3.7951291422343303,3.7630789469835224,3.7809894427545796,908368692
2022-12-19,3.731971263885498,3.8017276226842065,3.715945941833732,3.7913582702099498,745196491
2022-12-20,3.672583818435669,3.7216019219171734,3.6509027514916546,3.718773937120435,815565496
2022-12-21,3.6697559356689453,3.686723844921132,3.659386807623591,3.677297303585408,523055800
2022-12-22,3.6772971153259277,3.717831263469038,3.658444033619665,3.6914368142323934,687820977
2022-12-23,3.66787052154541,3.6876661896273952,3.6499600267589707,3.6612719655180817,1084791027
2022-12-26,3.6763546466827393,3.6952077289942227,3.665042707397262,3.6669281055269978,651193684
2022-12-27,3.7206592559814453,3.726315225454446,3.6942648066895964,3.7140606998450987,582048797
2022-12-28,3.708405017852783,3.718774146192805,3.692379919601302,3.713118176281346,649268983
2022-12-29,3.6970930099487305,3.707462362844283,3.6725839572813888,3.6942650250450777,721271003
2022-12-30,3.7121753692626953,3.724429895094841,3.7084047977942967,3.7112327825822122,630228576
2023-01-03,3.7225446701049805,3.733856609782707,3.6669282326800974,3.711232955173731,656310782
2023-01-04,3.7272579669952393,3.737627094962297,3.705576899612139,3.721601997287218,980799721
2023-01-05,3.797957181930542,3.803613152037411,3.7442259154082613,3.7470539004616956,774502293
2023-01-06,3.813039541244507,3.8290644137167873,3.795129045927952,3.7988998421235696,541080825
2023-01-09,3.836606025695801,3.8516883115694123,3.819638116968288,3.831892642800447,780959941
2023-01-10,3.8422622680664062,3.857344555010837,3.8290647051238227,3.8347206751012255,744262224
2023-01-11,3.8422622680664062,3.869599081713049,3.835663261848632,3.8432048548138122,571511439
2023-01-12,3.8479175567626953,3.8601720827267276,3.834720444108035,3.8488605929462603,325587208
2023-01-13,3.906362533569336,3.9101328804351763,3.854516668220428,3.854516668220428,655908997
2023-01-16,3.966681480407715,4.005936488116167,3.909235027446701,3.911149772248921,1716375927
2023-01-17,3.9628517627716064,3.9752985177914084,3.946575517926543,3.966681709140719,601513127
2023-01-18,3.9542346000671387,3.9752981618516428,3.950404654040951,3.969553471084267,445690058
2023-01-19,3.9810426235198975,3.982957368150897,3.9283834938171336,3.945617108583699,607432404
2023-01-20,4.003064155578613,4.015510452667351,3.987744828353444,3.995404263694128,570082196
2023-01-30,4.026042461395264,4.085404112506091,4.019340398404531,4.078702049515359,801347080
2023-01-31,3.9820001125335693,4.037531817354052,3.975298049584873,4.028915009718243,1139222231
2023-02-01,4.011681079864502,4.013595824619373,3.957106745456349,3.9867875718759214,715651962
2023-02-02,4.002106189727783,4.026042323824122,3.985829947253799,4.023170206873577,1001852833
2023-02-03,3.960937023162842,3.980085841946343,3.926468875426228,3.977213268029699,960052104
2023-02-06,3.906362295150757,3.929341058020046,3.8852987335497797,3.9283836856577934,731459703
2023-02-07,3.9159369468688965,3.9264684994378447,3.896788129919036,3.9121070008614014,553988104
2023-02-08,3.899660348892212,3.9341284942286983,3.892000913220933,3.9178517939513875,462871301
2023-02-09,3.951362133026123,3.955192079155649,3.8900861907604676,3.8939156803461703,595888582
2023-02-10,3.9283838272094727,3.9523195067596837,3.9121071268332592,3.9523195067596837,520522436
2023-02-13,3.959021806716919,3.964766040778348,3.909234792500819,3.9159368554496172,828010137
2023-02-14,3.9676389694213867,3.97051108670913,3.943702832514836,3.9647663955898045,332632366
2023-02-15,3.940830707550049,3.9772131425097843,3.933170815043311,3.964766387866132,645506758
2023-02-16,3.9130642414093018,3.990617335505971,3.8891281068923518,3.9446598111394136,792510051
2023-02-17,3.8575329780578613,3.9264688159429064,3.8537034882854866,3.9111499437657167,743394922
2023-02-20,3.958064079284668,3.960936652932811,3.8565753035639134,3.862319994316391,1049525486
2023-02-21,3.9628517627716064,3.9733837728787775,3.938915625188318,3.9580644439461783,560902494
2023-02-22,3.924553871154785,3.9580641876754026,3.9178518078506617,3.947532634793964,452945439
2023-02-23,3.924553871154785,3.9494473795826215,3.907319798425401,3.9283838172759222,465559533
2023-02-24,3.8872134685516357,3.923596357489074,3.8680646517230586,3.923596357489074,808776154
2023-02-27,3.872852087020874,3.8900861596501803,3.8565753867803374,3.868064768533208,456957503
2023-02-28,3.8977456092834473,3.902532927788283,3.8489159649305287,3.884341482704964,484545431
2023-03-01,3.944660186767578,3.9599795151964696,3.887213732382866,3.8939157959005573,1180480952
2023-03-02,3.939872980117798,3.958064426338417,3.9322135439574977,3.935086117857516,439132860
2023-03-03,3.9484899044036865,3.9599792859241916,3.919766450602424,3.950404649142501,420175727
2023-03-06,3.924553871154785,3.951362124371279,3.9063624260310723,3.9494473795826215,929302452
2023-03-07,3.8699796199798584,3.9427454020578194,3.8671075027343855,3.920724010333867,674649418
2023-03-08,3.8546605110168457,3.8632773187667797,3.839341640229451,3.8584904569855962,431315362
2023-03-09,3.845085859298706,3.864234675979811,3.822107553207662,3.860405186569871,407936491
2023-03-10,3.7924270629882812,3.8335972735931056,3.790512318113959,3.820192918113244,498112925
2023-03-13,3.834554433822632,3.8374265509751697,3.7924268531120235,3.7924268531120235,467452924
2023-03-14,3.8106181621551514,3.829766978787336,3.777107618912878,3.829766978787336,463541570
2023-03-15,3.8096609115600586,3.845085972362678,3.808703310907515,3.8355117920124995,393301056
2023-03-16,3.7656185626983643,3.809660887738952,3.762746217302508,3.7914694429891647,433143817
2023-03-17,3.7857248783111572,3.8335971509889246,3.7675334329553585,3.791469569294242,1123501196
2023-03-20,3.7646610736846924,3.8067886552251826,3.7589166109945467,3.7857248644549375,570954757
2023-03-21,3.805830955505371,3.80966090156168,3.773278011930095,3.7751929849582497,556743661
2023-03-22,3.8230650424957275,3.8383839136916467,3.8096609160633443,3.81540537862586,581756157
2023-03-23,3.859447956085205,3.860405328472882,3.808703338915887,3.8106183119631494,534472929
2023-03-24,3.8546605110168457,3.862319946410543,3.8431711296543978,3.8517879374043322,254895254
2023-03-27,3.834554433822632,3.8537032511376688,3.814448015851507,3.8537032511376688,491254674
2023-03-28,3.826894760131836,3.847001178051463,3.8201926969159294,3.8355117963831047,507206125
2023-03-29,3.826894760131836,3.8479585504331904,3.8211500692976568,3.847001178051463,616336308
2023-03-30,3.8680648803710938,3.8690222527875435,3.811575798906052,3.827852271345283,557206977
2023-03-31,3.8776392936706543,3.890086047453308,3.8671072846103143,3.872851975321063,671162479
2023-04-03,3.906362295150757,3.916894304223149,3.872851979752882,3.877639298107952,551339698
2023-04-04,3.925511360168457,3.9274265615578337,3.898703106155542,3.906362542081541,480308724
2023-04-06,3.9140217304229736,3.918809048777836,3.8996602319021934,3.9111496133363404,378286841
2023-04-07,3.9417881965637207,3.9532775791198116,3.912107367717795,3.914022112629193,329585683
2023-04-10,3.927426338195801,3.953277218315745,3.923596392178702,3.952319389403613,474361579
2023-04-11,3.9178519248962402,3.937000742986352,3.904447797887546,3.9302986794820045,535954987
2023-04-12,3.9140217304229736,3.923596367132698,3.906362294981478,3.918809048777836,335833687
2023-04-13,3.8900861740112305,3.9111497362733743,3.8843414831135874,3.905405045375731,402190738
2023-04-14,3.9101922512054443,3.919766431396414,3.8977454973765187,3.9015749868353833,456032644
2023-04-17,3.9685962200164795,3.9705109648161936,3.906362448587533,3.90731982098739,632547999
2023-04-18,3.9752981662750244,3.9858301754509013,3.9599792952408506,3.9676387307579373,416054295
2023-04-19,3.9437026977539062,3.9772130143516873,3.93987275162395,3.9772130143516873,408573024
2023-04-20,3.9283838272094727,3.9465752723791856,3.915937072964081,3.942745326248364,607308636
2023-04-21,3.8584907054901123,3.9312560312323637,3.852746014438904,3.928383913978676,683648627
2023-04-24,3.8096609115600586,3.8604053000843046,3.7943418121103396,3.8575327263985804,594093664
2023-04-25,3.7914693355560303,3.8182775874618553,3.7570014200543262,3.810618152137877,966426771
2023-04-26,3.7828526496887207,3.801044095606534,3.7665761769150694,3.7895547132854053,903465326
2023-04-27,3.8163630962371826,3.8297672230803537,3.772320769519408,3.779980205352101,467769671
2023-04-28,3.853703260421753,3.8584905788979995,3.821150088290238,3.826894779152971,451806234
2023-05-04,3.853703260421753,3.855618005194724,3.825937406766485,3.842213878696288,337861124
2023-05-05,3.838383913040161,3.8661499948257987,3.819235324048512,3.8546606131589014,337949905
2023-05-08,3.8814690113067627,3.891043648568838,3.840299258093803,3.845086120181008,684815156
2023-05-09,3.847958564758301,3.911149707625703,3.847958564758301,3.8862561994328586,566890688
2023-05-10,3.8182778358459473,3.847958663268917,3.8106184000237118,3.8460439184493156,916593316
2023-05-11,3.813490867614746,3.837426776529481,3.8106185220214703,3.8278523673092026,321615029
2023-05-12,3.7646610736846924,3.8259374729174374,3.762746328878615,3.8125333461872417,518774522
2023-05-15,3.8249800205230713,3.8259376212351457,3.7560444111217195,3.7665761927791648,810757396
2023-05-16,3.8087034225463867,3.8297672134411505,3.793384322647642,3.824022522445132,406820310
2023-05-17,3.7828526496887207,3.812533477927662,3.773278240511754,3.802001468042654,640580508
2023-05-18,3.781895160675049,3.8087034142354184,3.76370371531799,3.7895545964717505,700600219
2023-05-19,3.7761504650115967,3.797214255834292,3.755086674188902,3.7723207471179925,341712585
2023-05-22,3.7952992916107178,3.815405481803009,3.762746347031223,3.7751931014184263,500375723
2023-05-23,3.740725040435791,3.802001209344604,3.7397674397929075,3.7981714915887856,611757337
2023-05-24,3.6899807453155518,3.7368954167531054,3.688065772253482,3.735937816086115,767277616
2023-05-25,3.681363582611084,3.6938103364076253,3.649768011938617,3.684235927969663,491856745
2023-05-26,3.6861507892608643,3.6966827986660076,3.650725499747343,3.679448725969542,446203660
2023-05-29,3.6708319187164307,3.705299607573271,3.656470191466155,3.693810454044961,403013549
2023-05-30,3.674661636352539,3.6832784444303095,3.6287043374261527,3.663172254552965,572097944
2023-05-31,3.6401937007904053,3.6650872090488056,3.623917228838046,3.6650872090488056,733875712
2023-06-01,3.647853136062622,3.676576362141236,3.632534036499646,3.6373213549820362,674975697
2023-06-02,3.6985974311828613,3.7081718396329704,3.6670018604703114,3.6670018604703114,692978097
2023-06-05,3.681363582611084,3.6966826817662044,3.6717891741731212,3.6928529640454,361154926
2023-06-06,3.6459383964538574,3.7091295395707387,3.642108450353754,3.682321058229563,411569703
2023-06-07,3.634449005126953,3.6641296035571855,3.6220022510141665,3.657427540307517,372176673
2023-06-08,3.6650872230529785,3.6794487220126784,3.622002269630058,3.634449023806817,383488893
2023-06-09,3.680406332015991,3.6832784491976915,3.659342541446812,3.6660446047479347,527068856
2023-06-12,3.6842360496520996,3.70529961194816,3.6622148866902835,3.6765763856856055,459659336
2023-06-13,3.7120018005371094,3.714874145910867,3.673703938310974,3.6765762836847315,350388028
2023-06-14,3.7120018005371094,3.737852680629025,3.710086827530636,3.7139165452716782,444113622
2023-06-15,3.774235486984253,3.775193087660335,3.714874289031368,3.7206187517282925,508430549
2023-06-16,3.8096609115600586,3.8182777195296005,3.7809374574218935,3.7809374574218935,602148804
2023-06-19,3.780937671661377,3.809661127427101,3.7761505812150364,3.809661127427101,400307379
2023-06-20,3.774235486984253,3.7905121874865966,3.7684910242873286,3.7732781145800844,353892342
2023-06-21,3.72157621383667,3.771363001078388,3.7196612408277208,3.767533283332395,489353700
2023-06-26,3.6794486045837402,3.7052994845037026,3.667959451437037,3.7014697667881347,640495600
2023-06-27,3.7043423652648926,3.7139167743439945,3.6717894200503296,3.678491483578509,397102074
2023-06-28,3.7120018005371094,3.7129591729043936,3.673703938310974,3.698597446035605,462745613
2023-06-29,3.694767951965332,3.7139167701016627,3.683278569774766,3.7120020252511803,300262647
2023-06-30,3.7167890071868896,3.734023079969818,3.6890231532178914,3.6938104717482307,529918250
2023-07-03,3.759874105453491,3.771363259478666,3.722533841259853,3.724448814400009,473909707
2023-07-04,3.766576051712036,3.768491024792543,3.7522143242880173,3.757959015257625,252121289
2023-07-05,3.740725040435791,3.766575920627448,3.7349803496661105,3.7608312298577675,271215241
2023-07-06,3.713916540145874,3.7531717746851156,3.7091294500441547,3.7340229577344286,346743884
2023-07-07,3.7033846378326416,3.718703736545102,3.694767602005902,3.7100867007183624,302277670
2023-07-10,3.7187039852142334,3.743597493752619,3.7072146033436213,3.7206187300113944,428486811
2023-07-11,3.7435975074768066,3.7483845977591703,3.7215763443253436,3.7311507531619834,587438934
2023-07-12,3.7254059314727783,3.7531717846062422,3.715831522972126,3.7474270938514698,389410768
2023-07-13,3.7857248783111572,3.7885972238026997,3.7435975248883886,3.7435975248883886,572286552
2023-07-14,3.7838099002838135,3.7952992822349767,3.781895155473229,3.7914695643418934,363262103
2023-07-17,3.7570013999938965,3.778065189430218,3.7416823011558353,3.778065189430218,448612566
2023-07-18,3.7512569427490234,3.764661069464192,3.7388101884358207,3.7579590061066077,266670716
2023-07-19,3.7493419647216797,3.757001628743027,3.7292357746754803,3.74359750204556,501240659
2023-07-20,3.722533702850342,3.774235464721078,3.71583163951687,3.756044247789615,871507069
2023-07-21,3.7244486808776855,3.750299561847469,3.710086953521188,3.722533707806182,727250149
2023-07-24,3.708172082901001,3.7311508473062664,3.699555274520945,3.7052997373503427,454981986
2023-07-25,3.8154053688049316,3.8163629694561423,3.7531718269839534,3.7531718269839534,1140982393
2023-07-26,3.806788682937622,3.812533373941501,3.792426955427925,3.81061840084957,588038574
2023-07-27,3.8029587268829346,3.827852235653854,3.7914695731769124,3.815405481268394,602465765
2023-07-28,3.8948731422424316,3.9015752057152406,3.7847675528783746,3.7847675528783746,1496488403
2023-07-31,3.9101922512054443,3.9647661283447277,3.9006176144706672,3.9255111221285186,1790634998
2023-08-01,3.892958402633667,3.9302986662653936,3.88242639292918,3.9063625295972866,1135981581
2023-08-02,3.8651926517486572,3.906362403732721,3.8546606423835157,3.886256213935121,789439831
2023-08-03,3.899660348892212,3.9015750936740767,3.8594479692101316,3.8594479692101316,737931112
2023-08-04,3.919766664505005,3.956149555790757,3.9063625375142195,3.9398728549911834,1422357458
2023-08-07,3.8900861740112305,3.9025329281988204,3.876681590887516,3.9025329281988204,1281422408
2023-08-08,3.8757240772247314,3.9015749570499483,3.863277323490827,3.8757240772247314,1116579062
2023-08-09,3.8680648803710938,3.8824263797055085,3.8623201893285612,3.8661501355381938,1332507901
2023-08-10,3.872852087020874,3.87763940550854,3.843171260249928,3.866150023755669,938250908
2023-08-11,3.781895160675049,3.8757242764082567,3.7799801875899166,3.8728521591884286,1288559813
2023-08-14,3.7560441493988037,3.7646609573035983,3.718703887571674,3.7522142033612216,1038600330
2023-08-15,3.752214193344116,3.7675332926378293,3.7158315322594637,3.7598738571269252,816519410
2023-08-16,3.7234909534454346,3.7550865242821945,3.721576208711028,3.735937707306698,855849476
2023-08-17,3.7359375953674316,3.742639658280852,3.6909378996505233,3.706256998426298,1156118339
2023-08-18,3.688065767288208,3.7474271928695186,3.6871083948944174,3.737852784115882,1275546546
2023-08-21,3.6382787227630615,3.689980712256631,3.635406377331646,3.679448702917471,1100924357
2023-08-22,3.660299777984619,3.677533850066625,3.6114703636294063,3.6555126879208855,1331528873
2023-08-23,3.607640504837036,3.658385121679118,3.599023696859695,3.6478531123949556,1082419722
2023-08-24,3.629661798477173,3.6574276529897474,3.611470581212721,3.6143429267327747,952654779
2023-08-25,3.622959613800049,3.646895749575642,3.607640514296298,3.6153001781841274,1174535468
2023-08-28,3.673704147338867,3.8402992754081957,3.6478532657760776,3.8402992754081957,2822011765
2023-08-29,3.694767951965332,3.7225338067445866,3.65551294326743,3.6574276881179117,2194052531
2023-08-30,3.69381046295166,3.718703971397555,3.6861507989757403,3.699555153865622,1036132286
2023-08-31,3.675619125366211,3.7005126345405093,3.6670020887431267,3.6938105710354163,838468826
2023-09-01,3.6976401805877686,3.7148742533286487,3.686150798760515,3.6928530903410204,792692488
2023-09-04,3.753171920776367,3.762746329624392,3.70912959442107,3.7244486942322927,1185523274
2023-09-05,3.727320909500122,3.7455123552715226,3.7196614735289635,3.7435976104146924,629770096
2023-09-06,3.7177464962005615,3.7273209052896537,3.701470023576296,3.7148743789185605,715176127
2023-09-07,3.667001962661743,3.71104428841399,3.663172244829354,3.71008691602387,941034963
2023-09-08,3.64689564704895,3.665087091465225,3.6344488933190675,3.6526403377353422,818635834
2023-09-11,3.673704147338867,3.696682911636384,3.641151202279941,3.6478532657760776,816650788
2023-09-12,3.668916940689087,3.6823210672565794,3.662214877405341,3.670831913743833,594936910
2023-09-13,3.6449806690216064,3.6784912124646123,3.6258318522747177,3.6679594317353943,1032133123
2023-09-14,3.64210844039917,3.6555127951690762,3.6239172236969925,3.6440234134439877,928283035
2023-09-15,3.6258318424224854,3.655512668089844,3.6085979987058745,3.6488106050738343,1190622112
2023-09-18,3.6382787227630615,3.648810732102221,3.6038108058579854,3.6172151606285605,985926393
2023-09-19,3.6334917545318604,3.636364100059698,3.611470590999716,3.6344491269505004,727006269
2023-09-20,3.616257429122925,3.6315765281122125,3.616257429122925,3.623917092753519,634135498
2023-09-21,3.582747220993042,3.6220022278534882,3.5817896203407065,3.6085981014398634,899197017
2023-09-22,3.654555320739746,3.655512921431185,3.576045075541005,3.577002676232444,1247116554
2023-09-25,3.627746820449829,3.6468956371713372,3.6210447574244915,3.644023291835921,700905651
2023-09-26,3.607640504837036,3.635406358347788,3.6057257600740305,3.6248745773355333,862908481
2023-09-27,3.617215394973755,3.6430662772593623,3.605726012503741,3.6066833849522677,1078053958
2023-09-28,3.6038107872009277,3.6296616676779268,3.5961513516047456,3.623917205116744,1120612353
2023-10-09,3.594236373901367,3.6076405003132295,3.5549813670460817,3.5971087193141815,875213072
2023-10-10,3.568385601043701,3.6172152462618388,3.5655132555442863,3.6057258642641794,927932376
2023-10-11,3.576045036315918,3.601896145806712,3.568385600499922,3.58561944522187,893498708
2023-10-12,3.6105129718780518,3.6239173270301723,3.5923217546571657,3.6095555994642985,933521569
2023-10-13,3.57700252532959,3.591364024104222,3.565513143692358,3.5904066517250883,1135095339
2023-10-16,3.535832643508911,3.5789173692990675,3.525300633958855,3.5770026244877218,1138980584
2023-10-17,3.5473217964172363,3.554981460476686,3.530087951759324,3.5425347061180052,888060300
2023-10-18,3.5205135345458984,3.5454070432042664,3.518598561467596,3.541577097047661,810270594
2023-10-19,3.4467904567718506,3.5042371393931853,3.4420033663786915,3.5042371393931853,1690368777
2023-10-20,3.429556369781494,3.4467902135615076,3.413279898358175,3.4305137421381886,1740446164
2023-10-23,3.3931736946105957,3.4180672036272566,3.362535722820173,3.416152458793308,2710241709
2023-10-24,3.397960901260376,3.411365027743951,3.3701950476358924,3.401790619073982,1535012975
2023-10-25,3.417109727859497,3.4496626717712178,3.4151947548115507,3.4353011728633036,1383351568
2023-10-26,3.429556369781494,3.4333860874801747,3.397003426934856,3.403705489975523,1143609497
2023-10-27,3.4812581539154053,3.4937049077277185,3.413279922401305,3.4218967302160577,1647662397
2023-10-30,3.496577262878418,3.5071092719933383,3.4659390644435843,3.4678540374477254,961401373
2023-10-31,3.4889180660247803,3.4946627571581987,3.4678542746262186,3.489875438456377,839660029
2023-11-01,3.4870030879974365,3.5233859796100964,3.4774286788791446,3.5233859796100964,811983400
2023-11-02,3.470726490020752,3.5128538429659373,3.469769117625062,3.4927476530249897,1075381583
2023-11-03,3.497534990310669,3.511896489410703,3.475513827188293,3.4764711995891187,1057822683
2023-11-06,3.543492078781128,3.5473217966751744,3.517641197656423,3.518598570061956,1176649562
2023-11-07,3.5329601764678955,3.54349195738369,3.519556050161992,3.534874921213364,657529091
2023-11-08,3.522428274154663,3.5387049746164347,3.502322084085763,3.5262582203056168,1135321220
2023-11-09,3.5253005027770996,3.537747256675339,3.5128537488788605,3.514768721890861,818569445
2023-11-10,3.4994497299194336,3.511896484199346,3.4879603480389254,3.511896484199346,784176792
2023-11-13,3.4946625232696533,3.5099813942376246,3.475513706287784,3.503279331121161,674463335
2023-11-14,3.4946625232696533,3.513811340251522,3.4803007963972994,3.498492241011646,753317217
2023-11-15,3.5185983180999756,3.5339174168510947,3.507109165240559,3.5233856363286553,994063130
2023-11-16,3.484130620956421,3.516683793441143,3.482215876162674,3.5138114479786116,881556665
2023-11-17,3.4793434143066406,3.483173132037931,3.4582796243766865,3.47551369657535,1198450872
2023-11-20,3.489875316619873,3.5013646984855997,3.4563647716927783,3.482215880890663,858430360
2023-11-21,3.4946625232696533,3.5291304394913983,3.4850881147787187,3.499449613379168,931605485
2023-11-22,3.457322359085083,3.49083267561157,3.4563647584186756,3.486045585367177,762202706
2023-11-23,3.4755139350891113,3.477428679950208,3.4420033890288098,3.4554075161441626,774971808
2023-11-24,3.451577663421631,3.472641453974927,3.444875600125562,3.471683853309838,743453294
2023-11-27,3.4285991191864014,3.4506202820757412,3.4056203556344573,3.4506202820757412,776295648
2023-11-28,3.4324288368225098,3.437215927047615,3.41423739176891,3.4228544281003903,727483741
2023-11-29,3.4065778255462646,3.4362584229657824,3.394131071857328,3.4333860776320355,759056998
2023-11-30,3.410407781600952,3.4199821906253356,3.3960460539284187,3.4027481174182954,667810076
2023-12-01,3.397003412246704,3.4151946283047563,3.369237559575497,3.4094501659175247,860468131
2023-12-04,3.3740246295928955,3.4027478544462495,3.3730672572460203,3.399875737405624,692522952
2023-12-05,3.31083345413208,3.3692375038378772,3.309876081795363,3.3692375038378772,1008789571
2023-12-06,3.3156208992004395,3.3347697162987155,3.297429454475505,3.307003863024643,1001944865
2023-12-07,3.307003974914551,3.320408101682481,3.2849828116792734,3.313706038298516,934505826
2023-12-08,3.313706159591675,3.3251955419686885,3.30317437792736,3.307961468403168,709198592
2023-12-11,3.336684465408325,3.3481738469910765,3.2696636054767234,3.2935997410168203,998247834
2023-12-12,3.3443443775177,3.346259122409046,3.325195558972704,3.328067904581646,640724215
2023-12-13,3.2888123989105225,3.3376420420135866,3.2859400535355245,3.3338123242708906,708815211
2023-12-14,3.2734932899475098,3.317535614537496,3.268706199851331,3.30413148834191,741533123
2023-12-15,3.2667911052703857,3.3070037106324652,3.2600890424220217,3.2840251768278037,899976785
2023-12-18,3.253387212753296,3.2734934027394567,3.236153368232574,3.253387212753296,847303752
2023-12-19,3.2553021907806396,3.2687063174585025,3.2361533731631464,3.2524298453108242,1098536629
2023-12-20,3.225621461868286,3.2639190982690196,3.2217917438825965,3.2591320078548875,1034717610
2023-12-21,3.2553021907806396,3.265833971988687,3.2093448915355083,3.2122172370053237,1592448074
2023-12-22,3.2610466480255127,3.2840254117458225,3.2380681125771145,3.252429839902308,2076526541
2023-12-25,3.2696638107299805,3.2744511294472867,3.256259683556597,3.2600894015672894,1004146545
2023-12-26,3.2505147457122803,3.267748817860326,3.2409403372762227,3.267748817860326,777169320
2023-12-27,3.26008939743042,3.265834088575129,3.234238515551149,3.251472360713356,836172465
2023-12-28,3.3405144214630127,3.3491312294039974,3.255302116527284,3.256259488904748,2383299192
2023-12-29,3.3500888347625732,3.355833525579243,3.333812362963281,3.3395568255080437,2518873484
2024-01-02,3.306046485900879,3.352961156205817,3.3041315128850406,3.352961156205817,942930578
2024-01-03,3.2964720726013184,3.3127485442607516,3.28211034568305,3.299344417984972,1061750273
2024-01-04,3.2677488327026367,3.295514457502985,3.2428553250014382,3.295514457502985,1666152481
2024-01-05,3.251472234725952,3.2926422153052277,3.2332810178351363,3.2591318987127424,1699669666
2024-01-08,3.206472635269165,3.258174626892267,3.203600289719442,3.244770271569585,1730424386
2024-01-09,3.214132308959961,3.2275364360502072,3.196898235610856,3.208387617843593,1131217813
2024-01-10,3.198812961578369,3.2371105950324646,3.1901959255696273,3.2074297693152096,958254057
2024-01-11,3.2170042991638184,3.236153344885901,3.192111019096122,3.1988130823764913,1266237158
2024-01-12,3.206472635269165,3.23328111764261,3.203600289719442,3.2083876083929534,841327273
2024-01-15,3.206472635269165,3.206472635269165,3.206472635269165,3.206472635269165,0
2024-01-16,3.2237064838409424,3.224663856200138,3.1844512495791757,3.197855375695529,1768952352
2024-01-17,3.1518983840942383,3.2141321544092003,3.14998341105689,3.2141321544092003,1286215182
2024-01-18,3.1959054470062256,3.2027512252593975,3.0961556426230765,3.1470085297907393,4754351134
2024-01-19,3.202751398086548,3.212530782057361,3.170479407666974,3.1773249531306527,3694452124
2024-01-22,3.1352734565734863,3.2027512732904775,3.122560234590913,3.1929718897007207,4647056467
2024-01-23,3.1567881107330322,3.175369010385068,3.1157148375976784,3.1284278270260684,1392480372
2024-01-24,3.206663131713867,3.20764100017141,3.1176705736280557,3.167545595505262,2278936853
2024-01-25,3.261427640914917,3.266317216229424,3.189060014357223,3.197861529714017,1648701409
2024-01-26,3.2555599212646484,3.276096557001953,3.2389349923593693,3.254582052846367,2183305124
2024-01-29,3.226221799850464,3.2712070117282295,3.225243931423221,3.257515921111231,1011393030
2024-01-30,3.171457290649414,3.225244019314814,3.169501320582726,3.208618856645233,1889262338
2024-01-31,3.1509203910827637,3.177324937517222,3.126472047855323,3.1616778766090294,1909099700
2024-02-01,3.1470086574554443,3.176346808974897,3.1196264759675163,3.129405859807334,1890997581
2024-02-02,3.1176705360412598,3.1607000118790856,3.0335677875749245,3.147008687844011,2538694215
2024-02-05,3.1372292041778564,3.162655648230387,3.042369206347098,3.0883322860610276,2660178739
2024-02-06,3.237957239151001,3.240890844510227,3.111802882348034,3.114736720866166,2008918168
2024-02-07,3.266317129135132,3.2682730991041207,3.2144863731253253,3.2369789785536693,3465814670
2024-02-08,3.287832021713257,3.291743728677411,3.2594717381950518,3.278052637723418,2394261979
2024-02-19,3.3142361640930176,3.317170002454419,3.2809863068756635,3.299567205444906,1486187642
2024-02-20,3.3259716033935547,3.329883310256766,3.2976113206071953,3.3083685727707524,980166818
2024-02-21,3.372912645339966,3.418875960020136,3.3073907958028914,3.313258472839416,1600958050
2024-02-22,3.398339033126831,3.4002950031590147,3.3650891746920286,3.3709568516296766,944635129
2024-02-23,3.401272773742676,3.4198536724576973,3.387581683387985,3.398338935358257,1090877384
2024-02-26,3.3670451641082764,3.4051848312636563,3.361177487136848,3.399317154292228,1117236848
2024-02-27,3.4071404933929443,3.409096463393473,3.3572657065479024,3.359221443389532,1046884914
2024-02-28,3.371934652328491,3.43647863102821,3.3699789154944986,3.4100743184981246,2854997884
2024-02-29,3.4257214069366455,3.429633113795469,3.361177427709905,3.364111266143748,1483585030
2024-03-01,3.4521257877349854,3.461905171654278,3.4178978274380087,3.423765504421365,1225639313
2024-03-04,3.4491918087005615,3.458971192221378,3.430610910063342,3.448213940296148,1014654993
2024-03-05,3.4775521755218506,3.4873315592807526,3.430610993583782,3.437456772058024,2799101870
2024-03-06,3.4638609886169434,3.493199139078227,3.459949281853884,3.4726625037029963,1299527425
2024-03-07,3.445280075073242,3.481463770502376,3.437456661581119,3.4628828720099665,1058948004
2024-03-08,3.45505952835083,3.461905073584522,3.426699245840607,3.4472361147005812,862187698
2024-03-11,3.5020008087158203,3.5049346472073153,3.4521257875193103,3.4531036559635075,1120761515
2024-03-12,3.506890296936035,3.5196035190302397,3.489287499583467,3.5039564585174574,1105839572
2024-03-13,3.486353635787964,3.50591240299685,3.4765742521835206,3.50591240299685,685870558
2024-03-14,3.4736404418945312,3.5078681682076,3.457015512948341,3.481463855577833,701881148
2024-03-15,3.4824419021606445,3.4873314773457644,3.4443022364493503,3.4638610035076196,849023790
2024-03-18,3.5127580165863037,3.513735885018115,3.4824419967700426,3.4824419967700426,787332932
2024-03-19,3.490265369415283,3.52058138887432,3.48635366257523,3.506890298354684,654875208
2024-03-20,3.493199348449707,3.5029787325229473,3.4795082573789524,3.482442095916815,537962049
2024-03-21,3.491243362426758,3.5147140706224684,3.4863537869919226,3.5010227464553347,619733207
2024-03-22,3.4609272480010986,3.4892875308623137,3.4345229351561017,3.488309429274754,1450637754
2024-03-25,3.4423463344573975,3.47657429406473,3.439412496024832,3.45212571817965,630542664
2024-03-26,3.453103542327881,3.4599493206886893,3.434522876705076,3.4423462903190045,879103283
2024-03-27,3.4159419536590576,3.4540816193635617,3.4149640852539864,3.4482139426153466,874647452
2024-03-28,3.4325668811798096,3.465816738529934,3.4042065990122827,3.4139859825363716,1031925094
2024-03-29,3.448214054107666,3.452125761013323,3.428655286420478,3.4296331548571666,319229143
2024-04-01,3.504934549331665,3.5147139329772563,3.4609272063470544,3.461905074763944,1093262535
2024-04-02,3.493199348449707,3.5078683079801136,3.482442095916815,3.503956600982599,583191382
2024-04-03,3.4795081615448,3.4931992522384685,3.4697287777409076,3.4912432822141297,598346410
2024-04-08,3.4511477947235107,3.477552107036662,3.446257986360907,3.4716844302650958,709948668
2024-04-09,3.445280075073242,3.456037326914635,3.434522823231849,3.449191781819304,534537135
2024-04-10,3.419853687286377,3.446257999701742,3.40322875847518,3.446257999701742,681671142
2024-04-11,3.4169199466705322,3.435500845997847,3.3983390473432173,3.404206724305412,539115871
2024-04-12,3.389537811279297,3.4276774788947386,3.3807362957159857,3.4169199932643894,740512912
2024-04-15,3.4609272480010986,3.4667949248908534,3.387581753196963,3.3895377232131816,1099953730
2024-04-16,3.429633140563965,3.4570155551072514,3.413986079847644,3.446258069712899,913229847
2024-04-17,3.474618434906006,3.4785301418879206,3.4139861606301563,3.4296332217167214,996466434
2024-04-18,3.4804859161376953,3.51471387491124,3.462882885971109,3.4658167243322064,930219267
2024-04-19,3.453103542327881,3.475596147916547,3.4403903203360744,3.466794865890601,644275741
2024-04-22,3.446258068084717,3.4736404826150666,3.440390391174006,3.4521257449954277,725182362
2024-04-23,3.421809673309326,3.4521256926766752,3.415941996487543,3.446258015854892,942847430
2024-04-24,3.4355008602142334,3.4394125671522486,3.4120303854272356,3.427677446338202,594231908
2024-04-25,3.445280075073242,3.458971165263905,3.4178976615330243,3.4257213081840407,664755214
2024-04-26,3.4941771030426025,3.502000749941586,3.4462580526976185,3.4462580526976185,1374313959
2024-04-29,3.5362284183502197,3.5577431555199914,3.4931991771695734,3.498088752386992,1530322426
2024-04-30,3.5186257362365723,3.544052181043737,3.516669766190289,3.5352506655738174,823109014
2024-05-06,3.5675225257873535,3.5831695861106567,3.554809303847101,3.55969911220515,1309061067
2024-05-07,3.5694785118103027,3.575345955443887,3.5567652898128927,3.5645887034302697,686018359
2024-05-08,3.5411183834075928,3.5636109899842814,3.538184544883772,3.5626328883704033,638775858
2024-05-09,3.575345993041992,3.581213669896177,3.5391622966530494,3.5401401650757807,650202324
2024-05-10,3.5773019790649414,3.589037332825861,3.5508976662617733,3.5821917875182914,865095400
2024-05-13,3.5743682384490967,3.5851254909184136,3.5391624093617153,3.556765440484859,741159442
2024-05-14,3.568500518798828,3.5890373881972786,3.557743266457957,3.574368195769814,587666800
2024-05-15,3.543074131011963,3.5704565462639724,3.5372066871055177,3.5665448392733734,855946284
2024-05-16,3.554809331893921,3.570456392340677,3.5411182414375966,3.5499197566561898,1051197527
2024-05-17,3.594904899597168,3.5978385047886436,3.5430739108465845,3.5548092642480587,932046931
2024-05-20,3.6027283668518066,3.6183754272342923,3.589037276451718,3.60077239686941,936535896
2024-05-21,3.5909931659698486,3.601750651592112,3.579258045053161,3.5978387114609762,496983882
2024-05-22,3.5988166332244873,3.6076179151824372,3.5821917045541545,3.5890372497031797,676684556
2024-05-23,3.5626327991485596,3.592949052082505,3.5508976785060753,3.590015213632159,698806053
2024-05-24,3.5225374698638916,3.569478652900276,3.518625762900586,3.551875621827042,841274200
2024-05-27,3.551875591278076,3.553831561322359,3.521559571124567,3.525471278054229,669622487
2024-05-28,3.5293829441070557,3.5528534185720986,3.522537398769706,3.5508976817093707,531753198
2024-05-29,3.530360698699951,3.5528533040083436,3.521559416783676,3.528404961900287,615245082
2024-05-30,3.516669750213623,3.5450300333819165,3.50884633638184,3.523515295606159,777925303
2024-05-31,3.502978563308716,3.5362284209197896,3.5010225933249894,3.522537330510394,723218340
2024-06-03,3.5078682899475098,3.5196036440386345,3.486353784992324,3.5010227444473228,707511590
2024-06-04,3.5323166847229004,3.5440520382098297,3.5000446957927394,3.505912372536204,681737902
2024-06-05,3.5196034908294678,3.542096096419077,3.517647520846455,3.5332945812338656,583939433
2024-06-06,3.5196034908294678,3.5499197431922305,3.50591240042507,3.5264490360316665,1026699323
2024-06-07,3.4971108436584473,3.5303607008620355,3.4765742082960354,3.5225372873408007,1028127109
2024-06-11,3.4726626873016357,3.490265485245503,3.4550596561988622,3.4883095151811148,879916985
2024-06-12,3.4687507152557373,3.4775522307261384,3.45799346289785,3.465816876765604,569835311
2024-06-13,3.4560375213623047,3.479508229476998,3.447236238978201,3.476574390962661,548803711
2024-06-14,3.4755961894989014,3.479508129511565,3.439412493073507,3.4491918767873675,674103954
2024-06-17,3.4658167362213135,3.474618251334799,3.4540816158955603,3.4589711910749004,393017195
2024-06-18,3.476574420928955,3.4863538050080685,3.464839066770456,3.4707067438497057,549035200
2024-06-19,3.466794967651367,3.482442028497409,3.4619051591299588,3.478530088416721,530859528
2024-06-20,3.4443023204803467,3.4726626033544146,3.4384346435879323,3.4648389564448956,554655780
2024-06-21,3.438434600830078,3.4472361160592504,3.415941995128126,3.4394124692470203,1965867737
2024-06-24,3.421809673309326,3.4482139858484526,3.415941996487543,3.4247435117202176,2087545529
2024-06-25,3.401272773742676,3.4266992176350426,3.3826921081865504,3.417897702481786,1738458468
2024-06-26,3.421809673309326,3.429633086965772,3.387581713954856,3.3934493907766394,1045489522
2024-06-27,3.403228759765625,3.418875820170007,3.3973610829691196,3.4130081433735016,1433704942
2024-06-28,3.410074472427368,3.4335449476070132,3.3963833813358177,3.3973612497969548,1275543418
2024-07-01,3.4237654209136963,3.429633097753937,3.3905155630308657,3.4100743303924013,853604020
2024-07-02,3.4188759326934814,3.433544892008639,3.412030387258554,3.4169199626439717,599204907
2024-07-03,3.413008213043213,3.425721435308857,3.40322882923571,3.416919919934434,791424029
2024-07-04,3.398339033126831,3.431589124720536,3.39638329625355,3.4159420639397755,1559923712
2024-07-05,3.381714105606079,3.4012728733021174,3.3523759540620217,3.393449459487263,1636384501
2024-07-08,3.358243703842163,3.381714178954698,3.3504202898576207,3.374868633428496,942625516
2024-07-09,3.3944272994995117,3.4071405217113666,3.3425965422231503,3.3533537944182195,1068895639
2024-07-10,3.386603832244873,3.4051847310546224,3.383669993845497,3.387581700658366,579282100
2024-07-11,3.431589126586914,3.4413685104353453,3.4002950050083722,3.4130082273272233,1052437774
2024-07-12,3.441368579864502,3.446258155307913,3.4276774888322628,3.433544932732574,872369380
2024-07-15,3.448214054107666,3.4531036294500117,3.430611023293855,3.4335448617628237,1255008224
2024-07-16,3.4726626873016357,3.4765743942715055,3.439412595160477,3.442346433677606,1612508698
2024-07-17,3.4775521755218506,3.491243266152533,3.4619051148758277,3.4707066302065095,2256564400
2024-07-18,3.498088836669922,3.5000448066993544,3.454081726017264,3.4628830082524544,1961181500
2024-07-19,3.5205814838409424,3.5264491608387503,3.4736405341762873,3.48635375661857,3169662602
2024-07-22,3.4922213554382324,3.5186256681783674,3.472662587989325,3.5156918297451414,1716307285
2024-07-23,3.4237654209136963,3.492221339837969,3.420831582493576,3.487331531418136,919533700
2024-07-24,3.4022510051727295,3.431589156977849,3.389537782741287,3.41789783294167,1491083494
2024-07-25,3.3826920986175537,3.399317027309635,3.365089068360836,3.3875816738051565,2045552535
2024-07-26,3.3973610401153564,3.406162555199094,3.3758463031858525,3.383669949868806,1357970329
2024-07-29,3.3778023719787598,3.3954051695023875,3.376824503549364,3.393449432643596,594937600
2024-07-30,3.3553097248077393,3.369978916863132,3.341618634328638,3.369978916863132,1525086114
2024-07-31,3.4306108951568604,3.4325668651160823,3.3513979589301073,3.355309665689658,1538908320
2024-08-01,3.406162738800049,3.437456860900908,3.4042067687341553,3.4247436383698657,796540400
2024-08-02,3.3709568977355957,3.406162726684106,3.3650892207176932,3.3836701202214163,1299773300
2024-08-05,3.3328170776367188,3.3973610555597533,3.3318392092314895,3.355309683069258,2018310938
2024-08-06,3.3328170776367188,3.3621552282236533,3.3064127654243674,3.352375844694675,1293627530
2024-08-07,3.3259716033935547,3.3494420777317244,3.3161922196560756,3.3259716033935547,612543796
2024-08-08,3.329883337020874,3.353353811547689,3.3083685993619345,3.3210818216387303,854107231
2024-08-09,3.318147897720337,3.3543318267509457,3.317170029311584,3.3406405032339253,604053582
2024-08-12,3.3142361640930176,3.3269493859394577,3.3083684873702155,3.316192134053583,510219975
2024-08-13,3.3191261291503906,3.3230378360973454,3.2976113912037803,3.316192290650448,695806300
2024-08-14,3.2956552505493164,3.320103825730274,3.294677382152924,3.320103825730274,561099800
2024-08-15,3.3328170776367188,3.3474862695096337,3.286853998366411,3.2907657051462236,1904638108
2024-08-16,3.334773063659668,3.3465081840555975,3.3230377101048423,3.328905386882255,1640761708
2024-08-19,3.3435745239257812,3.3680231007488177,3.331839402904207,3.3337951398283483,747825318
2024-08-20,3.327927589416504,3.3504201954368162,3.3132583971602565,3.3484642254163495,1594474848
2024-08-21,3.313258409500122,3.3308612071142774,3.299567318782567,3.3161922479622983,1055369805
2024-08-22,3.304456949234009,3.3201040102403176,3.2966335353103076,3.315214434827731,1250479415
2024-08-23,3.318147897720337,3.3298832512609553,3.296633393774397,3.296633393774397,820342800
2024-08-26,3.3191261291503906,3.331839351597173,3.3034790682036657,3.320103997597403,1400679914
2024-08-27,3.3025012016296387,3.3152144240836314,3.2927218176772524,3.312280585582025,1214220097
2024-08-28,3.282942295074463,3.302501062153199,3.2712069415636633,3.2956552838326356,1995580276
2024-08-29,3.273162841796875,3.28783203441777,3.2663172962934266,3.2751188118659633,1508247743
2024-08-30,3.3171701431274414,3.3474863964279256,3.2682732236286482,3.2682732236286482,1785899811
2024-09-02,3.2584939002990723,3.3083686891672626,3.2565379302192006,3.306412952246299,1133306500
2024-09-03,3.2702291011810303,3.278052514816008,3.2545820407521777,3.2565377775814737,1293552308
2024-09-04,3.24969220161438,3.2692509686756672,3.2477364648035882,3.257515848334232,680305800
2024-09-05,3.256537914276123,3.2663172983097875,3.246758530242458,3.2526262072944383,1600555757
2024-09-06,3.2291555404663086,3.271206912629532,3.2271995705121777,3.2614275291766637,793315700
2024-09-09,3.1890599727630615,3.2232879321537884,3.1783027206843295,3.219376225321422,1018897104
2024-09-10,3.1890599727630615,3.202751296414691,3.1675454686055975,3.191015942758694,866655438
2024-09-11,3.1822144985198975,3.194927720877926,3.1695012761618693,3.1812366300797117,780890193
2024-09-12,3.171457290649414,3.1998175742424033,3.169501320582726,3.187104351706198,642379317
2024-09-13,3.1567881107330322,3.185148394439996,3.1558102422752117,3.173413040310519,850468092
2024-09-18,3.166567325592041,3.1792805475000456,3.1440747201516395,3.1558100736540733,1225439069
2024-09-19,3.19297194480896,3.213508580754227,3.1450528944444365,3.1714572072766085,1634887021
2024-09-20,3.201773166656494,3.2066629750230873,3.1675454407259265,3.1861261063058506,2306561983
2024-09-23,3.2105746269226074,3.2271995553987374,3.1910158601084673,3.1968835367844877,897316534
2024-09-24,3.35139799118042,3.3533537279995684,3.220354064782741,3.240890700337175,3918516217
2024-09-25,3.3973610401153564,3.465816724507004,3.3905154949920813,3.412030231921585,3237346937
2024-09-26,3.559699296951294,3.562632902327701,3.3905156961563834,3.391493564615186,4442962141
2024-09-27,3.783647060394287,3.8462353016011765,3.589037257926697,3.6183754085578412,2559461161
2024-09-30,4.139616966247559,4.146462511674103,3.790492750540395,3.918602843074327,6370234083
2024-10-08,4.31466817855835,4.55328531630443,4.115168573798986,4.55328531630443,8629822438
2024-10-09,3.933271646499634,4.190469689819085,3.916646950973052,4.190469689819085,5409196572
2024-10-10,3.9958598613739014,4.092675827634781,3.910779248535756,3.9802130343554465,3779000075
2024-10-11,3.8892645835876465,3.9704334911725776,3.8364559585263147,3.967499885921524,4090077741
2024-10-14,3.9508748054504395,3.9704335731480036,3.8589486439036675,3.8990440477360035,3104931745
2024-10-15,3.8442795276641846,3.956742560731294,3.8403678206790044,3.9254484385320354,2613870743
2024-10-16,3.819830894470215,3.8726397540451014,3.796360419747434,3.805161935203066,2161119628
2024-10-17,3.7777795791625977,3.872639814289311,3.7768017107052834,3.843301662139714,2935435621
2024-10-18,3.9274041652679443,4.027154208664458,3.761154636977871,3.772889991061909,3620917893
2024-10-21,3.9274041652679443,3.9704336414701475,3.892198569333642,3.928382500039792,2529336395
2024-10-22,3.9508748054504395,3.956742482391489,3.912735138492518,3.9137130069297257,1666924499
2024-10-23,3.965543746948242,4.006617485352303,3.9322938886425383,3.9508747878199793,2266629209
2024-10-24,3.9225146770477295,3.9528304632660487,3.9049116465766507,3.9489189895954504,1598248721
2024-10-25,3.9508748054504395,3.9880366039711532,3.914690875366933,3.92349262393741,1685265820
2024-10-28,3.956742525100708,3.957720393548471,3.9117573122789575,3.9459850395396994,1396308141
2024-10-29,3.9244704246520996,3.989014403572041,3.9146908078131766,3.960654354111199,1794628159
2024-10-30,3.883396863937378,3.9225146312523314,3.8579704201041607,3.9127350145544217,1812859109
2024-10-31,3.883396863937378,3.9186026913096095,3.85112487494274,3.881441127124912,1763649256
2024-11-01,3.8912205696105957,3.9293602359381854,3.8736175390783703,3.876551377500408,1817756019
2024-11-04,3.943051338195801,3.94500707504371,3.8833969343154786,3.894154419614577,1249314386
2024-11-05,4.045734882354736,4.047690619153609,3.9215367355884116,3.93522782581609,2763014444
2024-11-06,4.020308494567871,4.087786078244551,3.9948820505580396,4.045734938577702,2173424760
2024-11-07,4.1542863845825195,4.156242121467303,3.9860808882281953,3.989992361997761,2788718924
2024-11-08,4.101477146148682,4.1953595080506725,4.0858303189905785,4.1875360944716205,2808023160
2024-11-11,4.12201452255249,4.1259259964436685,4.038889640233276,4.060404145588221,2304365136
2024-11-12,4.077029228210449,4.173845199875937,4.053558520054763,4.11712463271157,2304166776
2024-11-13,4.1024556159973145,4.113212635153644,4.054536331901441,4.058448271978711,1572794347
2024-11-14,4.033021926879883,4.110279131351078,4.026176381313943,4.09561017175518,1443885260
2024-11-15,3.965543746948242,4.042800948956538,3.9606544047840235,4.023242181346253,1676993542
2024-11-18,3.9489190578460693,4.0271541284237475,3.924470481711094,3.9811910477752517,1610092584
2024-11-19,3.968477725982666,3.971411331212759,3.8931762625967905,3.9508746956487357,1670544920
2024-11-20,3.978256940841675,3.994882103034873,3.948919022794359,3.9567424365191233,1548530434
2024-11-21,3.9831466674804688,3.9919479494503376,3.958698092064646,3.970433445569664,1045470681
2024-11-22,3.8657941818237305,3.9841246562180315,3.8589486364586802,3.981191050912069,1757191250
2024-11-25,3.8442795276641846,3.8843749322903722,3.8080958300231775,3.8677500027341747,1359085769
2024-11-26,3.836456060409546,3.868728050617149,3.826676676502966,3.827654544945953,784707886
2024-11-27,3.8990440368652344,3.9039338453554437,3.8149412893684107,3.8296102485212344,1451987366
2024-11-28,3.8706836700439453,3.9009999224456027,3.8609042864341294,3.8961101140612464,1072407289
2024-11-29,3.9127349853515625,3.9577201959270596,3.869705744732827,3.8726395830885245,1529771604
2024-12-02,3.9420735836029053,3.953808937664828,3.899044107481793,3.9088234914804265,981634781
2024-12-03,3.9459848403930664,3.9626100021194195,3.9166469231695786,3.941095498401009,1524423707
2024-12-04,3.925448417663574,3.951852731121806,3.914690932062883,3.9410957118389267,1006947918
2024-12-05,3.918602705001831,3.933271663782161,3.9058894830408004,3.9176248365921813,759522918
2024-12-06,3.9674999713897705,3.9948821529273237,3.9176249505050804,3.9186028189431634,1776229382
2024-12-09,3.9645657539367676,3.9899921976629424,3.941095513332613,3.9645657539367676,1246418685
2024-12-10,3.994882106781006,4.105389166410601,3.983146753023955,4.086808267348237,2482795311
2024-12-11,3.985102415084839,4.003683313798475,3.9753232646826993,3.988036486627935,1258715973
2024-12-12,4.026176452636719,4.031066261361246,3.97630142954576,3.9870589154761547,1360180433
2024-12-13,3.9313158988952637,4.001727553383054,3.923492485356129,4.001727553383054,2346569729
2024-12-16,3.9078454971313477,3.93229383976084,3.898066113447771,3.9293602344987755,989323074
2024-12-17,3.918602705001831,3.9538087656559737,3.9029556446529554,3.9049116146311507,1364669228
2024-12-18,3.935227870941162,3.9498968297364843,3.926426122609735,3.931315930980773,1023609617
2024-12-19,3.9410955905914307,3.948919004279514,3.893176307406049,3.9117572063638706,990362211
2024-12-20,3.9293601512908936,3.955764463361524,3.9234924745732216,3.9352278280085655,1223061986
2024-12-23,3.933271646499634,3.963587898654528,3.926426101344372,3.9283823044728683,1424702200
2024-12-24,3.9792349338531494,3.986080945684184,3.93327185217358,3.9352280554043677,1456343427
2024-12-25,3.9821689128875732,4.003683417383145,3.9645658821269403,3.9821689128875732,1418137500
2024-12-26,3.9831466674804688,3.9890143442329777,3.966521971946518,3.982168799074682,947023402
2024-12-27,3.9772791862487793,4.008573308361299,3.9714115092078184,3.986080934969127,1086963910
2024-12-30,3.9958598613739014,4.002705406484199,3.975323226043009,3.976301094441939,1311933462
2024-12-31,3.933271646499634,4.003683301180743,3.9313159096889274,3.9968377560254815,1843618788
2025-01-02,3.8227646350860596,3.932293825200105,3.795382454136997,3.9313159567830382,2172980338
2025-01-03,3.783647060394287,3.834499948085161,3.7680000000925644,3.8227645945691453,1593022599
2025-01-06,3.7680001258850098,3.787558893625397,3.7435517827889777,3.7797354797928033,1298673930
2025-01-07,3.7944045066833496,3.7963602434767467,3.7513750330041202,3.7601765480510845,968974000
2025-01-08,3.78853702545166,3.812985368742761,3.7308385902094825,3.7846250853452474,1409796811
2025-01-09,3.7807133197784424,3.7944046436207945,3.7719120375727386,3.777779481323574,806065805
2025-01-10,3.738662004470825,3.789514894270121,3.7376841360235784,3.779735510320941,826572500
2025-01-13,3.7239930629730225,3.7415958609023416,3.7093238703995013,3.7171475174916813,949394700
2025-01-14,3.819830894470215,3.831566248411057,3.724970893978086,3.7308385709485075,1644546233
2025-01-15,3.7973382472991943,3.817875116474524,3.7914708035508586,3.810051469545241,742049621
2025-01-16,3.7992942333221436,3.846235415618833,3.7758237587532495,3.8100514855914485,1109005172
2025-01-17,3.812007427215576,3.835477901609574,3.7826692759333542,3.7895148212499827,847699295
2025-01-20,3.8305883407592773,3.861882229016361,3.8217868253937373,3.83450004764655,920294300
2025-01-21,3.835477828979492,3.854058727720715,3.8188529002169394,3.850147020922272,743926440
2025-01-22,3.800271987915039,3.829610138537014,3.782669190805412,3.829610138537014,1099680655
2025-01-23,3.8110296726226807,3.8706838453973997,3.8080958340909348,3.8286324706542496,1038592839
2025-01-24,3.8423235416412354,3.85601486577089,3.7973383286011417,3.8032060056340073,1143647489
2025-01-27,3.8208088874816895,3.8579704519733644,3.8178750490798605,3.849169169926774,1305384964
2025-02-05,3.8012502193450928,3.847213300240566,3.793426572349944,3.8433015933224435,751549710
2025-02-06,3.84525728225708,3.8501470907129414,3.7953824950653527,3.7983163335070893,1388636482
2025-02-07,3.90002179145813,3.925448235283656,3.839389753429916,3.8462352985892663,1930631373
2025-02-10,3.9039337635040283,3.9117571771336523,3.8863307330990295,3.9009999251031955,1267264550
2025-02-11,3.888286828994751,3.9098013337523385,3.8755736065657653,3.908823465306695,999035889
2025-02-12,3.925448417663574,3.930338226238235,3.872639790747111,3.8863308817019115,978953664
2025-02-13,3.9156692028045654,3.945007121137184,3.9098012927155787,3.9205585449814655,1175822696
2025-02-14,3.945007085800171,3.9508747626776963,3.908823389267297,3.91175722770606,1292428680
2025-02-17,3.951852560043335,3.9635879135873644,3.9234925109100898,3.954786631588238,1334102006
2025-02-18,3.923492670059204,3.968477882924197,3.9078456090854363,3.945985043332795,1246591063
2025-02-19,3.9440293312072754,3.9518527451638445,3.9117573406083417,3.916647149200377,1019076858
2025-02-20,3.9322938919067383,3.944029245746211,3.9195806696336093,3.9401173056937857,1018603498
2025-02-21,3.985102415084839,3.9899922234448044,3.931315922078592,3.9430512756153924,1437266514
2025-02-24,3.9723892211914062,3.9987939999945663,3.951852585515877,3.9802131011497175,1538578218
2025-02-25,3.9322938919067383,3.9616322765054206,3.9195806696336093,3.9459849826135223,892489991
2025-02-26,3.9645657539367676,3.965543622338884,3.9303380282737583,3.9391393102105923,1345658133
2025-02-27,3.9772791862487793,3.979234923156495,3.9391395186414404,3.9665221669385287,1128585642
2025-02-28,3.9058895111083984,3.975323298188191,3.894154390631585,3.959676004567978,1329334000
2025-03-03,3.893176317214966,3.9381615289320338,3.8785073582231258,3.9068674077830563,1145768613
2025-03-04,3.8892645835876465,3.896110128824567,3.8648160078910165,3.872639654703853,1012184770
2025-03-05,3.9058895111083984,3.9107793195095772,3.8804630670036238,3.8921984206393345,1191901642
2025-03-06,3.9596760272979736,3.9723892494233395,3.9225146956619636,3.9264261693511235,1371007879
2025-03-07,3.949896812438965,3.9714113163324067,3.941095530463873,3.950874680845332,1155997084
2025-03-10,3.9342496395111084,3.952830538754683,3.910779398085912,3.9479411965730615,1442783688
2025-03-11,3.9459848403930664,3.9469627087914776,3.9019777313989414,3.9058894381514806,1002917003
2025-03-12,3.9362058639526367,3.9606544402639563,3.9293603185436043,3.9489190863290986,609231681
2025-03-13,3.916646957397461,3.9440291380634207,3.904911603878395,3.9352278560830167,641043804
2025-03-14,4.015418529510498,4.022264074452368,3.9215366370740656,3.923492373823807,1903718328
2025-03-17,4.003683567047119,4.0320440842746,3.997815889907565,4.0271542756053345,1133042029
2025-03-18,4.012485027313232,4.024219914430476,4.000749673878202,4.017374369313005,811404323
2025-03-19,4.01835298538208,4.03008787332096,3.993904408400259,4.007595499593802,879831286
2025-03-20,3.9860808849334717,4.018352875094752,3.978257004765192,4.018352875094752,875142561
2025-03-21,3.921536922454834,3.9890145084091837,3.911757305358888,3.973367680637042,1014915677
2025-03-24,3.938161611557007,3.942073551651878,3.9156692383854685,3.9205585806067975,791222086
2025-03-25,3.940117359161377,3.949896976266249,3.928382471480464,3.9391394907144517,611531644
2025-03-26,3.9244704246520996,3.950874737272276,3.921536819391101,3.936205778331688,774255385
2025-03-27,3.938161611557007,3.960654451046353,3.90686748975146,3.9225147838131376,801525164
2025-03-28,3.9195806980133057,3.9401173342221774,3.911757284169613,3.938161597340706,704304791
2025-03-31,3.8961100578308105,3.9352278248644055,3.881441099207244,3.9156690579270546,902172863
2025-04-01,3.8941545486450195,3.9146909520230255,3.8912207101170453,3.900021992542061,615015541
2025-04-02,3.8912205696105957,3.907845498562876,3.883396922765529,3.8951322764536798,629117600
2025-04-03,3.871661901473999,3.892198537795754,3.8560148405417025,3.860904415931161,1114330792
2025-04-07,3.61348557472229,3.7552867516855413,3.524493255049777,3.7161692177865606,6560988000
2025-04-08,3.6477136611938477,3.656515176576985,3.5900152267247805,3.616419539715292,5853533299
2025-04-09,3.682919502258301,3.6907429160754472,3.5968607844751785,3.6134857137057916,1698201419
2025-04-10,3.7445297241210938,3.762132522166545,3.7142137034810188,3.732794369984854,1429631663
2025-04-11,3.755286931991577,3.7660444175415315,3.7161693962144104,3.7259487801587023,861984187
2025-04-14,3.763110399246216,3.7797353278413053,3.757242722528209,3.773867651123299,941570983
2025-04-15,3.7660443782806396,3.771912055217825,3.74061793365877,3.75919883290689,981793477
2025-04-16,3.774845600128174,3.7836471153931237,3.726926783278654,3.7562649343362553,2177133740
2025-04-17,3.7777795791625977,3.7856032262978347,3.7562650741482377,3.757242942605552,1387340598
2025-04-18,3.7875587940216064,3.7934264708211973,3.762132349995978,3.7719119667678935,1378050739
2025-04-21,3.7895147800445557,3.8002720321167307,3.7719119827301872,3.7797353963901514,712631513
2025-04-22,3.7924487590789795,3.807117718525055,3.7875589504910163,3.789514920557983,752043609
2025-04-23,3.7963602542877197,3.8208088295459453,3.7875587392156915,3.8061396377592316,615504094
2025-04-24,3.7963602542877197,3.8168971227891197,3.7856030024167255,3.7963602542877197,487361469
2025-04-25,3.7963602542877197,3.8129851828734003,3.789514709173551,3.8012500626029224,577193480
2025-04-28,3.7904927730560303,3.8002721570318836,3.77875765218035,3.797338318523237,624709030
2025-04-29,3.783647060394287,3.7944045455035997,3.776801515229576,3.788536868745592,494734986
2025-04-30,3.7807133197784424,3.8002720873716296,3.7787575829144644,3.7846250266652994,500453684
2025-05-06,3.81689715385437,3.819830759076696,3.79440454837094,3.8002719919744865,717825309
2025-05-07,3.8403677940368652,3.874595521368377,3.823742864596001,3.862860400494247,1047081171
2025-05-08,3.8628602027893066,3.8785072629795545,3.8315660824088114,3.8315660824088114,782005719
2025-05-09,3.8579704761505127,3.862860284570504,3.845257254049214,3.85894857772985,693374829
2025-05-12,3.901977777481079,3.903933747459895,3.8697057883634405,3.875573465140992,836500229
2025-05-13,3.9058895111083984,3.9234925415619646,3.900021834290543,3.922514673145288,793400917
2025-05-14,3.9557645320892334,3.976301167798997,3.9039337754474417,3.906867380698353,1214790218
2025-05-15,3.9225146770477295,3.951852594848399,3.915669131806387,3.9489189895954504,817722375
2025-05-16,3.9010000228881836,3.9205585574525097,3.889264668990685,3.91371301206527,730283731
2025-05-19,3.895132303237915,3.9000218785356675,3.8775292725846455,3.8961101716656854,556298093
2025-05-20,3.9146907329559326,3.9274039548127506,3.8921983607649873,3.896110067530417,549987479
2025-05-21,3.930338144302368,3.942073498109782,3.914690850453215,3.9156691852020016,560603133
2025-05-22,3.928382396697998,3.9381615472988996,3.914690839748254,3.929360265126308,491932009
2025-05-23,3.90002179145813,3.942073397137958,3.8990439230521927,3.9410955287320206,845089070
2025-05-26,3.8794851303100586,3.9049115739673415,3.8687278784392443,3.894154322096527,740485719
2025-05-27,3.8589487075805664,3.8814413141198085,3.852102928930444,3.8775293739886223,578288400
2025-05-28,3.855036735534668,3.8687280595626605,3.851125028594772,3.859926544078716,539920166
2025-05-29,3.878507375717163,3.891220597918847,3.8521028297267343,3.8579705066134964,891039442
2025-05-30,3.871661901473999,3.8765514768634577,3.8452573549988647,3.871661901473999,737030741
2025-06-03,3.86970591545105,3.8843748747177864,3.85503672302541,3.858948663111516,596786798
2025-06-04,3.8863308429718018,3.8970880953063833,3.87068378211129,3.871661883711818,464543350
2025-06-05,3.8961100578308105,3.9058894412994856,3.8794851292499515,3.8902423811178264,531965733
2025-06-06,3.8980660438537598,3.9107792657313243,3.8902423971512388,3.8990439122569898,488880795
2025-06-09,3.906867504119873,3.9215369297912352,3.896110251716675,3.9010000602737955,581098178
2025-06-10,3.8843748569488525,3.9166470801376327,3.8706837661868203,3.9088234331601126,771051770
2025-06-11,3.9156692028045654,3.9352279704655793,3.8863308181541423,3.8863308181541423,1103509525
2025-06-12,3.9176249504089355,3.9244704957931558,3.8921985057481727,3.909801303427753,690087151
2025-06-13,3.8921985626220703,3.913713067527166,3.8794853401059197,3.9098013605588675,698016832
2025-06-16,3.901977777481079,3.905889484279815,3.883396878738464,3.88633071712724,649326744
2025-06-17,3.9010000228881836,3.9088234367139143,3.88633083051631,3.902955759765165,482891300
2025-06-18,3.9040000438690186,3.9100000858306885,3.881999969482422,3.9030001163482666,480803410
2025-06-19,3.872999906539917,3.8989999294281006,3.86299991607666,3.8980000019073486,600788572
2025-06-20,3.878000020980835,3.888000011444092,3.871000051498413,3.871999979019165,423044140
2025-06-23,3.8910000324249268,3.9019999504089355,3.861999988555908,3.86899995803833,749244714
2025-06-24,3.936000108718872,3.950000047683716,3.8959999084472656,3.8959999084472656,1224554880
2025-06-25,4.000999927520752,4.002999782562256,3.934999942779541,3.938999891281128,1724116122
2025-06-26,3.9860000610351562,4.004000186920166,3.984999895095825,3.994999885559082,937967872
2025-06-27,3.9630000591278076,4.013000011444092,3.9579999446868896,3.990000009536743,1069691383
2025-06-30,3.9820001125335693,3.984999895095825,3.9560000896453857,3.9609999656677246,1081958996
2025-07-01,3.98799991607666,3.992000102996826,3.9690001010894775,3.9800000190734863,640686095
2025-07-02,3.992000102996826,3.999000072479248,3.9749999046325684,3.984999895095825,518883509
2025-07-03,4.014999866485596,4.019999980926514,3.990999937057495,3.99399995803833,686381903
2025-07-04,4.0320000648498535,4.065000057220459,4.004000186920166,4.011000156402588,1052562084
2025-07-07,4.013999938964844,4.0320000648498535,4.005000114440918,4.026000022888184,402251440
2025-07-08,4.047999858856201,4.056000232696533,4.013000011444092,4.015999794006348,612248738
2025-07-09,4.045000076293945,4.068999767303467,4.039999961853027,4.047999858856201,647660804
2025-07-10,4.065000057220459,4.090000152587891,4.044000148773193,4.045000076293945,632387667
2025-07-11,4.078999996185303,4.130000114440918,4.065000057220459,4.065999984741211,1264855146
2025-07-14,4.078000068664551,4.093999862670898,4.076000213623047,4.078000068664551,820547885
2025-07-15,4.078000068664551,4.104000091552734,4.052999973297119,4.081999778747559,807481346
2025-07-16,4.068999767303467,4.0929999351501465,4.056000232696533,4.078999996185303,479181889
2025-07-17,4.1020002365112305,4.103000164031982,4.067999839782715,4.068999767303467,597822533
2025-07-18,4.131999969482422,4.136000156402588,4.105000019073486,4.107999801635742,713129616
2025-07-21,4.1570000648498535,4.159999847412109,4.133999824523926,4.13700008392334,767461325
2025-07-22,4.201000213623047,4.203000068664551,4.142000198364258,4.158999919891357,1082109050
2025-07-23,4.198999881744385,4.234000205993652,4.188000202178955,4.203999996185303,994731531
2025-07-24,4.224999904632568,4.228000164031982,4.190000057220459,4.195000171661377,885235951
2025-07-25,4.203000068664551,4.224999904632568,4.192999839782715,4.224999904632568,820085976
2025-07-28,4.214000225067139,4.2230000495910645,4.185999870300293,4.203000068664551,602771297
2025-07-29,4.235000133514404,4.236000061035156,4.191999912261963,4.208000183105469,805978553
2025-07-30,4.23199987411499,4.264999866485596,4.206999778747559,4.2270002365112305,950252156
2025-07-31,4.15500020980835,4.2210001945495605,4.142000198364258,4.2210001945495605,1122912575
2025-08-01,4.132999897003174,4.1620001792907715,4.118000030517578,4.1479997634887695,611567102
2025-08-04,4.1519999504089355,4.1539998054504395,4.117000102996826,4.122000217437744,435567200
2025-08-05,4.183000087738037,4.184999942779541,4.151000022888184,4.1539998054504395,548068072
2025-08-06,4.193999767303467,4.198999881744385,4.176000118255615,4.181000232696533,408944907
2025-08-07,4.192999839782715,4.210000038146973,4.171000003814697,4.196000099182129,533965616
2025-08-08,4.183000087738037,4.201000213623047,4.175000190734863,4.188000202178955,423062400
2025-08-11,4.202000141143799,4.2179999351501465,4.183000087738037,4.183000087738037,688151892
2025-08-12,4.228000164031982,4.236999988555908,4.199999809265137,4.199999809265137,482487210
2025-08-13,4.263000011444092,4.271999835968018,4.229000091552734,4.234000205993652,758840813
2025-08-14,4.25600004196167,4.302999973297119,4.248000144958496,4.264999866485596,887934379
2025-08-15,4.295000076293945,4.302000045776367,4.239999771118164,4.242000102996826,1071833947
2025-08-18,4.327000141143799,4.360000133514404,4.284999847412109,4.297999858856201,1009247534
2025-08-19,4.304999828338623,4.3470001220703125,4.296999931335449,4.326000213623047,774332431
2025-08-20,4.363999843597412,4.364999771118164,4.267000198364258,4.295000076293945,1378416563
2025-08-21,4.377999782562256,4.394000053405762,4.357999801635742,4.368000030517578,913002468
2025-08-22,4.479000091552734,4.484000205993652,4.374000072479248,4.375,1360263420
2025-08-25,4.565000057220459,4.572000026702881,4.497000217437744,4.500999927520752,1456091826
2025-08-26,4.540999889373779,4.572000026702881,4.5269999504089355,4.553999900817871,1114294146
2025-08-27,4.474999904632568,4.585000038146973,4.4730000495910645,4.540999889373779,1412690404
2025-08-28,4.559000015258789,4.560999870300293,4.452000141143799,4.468999862670898,1276415694
2025-08-29,4.60099983215332,4.61299991607666,4.539999961853027,4.550000190734863,1355057364
2025-09-01,4.616000175476074,4.624000072479248,4.579999923706055,4.60699987411499,1193986671
2025-09-02,4.590000152587891,4.64300012588501,4.550000190734863,4.61299991607666,1034412186
2025-09-03,4.548999786376953,4.609000205993652,4.519999980926514,4.5920000076293945,918862472
2025-09-04,4.455999851226807,4.554999828338623,4.415999889373779,4.546000003814697,1420822833
2025-09-05,4.553999900817871,4.563000202178955,4.441999912261963,4.449999809265137,1060332474
2025-09-08,4.554999828338623,4.572999954223633,4.52400016784668,4.553999900817871,1034021993
2025-09-09,4.5279998779296875,4.564000129699707,4.501999855041504,4.545000076293945,680354536
2025-09-10,4.538000106811523,4.561999797821045,4.506999969482422,4.526000022888184,608658332
2025-09-11,4.659999847412109,4.6620001792907715,4.517000198364258,4.5269999504089355,978341822
2025-09-12,4.620999813079834,4.664000034332275,4.614999771118164,4.6620001792907715,915858027
2025-09-15,4.629000186920166,4.6620001792907715,4.613999843597412,4.622000217437744,721191518
2025-09-16,4.619999885559082,4.6519999504089355,4.591000080108643,4.631999969482422,788903361
2025-09-17,4.6529998779296875,4.658999919891357,4.598999977111816,4.614999771118164,715407882
2025-09-18,4.593999862670898,4.676000118255615,4.553999900817871,4.65500020980835,1187372710
2025-09-19,4.604000091552734,4.632999897003174,4.586999893188477,4.590000152587891,731613811
2025-09-22,4.61899995803833,4.620999813079834,4.581999778747559,4.604000091552734,629276623
2025-09-23,4.622000217437744,4.656000137329102,4.558000087738037,4.626999855041504,1055000135
2025-09-24,4.663000106811523,4.664000034332275,4.5960001945495605,4.5970001220703125,1004485867
2025-09-25,4.695000171661377,4.7179999351501465,4.6570000648498535,4.663000106811523,771336231
2025-09-26,4.651000022888184,4.698999881744385,4.650000095367432,4.677000045776367,715305937
2025-09-29,4.728000164031982,4.755000114440918,4.639999866485596,4.6479997634887695,1195436520
2025-09-30,4.741000175476074,4.75,4.71999979019165,4.734000205993652,740380927
2025-10-09,4.815999984741211,4.835999965667725,4.75,4.754000186920166,897090608
2025-10-10,4.718999862670898,4.794000148773193,4.703999996185303,4.7870001792907715,1174642559
2025-10-13,4.691999912261963,4.703999996185303,4.5960001945495605,4.5980000495910645,965836187
2025-10-14,4.644999980926514,4.739999771118164,4.619999885559082,4.724999904632568,1161909516
2025-10-15,4.705999851226807,4.715000152587891,4.626999855041504,4.6479997634887695,997401276
2025-10-16,4.7210001945495605,4.747000217437744,4.689000129699707,4.689000129699707,812463337
2025-10-17,4.624000072479248,4.723999977111816,4.611999988555908,4.715000152587891,840058205
2025-10-20,4.639999866485596,4.677999973297119,4.624000072479248,4.651000022888184,764417805
2025-10-21,4.710000038146973,4.7230000495910645,4.6519999504089355,4.656000137329102,959868519
2025-10-22,4.695000171661377,4.708000183105469,4.668000221252441,4.690000057220459,554484198
2025-10-23,4.7129998207092285,4.718999862670898,4.642000198364258,4.686999797821045,699342841
2025-10-27,4.826000213623047,4.830999851226807,4.796000003814697,4.808000087738037,758524912
2025-10-28,4.802000045776367,4.849999904632568,4.791999816894531,4.815000057220459,725949138
2025-10-29,4.861999988555908,4.863999843597412,4.809999942779541,4.809999942779541,679278356
2025-10-30,4.822999954223633,4.874000072479248,4.815999984741211,4.857999801635742,816461854
2025-10-31,4.75600004196167,4.826000213623047,4.755000114440918,4.818999767303467,1432568620
2025-11-03,4.763000011444092,4.767000198364258,4.704999923706055,4.751999855041504,775988137
2025-11-04,4.729000091552734,4.7729997634887695,4.705999851226807,4.760000228881836,1201524329
2025-11-05,4.735000133514404,4.750999927520752,4.668000221252441,4.691999912261963,763353285
2025-11-06,4.804999828338623,4.813000202178955,4.742000102996826,4.742000102996826,732664905
2025-11-07,4.795000076293945,4.811999797821045,4.77400016784668,4.789999961853027,539255553
2025-11-10,4.807000160217285,4.810999870300293,4.763000011444092,4.796999931335449,448348844
2025-11-11,4.763000011444092,4.823999881744385,4.756999969482422,4.814000129699707,565193563
2025-11-12,4.764999866485596,4.7829999923706055,4.730999946594238,4.754000186920166,523690675
2025-11-13,4.811999797821045,4.815000057220459,4.751999855041504,4.756999969482422,645956059
2025-11-14,4.741000175476074,4.796000003814697,4.738999843597412,4.784999847412109,593631715
2025-11-17,4.710000038146973,4.739999771118164,4.690999984741211,4.730000019073486,752466929
2025-11-18,4.683000087738037,4.7170000076293945,4.664000034332275,4.699999809265137,856823933
2025-11-19,4.697000026702881,4.7170000076293945,4.677999973297119,4.677999973297119,856961494
2025-11-20,4.676000118255615,4.729000091552734,4.672999858856201,4.723999977111816,561939501
2025-11-21,4.564000129699707,4.6539998054504395,4.561999797821045,4.644999980926514,1496400410
2025-11-24,4.557000160217285,4.585000038146973,4.5329999923706055,4.578999996185303,1155747722
2025-11-25,4.5970001220703125,4.623000144958496,4.578999996185303,4.579999923706055,895940577
2025-11-26,4.625999927520752,4.645999908447266,4.593999862670898,4.599999904632568,914079306
2025-11-27,4.622000217437744,4.673999786376953,4.618000030517578,4.629000186920166,479369411
2025-11-28,4.635000228881836,4.642000198364258,4.603000164031982,4.620999813079834,519234054
2025-12-01,4.686999797821045,4.688000202178955,4.638999938964844,4.645999908447266,578301370
2025-12-02,4.665999889373779,4.685999870300293,4.651000022888184,4.685999870300293,383444900
2025-12-03,4.644999980926514,4.684000015258789,4.635000228881836,4.664999961853027,395034780
2025-12-04,4.6570000648498535,4.671000003814697,4.627999782562256,4.6479997634887695,402618836
2025-12-05,4.697999954223633,4.710000038146973,4.64300012588501,4.656000137329102,687203054
2025-12-08,4.73199987411499,4.754000186920166,4.709000110626221,4.710999965667725,826343751
2025-12-09,4.708000183105469,4.738999843597412,4.693999767303467,4.7270002365112305,700105499
2025-12-11,4.668000221252441,4.7220001220703125,4.6620001792907715,4.708000183105469,619944253
