Date,Close,High,Low,Open,Volume
,510500.SS,510500.SS,510500.SS,510500.SS,510500.SS
2013-02-06,3.460946559906006,3.460946559906006,3.460946559906006,3.460946559906006,0
2013-02-08,3.461643695831299,3.461643695831299,3.461643695831299,3.461643695831299,0
2013-02-22,3.4381539821624756,3.4381539821624756,3.4381539821624756,3.4381539821624756,0
2013-03-01,3.50067400932312,3.50067400932312,3.50067400932312,3.50067400932312,0
2013-03-08,3.447139263153076,3.447139263153076,3.447139263153076,3.447139263153076,0
2013-03-14,3.3442044258117676,3.3442044258117676,3.3442044258117676,3.3442044258117676,0
2013-03-15,3.350071668624878,3.350071668624878,3.350071668624878,3.350071668624878,0
2013-03-18,3.307245969772339,3.307245969772339,3.307245969772339,3.307245969772339,0
2013-03-19,3.3176064491271973,3.3176064491271973,3.3176064491271973,3.3176064491271973,0
2013-03-20,3.4025802612304688,3.4025802612304688,3.4025802612304688,3.4025802612304688,0
2013-03-21,3.0005226135253906,3.0035435134780357,2.9583066563085096,2.9703710955890523,22419295
2013-03-22,3.012587070465088,3.0156079704354406,2.9824355523520074,3.0005226311138258,19567765
2013-03-25,3.0035436153411865,3.015608055030887,2.9824356360168833,3.01258715497579,9793849
2013-03-26,2.9733822345733643,2.99449990840808,2.940209817412657,2.985446673589041,1724128
2013-03-27,2.982435464859009,3.0095755470457464,2.9251341697540476,2.9703710258616702,8390810
2013-03-28,2.901015043258667,2.9402098695071013,2.8648217255703656,2.934187461007121,2964776
2013-03-29,2.9040262699127197,2.922123044321363,2.891961830590211,2.9040262699127197,24145726
2013-04-01,2.9191019535064697,2.9402096999585434,2.9010148759702967,2.9070472106620358,6632927
2013-04-02,2.885929584503174,2.949262982275944,2.8798972497135438,2.9040261271725667,995047
2013-04-03,2.867842674255371,2.8949829882752955,2.8527573348296817,2.8889506531331666,2182811
2013-04-08,2.8738749027252197,2.8738749027252197,2.774357651482222,2.774357651482222,19976103
2013-04-09,2.901015043258667,2.904026247508657,2.8738749605498093,2.8738749605498093,5799266
2013-04-10,2.8919618129730225,2.910058587271424,2.8738749652142523,2.8798973737240074,2209227
2013-04-11,2.885929584503174,2.9100584619621968,2.873874841463118,2.9100584619621968,4773113
2013-04-12,2.8618104457855225,2.885929627917929,2.855778110905144,2.8708537539866605,8787262
2013-04-15,2.8105413913726807,2.846734709860298,2.801497851883371,2.846734709860298,1731199
2013-04-16,2.8437137603759766,2.8467346603299792,2.7562611768000354,2.7562611768000354,2724517
2013-04-17,2.867842674255371,2.8738750093974996,2.8346702559430805,2.840702591085209,3517350
2013-04-18,2.8768861293792725,2.8919617726730835,2.8075300904862934,2.8075300904862934,1605138
2013-04-19,2.9371986389160156,2.9432309739015134,2.8829184739850904,2.8829184739850904,2341693
2013-04-22,2.9552953243255615,2.9552953243255615,2.922122907870204,2.925134112002814,1251770
2013-04-23,2.870853900909424,2.9492631775790055,2.867842696584806,2.940209942375193,1919592
2013-04-24,2.9281551837921143,2.9281551837921143,2.867842682143764,2.8738750173024856,1063069
2013-04-25,2.8919618129730225,2.946242209328596,2.8919618129730225,2.9311665658247037,6247145
2013-04-26,2.8437137603759766,2.897994156897789,2.8346702210440156,2.89498295263369,4473202
2013-05-02,2.852757453918457,2.8618106894297086,2.8226059343386813,2.834670374276808,4805889
2013-05-03,2.913069725036621,2.9191020599483224,2.8768861038053264,2.8768861038053264,3187055
2013-05-06,2.964339017868042,2.9703711221373466,2.913069825175136,2.913069825175136,7023638
2013-05-07,2.9703712463378906,2.9824356862307138,2.95227447107377,2.9583068064450675,5856663
2013-05-08,3.0005226135253906,3.0035435134780357,2.9673501956364072,2.9673501956364072,5429502
2013-05-09,3.0005226135253906,3.0065547177407823,2.9703710955890523,3.0005226135253906,2609772
2013-05-10,3.0186192989349365,3.0216401990296022,2.991479214835174,2.991479214835174,7448872
2013-05-13,3.027662515640259,3.033694850345364,3.006554538291668,3.006554538291668,7454486
2013-05-14,2.994499921798706,3.02465143920792,2.979414582829248,3.02465143920792,3572360
2013-05-15,3.039727210998535,3.039727210998535,2.997511252734927,2.997511252734927,9196276
2013-05-16,3.072899580001831,3.084964019386349,3.015607978747906,3.0186191830366043,10299755
2013-05-17,3.1151154041290283,3.1271798429966977,3.048780266311105,3.048780266311105,8894682
2013-05-20,3.154320001602173,3.1603521057578274,3.1121040448033646,3.136232923125497,9574801
2013-05-21,3.1905133724212646,3.1965360118375545,3.145276514943502,3.154320054333021,9243768
2013-05-22,3.16638445854187,3.202568080538431,3.151308815063231,3.1844810019602,13033839
2013-05-23,3.1422555446624756,3.1965359403152362,3.136232905380942,3.1633732186322003,4188263
2013-05-24,3.1874923706054688,3.190513270482178,3.1362328753491924,3.142255514573055,5126382
2013-05-27,3.217653512954712,3.2266970525059095,3.190513429460746,3.190513429460746,2381667
2013-05-28,3.229707956314087,3.2327290869099676,3.1784486941231376,3.2206646484541466,2632292
2013-05-29,3.247804880142212,3.2568484192715754,3.2297081061937996,3.2297081061937996,2334794
2013-05-30,3.2568483352661133,3.265901569851648,3.2327291535465363,3.2508256961784214,4454013
2013-05-31,3.244793653488159,3.280977274595115,3.241772522772987,3.256848396730732,1847502
2013-06-03,3.2236857414245605,3.2538370282572413,3.187492423887709,3.187492423887709,1229820
2013-06-04,3.1573407649993896,3.214632362714864,3.1302006836178857,3.2086002588200415,2788663
2013-06-05,3.169395685195923,3.181460124510011,3.142255602296627,3.154320041610715,870519
2013-06-06,3.1121041774749756,3.163373371387573,3.1121041774749756,3.163373371387573,1558786
2013-06-07,3.054802894592285,3.130200968236804,3.0397272504793946,3.1151156284336485,2361199
2013-06-13,2.9673502445220947,3.0397271857078287,2.913069847130427,3.0397271857078287,1496610
2013-06-14,3.0336949825286865,3.0367158824326523,2.9673501478198165,2.9673501478198165,2295795
2013-06-17,3.0336949825286865,3.0578238607009536,3.0156079041643506,3.0457594216148203,2927043
2013-06-18,3.042747974395752,3.0548027177439874,3.009575557173833,3.048780309339599,747244
2013-06-19,3.030683755874634,3.042748195790398,2.9854468963232783,3.042748195790398,5872330
2013-06-20,2.934187412261963,3.0216399939752976,2.931166512372301,3.0065546550566262,3980939
2013-06-21,2.913069725036621,2.931166498921971,2.8286380436003826,2.92513416401027,6449127
2013-06-24,2.7381644248962402,2.9160907243106906,2.7110243418376943,2.9160907243106906,1667557
2013-06-25,2.726109504699707,2.798476744943608,2.527075239380719,2.7351530435202926,8519866
2013-06-26,2.7803900241851807,2.7803900241851807,2.7080128541213755,2.714045189121574,3435735
2013-06-27,2.7321417331695557,2.828638085871227,2.726109629017465,2.7894333333285073,2269297
2013-06-28,2.7381644248962402,2.7864221824357562,2.695948467314265,2.7441967600135606,1049427
2013-07-01,2.789433479309082,2.958306780082304,2.7200774363665534,2.7351533113903677,4208775
2013-07-02,2.840702533721924,2.8437137379622897,2.7803900334573823,2.783401237697748,1248917
2013-07-03,2.840702533721924,2.8467346378924816,2.7140451981725255,2.7954656768886217,1152617
2013-07-04,2.864821672439575,2.8979940895728156,2.8135624079123582,2.8226057161844693,737196
2013-07-05,2.852757453918457,2.901015213670964,2.852757453918457,2.8798975382215857,1243304
2013-07-08,2.7472174167633057,2.85275707052437,2.7472174167633057,2.774357497418964,678008
2013-07-09,2.756261110305786,2.762293214378365,2.7261095930833,2.738164336388542,357930
2013-07-10,2.8437137603759766,2.8467346603299792,2.7562611768000354,2.7562611768000354,840341
2013-07-11,2.9281551837921143,2.952274367037425,2.849746138367126,2.8557782426760845,1448860
2013-07-12,2.9040262699127197,2.9583066665989577,2.8979941656763453,2.922123044321363,1404128
2013-07-15,2.9552953243255615,2.9583065284581718,2.907047264978445,2.922122907870204,1139045
2013-07-16,2.9914791584014893,2.9914791584014893,2.9402099647236892,2.9552955352312646,862883
2013-07-17,2.9522743225097656,3.0065547190304738,2.940209883224048,2.9794146361949996,630218
2013-07-18,2.946242094039917,2.9643388676301785,2.9160905773622248,2.925134116312609,566837
2013-07-19,2.8798975944519043,2.970371315488823,2.8798975944519043,2.9462424351414507,647435
2013-07-22,2.934187412261963,2.934187412261963,2.8467345996988738,2.8678425778672305,411010
2013-07-23,3.0035436153411865,3.0065548197060563,2.9371987773131796,2.9402099816780494,1196929
2013-07-24,3.0186192989349365,3.030683738782662,2.9703712352343894,2.9945001149298403,897975
2013-07-25,2.9673502445220947,3.0427480857102416,2.9613276050476216,3.0427480857102416,606683
2013-07-26,2.96132755279541,2.976403427170815,2.9251342349961402,2.949263113528987,872627
2013-07-29,2.901015043258667,2.955295439526141,2.901015043258667,2.934187461007121,274268
2013-07-30,2.885929584503174,2.91910200087704,2.840702425089252,2.9010149230473536,919450
2013-07-31,2.9040262699127197,2.937198687917093,2.8889506263169897,2.8889506263169897,996957
2013-08-01,2.9854466915130615,2.9854466915130615,2.910058548459433,2.9130697526741494,2158742
2013-08-02,2.9914791584014893,3.018619241989259,2.9884679540539834,2.9945000584391663,829594
2013-08-05,3.042747974395752,3.042747974395752,2.9884678098396082,2.9884678098396082,1245947
2013-08-06,3.072899580001831,3.084964019386349,2.8949829762826957,2.8949829762826957,1116123
2013-08-07,3.0336949825286865,3.0879751473016674,3.0306835474647076,3.0698882997870873,5974518
2013-08-08,3.039727210998535,3.0668672944952946,3.0186192318667313,3.0186192318667313,5716235
2013-08-09,3.054802894592285,3.0759205696885106,3.021640171140217,3.0578240255088365,572949
2013-08-12,3.109092950820923,3.1121041551606283,3.054802857246083,3.054802857246083,2223543
2013-08-13,3.121147632598877,3.121147632598877,3.100039653871086,3.100039653871086,4691718
2013-08-14,3.106071949005127,3.1362329315640673,3.094007509811599,3.112104053177012,3477826
2013-08-15,3.0668671131134033,3.115115403738212,3.063855908954085,3.1030604297118702,579275
2013-08-16,3.0005226135253906,3.11511551073563,3.0005226135253906,3.048780370647562,2839142
2013-08-19,3.0517916679382324,3.0548028722927696,2.9794147257386037,2.982435625783335,6302463
2013-08-20,3.0336949825286865,3.0698882997870873,3.0276626475607418,3.042747986550841,504836
2013-08-21,3.054802894592285,3.060835229885355,3.030683710809806,3.0336951460360924,359707
2013-08-22,3.0698883533477783,3.08194309695449,3.0517915789779635,3.060835118317915,965239
2013-08-23,3.060835123062134,3.090996105925561,3.0095756263695814,3.0186191657235506,914703
2013-08-26,3.1271798610687256,3.130200760935446,3.0608350271778275,3.0668671312216462,1488865
2013-08-27,3.15130877494812,3.15130877494812,3.1211475618351683,3.1241684617364034,1246336
2013-08-28,3.133212089538574,3.160352172668238,3.0789316924294843,3.133212089538574,994306
2013-08-29,3.133212089538574,3.14225562896838,3.1060720064089105,3.133212089538574,854617
2013-08-30,3.1000397205352783,3.1513089141623545,3.0849640765825557,3.12416859975167,2103425
2013-09-02,3.106071949005127,3.1211475924396828,3.075920431286257,3.112104053177012,437107
2013-09-03,3.16638445854187,3.172416562731394,3.0940075188588922,3.0940075188588922,2991103
2013-09-04,3.1633732318878174,3.178448875259685,3.1422555578296025,3.1603521011197655,1003694
2013-09-05,3.18146014213562,3.190513377228745,3.1392444154172368,3.1422556197050384,2193549
2013-09-06,3.2055888175964355,3.211621152329204,3.154319859036446,3.157340758822639,4199929
2013-09-09,3.229707956314087,3.2417723947699075,3.1693954597242184,3.2206646484541466,1593694
2013-09-10,3.2568483352661133,3.265901569851648,3.2206647148420298,3.2297080228883805,1072960
2013-09-11,3.244793653488159,3.274944939704143,3.1362328636279195,3.2628805007719515,596418
2013-09-12,3.2266969680786133,3.262880590177024,3.0156079483148814,3.0156079483148814,1155099
2013-09-13,3.2357404232025146,3.2809772791283645,3.208600341124832,3.2266968841232466,558355
2013-09-16,3.232729434967041,3.265901854159929,3.214632659910019,3.214632659910019,550377
2013-09-17,3.2236857414245605,3.2387613848409007,3.2116213022456104,3.2327292806763044,323450
2013-09-18,3.232729434967041,3.253837183555402,3.1935246804718895,3.214632659910019,200039
2013-09-23,3.296052932739258,3.308117371726486,3.2266968943847534,3.2266968943847534,963301
2013-09-24,3.296052932739258,3.3141497066449768,3.262880515656774,3.3141497066449768,682049
2013-09-25,3.3020853996276855,3.323193147716772,3.274945085529259,3.274945085529259,1921027
2013-09-26,3.262880563735962,3.302085316314626,3.2447937161031466,3.2568484595783405,385485
2013-09-27,3.244793653488159,3.259869296596151,3.2266968796649955,3.2297080838407957,221408
2013-09-30,3.314149856567383,3.314149856567383,3.2447938150754148,3.2508259194170264,532635
2013-10-08,3.326214075088501,3.3292252792141754,3.1754278669005367,3.2839884241038653,999755
2013-10-09,3.3654186725616455,3.3654186725616455,3.3171609165298785,3.326214151343113,1347917
2013-10-10,3.3503334522247314,3.386526770529299,3.2960530550330214,3.386526770529299,3916941
2013-10-11,3.4016025066375732,3.4016025066375732,3.3231932284469092,3.3231932284469092,1209615
2013-10-14,3.43477463722229,3.437785841352287,3.40461342492572,3.4196989943436154,1656466
2013-10-15,3.4438183307647705,3.4498504349850516,3.4166782479189393,3.4377859956947296,792869
2013-10-16,3.3473222255706787,3.4227103702876254,3.332246351085472,3.41667826603536,4201487
2013-10-17,3.323193073272705,3.3895379086029713,3.3171609690980186,3.3744622651614136,9231036
2013-10-18,3.356365442276001,3.3623977772129865,3.3231930250918142,3.3623977772129865,1100849
2013-10-21,3.4377858638763428,3.4377858638763428,3.3503332836220876,3.356365387611074,1126456
2013-10-22,3.404613494873047,3.452871481708963,3.395570186607792,3.404613494873047,992294
2013-10-23,3.3201818466186523,3.422710303164399,3.2990738682951317,3.4046135290629786,3478811
2013-10-24,3.308117389678955,3.3231930329375325,3.2839885115735568,3.302085285577483,4003096
2013-10-25,3.2206649780273438,3.305106360169807,3.202568203066883,3.305106360169807,1713105
2013-10-28,3.214632511138916,3.235740489600182,3.19352453267765,3.2266969503353398,1040045
2013-10-29,3.1271798610687256,3.235740420125989,3.0487802839300606,3.1965358991367214,3086673
2013-10-30,3.1784489154815674,3.1814601197481798,3.1151155147347995,3.1241685189144586,1087622
2013-10-31,3.1422555446624756,3.181460066156785,3.1392443404465866,3.181460066156785,617221
2013-11-01,3.1302008628845215,3.169395689460722,3.0970284448586636,3.169395689460722,623259
2013-11-04,3.1452765464782715,3.1633733211287134,3.1332121069945646,3.136233006998081,732569
2013-11-05,3.1874923706054688,3.190513270482178,3.1151154324314385,3.1302007712854287,810313
2013-11-06,3.1633732318878174,3.211621292771473,3.1603521011197655,3.169395640344831,414648
2013-11-07,3.1151154041290283,3.154319924891732,3.1090927649598847,3.154319924891732,582234
2013-11-08,3.0698883533477783,3.115115514887688,3.060835118317915,3.115115514887688,271410
2013-11-11,3.0819432735443115,3.0909962782431357,3.0457596492710963,3.075920633815945,20018389
2013-11-12,3.106071949005127,3.106071949005127,3.0728995313554,3.0879751747899564,1373544
2013-11-13,3.054802894592285,3.10607208876406,3.0487804858392478,3.10607208876406,1588614
2013-11-14,3.090996026992798,3.090996026992798,3.024651423567528,3.036715862574769,2193980
2013-11-15,3.1573407649993896,3.1814599465887907,3.090995932747243,3.090995932747243,2854937
2013-11-18,3.229707956314087,3.2327290869099676,3.1693954597242184,3.1874922328328212,2889507
2013-11-19,3.244793653488159,3.2538369617051788,3.217653340598223,3.2266968796649955,4278878
2013-11-20,3.277966260910034,3.277966260910034,3.232729402417861,3.253837150793696,2809814
2013-11-21,3.265901565551758,3.2779660042403798,3.241772457324765,3.2779660042403798,2330237
2013-11-22,3.247804880142212,3.2809772973029556,3.2417725452094897,3.2659016540906243,2364493
2013-11-25,3.2357404232025146,3.2719337400490964,3.2266968841232466,3.247804862151375,5008643
2013-11-26,3.247804880142212,3.2508257800285385,3.223685697800517,3.247804880142212,1249884
2013-11-27,3.280977487564087,3.2839886919353454,3.2387615288259117,3.2387615288259117,2085476
2013-11-28,3.314149856567383,3.3322464004419823,3.277966233658521,3.277966233658521,3887220
2013-11-29,3.3292253017425537,3.3352576365739286,3.3081173239521298,3.3352576365739286,1517217
2013-12-02,3.1874923706054688,3.2960529300216868,3.0156078769556935,3.2568484089027896,3130387
2013-12-03,3.2568483352661133,3.2598692350745204,3.09099594942999,3.09099594942999,2426000
2013-12-04,3.3171608448028564,3.341289722297001,3.256848346756965,3.256848346756965,2237840
2013-12-05,3.3171608448028564,3.3382785181674053,3.205588852478801,3.30811730587485,526865
2013-12-06,3.311138391494751,3.323193135228792,3.274945073222587,3.274945073222587,891451
2013-12-09,3.3322463035583496,3.4980986959616933,3.311138325121936,3.323193068614336,1138628
2013-12-10,3.3322463035583496,3.347322177828532,3.3171609644481053,3.335257738646313,1319837
2013-12-11,3.2990739345550537,3.332246352662517,3.277966186657353,3.332246352662517,952262
2013-12-12,3.3051061630249023,3.329225345276768,3.2930417240541443,3.2930417240541443,1095497
2013-12-13,3.311138391494751,3.3171610309416457,3.202568132368272,3.2116213674937604,1626373
2013-12-16,3.2538371086120605,3.3141498411562007,3.250825904300308,3.3111384059946847,1072285
2013-12-17,3.232729434967041,3.253837183555402,3.22368589528367,3.253837183555402,2017065
2013-12-18,3.2266969680786133,3.24780494665595,3.2236857638203036,3.2357405073931846,529174
2013-12-19,3.2025680541992188,3.253837014942619,3.196535950059306,3.2478049108027056,354634
2013-12-20,3.1603522300720215,3.208600523774115,3.1482877904363935,3.202568188531418,691318
2013-12-23,3.154320001602173,3.1693956449961656,3.1090928405704386,3.1422555624411066,1006391
2013-12-24,3.1724166870117188,3.205589106057985,3.154320142884452,3.1573410429424866,1689216
2013-12-25,3.2116212844848633,3.214632488705601,3.1633732237256975,3.1814600712794046,1846346
2013-12-26,3.154320001602173,3.2116212974847764,3.154320001602173,3.208600397562048,1392783
2013-12-27,3.2055888175964355,3.2146323564260326,3.1513086549396174,3.1603519629194676,1070838
2013-12-30,3.214632511138916,3.229708154577091,3.2055889718740738,3.217653411070498,1156020
2013-12-31,3.229707956314087,3.2327290869099676,3.1905131325789586,3.2146323138013644,60027040
2014-01-02,3.247804880142212,3.247804880142212,3.214632462981468,3.217653362867795,1458030
2014-01-03,3.2266969680786133,3.238761407341378,3.202568089553083,3.2357405073931846,18303558
2014-01-06,3.136232852935791,3.1995567867167978,3.133211953080671,3.1995567867167978,96126909
2014-01-07,3.148287534713745,3.1573407692626416,3.1151153493926276,3.1362327917474593,1307250
2014-01-08,3.15130877494812,3.1814600615215824,3.1392443358728905,3.1482876441971293,14726327
2014-01-09,3.121147632598877,3.178448929372944,3.121147632598877,3.151308846395654,8266353
2014-01-10,3.060835123062134,3.118136419677394,3.0548027879795923,3.118136419677394,7090566
2014-01-13,3.045759439468384,3.0819430612491425,3.027662665308226,3.060835082857111,9180805
2014-01-14,3.1000397205352783,3.1000397205352783,3.033695113805245,3.0487804534481295,849228
2014-01-15,3.1181366443634033,3.124168749030845,3.0940077639940844,3.1000398686615256,2179564
2014-01-16,3.136232852935791,3.1452763919717324,3.1181363100240755,3.12416841404473,248613
2014-01-17,3.0940074920654297,3.1302008094384206,3.0940074920654297,3.1302008094384206,207512
2014-01-20,3.072899580001831,3.097028458770866,3.054802805500174,3.0940075587921863,1003093
2014-01-21,3.109092950820923,3.115115590350099,3.0608351924654054,3.072899632054285,387834
2014-01-22,3.2025680541992188,3.2025680541992188,3.130200810801275,3.145276454155926,1618571
2014-01-23,3.2266969680786133,3.2447937423976403,3.199556885294774,3.202568089553083,37759401
2014-01-24,3.277966260910034,3.283988669611612,3.1965360835180037,3.1965360835180037,71608473
2014-01-27,3.274945020675659,3.308117438426988,3.2447937337141988,3.2659017122350478,10431551
2014-01-28,3.2689127922058105,3.299073773710451,3.2417724796766794,3.2628804573950325,10888209
2014-01-29,3.293041706085205,3.2990738101127923,3.268912828275352,3.271933728133944,620528
2014-01-30,3.274945020675659,3.2960529991965086,3.26288058144518,3.2870094599061384,1436421
2014-02-07,3.3382787704467773,3.3382787704467773,3.2478050532710787,3.256848592882521,1548155
2014-02-10,3.43477463722229,3.437785841352287,3.3382785186118062,3.3382785186118062,10602542
2014-02-11,3.4438183307647705,3.4619148742753736,3.4016023735136702,3.413666812803992,17472017
2014-02-12,3.4800117015838623,3.4800117015838623,3.4317539436883364,3.452871618325097,20790335
2014-02-13,3.4287426471710205,3.4920663514584653,3.4257312120912387,3.4649262689295552,2776762
2014-02-14,3.4860341548919678,3.4860341548919678,3.4227102214335177,3.4347746602631255,2826125
2014-02-17,3.5523788928985596,3.5523788928985596,3.492066392138542,3.492066392138542,2882510
2014-02-18,3.543335437774658,3.567464316928076,3.528259793861282,3.561432212564604,29852486
2014-02-19,3.546346664428711,3.5674641071539472,3.5222274823836868,3.546346664428711,5885602
2014-02-20,3.495087146759033,3.552378745181713,3.483022707970718,3.54634664121243,2448121
2014-02-21,3.4739792346954346,3.5011195477748553,3.4408070483824353,3.5011195477748553,10616566
2014-02-24,3.4588937759399414,3.4679470104458394,3.4046133825117,3.4287424905582102,6133193
2014-02-25,3.3382787704467773,3.489055294536082,3.3141498911291727,3.452871671249878,7477677
2014-02-26,3.356365442276001,3.359386573014217,3.268912860597411,3.3262141558300304,13055282
2014-02-27,3.311138391494751,3.4136668506440704,3.308117491506171,3.389537971795961,6028204
2014-02-28,3.3473222255706787,3.3473222255706787,3.265901745751705,3.311138372348,5456344
2014-03-03,3.4166781902313232,3.419699090135412,3.3412898163372176,3.3503333555197536,3609817
2014-03-04,3.4136667251586914,3.4227102642617284,3.3774734082169826,3.419699060073853,14225601
2014-03-05,3.3955702781677246,3.43175390044335,3.392558843044907,3.4166782568484404,17892335
2014-03-06,3.3925588130950928,3.407634687406672,3.3533542912025798,3.3985814524377993,7022109
2014-03-07,3.3804943561553955,3.4136667736911877,3.3654187127726183,3.4016023345390964,2503027
2014-03-10,3.2538371086120605,3.3654188033755,3.247805004298499,3.3654188033755,4246144
2014-03-11,3.2568483352661133,3.2839884167940974,3.2266968187694087,3.2839884167940974,12274366
2014-03-12,3.2568483352661133,3.277966008556154,3.2086002761375236,3.2538369002973933,3635776
2014-03-13,3.293041706085205,3.293041706085205,3.250825750182683,3.256848389370426,3013356
2014-03-14,3.2719337940216064,3.296052976627556,3.2538370198749216,3.2900208724784994,9163459
2014-03-17,3.3443009853363037,3.3443009853363037,3.2719337429580646,3.299073825059876,4765178
2014-03-18,3.3623979091644287,3.3774735529790316,3.3473222653498262,3.3473222653498262,2622624
2014-03-19,3.3503334522247314,3.3563655565172783,3.3171610339114483,3.344301117082422,2763161
2014-03-20,3.265901565551758,3.371441222566083,3.265901565551758,3.350333244993268,1587753
2014-03-21,3.326214075088501,3.365418595408256,3.223685621825978,3.262880446456276,6130449
2014-03-24,3.356365442276001,3.365418677101448,3.320181820893045,3.3503333381887703,4422713
2014-03-25,3.356365442276001,3.3774734204359715,3.3382785948542466,3.356365442276001,3034443
2014-03-26,3.3684298992156982,3.3774734383995524,3.3593865908816003,3.362397795096385,4939643
2014-03-27,3.323193073272705,3.368429930136969,3.314149764855592,3.368429930136969,4956379
2014-03-28,3.250825881958008,3.3262142577726572,3.2447937776859037,3.3171610226697448,7727270
2014-03-31,3.232729434967041,3.3020854777339244,3.214632659910019,3.256848618786278,2574783
2014-04-01,3.2839887142181396,3.2839887142181396,3.2297083153963593,3.2327294463281326,4747415
2014-04-02,3.2870094776153564,3.3020853520270688,3.2749450383198786,3.29605301695445,4276257
2014-04-03,3.280977487564087,3.3020854669331747,3.2689130478487898,3.2839886919353454,3604663
2014-04-04,3.314149856567383,3.317161060893138,3.2719338984671453,3.2719338984671453,6151519
2014-04-08,3.3533542156219482,3.3563654198005533,3.30208525566963,3.317160898791663,6253998
2014-04-09,3.3835058212280273,3.3835058212280273,3.3593866383998425,3.3593866383998425,6886012
2014-04-10,3.3985815048217773,3.410645944223079,3.38049442598494,3.3925588653862415,11879958
2014-04-11,3.3835058212280273,3.3925588253799237,3.3684299468618573,3.3895379254326645,4059007
2014-04-14,3.4106459617614746,3.4136668617598915,3.380494443368289,3.3835058785264236,5439399
2014-04-15,3.386526584625244,3.4106457664809064,3.3804942498140815,3.4106457664809064,3661611
2014-04-16,3.3835058212280273,3.3865267211752865,3.3623978426572205,3.3804943861208905,4424468
2014-04-17,3.3804943561553955,3.3955702303879294,3.3774734562349145,3.3865266911563197,2237102
2014-04-18,3.3955702781677246,3.3955702781677246,3.35636552507935,3.35636552507935,5444359
2014-04-21,3.3382787704467773,3.398581577360384,3.335257870399417,3.386526833391784,5779312
2014-04-22,3.3201818466186523,3.3473221599258984,3.2719337858376423,3.3473221599258984,7431575
2014-04-23,3.3051061630249023,3.329225345276768,3.296052928239571,3.3141497021205844,5915922
2014-04-24,3.2719337940216064,3.308117415775427,3.2719337940216064,3.3051062115457945,3089415
2014-04-25,3.199557065963745,3.271934009937351,3.199557065963745,3.271934009937351,8498411
2014-04-28,3.103060483932495,3.2206648142707213,3.103060483932495,3.2206648142707213,2832931
2014-04-29,3.1452765464782715,3.1452765464782715,3.1030605885504774,3.1090929237172125,8312155
2014-04-30,3.169395685195923,3.175428020277847,3.133212062943583,3.1362329629046277,5906001
2014-05-05,3.196536064147949,3.196536064147949,3.154320105952564,3.166384545512743,2053493
2014-05-06,3.2086002826690674,3.223685621212689,3.1905132048400504,3.1905132048400504,4049316
2014-05-07,3.1573407649993896,3.1995567199727524,3.154319865207287,3.1995567199727524,2939499
2014-05-08,3.1603522300720215,3.1995569841800444,3.14527658608502,3.154320125679091,2907012
2014-05-09,3.1302008628845215,3.1603521500955094,3.106071984223876,3.157340945820338,5208805
2014-05-12,3.2116212844848633,3.2116212844848633,3.14225554972197,3.14225554972197,3816525
2014-05-13,3.2055888175964355,3.2176532562122255,3.084963822817262,3.2176532562122255,4791142
2014-05-14,3.196536064147949,3.2146326080633356,3.190513424633101,3.1995569641706143,1828783
2014-05-15,3.1452765464782715,3.199556943889772,3.1392444421612997,3.199556943889772,925902
2014-05-16,3.139244556427002,3.142255760850062,3.1060721367719513,3.142255760850062,4006766
2014-05-19,3.1151154041290283,3.1332119470056563,3.103060430101174,3.1332119470056563,2965803
2014-05-20,3.1302008628845215,3.1603521500955094,3.1271799629194117,3.1302008628845215,7364894
2014-05-21,3.1573407649993896,3.1573407649993896,3.090995932747243,3.1302006836178857,5451896
2014-05-22,3.1573407649993896,3.1965358201806495,3.154319865207287,3.1573407649993896,6259961
2014-05-23,3.196536064147949,3.196536064147949,3.157341005975229,3.160352210307771,4245907
2014-05-26,3.229707956314087,3.229707956314087,3.2055887750916807,3.217653213547502,3979458
2014-05-27,3.217653512954712,3.2357405920571076,3.2116214085903776,3.2266970525059095,4087355
2014-05-28,3.2568483352661133,3.2628804391934922,3.2146323800649026,3.2176532798733097,4523810
2014-05-29,3.2206649780273438,3.2689130410986538,3.217653542812536,3.250825961828421,4485983
2014-05-30,3.229707956314087,3.238761190713006,3.2025678753455438,3.2206646484541466,3376940
2014-06-03,3.2206649780273438,3.2447938574081125,3.2206649780273438,3.238761522138037,4526154
2014-06-04,3.196536064147949,3.220664943268307,3.17241664986795,3.220664943268307,1797082
2014-06-05,3.232729434967041,3.232729434967041,3.1935246804718895,3.196536115702766,2392087
2014-06-06,3.2236857414245605,3.2357404849136944,3.2025680673040497,3.2327292806763044,2543341
2014-06-09,3.199557065963745,3.2327294856769893,3.1965361658449707,3.2176536104548683,1951215
2014-06-10,3.2417726516723633,3.2417726516723633,3.193524589714776,3.2116213642575038,1857070
2014-06-11,3.2568483352661133,3.2568483352661133,3.2327291535465363,3.2417724615928867,7627938
2014-06-12,3.250825881958008,3.253837086249065,3.235740542582991,3.250825881958008,902800
2014-06-13,3.2870094776153564,3.290020912731591,3.2447937511959735,3.247804955462448,3144252
2014-06-16,3.3020853996276855,3.3051062996276177,3.2870095249986497,3.290020960158295,4270002
2014-06-17,3.274945020675659,3.302085334236627,3.2719338164254084,3.302085334236627,2749836
2014-06-18,3.2598695755004883,3.2809775553053857,3.253837240093408,3.2779663508719556,3089027
2014-06-19,3.169395685195923,3.2628806040576603,3.160352145842879,3.259869399786541,6234563
2014-06-20,3.199557065963745,3.199557065963745,3.1693958506788436,3.1693958506788436,3860617
2014-06-23,3.2236857414245605,3.2387613848409007,3.1814600888733553,3.2025680673040497,3298665
2014-06-24,3.244793653488159,3.2478048576639593,3.220664775623776,3.223685675489195,2550947
2014-06-25,3.2266969680786133,3.2357405073931846,3.214632528815848,3.2357405073931846,1318745
2014-06-26,3.2689127922058105,3.2689127922058105,3.226696836769104,3.226696836769104,1897237
2014-06-27,3.2870094776153564,3.3051062519834535,3.259869394757926,3.2749450383198786,2883823
2014-06-30,3.3201818466186523,3.3231930508407532,3.2870094291774374,3.2870094291774374,3020390
2014-07-01,3.3443009853363037,3.3443009853363037,3.314149699051854,3.3201818031067707,3543278
2014-07-02,3.3684298992156982,3.3684298992156982,3.3322462776402944,3.3412898168241485,2910019
2014-07-03,3.4016025066375732,3.4076348419436933,3.359386778584093,3.368430087423477,7256080
2014-07-04,3.3925588130950928,3.4046135566205935,3.3835058089759786,3.4016023523741192,1909331
2014-07-07,3.3985815048217773,3.410645944223079,3.377473526002057,3.3925588653862415,3441488
2014-07-08,3.422710418701172,3.422710418701172,3.3744623562915033,3.4046136439888786,6397202
2014-07-09,3.37144136428833,3.4287426603357347,3.368429929196986,3.410645886117209,3688125
2014-07-10,3.3684298992156982,3.3925587773924635,3.3654186950009137,3.3684298992156982,5587456
2014-07-11,3.4136667251586914,3.419699060073853,3.3654186649260707,3.3654186649260707,5927599
2014-07-14,3.4619150161743164,3.464926451412698,3.413666952725316,3.419699288042614,10910551
2014-07-15,3.467947006225586,3.473979110092563,3.4408069249693662,3.4619146715088625,7537222
2014-07-16,3.4408071041107178,3.4800116259917724,3.4287426648988975,3.464926286844515,5110631
2014-07-17,3.4166781902313232,3.440807068404572,3.392558776898061,3.440807068404572,4492293
2014-07-18,3.422710418701172,3.446839297751054,3.3985815396512904,3.4076347748524842,6272322
2014-07-21,3.4136667251586914,3.4317538033647654,3.401602286178122,3.4227102642617284,3230270
2014-07-22,3.4619150161743164,3.4619150161743164,3.413666952725316,3.413666952725316,9615645
2014-07-23,3.4377858638763428,3.4739791803595126,3.4257311207381536,3.4619147415317895,2049356
2014-07-24,3.43477463722229,3.455882614900179,3.3955701168462586,3.4438181761515008,5260486
2014-07-25,3.464926242828369,3.4679471427254307,3.431753825549746,3.431753825549746,9607865
2014-07-28,3.5252387523651123,3.5282596522706866,3.467947152497646,3.467947152497646,4016415
2014-07-29,3.558411121368408,3.573486764471872,3.525238704447216,3.525238704447216,17298806
2014-07-30,3.564443349838257,3.588572228537703,3.5433353711087787,3.5614321455582436,12294457
2014-07-31,3.606659173965454,3.6096800738237445,3.5644432180671455,3.5704755529438827,7608618
2014-08-01,3.573486804962158,3.618723661324486,3.558411161687876,3.6126913263669747,8031843
2014-08-04,3.6217446327209473,3.6217446327209473,3.570475671238751,3.573486875507211,12329705
2014-08-05,3.636820077896118,3.6398315128500576,3.609679996501342,3.624755639250826,3691874
2014-08-06,3.6639606952667236,3.67300423487156,3.6187238367119168,3.645863920366855,2922234
2014-08-07,3.6307883262634277,3.6850687251691006,3.624755990930641,3.6488851014120183,3996071
2014-08-08,3.6488850116729736,3.6579283203299275,3.621744697462729,3.621744697462729,11655330
2014-08-11,3.706176280975342,3.706176280975342,3.657928219913539,3.6609396550029216,7361374
2014-08-12,3.7272841930389404,3.7272841930389404,3.7001441109068653,3.7122085498799047,6150278
2014-08-13,3.7272841930389404,3.736337427825984,3.6820570327120805,3.736337427825984,9406235
2014-08-14,3.703165054321289,3.751413115091057,3.6941118194278046,3.72728423686129,3914751
2014-08-15,3.748392105102539,3.75442443990771,3.694111710944479,3.694111710944479,7384159
2014-08-18,3.8026726245880127,3.8147370637462212,3.7604566677992035,3.766489002803186,15535112
2014-08-19,3.8117258548736572,3.823790294017179,3.7755323065933353,3.8177579590205397,7923321
2014-08-20,3.8117258548736572,3.8358450374709125,3.787596976586614,3.787596976586614,8910526
2014-08-21,3.8056936264038086,3.817758065885031,3.763477668484708,3.8117259615693015,4891031
2014-08-22,3.829822540283203,3.835845179813546,3.7906180171692685,3.805693661100772,3384781
2014-08-25,3.799661636352539,3.8479097000382985,3.79362930100564,3.8448982647851393,5535522
2014-08-26,3.739348888397217,3.8087049314254933,3.718241139729304,3.799661622557808,8858400
2014-08-27,3.7423698902130127,3.754424633907019,3.7272843200007153,3.7393487593847037,24101245
2014-08-28,3.709197521209717,3.7514132484984364,3.697133081665799,3.7363376046260353,10416079
2014-08-29,3.754424571990967,3.754424571990967,3.688079736738257,3.688079736738257,5012553
2014-09-01,3.8177578449249268,3.8177578449249268,3.760456550838132,3.7755321937596573,4471696
2014-09-02,3.87807035446167,3.8810815586090084,3.823790190894357,3.829822294878561,10209197
2014-09-03,3.90822172164917,3.920286391567918,3.869017431082002,3.9112430832483542,11371631
2014-09-04,3.9353625774383545,3.9413946820258094,3.893146617617572,3.905210826792482,13831657
2014-09-05,3.953458547592163,3.96250231754162,3.917265461513551,3.950437647715744,13397659
2014-09-09,3.983610153198242,3.98663105296666,3.929329529161319,3.9655230756454727,13190949
2014-09-10,3.989642381668091,3.9926632815308714,3.947426425707039,3.965523199514395,6448834
2014-09-11,3.983610153198242,4.037890315535674,3.9504375064825066,3.9956743608932994,9246530
2014-09-12,4.031858444213867,4.0409114483519195,3.968534508598281,3.9745666127936934,11596331
2014-09-15,4.068051338195801,4.074083903804692,4.013771175301657,4.013771175301657,10211682
2014-09-16,3.9353625774383545,4.080116466353563,3.929330011151352,4.071062999927585,13807204
2014-09-17,3.9685347080230713,3.971555608117516,3.8961577646323833,3.9293299532286894,23380087
2014-09-18,3.9956746101379395,3.9956746101379395,3.941394444414586,3.953458652862192,10625153
2014-09-19,4.031858444213867,4.03789054840928,3.983610382941397,3.995674591332222,11426287
2014-09-22,3.97456693649292,4.025836363583065,3.962502727119553,4.025836363583065,14755429
2014-09-23,4.0288472175598145,4.0288472175598145,3.9715553864581956,3.9715553864581956,15244153
2014-09-24,4.083127498626709,4.086148398638301,4.007739352899556,4.019803561565748,18560229
2014-09-25,4.0770955085754395,4.119311467799402,4.055987528963458,4.101224388283689,13419691
2014-09-26,4.092170715332031,4.098203281229106,4.040911449788563,4.071062736785998,12047405
2014-09-29,4.1374077796936035,4.1374077796936035,4.095191820486092,4.098203486590369,11542860
2014-09-30,4.164547443389893,4.170580008980278,4.134396157925321,4.137407362026077,10728256
2014-10-08,4.23692512512207,4.23692512512207,4.161536518169936,4.176612392762262,16202868
2014-10-09,4.239936351776123,4.248989356111549,4.1796236190983675,4.239936351776123,14613315
2014-10-10,4.2188286781311035,4.242957558884751,4.194709493068236,4.227881683121775,10859257
2014-10-13,4.221848964691162,4.221848964691162,4.152483232740032,4.176612109986424,32269086
2014-10-14,4.203752517700195,4.2459684758944265,4.173601229915579,4.212796288087227,15294129
2014-10-15,4.221848964691162,4.2248601687898395,4.167568802001022,4.200740987232817,16011455
2014-10-16,4.158515453338623,4.23993616135846,4.155504249155434,4.2007411051297785,18426841
2014-10-17,4.116299629211426,4.161536486636127,4.0378905845603805,4.152483482417024,16805364
2014-10-20,4.173601150512695,4.173601150512695,4.122332188916234,4.131375497431686,17798011
2014-10-21,4.134396553039551,4.1856558208757715,4.131375652960717,4.173601307631345,22204222
2014-10-22,4.083127498626709,4.1494723356992615,4.0801162943052045,4.128364356678941,13976802
2014-10-23,4.031858444213867,4.092170713877163,4.007739261422565,4.077095301233564,14179346
2014-10-24,4.0439229011535645,4.06805178111775,4.025836283145547,4.05598757198543,8302274
2014-10-27,4.074084281921387,4.074084281921387,4.010750647740942,4.025836218458725,10908885
2014-10-28,4.1705803871154785,4.173601287179509,4.080116365130762,4.080116365130762,13418243
2014-10-29,4.233903408050537,4.236924769489035,4.167568734353062,4.188676711468783,16929406
2014-10-30,4.224860191345215,4.255021172639354,4.212795983507358,4.230892295264144,19150469
2014-10-31,4.227880954742432,4.245968031925736,4.182644101255693,4.227880954742432,15295560
2014-11-03,4.261053562164307,4.264064766154618,4.230892120417132,4.233903324407443,23752235
2014-11-04,4.23692512512207,4.267076412607198,4.2188283505371675,4.255021438007447,15548649
2014-11-05,4.230892181396484,4.245968054642848,4.215816769849605,4.239935950886264,21812928
2014-11-06,4.261053562164307,4.261053562164307,4.200740836058455,4.230892120417132,23558917
2014-11-07,4.215817451477051,4.276129726504188,4.194709471061294,4.261054312519866,23619200
2014-11-10,4.261053562164307,4.261053562164307,4.191687832709478,4.248988893125541,20815569
2014-11-11,4.131375789642334,4.26707667561901,4.092171033753497,4.264065471130857,17987875
2014-11-12,4.200741291046143,4.203752495362601,4.110267575093269,4.116299679416258,26500091
2014-11-13,4.167569160461426,4.2067637572617755,4.1374077150345725,4.197720448498542,25185530
2014-11-14,4.15550422668457,4.164547534874878,4.113288270811339,4.15550422668457,26041317
2014-11-17,4.200741291046143,4.221849270031096,4.149472328746716,4.152483533063176,18322823
2014-11-18,4.197720050811768,4.2127959242518225,4.188676742905286,4.194708846739369,19151052
2014-11-19,4.2188286781311035,4.236925454121229,4.197720697604607,4.197720697604607,27588027
2014-11-20,4.212796211242676,4.2248604197327,4.2007412367430765,4.20375244102061,12182497
2014-11-21,4.261053562164307,4.261053562164307,4.2127958094082,4.2127958094082,26476599
2014-11-24,4.330410003662109,4.345485416411142,4.285173146326035,4.285173146326035,31103366
2014-11-25,4.393733501434326,4.393733501434326,4.324377460768681,4.324377460768681,27285011
2014-11-26,4.408809185028076,4.423894754593631,4.37564669481613,4.408809185028076,38756755
2014-11-27,4.445003032684326,4.445003032684326,4.402787074064155,4.417862487258803,16449507
2014-11-28,4.429926872253418,4.457066954230058,4.393733324691832,4.432938076422168,16606002
2014-12-01,4.408809185028076,4.435949266921081,4.381669103135072,4.435949266921081,13517790
2014-12-02,4.466110706329346,4.469122372496941,4.3877016567748095,4.3877016567748095,34654223
2014-12-03,4.523402214050293,4.634983906519291,4.4389702999786,4.4691220486353975,33457795
2014-12-04,4.613875865936279,4.6410159482786435,4.520390948992914,4.553563135443659,24650133
2014-12-05,4.52039098739624,4.653080657725517,4.378658008672426,4.62291921352835,18615473
2014-12-08,4.580703258514404,4.604832136861978,4.429926971336388,4.429926971336388,16085884
2014-12-09,4.393733501434326,4.6229192979198785,4.37564688431508,4.568639131783124,16019774
2014-12-10,4.5656280517578125,4.589747235502787,4.336442249034416,4.336442249034416,17456602
2014-12-11,4.62291955947876,4.644027539471656,4.520391325674078,4.5535635148890385,17094465
2014-12-12,4.650059223175049,4.66212389300461,4.589746954815421,4.589746954815421,35008898
2014-12-15,4.725447654724121,4.728468554491169,4.6168868683989945,4.647047849322452,22779528
2014-12-16,4.734500885009766,4.737512089231679,4.686252824231768,4.68926402845368,18530954
2014-12-17,4.698307991027832,4.725448074595727,4.644027362192512,4.725448074595727,20678660
2014-12-18,4.710371971130371,4.73147994929284,4.644027136754144,4.680220684680831,13540726
2014-12-19,4.668156147003174,4.719425108756765,4.5837149979718195,4.689264125763401,20416530
2014-12-22,4.49023962020874,4.665144782534144,4.463099076422133,4.628951696524755,20064641
2014-12-23,4.390722274780273,4.514358942652452,4.381669270576777,4.46309921505713,13431535
2014-12-24,4.448014259338379,4.448014259338379,4.369614446121039,4.369614446121039,19493325
2014-12-25,4.53546667098999,4.53546667098999,4.438970543250897,4.441981747665756,19401675
2014-12-26,4.580703258514404,4.58371492445002,4.502294214999483,4.532455197509071,8955470
2014-12-29,4.51134729385376,4.607843879163176,4.496262185353812,4.580703334430187,20504830
2014-12-30,4.432938098907471,4.5324551191229645,4.429926894723447,4.508326241192686,33330225
2014-12-31,4.49023962020874,4.553563092615594,4.402786808196285,4.460078176551492,17603016
2015-01-05,4.5626068115234375,4.5867356891596955,4.48118610447317,4.490239569993718,9489675
2015-01-06,4.631972312927246,4.634983516923972,4.493250549411112,4.523401833834015,8402330
2015-01-07,4.634983539581299,4.671166927863572,4.58974668618703,4.671166927863572,4784637
2015-01-08,4.592767715454102,4.641015774220941,4.568638838226,4.631972466242395,5719838
2015-01-09,4.568638801574707,4.641015736989014,4.556574132207697,4.556574132207697,12245778
2015-01-12,4.502294540405273,4.559596071339549,4.481186560458023,4.559596071339549,9253024
2015-01-13,4.5656280517578125,4.583715131068865,4.432938375394812,4.48118643857501,15735679
2015-01-14,4.5475311279296875,4.580703315085046,4.517379840737551,4.538487819419889,16683271
2015-01-15,4.62291955947876,4.628952125789342,4.475154465537502,4.5414993056669735,13607517
2015-01-16,4.665144920349121,4.665144920349121,4.583714975992629,4.613875958841368,13386579
2015-01-19,4.463099002838135,4.625939954375453,4.414841247821581,4.523402036079625,13679474
2015-01-20,4.619908332824707,4.619908332824707,4.481186548621143,4.484207448757415,7371544
2015-01-21,4.734500885009766,4.740532989143358,4.631972659320177,4.641015967675682,12835819
2015-01-22,4.812900066375732,4.824964735926087,4.737511925743529,4.755608699219313,16264718
2015-01-23,4.767673015594482,4.8551258277676865,4.740532933457495,4.81893274169177,9008616
2015-01-26,4.87020206451416,4.873213268924977,4.749577057157026,4.761641266181043,15491152
2015-01-27,4.882266044616699,4.894330714774566,4.79179279177046,4.876233940387526,16412842
2015-01-28,4.858137130737305,4.912417757814504,4.830997048048464,4.830997048048464,25434797
2015-01-29,4.827986240386963,4.861158891685617,4.797825255282982,4.830997444882082,12219165
2015-01-30,4.770684719085693,4.858137070248738,4.767673053175906,4.818932779677251,18784941
2015-02-02,4.749577045440674,4.788781338526375,4.692285211154856,4.749577045440674,10771666
2015-02-03,4.837029457092285,4.846073227794952,4.76164130845974,4.76164130845974,14111785
2015-02-04,4.812900066375732,4.8581369213707255,4.806877658139736,4.837028943776945,10755626
2015-02-05,4.779737949371338,4.909406724853757,4.776717049328321,4.885277845570839,28537124
2015-02-06,4.686253070831299,4.788781301916117,4.662124191327709,4.779737993084736,24296136
2015-02-09,4.659112930297852,4.701328888650443,4.6440273598090664,4.689264218195572,12381977
2015-02-10,4.716404438018799,4.719425338139994,4.6319729805737015,4.6319729805737015,9100187
2015-02-11,4.767673015594482,4.7767167855432655,4.719424955383243,4.719424955383243,13101100
2015-02-12,4.806877613067627,4.812900021247154,4.770684528154925,4.779737531802898,7651912
2015-02-13,4.882266044616699,4.909406589202058,4.821953774615847,4.821953774615847,19099069
2015-02-16,4.978762626647949,4.981783526605826,4.882266041916781,4.882266041916781,12235551
2015-02-17,5.0028910636901855,5.023999040472166,4.969718417821851,4.990826394603832,10599695
2015-02-25,4.9908270835876465,5.036063943087806,4.975751208417879,5.008923858865698,18180138
2015-02-26,5.0511393547058105,5.054150558847353,4.984794521598294,4.987805725739836,19440750
2015-02-27,5.102398872375488,5.102398872375488,5.045107040219173,5.066215019028918,14532831
2015-03-02,5.210968971252441,5.213980175318053,5.11145149325085,5.129538570722537,20420415
2015-03-03,5.17477560043335,5.253184642168137,5.156678826658646,5.162711392383216,36433719
2015-03-04,5.274292945861816,5.277304150215532,5.141603731996852,5.141603731996852,29181340
2015-03-05,5.262228488922119,5.274292697148466,5.195883654268413,5.256196384808946,23199719
2015-03-06,5.186840534210205,5.274292888589408,5.17779676385754,5.244131905229278,26142628
2015-03-09,5.274292945861816,5.274292945861816,5.129539061502076,5.138592065943604,21561200
2015-03-10,5.304444313049316,5.331584394735951,5.247152483839976,5.268260461563969,11800178
2015-03-11,5.3014326095581055,5.316508483212378,5.271271628259634,5.316508483212378,13670908
2015-03-12,5.295400619506836,5.316508597534794,5.253184663450919,5.3104764934852895,18356270
2015-03-13,5.361745834350586,5.361745834350586,5.295400995684106,5.301433100162122,17587459
2015-03-16,5.53363037109375,5.536651271068975,5.382853619755014,5.382853619755014,20308682
2015-03-17,5.609028339385986,5.639179627384831,5.518554622309536,5.539662601556626,28818871
2015-03-18,5.696481227874756,5.708535741131577,5.590931634625109,5.609028409745349,28360934
2015-03-19,5.753772258758545,5.753772258758545,5.654255237588205,5.693459528194051,18408472
2015-03-20,5.805041313171387,5.814085083345635,5.729653168943697,5.744729043331064,29783509
2015-03-23,6.028195381164551,6.037238690206153,5.829160861429365,5.835192966020601,18681737
2015-03-24,5.973914623260498,6.001055168897124,5.759804694450523,5.98597929388568,26059441
2015-03-25,6.028195381164551,6.07343224115266,5.925666685996818,5.9467746659204375,20033594
2015-03-26,5.979947090148926,6.091519090130855,5.9136022527509695,5.979947090148926,14663376
2015-03-27,6.076442718505859,6.097550695903733,5.967881931737097,5.967881931737097,19986503
2015-03-30,6.181992053985596,6.2091325978941185,6.0794541335386025,6.109615115631828,17717821
2015-03-31,6.157863616943359,6.227219660379588,6.109615553148971,6.19706837181687,12970267
2015-04-01,6.31769323348999,6.347844983057084,6.145799266227015,6.151831370598651,11108382
2015-04-02,6.429265022277832,6.447361796497347,6.329757695844351,6.362929882652283,9928809
2015-04-03,6.525770664215088,6.534814434085854,6.341812037516674,6.384037688990572,18748950
2015-04-07,6.691623210906982,6.932873681310603,6.546879023098608,6.604170856098463,20893279
2015-04-08,6.595127105712891,6.745903860040028,6.474502100994835,6.6916232312112705,15419831
2015-04-09,6.561954975128174,6.592115958991532,6.305629088646903,6.580051750126003,51080898
2015-04-10,6.764000415802002,6.782096728355993,6.4865665613625145,6.528782056664829,12101643
2015-04-13,7.864856719970703,7.864856719970703,7.864856719970703,7.864856719970703,0
2015-04-14,7.862029075622559,7.862029075622559,7.862029075622559,7.862029075622559,0
2015-04-15,6.60893440246582,6.847327866459628,6.585269994011292,6.847327866459628,29854023
2015-04-16,6.667261600494385,6.728978357196391,6.323211908515017,6.593722566502936,20136655
2015-04-17,6.712915420532227,6.762790050671893,6.66726210920474,6.6757149042187836,35645205
2015-04-20,6.611471176147461,6.77040061856799,6.576817394893354,6.59372298470377,15747582
2015-04-21,6.847328186035156,6.855781442783091,6.59456569805212,6.610629148200909,97161359
2015-04-22,7.058659076690674,7.073879924053274,6.868455042846716,6.872686518749232,18736429
2015-04-23,7.103470325469971,7.144892160827357,7.001174330005127,7.067964246236734,16389432
2015-04-24,7.127976417541504,7.157566277051983,6.8904347929415835,7.0163947282179935,19943536
2015-04-27,7.205756664276123,7.267463730676463,7.116144939612756,7.126292172017409,11442456
2015-04-28,6.990194320678711,7.270000402693195,6.916646045317015,7.225199387622654,19391473
2015-04-29,7.142355442047119,7.159261031834772,6.931856933155478,6.933551370410249,14227437
2015-04-30,7.1879987716674805,7.257316031472835,7.147429233457892,7.147429233457892,8810567
2015-05-04,7.237030982971191,7.253936572520895,7.123754853037238,7.186313752622562,8122137
2015-05-05,6.965677261352539,7.210829532197931,6.921718853081029,7.210829532197931,33024577
2015-05-06,6.846476078033447,7.1195237858318805,6.762789809127077,6.978352233769581,35313281
2015-05-07,6.702768325805664,6.854087118308703,6.699389146868723,6.801675448170355,15233005
2015-05-08,6.9994893074035645,7.372286272353165,6.712072586978693,6.712072586978693,24159702
2015-05-11,7.366370677947998,7.368065115205467,7.022311268372922,7.1431975933554535,24036103
2015-05-12,7.4525933265686035,7.52106844301775,7.289442569715538,7.370591799491717,22705123
2015-05-13,7.521068572998047,7.58277517565535,7.32917009266144,7.32917009266144,14766655
2015-05-14,7.49147891998291,7.543890589339265,7.413708403742794,7.498246973446161,10208924
2015-05-15,7.449213981628418,7.49739417151657,7.329169802470276,7.479646442638898,14860255
2015-05-18,7.590385913848877,7.604754926493557,7.393423511006554,7.43061433121587,11742625
2015-05-19,7.783126354217529,7.844833417808465,7.560795876124513,7.600532968289846,19285025
2015-05-20,7.915002822875977,8.071395229201663,7.811021624175432,7.832159152210583,23144977
2015-05-21,8.274272918701172,8.282725713274635,7.920918588239839,7.9386663172874625,26418963
2015-05-22,8.386706352233887,8.453486564511168,8.030814544782993,8.32668449689324,38523409
2015-05-25,8.538867950439453,8.571836991090132,8.193966390934715,8.199882608822035,16445665
2015-05-26,8.878695487976074,8.918433039979973,8.538867116202052,8.538867116202052,29660246
2015-05-27,8.976760864257812,9.069751763421133,8.662290861314927,8.914201503477157,26131631
2015-05-28,8.396854400634766,9.074815824677236,8.37825437371508,8.968308208880314,22794788
2015-05-29,8.56845760345459,8.808535804335799,8.073922032387793,8.453487040151908,28730119
2015-06-01,9.111173629760742,9.197396937753961,8.452645146440412,8.51942536442008,51592991
2015-06-02,9.352937698364258,9.35801177640069,9.019868567579321,9.112017333637507,241552327
2015-06-03,9.289535522460938,9.459454794977534,9.033393865512435,9.327578639100402,129286871
2015-06-04,9.307293891906738,9.373231973265012,8.360496804720283,9.268409556734252,323004488
2015-06-05,9.525392532348633,9.543141184470848,9.21430218044093,9.29884028201946,47977508
2015-06-08,9.334336280822754,9.467064723826704,9.15597438465152,9.467064723826704,35435848
2015-06-09,9.387600898742676,9.398591194465915,9.232051555315795,9.251493722720667,19605554
2015-06-10,9.543984413146973,9.763778331291158,9.241356055123937,9.371537783977747,15539343
2015-06-11,9.721512794494629,9.795903668110762,9.46706557149503,9.554131020360723,10675248
2015-06-12,9.890579223632812,10.135731498287225,9.721512255618977,9.721512255618977,11417973
2015-06-15,9.665721893310547,9.992023410919272,9.630216276949302,9.974265524043949,11882001
2015-06-16,9.28615665435791,9.552445538916194,9.1973967708352,9.510172332007652,17429354
2015-06-17,9.493266105651855,9.721512804469876,8.963234131639926,9.265020330232877,29888494
2015-06-18,9.166964530944824,9.533845742867372,9.129764477326265,9.46706552448644,13503200
2015-06-19,8.57267951965332,9.021562251036151,8.465319609246515,8.818673941860014,35361446
2015-06-23,8.57099437713623,8.598037964413246,8.039267975550299,8.538025338308813,124385384
2015-06-24,8.705397605895996,8.750208312445764,8.432350369138796,8.571836251501315,40131489
2015-06-25,8.43404483795166,8.800082972123926,8.286105237211991,8.707934215622455,24942003
2015-06-26,7.590385913848877,8.326685388054216,7.590385913848877,8.15761840886651,18322648
2015-06-29,7.146576404571533,7.860896635033029,6.8312647321519275,7.751851523382309,73188844
2015-06-30,7.688450336456299,7.7281781950695265,6.634292913278664,6.847327997384122,117542485
2015-07-01,7.0688066482543945,7.701977215470366,7.016394980378647,7.367212744089641,59317381
2015-07-02,6.762789726257324,7.244641495299967,6.574280586979047,7.024847597300042,310509674
2015-07-03,6.263190269470215,6.7543369762703,6.1118714863319905,6.65205068129896,502675293
2015-07-06,6.263190269470215,6.889592309989482,5.655387793789018,6.889592309989482,1205689858
2015-07-07,5.774580001831055,6.086512495229438,5.63678763258575,6.086512495229438,625301578
2015-07-08,5.197200298309326,5.636787624371156,5.197200298309326,5.197200298309326,167255298
2015-07-09,5.717094898223877,5.717094898223877,4.98840609577402,4.98840609577402,74559033
2015-07-10,6.288548946380615,6.288548946380615,5.8861621052079185,6.069607334029494,103195241
2015-07-13,6.917488098144531,6.917488098144531,6.3401180535991175,6.557374925707345,252214611
2015-07-14,6.666419506072998,7.116986506702241,6.59372261146616,6.59372261146616,159653984
2015-07-15,6.088197708129883,6.652893177414969,6.055238363307096,6.593723149896598,183347932
2015-07-16,6.416193962097168,6.547227518909599,5.876023986979314,6.010427488617539,109868614
2015-07-17,6.827885627746582,6.889592228485446,6.448320154982264,6.475372975864211,69894582
2015-07-20,6.859160423278809,7.0070995684316335,6.7120726520400344,6.8244969467500205,130664404
2015-07-21,6.970741271972656,7.029920989740594,6.678251410498668,6.728978333926739,75390503
2015-07-22,7.0645751953125,7.100081273659426,6.855781282139386,6.9589097192890135,75050970
2015-07-23,7.313116073608398,7.3477698532868985,7.046827191028327,7.0721855745909785,55519280
2015-07-24,7.160945415496826,7.439066731338151,7.09247999643644,7.356223066405632,41365944
2015-07-27,6.5294694900512695,7.229420727647312,6.517637516606201,6.98173140427758,102511080
2015-07-28,6.51848030090332,6.719673718655551,6.1879569967657,6.424646797547457,60180748
2015-07-29,6.898045063018799,6.90649785763218,6.352792255406265,6.551449088303545,57278959
2015-07-30,6.640218734741211,7.087406571118176,6.593722823504966,6.819432479715415,45190215
2015-07-31,6.567512512207031,6.762790179369224,6.503268868040171,6.583575962596216,48307947
2015-08-03,6.382381916046143,6.529469217678983,6.240368230160915,6.502426093174025,31751204
2015-08-04,6.821969509124756,6.827885726686357,6.383224772362326,6.433109096261439,49756060
2015-08-05,6.670650482177734,6.8473276433324175,6.635987007393728,6.762789542158957,55628587
2015-08-06,6.6292290687561035,6.786463612349912,6.406055984034149,6.55568033434974,31599858
2015-08-07,6.849864959716797,6.861696933188345,6.698546175563926,6.721367982591617,48714202
2015-08-10,7.232800006866455,7.253094470985405,6.872686846837114,6.932708707888887,58791862
2015-08-11,7.207441329956055,7.285211384097966,7.1136078257229824,7.18546212377102,55837548
2015-08-12,7.0890913009643555,7.2361887658171105,7.082332943492559,7.1161445839306054,38582625
2015-08-13,7.263241767883301,7.312264561698074,7.016395040493888,7.089091477428792,65037814
2015-08-14,7.332559108734131,7.439067188150505,7.279295604185585,7.375665685327999,45348981
2015-08-17,7.540511131286621,7.542205568512254,7.290285229416221,7.30381164015174,56140322
2015-08-18,6.897202968597412,7.565869444511759,6.804211608148281,7.549805995083743,86782606
2015-08-19,7.129671096801758,7.183777201810613,6.547227457067006,6.680788355812337,79497852
2015-08-20,6.850707054138184,7.151650183225286,6.830422286080262,7.017237451106694,44337552
2015-08-21,6.507490158081055,6.82703330889694,6.483826211651313,6.7890003504723015,82629435
2015-08-24,5.856572151184082,6.331665118870542,5.856572151184082,6.255579807161001,59290990
2015-08-25,5.270749092102051,5.797401869454121,5.270749092102051,5.554786166358629,56156435
2015-08-26,5.2715911865234375,5.658766848336685,5.187904919926153,5.270749046632159,51555522
2015-08-27,5.49476432800293,5.535343559419043,5.156630383073915,5.410235458765751,49265053
2015-08-28,5.825297832489014,5.849813616821542,5.478701366433608,5.591987199581491,58829637
2015-08-31,5.597050666809082,5.769506515039523,5.553944091943651,5.769506515039523,48425486
2015-09-01,5.212421417236328,5.494764527316236,5.20734780116407,5.494764527316236,23008072
2015-09-02,5.081387519836426,5.482932186185346,4.869204283684176,4.945289589988925,60197539
2015-09-07,5.205653190612793,5.43559432043175,5.166768396273309,5.214115680911513,42929650
2015-09-08,5.490542888641357,5.564933764711545,5.084776866156112,5.114357032041174,72693835
2015-09-09,5.648619651794434,5.702725755046854,5.481237883569489,5.509143001631562,103656199
2015-09-10,5.502374649047852,5.628335049923644,5.494764455888153,5.58691321594224,34924834
2015-09-11,5.5446391105651855,5.595366036874961,5.4372791976802795,5.502374674765393,34708175
2015-09-14,5.070397853851318,5.592828854053382,4.990090764733624,5.554786199647613,54003488
2015-09-15,4.819330215454102,5.0703982736957265,4.815950574771691,4.987554600618365,42337547
2015-09-16,5.233558177947998,5.301180994827332,4.840466302505411,4.844697778398622,55007821
2015-09-17,5.109292984008789,5.326540154949677,5.097450852900435,5.2132640233690966,59227714
2015-09-18,5.177757740020752,5.211579075663417,5.034901448943955,5.089840458310374,21748552
2015-09-21,5.40431022644043,5.409383842534395,5.072092485528859,5.105904126934754,45015117
2015-09-22,5.38148832321167,5.482089877996461,5.325697476850207,5.4203735800204145,58697202
2015-09-23,5.302023887634277,5.367961966669562,5.247927477957446,5.277517338668377,29328948
2015-09-24,5.375572204589844,5.428826474779959,5.313865601167221,5.324003137671628,24325198
2015-09-25,5.173536777496338,5.393330227749066,5.13972513521626,5.329929185465633,33228124
2015-09-28,5.318087100982666,5.324855153985153,5.125346026801739,5.23440083431565,13619190
2015-09-29,5.262296676635742,5.290192101085018,5.192136814683178,5.19889517253565,16933143
2015-09-30,5.267370223999023,5.31301337813222,5.225948388696077,5.266527622351292,6847579
2015-10-08,5.485468864440918,5.559859734978075,5.427141442972358,5.5370379286013,33595756
2015-10-09,5.549712657928467,5.576765940993401,5.438973567623702,5.469405567737347,25337682
2015-10-12,5.788949012756348,5.8751718562347115,5.5936713620848755,5.5936713620848755,52951207
2015-10-13,5.841360569000244,5.868413852882683,5.704410793106521,5.710327010866902,31071245
2015-10-14,5.792328834533691,5.883625303963391,5.755138012213973,5.835445108904896,26529591
2015-10-15,6.0078911781311035,6.01042775542865,5.769506931008442,5.773728249943911,34604729
2015-10-16,6.068755149841309,6.086512574576882,5.959710036898402,6.038322688542316,54352126
2015-10-19,6.103418350219727,6.128776732794286,5.996900585180555,6.0865123001372,37495241
2015-10-20,6.163440704345703,6.163440704345703,6.010427480207075,6.094123446404546,37078363
2015-10-21,5.805854797363281,6.170198968625073,5.766127400776386,6.170198968625073,46479804
2015-10-22,6.010427474975586,6.038322898453798,5.79064372765801,5.8582665482895395,33429784
2015-10-23,6.171051502227783,6.179504297297433,5.985911374166612,5.993522029286127,43913172
2015-10-26,6.167662620544434,6.238674317299405,6.103418977251516,6.204862675360217,36200233
2015-10-27,6.2226104736328125,6.264032306363847,5.918288170842114,6.108492207146012,35104263
2015-10-28,6.049312591552734,6.231063374740588,6.001974540563417,6.138082171671363,31253947
2015-10-29,6.116945266723633,6.183725485924475,6.00789091567498,6.080597048270752,31116306
2015-10-30,6.111871719360352,6.214158018231577,6.006205779932947,6.116945335490384,20478309
2015-11-02,5.988448143005371,6.170198926589352,5.9690055148033245,6.069607068541227,19356829
2015-11-03,5.959710121154785,6.061154276549484,5.932657299863968,5.994363901535453,16577512
2015-11-04,6.350255966186523,6.353644840737261,5.981690003620097,5.981690003620097,44569352
2015-11-05,6.3316650390625,6.4094350913626394,6.26572696036943,6.339265998265419,29228713
2015-11-06,6.486362934112549,6.526942627916343,6.306306586916372,6.306306586916372,38971613
2015-11-09,6.562438488006592,6.602176041528937,6.388298360001644,6.450014657050941,34314547
2015-11-10,6.5666704177856445,6.62837702340916,6.493973977939739,6.5100277327499185,31660431
2015-11-11,6.69685173034668,6.698546167564799,6.517637523409519,6.564132973014598,18837499
2015-11-12,6.717145919799805,6.745883943204719,6.594565165414138,6.698545893919553,21050295
2015-11-13,6.579354286193848,6.716294362261403,6.47875273213227,6.627534477353502,14187916
2015-11-16,6.745041847229004,6.746726588814782,6.43395147396304,6.492279360714494,15075022
2015-11-17,6.63514518737793,6.8642340246981535,6.630913711290253,6.8092853181952915,18181919
2015-11-18,6.533700942993164,6.701083175706307,6.513416174917662,6.657966443345618,12354899
2015-11-19,6.745041847229004,6.750105767676472,6.492279360714494,6.492279360714494,24611584
2015-11-20,6.803369522094727,6.8202751115668,6.720525392868636,6.745884238776262,16574872
2015-11-23,6.728978633880615,6.865918709965492,6.720525377464439,6.781389839399844,37522949
2015-11-24,6.8092851638793945,6.811822202676431,6.635987176911279,6.728978536538173,22125468
2015-11-25,6.903961658477783,6.906498235719874,6.779695690488796,6.807591114658778,19375591
2015-11-26,6.840559959411621,6.938624937717841,6.830422423024287,6.925098526844784,12388441
2015-11-27,6.43141508102417,6.838023711551058,6.33081352070357,6.794064836319593,45896744
2015-11-30,6.4254984855651855,6.524405602750357,6.112713684437696,6.408592896075435,29289580
2015-12-01,6.4677629470825195,6.551449216650633,6.361245174640516,6.417888318329832,20203690
2015-12-02,6.470299243927002,6.480446937197623,6.230221045264462,6.480446937197623,38546985
2015-12-03,6.581038951873779,6.585269966177958,6.424646553654303,6.466920222434854,21242933
2015-12-04,6.4965105056762695,6.5979449711039075,6.450015053551579,6.5632911887681455,21661683
2015-12-07,6.605555057525635,6.619081467769451,6.46776268862691,6.50918452094538,21598733
2015-12-08,6.44662618637085,6.555680541124133,6.4246469797679,6.5531439638512285,13883607
2015-12-09,6.395908355712891,6.4669200468285,6.36631849665819,6.439867226509083,12252873
2015-12-10,6.373086929321289,6.491436676902494,6.352792465027769,6.399287915630166,12551069
2015-12-11,6.330812931060791,6.3790028164200985,6.300380470188231,6.346875918380893,13535023
2015-12-14,6.471142292022705,6.487205742071963,6.264032655136454,6.2936225163173845,24349225
2015-12-15,6.490584850311279,6.552301149219691,6.466920441156404,6.47959501651724,18037240
2015-12-16,6.542996406555176,6.597944651184598,6.5176375605780885,6.521016739343793,15436904
2015-12-17,6.732357501983643,6.73319964185975,6.559901660381026,6.592870697811445,18995135
2015-12-18,6.688398838043213,6.746726260254638,6.648671442200479,6.728978531177229,19534347
2015-12-21,6.782232761383057,6.78814851754542,6.644440381485063,6.6605038317622025,19297531
2015-12-22,6.842254161834717,6.847327777699235,6.739967868316391,6.776316085275705,8468708
2015-12-23,6.752642631530762,6.84732796873381,6.729820824343583,6.830422379173508,9622276
2015-12-24,6.754336833953857,6.771242422926451,6.647819065200057,6.75856830989153,10421189
2015-12-25,6.783926963806152,6.793222360254547,6.72390464102859,6.750105627123556,10412535
2015-12-28,6.620776176452637,6.825348769382984,6.614850263130481,6.775474140577948,14339765
2015-12-29,6.6909356117248535,6.696851829390819,6.573428466558248,6.585270135880605,17177757
2015-12-30,6.7425055503845215,6.752643087391142,6.679104044859032,6.690093879233882,17696924
2015-12-31,6.625840187072754,6.761095524610573,6.6233031481830755,6.761095524610573,12581581
2016-01-04,6.079744815826416,6.635987481102825,6.063691061494206,6.601333699534486,25840832
2016-01-05,6.020574569702148,6.2902430975245185,5.78219033914267,5.793170476947333,69599075
2016-01-06,6.147377014160156,6.152450630024086,5.979152644102317,5.994363796004494,33171654
2016-01-07,5.597902774810791,6.086512927522619,5.579302747396511,6.028185502032354,3891726
2016-01-08,5.70864200592041,5.8329075049300245,5.410235456918032,5.764432850991984,51480840
2016-01-11,5.341761112213135,5.680746912241566,5.334150457093069,5.558165685938643,43447372
2016-01-12,5.333308219909668,5.41023567147946,5.230169624567481,5.389099067193818,50303656
2016-01-13,5.1676201820373535,5.427141473490344,5.165083604959889,5.359508959881053,30565737
2016-01-14,5.34091854095459,5.342603282564099,4.983332711460747,5.063639805479591,42993833
2016-01-15,5.135493755340576,5.340918177953193,5.088997844955311,5.304560265306292,50554193
2016-01-18,5.209042072296143,5.264832917631257,4.996006993096701,5.052649674026937,37462189
2016-01-19,5.375572204589844,5.729779309066216,5.171842209805891,5.182831581936778,57959095
2016-01-20,5.331614017486572,5.434752155672053,5.246233305540423,5.364583058668502,29449401
2016-01-21,5.1481781005859375,5.848119240616978,5.139725305161311,5.236937992939159,46019499
2016-01-22,5.2158002853393555,5.353592653352587,5.063639367287123,5.161703878701725,34331218
2016-01-25,5.254685878753662,5.320623958330824,5.2014320702681385,5.248769661021043,25165831
2016-01-26,4.930920600891113,5.2158002703688995,4.845539898296857,5.2141155289100185,82479722
2016-01-27,4.810034275054932,4.930920592030719,4.586861205243958,4.926689577862059,86243090
2016-01-28,4.6088409423828125,4.809191747561788,4.594471930490025,4.753391207482409,35340947
2016-01-29,4.7703070640563965,4.82778265125616,4.5877039835043645,4.6460411019942605,44673012
2016-02-01,4.717043399810791,4.799887533687573,4.6435048201982,4.777065725338332,50305429
2016-02-02,4.883583068847656,4.892035863306379,4.723811033233171,4.730569852223844,66314581
2016-02-03,4.908941745758057,4.929226514534033,4.7779077260295395,4.818487420971116,18100913
2016-02-04,4.990943431854248,5.02391247280359,4.903868283188509,4.903868283188509,39657600
2016-02-05,4.956279754638672,5.025597012708426,4.94106814041398,5.006996985675435,148264902
2016-02-15,4.9638895988464355,5.171841820132467,4.804118028023106,4.818487039605687,16436959
2016-02-16,5.168462753295898,5.170157190467295,4.970648063473649,4.970648063473649,40260691
2016-02-17,5.219179630279541,5.232706502567,5.11181971947514,5.154935990054586,69205766
2016-02-18,5.193820953369141,5.272443297045789,5.190441774835182,5.246232617257175,97583717
2016-02-19,5.214116096496582,5.253843495606245,5.160852590105963,5.181989657007847,73905765
2016-02-22,5.329076290130615,5.342602699983063,5.256379859202284,5.270748870617374,80321971
2016-02-23,5.302875518798828,5.338381595824806,5.22425363350697,5.331613542782352,31951190
2016-02-24,5.3282341957092285,5.3426027455473735,5.223410866826712,5.254685466901782,37640441
2016-02-25,4.893720626831055,5.327391737891032,4.802423705452836,5.327391737891032,77272117
2016-02-26,4.937678813934326,4.979101106357758,4.823560552977096,4.913163033141479,63577753
2016-02-29,4.632514953613281,4.904710378254658,4.5716504885471565,4.904710378254658,68310215
2016-03-01,4.769454479217529,4.818486964478038,4.624903757792848,4.679852460248537,51610489
2016-03-02,5.029828071594238,5.029828071594238,4.736485891186222,4.736485891186222,63517640
2016-03-03,5.025596618652344,5.12957734544887,5.022217440099491,5.045891081347961,45730769
2016-03-04,4.876814842224121,5.066176286624072,4.826940212415129,5.041660503388608,40356020
2016-03-07,5.014606952667236,5.072092234435821,4.928384108708897,4.928384108708897,67232027
2016-03-08,5.045039653778076,5.047576230970414,4.81932999191303,4.989248806532407,61818562
2016-03-09,4.904709815979004,5.046733656444921,4.8700560376880775,4.94528950716765,38619985
2016-03-10,4.816792964935303,4.9512061629877735,4.8142656217272215,4.90302550889947,19763765
2016-03-11,4.815950393676758,4.853150909860396,4.7339493253557645,4.788897571450155,35214627
2016-03-14,4.999395847320557,5.038281103257025,4.864140514843958,4.864140514843958,49013137
2016-03-15,4.931763648986816,4.995164691141154,4.898794608431061,4.983332717100117,27055103
2016-03-16,4.877667427062988,5.013765375140862,4.859909538771638,4.984175512348902,30936935
2016-03-17,5.037428855895996,5.127883177540694,4.879351715187562,4.886962369947721,78671018
2016-03-18,5.2377800941467285,5.494764349541496,5.024754249035979,5.494764349541496,122752569
2016-03-21,5.345139980316162,5.357824250878914,5.2606018771391865,5.276664864696014,50768073
2016-03-22,5.31978178024292,5.381488383217137,5.2749803053104,5.315550304112859,56845175
2016-03-23,5.3704986572265625,5.376414875035462,5.285970245124856,5.309634192961393,87166185
2016-03-24,5.263138294219971,5.378950995098242,5.253842898323056,5.291886013165057,55580045
2016-03-25,5.329928874969482,5.334150193601216,5.258064884337527,5.260601923152071,74144365
2016-03-28,5.2851176261901855,5.410235421675379,5.2758226917683615,5.3493709611137925,57832733
2016-03-29,5.193820953369141,5.296107242472698,5.139724548058724,5.272443297045789,49530227
2016-03-30,5.443204879760742,5.494764714188134,5.232706825494426,5.232706825494426,46562173
2016-03-31,5.400088310241699,5.455879156192446,5.380645681980458,5.418688798588227,33544160
2016-04-01,5.382340908050537,5.392478444909795,5.287655104132266,5.392478444909795,53853765
2016-04-05,5.506606101989746,5.532807087842118,5.362045674928353,5.3823406005677965,53969905
2016-04-06,5.540417671203613,5.54549128712315,5.486311567281998,5.494764361917987,40840226
2016-04-07,5.472784519195557,5.570849492049049,5.466026161979787,5.548870287563688,52137058
2016-04-08,5.422910213470459,5.449120895381952,5.342603121867125,5.449120895381952,37705079
2016-04-11,5.520122528076172,5.562396656977778,5.4694053005613466,5.4694053005613466,41620567
2016-04-12,5.493921756744385,5.538723230404275,5.424604500798884,5.5159014236211386,21742582
2016-04-13,5.580996990203857,5.645240631280139,5.520975129516531,5.520975129516531,133659365
2016-04-14,5.61818790435791,5.631714315352892,5.553944262199744,5.613114288273538,55536973
2016-04-15,5.61057710647583,5.629177133081428,5.56577609417195,5.619882198473279,21979845
2016-04-18,5.514207363128662,5.579302843201088,5.467711449090364,5.579302843201088,54367904
2016-04-19,5.524354457855225,5.578460564088411,5.493921995028045,5.531112815576866,28343102
2016-04-20,5.280896186828613,5.561554075120789,5.198052523256787,5.547175829484816,81894621
2016-04-21,5.238622188568115,5.338381600684508,5.228484652529611,5.232706432806338,58968504
2016-04-22,5.269906520843506,5.273285699545767,5.190442033347642,5.215800417149114,29161876
2016-04-25,5.243696212768555,5.260602264871685,5.160852540677207,5.24539065008506,29651360
2016-04-26,5.31217098236084,5.409383661151306,5.2149583035703735,5.236937508780534,26096812
2016-04-27,5.2851176261901855,5.341760768183386,5.270749075914923,5.313865345829313,28941924
2016-04-28,5.242011070251465,5.290191722197279,5.166768363462549,5.258917121061679,27810453
2016-04-29,5.249612331390381,5.30709761678897,5.211579370697138,5.238622497417121,21474215
2016-05-03,5.417836666107178,5.4203737050173375,5.225105738249226,5.2496122875326465,39615108
2016-05-04,5.417836666107178,5.454194580592581,5.39417271846362,5.406846832225733,43159423
2016-05-05,5.455879211425781,5.457573648661684,5.384867516856817,5.401782802146132,22828617
2016-05-06,5.241158962249756,5.470247781413417,5.236095042331445,5.45165745177166,39205994
2016-05-09,5.050113201141357,5.216643138978474,4.831171595597902,5.216643138978474,62502446
2016-05-10,5.0340495109558105,5.0712500245291965,5.009533267664053,5.046733781237439,30932206
2016-05-11,5.024754047393799,5.1397246077972305,5.004469280265081,5.0458911117825505,28752382
2016-05-12,5.026439189910889,5.032365103348276,4.886119931167032,4.97064834238872,64304058
2016-05-13,5.009533405303955,5.076323779776956,4.979101405520744,5.004469485081507,45075704
2016-05-16,5.099987983703613,5.110135216039771,4.965574783761472,5.013765134217325,24241534
2016-05-17,5.092377185821533,5.147325892500708,5.055186827782023,5.101682277948612,29526404
2016-05-18,4.952057838439941,5.060260350872983,4.894572555653367,5.060260350872983,22638901
2016-05-19,4.976564407348633,5.043354782366978,4.924152740278445,4.924152740278445,31619125
2016-05-20,5.043354511260986,5.04841843125257,4.914014939907739,4.95712151266615,22591531
2016-05-23,5.098302841186523,5.1059038000004895,5.046733777603513,5.046733777603513,19025940
2016-05-24,5.050955295562744,5.093229426547838,5.012922336321704,5.089840552108326,31041808
2016-05-25,5.020523548126221,5.110977874843964,5.012070752981626,5.076324092608447,12594104
2016-05-26,5.045039653778076,5.113514310384485,4.924152867052596,5.008691435244918,25514459
2016-05-27,5.0492706298828125,5.085618848139932,5.017986331981405,5.036586820618398,21936784
2016-05-30,5.026439189910889,5.071250360966014,4.974879818559632,5.026439189910889,14702558
2016-05-31,5.247927188873291,5.259759161889999,5.0272911565137255,5.0272911565137255,56479247
2016-06-01,5.249612331390381,5.291034166652531,5.236937755822851,5.263138742595464,57771821
2016-06-02,5.292728424072266,5.2952654629174045,5.242011193844852,5.242011193844852,38719988
2016-06-03,5.324855327606201,5.346834533124228,5.271591362800254,5.295265467246054,62969848
2016-06-06,5.33752965927124,5.351056532280252,5.299487002594213,5.322318506354492,38728892
2016-06-07,5.332456111907959,5.340918602814603,5.292728713110801,5.313865779846416,26776499
2016-06-08,5.317244529724121,5.340066336247171,5.268212042312673,5.330770940116712,15114082
2016-06-13,5.061102867126465,5.286812539033026,5.054344509173549,5.240317086262947,42313094
2016-06-14,5.083924293518066,5.09830300139524,5.030670486798199,5.0636395254936755,52792614
2016-06-15,5.247075080871582,5.324855289485946,5.024754299026993,5.024754299026993,96559240
2016-06-16,5.226790428161621,5.269906699921799,5.209042236754633,5.2470751967541664,24993612
2016-06-17,5.267370223999023,5.307949457654238,5.215800694660192,5.233558582098575,29792846
2016-06-20,5.274128437042236,5.2842756691001505,5.207347756721517,5.258064987330754,35993525
2016-06-21,5.211578845977783,5.350213350658028,5.1929783587827485,5.308791519566368,27394357
2016-06-22,5.310476779937744,5.314707794441489,5.191284428967995,5.19297886624743,19916587
2016-06-23,5.280896186828613,5.3104763499975,5.236937316324259,5.307097171402366,22697653
2016-06-24,5.203968524932861,5.325697449027427,5.082239600838295,5.277517257773115,50983371
2016-06-27,5.353592872619629,5.367961884946639,5.160852254503149,5.1777578439693075,34488041
2016-06-28,5.403467655181885,5.406846834033508,5.310476753077024,5.322318422592865,35169782
2016-06-29,5.40431022644043,5.433900087378291,5.3848675976905,5.40431022644043,27012759
2016-06-30,5.407699108123779,5.432215353000138,5.384025464883942,5.403467631960091,20129064
2016-07-01,5.400088310241699,5.469405566873019,5.389941078308818,5.418688798588227,24783973
2016-07-04,5.507448673248291,5.514207030731117,5.325697427749126,5.325697427749126,33586017
2016-07-05,5.535343647003174,5.544639043335306,5.499838030913486,5.510827864465057,26831800
2016-07-06,5.568312644958496,5.569155246566862,5.50153242762476,5.53280702913024,20933861
2016-07-07,5.590292453765869,5.6063559035753086,5.52858538909781,5.563239170206888,23000288
2016-07-08,5.568312644958496,5.603818722486264,5.547176041325073,5.587755273084471,20456972
2016-07-11,5.582681655883789,5.651156772108426,5.570849682506974,5.580996914366952,24087647
2016-07-12,5.652851581573486,5.658767337801709,5.528585611615624,5.571692651029056,110710104
2016-07-13,5.6925787925720215,5.715400600167102,5.6393249840865,5.6638412289438484,24538132
2016-07-14,5.712021350860596,5.714557928027912,5.664683298992199,5.682431490271561,28912633
2016-07-15,5.698494911193848,5.714557899141065,5.672293925219987,5.701874089969556,13989551
2016-07-18,5.675673007965088,5.712021225340963,5.646925287933728,5.672293829246554,19718247
2016-07-19,5.673978805541992,5.679052421674594,5.617345356122268,5.669757025041809,42084225
2016-07-20,5.664682865142822,5.706104696179156,5.663840725281368,5.677367135106499,18712466
2016-07-21,5.691736221313477,5.747527068994897,5.660451922930142,5.662988961841821,19508229
2016-07-22,5.655387878417969,5.694273135293564,5.6350934143679146,5.683283301646656,51609067
2016-07-25,5.663841247558594,5.690041772374738,5.635936128084995,5.63932500262067,18678846
2016-07-26,5.744147777557373,5.744990379181225,5.655387891651104,5.655387891651104,24948630
2016-07-27,5.490542888641357,5.756822555748479,5.448269217407634,5.744147980080802,180779148
2016-07-28,5.5167436599731445,5.60889242000247,5.438131006416917,5.478701004776205,63845504
2016-07-29,5.477859020233154,5.533649406490229,5.452500173479512,5.499838226418081,21003201
2016-08-01,5.395857334136963,5.4770162604951915,5.337529448939793,5.442352784088923,43912379
2016-08-02,5.448268890380859,5.451657764773131,5.384867390476841,5.384867390476841,19950907
2016-08-03,5.466869354248047,5.473637407884503,5.419531299855124,5.435594750439719,28232342
2016-08-04,5.499838352203369,5.514207365343411,5.44489010463458,5.461795695057297,23208343
2016-08-05,5.482089519500732,5.517595595215026,5.473636725277136,5.502374286499516,30515770
2016-08-08,5.558165550231934,5.57930261608638,5.435594484311423,5.469405663766937,26348066
2016-08-09,5.61396598815918,5.6215669472616865,5.541259857158315,5.541259857158315,34959745
2016-08-10,5.586061000823975,5.619030040509933,5.575923464352086,5.606355926847328,35770785
2016-08-11,5.493921756744385,5.600439527315368,5.4905425780301265,5.566618191404143,35793042
2016-08-12,5.57169246673584,5.584376276126787,5.4778589634754615,5.493921951700579,41282501
2016-08-15,5.687504768371582,5.738231691708667,5.551406838512545,5.5716920674534585,58200515
2016-08-16,5.713715553283691,5.731463743833651,5.689199309736363,5.689199309736363,33313228
2016-08-17,5.7272419929504395,5.740758707635395,5.690041478798541,5.7061049279486635,51202730
2016-08-18,5.728927135467529,5.762738777625423,5.710327107939326,5.733158611719726,119791370
2016-08-19,5.729779243469238,5.752600589105695,5.695115766811934,5.731463985022323,121517016
2016-08-22,5.666377544403076,5.755137427475349,5.663840967321634,5.727242005072055,37656398
2016-08-23,5.679893970489502,5.702725471559818,5.632556384328689,5.656230025253653,13740946
2016-08-24,5.68328332901001,5.706947737962001,5.663841162178123,5.672293957009711,24920611
2016-08-25,5.645240783691406,5.671441770323195,5.584376319741226,5.668062591462633,29748058
2016-08-26,5.673135757446289,5.716252026339961,5.646925077204136,5.648619514345032,21022735
2016-08-29,5.68328332901001,5.696810201578061,5.641009659162125,5.672293957009711,13370543
2016-08-30,5.679893970489502,5.712863007079846,5.658766602206199,5.680746267732749,17114545
2016-08-31,5.689199447631836,5.691736024756388,5.642703998172789,5.678209614123334,14204090
2016-09-01,5.6359357833862305,5.695115501869443,5.633408440324417,5.684967808563708,20401696
2016-09-02,5.608892440795898,5.662988850138951,5.58775537507715,5.635936028472226,15947972
2016-09-05,5.648619651794434,5.674830332674379,5.621566831017976,5.621566831017976,17345406
2016-09-06,5.750063896179199,5.750906036089027,5.60212429175659,5.646925303900337,34656328
2016-09-07,5.736537456512451,5.7838750455351065,5.728084661890181,5.751748608556658,26908604
2016-09-08,5.7686638832092285,5.769506484812798,5.72639021448352,5.73653744628804,9301323
2016-09-09,5.712863445281982,5.775422344754541,5.7094842665161085,5.767812151613688,23791239
2016-09-12,5.556480884552002,5.646083373869759,5.550565128485261,5.627482884939705,44784604
2016-09-13,5.580996990203857,5.6029766574388296,5.559017784668403,5.583524333363212,15135675
2016-09-14,5.5454912185668945,5.585218614145696,5.537037962335899,5.555628754590925,16774065
2016-09-19,5.613114356994629,5.613114356994629,5.570849920224614,5.570849920224614,9623022
2016-09-20,5.6021246910095215,5.613114525276104,5.586913537804177,5.6012825510396755,10147193
2016-09-21,5.61818790435791,5.6308717137190785,5.596208236752792,5.600439712902877,20217296
2016-09-22,5.648619651794434,5.678209511349037,5.638472420080863,5.6427038960411355,9566369
2016-09-23,5.63932466506958,5.668062227072067,5.630019573338814,5.666377485595161,9401216
2016-09-26,5.5311126708984375,5.630871624058749,5.52012283727087,5.628335046906715,32934283
2016-09-27,5.562397003173828,5.582681771624591,5.493079745603435,5.513364514054197,20214787
2016-09-28,5.555628776550293,5.564933406704678,5.540417624609324,5.556480612139776,14789630
2016-09-29,5.585218906402588,5.62241896083939,5.555629045299473,5.555629045299473,27136497
2016-09-30,5.6080403327941895,5.608892168366959,5.565775899099432,5.565775899099432,9122692
2016-10-10,5.715400695800781,5.723010889223481,5.537880918485931,5.623261628252333,39571341
2016-10-11,5.733158588409424,5.7356951656527455,5.699337250698776,5.728927112174432,17657222
2016-10-12,5.728927135467529,5.734000751674337,5.709484506285179,5.723010917606575,12305323
2016-10-13,5.735694885253906,5.7483694602592745,5.722168474648767,5.7272420905869135,12968772
2016-10-14,5.724705219268799,5.729779297054921,5.680746807438344,5.72301078200992,11069622
2016-10-17,5.680746555328369,5.743295757479904,5.6536932728276375,5.72047395094332,28716778
2016-10-18,5.765275001525879,5.766969438721051,5.6722937992646685,5.67820955506351,30264388
2016-10-19,5.739916801452637,5.780496034228539,5.728084827776742,5.7779594570491835,15504228
2016-10-20,5.743295669555664,5.754285041007573,5.7314636965198655,5.747526683755534,11379416
2016-10-21,5.734842777252197,5.758516418609143,5.687504728528107,5.736537214381012,17834239
2016-10-24,5.779654026031494,5.8007813966854735,5.726390521046231,5.734843316105957,29086038
2016-10-25,5.80078125,5.805854866045579,5.779653879880273,5.783033058680672,26011314
2016-10-26,5.7762651443481445,5.799096647952261,5.757674812653744,5.795707773380378,19250380
2016-10-27,5.765275001525879,5.773727796122397,5.742453194834492,5.769506477518728,14711160
2016-10-28,5.721316337585449,5.787254878647598,5.713715840004873,5.766127508383526,19193186
2016-10-31,5.701031684875488,5.714558096134496,5.666377902922819,5.714558096134496,24197353
2016-11-01,5.761053562164307,5.762738303634493,5.700189102369782,5.700189102369782,20549179
2016-11-02,5.703568458557129,5.753443086740462,5.70103141973365,5.748369470793018,10962465
2016-11-03,5.73146390914917,5.7695065640989815,5.687505036612227,5.6891994738328275,12414827
2016-11-04,5.713715553283691,5.7534429486184075,5.704410461523751,5.717094731937607,8961783
2016-11-07,5.717936992645264,5.734843043661094,5.694273045878315,5.706947620870438,11759403
2016-11-08,5.755980014801025,5.766969848977025,5.727242450266438,5.728085051928884,23887247
2016-11-09,5.702725887298584,5.76273851370596,5.647777642875348,5.755979694500397,30567710
2016-11-10,5.787254810333252,5.787254810333252,5.744147772990803,5.744147772990803,18300615
2016-11-11,5.832907676696777,5.8362868554907275,5.772885815572149,5.782190446018178,19328161
2016-11-14,5.8447394371032715,5.883624692739532,5.8160018748681335,5.82445466938962,19395356
2016-11-15,5.8658766746521,5.87348732950194,5.835444674341643,5.857423879881965,19642408
2016-11-16,5.871792793273926,5.890392819730574,5.866719177359411,5.869255754466914,6179608
2016-11-17,5.872635364532471,5.880246019813009,5.837981581871021,5.865877006609848,11312330
2016-11-18,5.845582008361816,5.876866304899343,5.831212996469065,5.872634828966014,6669354
2016-11-21,5.8447394371032715,5.890392745770473,5.827833848060298,5.841360258432594,12238149
2016-11-22,5.897151470184326,5.901382946403006,5.848118979794384,5.848118979794384,11637508
2016-11-23,5.860803127288818,5.909835616643264,5.854044769669512,5.9089833193236,10826510
2016-11-24,5.849813461303711,5.883625103449403,5.837129651641039,5.8531931019098105,16924168
2016-11-25,5.878551006317139,5.88701349642662,5.774579972832802,5.850655584312404,21968683
2016-11-28,5.8946146965026855,5.920825378109744,5.8743294665029016,5.884477160197486,10959380
2016-11-29,5.860803127288818,5.906456437833611,5.854044769669512,5.893772166835167,14156474
2016-11-30,5.825297832489014,5.859109013834043,5.808391780116951,5.849813616821542,18688523
2016-12-01,5.8591084480285645,5.865034361162931,5.823612528458385,5.824454668353757,19510565
2016-12-02,5.766127586364746,5.85572961439358,5.765275289030067,5.837981422712968,17847985
2016-12-05,5.728084564208984,5.767811959536968,5.706104897728451,5.723010486684701,19455621
2016-12-06,5.735694885253906,5.761053730954396,5.731463870925289,5.741611102801582,9729940
2016-12-07,5.804160118103027,5.805854555257503,5.733158122636024,5.73569469967327,8506300
2016-12-08,5.775422096252441,5.8033175181776455,5.770348480477006,5.7990961996741595,7280122
2016-12-09,5.760210990905762,5.780495758481075,5.754285077810754,5.758516553737185,10942818
2016-12-12,5.527733325958252,5.772043003676015,5.521817108512115,5.748369361600891,45990616
2016-12-13,5.543797016143799,5.558165567037076,5.476174195328791,5.526890964665403,24405042
2016-12-14,5.509985446929932,5.561554514262525,5.497301175735164,5.5437970886292876,15972876
2016-12-15,5.5446391105651855,5.577608149920136,5.484626945200018,5.50321727639018,18374805
2016-12-16,5.580145359039307,5.590292591408943,5.536186484658314,5.54463927973627,13937488
2016-12-19,5.584375858306885,5.594513394050913,5.55901747541282,5.582681421171548,24666730
2016-12-20,5.560702323913574,5.591986620388683,5.5370379159997665,5.584375965817398,8928472
2016-12-21,5.606355667114258,5.609734845781669,5.568312551410291,5.568312551410291,14412989
2016-12-22,5.597050666809082,5.608892335872955,5.57592329717547,5.60128214282945,9816532
2016-12-23,5.557323455810547,5.602976766700846,5.549712800813978,5.597050853276862,8765281
2016-12-26,5.559859752655029,5.562396791425798,5.483774444704153,5.557323175583764,22385728
2016-12-27,5.57000732421875,5.577607821276252,5.554786015326044,5.562396669772397,18108207
2016-12-28,5.5446391105651855,5.570007652414798,5.531112699715113,5.560702560280028,11875060
2016-12-29,5.541259765625,5.562396830736082,5.524354176491792,5.524354176491792,7990435
2016-12-30,5.539575576782227,5.560702948311447,5.524354727630045,5.529428344014105,9853266
2017-01-03,5.5877556800842285,5.596208475355235,5.542954664729075,5.542954664729075,7610161
2017-01-04,5.656230449676514,5.663841104504189,5.570849743214647,5.5894497699307175,18592078
2017-01-05,5.653693199157715,5.665525633919973,5.646925146200795,5.656230237905124,9596788
2017-01-06,5.627482891082764,5.653693573380076,5.624946313866955,5.64524077839154,7131338
2017-01-09,5.670599460601807,5.672293897826422,5.61818779321731,5.620724370359555,6862661
2017-01-10,5.649462699890137,5.676515522804688,5.642704342006682,5.671441906546915,9378064
2017-01-11,5.604661464691162,5.662146287203253,5.596208208124271,5.655387929585352,10254695
2017-01-12,5.536186218261719,5.609734950571332,5.532807039531185,5.6021242958105555,16122803
2017-01-13,5.4753217697143555,5.552249680938006,5.466868975022979,5.537038067069926,23546646
2017-01-16,5.31978178024292,5.471942707002944,5.188747761964668,5.471942707002944,24559223
2017-01-17,5.36627721786499,5.367961959421082,5.258917304595267,5.321466509049402,16197462
2017-01-18,5.369656085968018,5.397551507778852,5.340066227009171,5.366276907361396,34552710
2017-01-19,5.351056098937988,5.379803356526444,5.334150048393268,5.361203330520911,20695216
2017-01-20,5.419531345367432,5.428826742393632,5.334150632812713,5.334150632812713,19666893
2017-01-23,5.47194242477417,5.4736368619368925,5.406846488957677,5.406846488957677,13733745
2017-01-24,5.448268890380859,5.476174008673623,5.439815634080029,5.460952699277928,9018973
2017-01-25,5.469405651092529,5.479553344881182,5.431362995598483,5.431362995598483,5667594
2017-01-26,5.506606101989746,5.507448703607054,5.471100024085202,5.477858843304798,5437835
2017-02-03,5.4888482093811035,5.522659850024907,5.466026402312934,5.507448697775911,8014011
2017-02-06,5.536186218261719,5.537038053861915,5.477016193863708,5.4896907688754055,8648597
2017-02-07,5.527733325958252,5.537037956065321,5.492227248990854,5.5268907243631835,12280070
2017-02-08,5.564933776855469,5.565776378510867,5.490542900622944,5.520123066572556,6650623
2017-02-09,5.591986656188965,5.5962079747518585,5.552249564998702,5.567470412539215,7926453
2017-02-10,5.603818893432617,5.613114289979866,5.585218866347608,5.598745277346702,11244871
2017-02-13,5.625798225402832,5.6283352643524,5.5919870449925035,5.611429674147236,12018630
2017-02-14,5.630019664764404,5.6350932806565295,5.604661280993445,5.623261307368014,10091171
2017-02-15,5.577608108520508,5.640167007976032,5.5708497509906,5.626640597226359,7892301
2017-02-16,5.61396598815918,5.626640563223385,5.575071497682756,5.575923333286481,9849477
2017-02-17,5.575071334838867,5.627482538762529,5.564933337201878,5.613113988600367,8423578
2017-02-20,5.647777557373047,5.651998875978206,5.57422882568739,5.575071427290192,7102551
2017-02-21,5.691736221313477,5.695958001806359,5.635936139641477,5.635936139641477,10198566
2017-02-22,5.717936992645264,5.723853210186757,5.6798943379889195,5.701031403328946,20175108
2017-02-23,5.726390361785889,5.729779236267691,5.690041681921664,5.718789402576906,9026746
2017-02-24,5.728084564208984,5.728084564208984,5.701873883494372,5.7221683467935005,11855863
2017-02-27,5.680746555328369,5.728084605585218,5.673135900686471,5.717094772265567,10641012
2017-02-28,5.700189590454102,5.701874332068545,5.667220549839084,5.6807469612061325,9800568
2017-03-01,5.718789577484131,5.739916948196696,5.687505278705443,5.691736293242374,23460984
2017-03-02,5.691736221313477,5.733158517953887,5.679052411853671,5.710327014546897,15459506
2017-03-03,5.703568458557129,5.714557830363576,5.657915149020395,5.664683202180243,15981576
2017-03-06,5.757674694061279,5.7635904500551725,5.7069477674204405,5.73315844936638,18505812
2017-03-07,5.772885799407959,5.777116813806245,5.733158402538153,5.753443170934998,14372861
2017-03-08,5.751749038696289,5.78894955606756,5.73653788551453,5.75851709231407,7884178
2017-03-09,5.68328332901001,5.749221407809886,5.6807467518412995,5.749221407809886,12542537
2017-03-10,5.701031684875488,5.714558096134496,5.682431657433074,5.682431657433074,11349846
2017-03-13,5.7627387046813965,5.763590540315492,5.6663778573337815,5.694273281277625,14454721
2017-03-14,5.735694885253906,5.767812088412089,5.725547653377614,5.76527504959326,14107487
2017-03-15,5.730621337890625,5.7466847875068146,5.7145578882744354,5.728926900661048,12607127
2017-03-16,5.782190322875977,5.790643579225317,5.733158296493129,5.736537475215114,24953126
2017-03-17,5.724705219268799,5.79317064191703,5.722168642075263,5.787254885895775,27385687
2017-03-20,5.743295669555664,5.743295669555664,5.701031235807273,5.722168300526198,14080710
2017-03-21,5.7678117752075195,5.769506212324808,5.725547342468094,5.739916353902494,16423146
2017-03-22,5.746685028076172,5.762738782674539,5.706947934031778,5.762738782674539,13371238
2017-03-23,5.758516788482666,5.783875172907921,5.701874106295579,5.742453338789937,13211160
2017-03-24,5.794865131378174,5.803317926368635,5.744990501377651,5.757674772558169,17562214
2017-03-27,5.760210990905762,5.80078098775589,5.757674413847408,5.7948647703504035,12198013
2017-03-28,5.747527122497559,5.771201227765293,5.734000711271472,5.756822519200798,17790524
2017-03-29,5.728084564208984,5.765274920774826,5.706104897728451,5.743295715993795,23933402
2017-03-30,5.641861438751221,5.723010669166116,5.635935987156764,5.711178695657379,33022954
2017-03-31,5.652851581573486,5.662989118411315,5.630020077535254,5.6359362954630186,25780727
2017-04-05,5.798243999481201,5.805012052524913,5.695115566149132,5.695115566149132,35042986
2017-04-06,5.7965593338012695,5.804160292851405,5.77204308976542,5.799096372614396,15315502
2017-04-07,5.806696891784668,5.828676558789494,5.775422290188799,5.796559355582824,30723221
2017-04-10,5.80078125,5.822760455737535,5.790643713598802,5.802475687245179,22427768
2017-04-11,5.8658766746521,5.86671927627191,5.764432980021102,5.7999385963316135,17286433
2017-04-12,5.820223808288574,5.873487311283826,5.811770551845143,5.866719258074789,16134620
2017-04-13,5.8540449142456055,5.8692560671097045,5.8066971652816575,5.81514996035954,10348444
2017-04-14,5.7762651443481445,5.854044894467737,5.773728105414561,5.849813418248212,24125717
2017-04-17,5.711178779602051,5.76273861216286,5.701031547479789,5.761896010532905,21121793
2017-04-18,5.684967994689941,5.744147715110702,5.674830458441297,5.701874045827009,14003685
2017-04-19,5.61818790435791,5.672294010037364,5.570849852020964,5.6621463161690935,46404246
2017-04-20,5.615650653839111,5.6427039365090925,5.583524216975466,5.621566871334344,26181897
2017-04-21,5.580996990203857,5.634251259362171,5.57169235982562,5.609735014977492,18103029
2017-04-24,5.430521011352539,5.5666184917795,5.428826574059122,5.565776351827676,99729383
2017-04-25,5.4474263191223145,5.484626833826606,5.430520729825498,5.430520729825498,22426393
2017-04-26,5.457573413848877,5.4778586430569325,5.435594209177322,5.442352566450344,9731055
2017-04-27,5.477016448974609,5.4888484229274725,5.358666698976283,5.447426587552475,36010303
2017-04-28,5.495616436004639,5.497301177591117,5.460952958660255,5.4761742687789265,15121553
2017-05-02,5.489690780639648,5.498995410930998,5.472784729561479,5.494764396591202,17329429
2017-05-03,5.485468864440918,5.510827709580397,5.465184096826844,5.484626724549531,9072115
2017-05-04,5.459258556365967,5.520975318090403,5.445741840826968,5.473637264933771,14030913
2017-05-05,5.396709442138672,5.4550373302798585,5.394172864859199,5.449963714021371,36246929
2017-05-08,5.29695987701416,5.390793377913202,5.293571002575216,5.390793377913202,44420884
2017-05-09,5.317244529724121,5.320623708399868,5.242853658710165,5.283432889887938,29482161
2017-05-10,5.217494964599609,5.34006649099048,5.215800527367834,5.315550246574329,32911178
2017-05-11,5.202274322509766,5.211579414967798,5.072092597807384,5.209884977668951,90100263
2017-05-12,5.187905311584473,5.202274324564192,5.1464834759541,5.192978927792755,31140634
2017-05-15,5.214116096496582,5.240317084015749,5.198895247573351,5.198895247573351,17822268
2017-05-16,5.3231611251831055,5.330771318661395,5.162546936840358,5.215800746605957,41263921
2017-05-17,5.33752965927124,5.367119520841126,5.315550452854625,5.323161108007896,30344612
2017-05-18,5.287654876708984,5.342603122022054,5.279202081844628,5.303718326508017,31413703
2017-05-19,5.285970211029053,5.305412839914927,5.263138707596805,5.287654952612121,15647860
2017-05-22,5.208189964294434,5.306254473294423,5.2014316072271125,5.283432667730982,31743453
2017-05-23,5.114356994628906,5.2166432942283345,5.1059041995820476,5.20734789753408,32195538
2017-05-24,5.136335849761963,5.13887288852137,5.028133339745854,5.097450594367088,63758523
2017-05-25,5.1752214431762695,5.197200649369185,5.076324018449014,5.138030622521891,69214917
2017-05-26,5.179452419281006,5.206505703123573,5.1574732132510475,5.175221404806506,43620116
2017-05-31,5.150714874267578,5.2639910070732,5.148177835352059,5.241159503631649,52156023
2017-06-01,5.058565616607666,5.150714369912584,5.056880875188881,5.1431037156107875,36319978
2017-06-02,5.115208625793457,5.12873503646577,5.01122789306507,5.039123316023408,85448679
2017-06-05,5.145640850067139,5.17184183459836,5.127040362590543,5.130420002879686,61680481
2017-06-06,5.169304847717285,5.178609939393563,5.119430221179711,5.136335809986827,35735658
2017-06-07,5.28173828125,5.28343271837767,5.162546402655428,5.170999196915204,77943379
2017-06-08,5.279201984405518,5.289349216331448,5.259759356157593,5.282581163150894,37064940
2017-06-09,5.297801971435547,5.306254766080699,5.2521486621004305,5.278359343332968,55775727
2017-06-12,5.232706546783447,5.278359394864754,5.226790329193299,5.278359394864754,36726557
2017-06-13,5.307097434997559,5.321466447357341,5.2259482045374295,5.226790344455952,52834627
2017-06-14,5.28934907913208,5.31893893853841,5.281738424535286,5.307097269702049,25984342
2017-06-15,5.336687088012695,5.350213498228983,5.280896243976934,5.284275422608637,34522513
2017-06-16,5.333308219909668,5.349371208107609,5.3240031276691075,5.340066577566575,21028444
2017-06-19,5.372192859649658,5.379803514409953,5.324002973056251,5.334150204936968,43670972
2017-06-20,5.388256549835205,5.412772795032276,5.374730138619789,5.37726671585355,41008982
2017-06-21,5.397552013397217,5.397552013397217,5.355287575932296,5.391635795509325,40109818
2017-06-22,5.320623874664307,5.420373594097359,5.318087297505582,5.403467542801218,48233549
2017-06-23,5.336687088012695,5.339223665059092,5.261453616383048,5.3256972548428045,61710371
2017-06-26,5.433900356292725,5.436436933615475,5.332456193064218,5.335845067754605,52130169
2017-06-27,5.419531345367432,5.443204989758154,5.401783152992516,5.437279537742347,34468128
2017-06-28,5.402625560760498,5.433057562061721,5.393330164067925,5.4085413168734435,42306648
2017-06-29,5.434751510620117,5.458415918042446,5.403467214794742,5.403467214794742,45688817
2017-06-30,5.451658248901367,5.465184660602616,5.404310498402178,5.430521181826415,30783238
2017-07-03,5.488006114959717,5.494764472528668,5.444889843615676,5.448269022400151,32421523
2017-07-04,5.465184211730957,5.486311581380117,5.444889748000659,5.484626839862421,25838738
2017-07-05,5.498995780944824,5.5032175615784285,5.44996375103361,5.460953123588405,39877769
2017-07-06,5.498995780944824,5.5159018331605605,5.456731804654345,5.498995780944824,50518603
2017-07-07,5.53364896774292,5.542954059357861,5.4829322016558875,5.4863113802571455,16810497
2017-07-10,5.515058994293213,5.548870635570925,5.496458967249204,5.5336493256472075,23482852
2017-07-11,5.45419454574585,5.510827994671914,5.450805671226905,5.510827994671914,21221509
2017-07-12,5.446584224700928,5.4964588530997345,5.375572069110441,5.442352748646764,76122475
2017-07-13,5.452500343322754,5.482090205502439,5.431363276424407,5.442353110708965,63508763
2017-07-14,5.438130855560303,5.459258224924725,5.418688689390375,5.453342469162786,37145570
2017-07-17,5.2251057624816895,5.423762604711707,5.216643271781055,5.421225565789781,108636324
2017-07-18,5.272443771362305,5.274128512936248,5.198895036714644,5.214115885020541,50999351
2017-07-19,5.390793323516846,5.395014642138456,5.249612077095781,5.262296347739062,34490790
2017-07-20,5.416151523590088,5.43389971385869,5.379803307485505,5.386561664686197,36974863
2017-07-21,5.43559455871582,5.449120969821176,5.402625518738647,5.402625518738647,47054129
2017-07-24,5.477859020233154,5.492227571345035,5.433057544519246,5.434751981798916,33088269
2017-07-25,5.476174354553223,5.48209011072907,5.430521042571331,5.479553533469248,19985965
2017-07-26,5.466026306152344,5.477016139534641,5.43305726770496,5.46771104765602,17694646
2017-07-27,5.500679969787598,5.517595715993806,5.422909921252953,5.461795176370024,26921247
2017-07-28,5.5311126708984375,5.550564994991899,5.483774619315255,5.483774619315255,28787545
2017-07-31,5.6071977615356445,5.610576940175651,5.511669826502095,5.530269852556379,35759612
2017-08-01,5.591986656188965,5.608892245218706,5.573386629980418,5.608892245218706,22861573
2017-08-02,5.566617965698242,5.617344888813678,5.554785992833226,5.592828645822601,32805034
2017-08-03,5.569155693054199,5.604661773428542,5.552250102388205,5.557323718726107,27196991
2017-08-04,5.5370378494262695,5.6088921418727695,5.531112398104169,5.562396694203138,40045153
2017-08-07,5.615650653839111,5.619029832538003,5.525196333034057,5.525196333034057,31944934
2017-08-08,5.609735012054443,5.631714217578446,5.591986820907543,5.615650767970398,24579364
2017-08-09,5.646925449371338,5.655387939944189,5.597902655627282,5.608040653772226,20601758
2017-08-10,5.600439548492432,5.645240560622219,5.55648067627221,5.6384725074784,37903017
2017-08-11,5.495616436004639,5.591986978987845,5.474479369802779,5.580997145065413,53606772
2017-08-14,5.6071977615356445,5.609734800287774,5.477858648723033,5.477858648723033,42039159
2017-08-15,5.61057710647583,5.620724338386117,5.580145106434755,5.596208094213025,27296455
2017-08-16,5.617344856262207,5.628334689191303,5.569154972131032,5.607197624899956,19546309
2017-08-17,5.673135757446289,5.6756727961627,5.610576861184688,5.614808337041995,34669170
2017-08-18,5.648619651794434,5.66298866377868,5.630019625549419,5.648619651794434,35710012
2017-08-21,5.703568458557129,5.7052628957695335,5.652851228762723,5.662988764967839,19655007
2017-08-22,5.680746555328369,5.700189183187202,5.6672201449277555,5.697652144406734,23274897
2017-08-23,5.6367878913879395,5.6815889045146255,5.6156508255668145,5.669756930861845,19506221
2017-08-24,5.59536600112915,5.64186145103714,5.586060909053826,5.63593599942978,22559143
2017-08-25,5.65453577041626,5.6680621805680715,5.593671310878324,5.594513450760116,55662787
2017-08-28,5.718789577484131,5.744147962733627,5.652851496721767,5.663841330748673,77206044
2017-08-29,5.699337005615234,5.734000481786466,5.6824314161817675,5.71878932957227,32412166
2017-08-30,5.739074230194092,5.756822421651618,5.690041740592123,5.697652395569513,30625781
2017-08-31,5.758516788482666,5.766969583291084,5.72385331193545,5.739916761628179,24575720
2017-09-01,5.817687034606934,5.821075909210832,5.743296158356446,5.761054045960691,48735379
2017-09-04,5.841360569000244,5.854887441791228,5.803317912936395,5.816002184087555,44175373
2017-09-05,5.845582008361816,5.854044498528973,5.807549050207545,5.841360228118024,27171888
2017-09-06,5.877708435058594,5.8861616912217185,5.8160018350554346,5.832065284092927,19241546
2017-09-07,5.834602355957031,5.890393204985721,5.826139865086223,5.87770893352008,21590490
2017-09-08,5.8531928062438965,5.884477103547313,5.816001987070284,5.8329075764394,25098901
2017-09-11,5.924204349517822,5.925898786687647,5.841360222898449,5.854044493298064,35013048
2017-09-12,5.910677433013916,5.987605341644087,5.9005302014504455,5.929277920683292,34786873
2017-09-13,5.950415134429932,5.952099875939737,5.897151170527852,5.905603965145971,21983296
2017-09-14,5.9377312660217285,5.970700306822332,5.91237241875009,5.947878498526709,29578492
2017-09-15,5.892077445983887,5.9377307543312625,5.867561202486696,5.931814536926875,33163606
2017-09-18,5.947878360748291,5.948720962390507,5.884477319591739,5.891235677311605,27821517
2017-09-19,5.897151470184326,5.959710371788526,5.876866701208035,5.945341820626328,39267730
2017-09-20,5.958015441894531,5.959709879040039,5.849812933417774,5.849812933417774,25516466
2017-09-21,5.888698577880859,5.9580158361022715,5.877708744081651,5.953794517343033,30364189
2017-09-22,5.8447394371032715,5.871792719547368,5.817686616358679,5.866719103696558,27952340
2017-09-25,5.773727893829346,5.849813203874759,5.76696953631363,5.832907614395634,34708982
2017-09-26,5.799096584320068,5.805012340370898,5.765275247104157,5.772885902121863,27222494
2017-09-27,5.851508140563965,5.864182254060431,5.798244175552861,5.799096472864961,25685556
2017-09-28,5.8531928062438965,5.87855119029757,5.8244547817548415,5.849813165808515,13486259
2017-09-29,5.888698577880859,5.894614795597243,5.851508219423518,5.853192960991107,16731834
2017-10-09,5.950415134429932,6.001974503743302,5.91913083737241,5.963931849267164,41313530
2017-10-10,5.969857692718506,5.973236871649672,5.927584021162761,5.959710460234674,20803260
2017-10-11,5.936888217926025,5.973236434931574,5.930120164868188,5.971541997744709,28408880
2017-10-12,5.925899028778076,5.9461837971970235,5.893772129366126,5.932657386354417,21930668
2017-10-13,5.972384452819824,5.974921491542821,5.917445906554712,5.917445906554712,27665688
2017-10-16,5.886161804199219,5.976616125365974,5.8844770626878695,5.976616125365974,39899315
2017-10-17,5.876866340637207,5.917446033489775,5.864182070149124,5.877708480533479,21322466
2017-10-18,5.84727668762207,5.897151316661548,5.839666032720505,5.881940164247875,25647687
2017-10-19,5.788106918334961,5.848119086409961,5.777959685816729,5.843897767504045,34575659
2017-10-20,5.846434116363525,5.848971155243732,5.767812227949948,5.772043242380923,36100765
2017-10-23,5.886161804199219,5.891235420112679,5.833750137543464,5.841360330563899,43281718
2017-10-24,5.880246162414551,5.883625341457811,5.83712988776858,5.881940599781509,33845422
2017-10-25,5.913214683532715,5.923361915459602,5.861645617974349,5.880245644610375,38557178
2017-10-26,5.9233622550964355,5.957173897571215,5.892077955908247,5.908983546295867,32566645
2017-10-27,5.910677433013916,5.933499239192019,5.89039266557643,5.923361703318004,26671781
2017-10-30,5.789791107177734,5.903919067589631,5.760210943791246,5.9030672320173005,41673741
2017-10-31,5.832065582275391,5.8379813382836865,5.775422437803233,5.786412271586536,33290602
2017-11-01,5.817687034606934,5.864182486512332,5.815149995649383,5.831213445951678,32994175
2017-11-02,5.760210990905762,5.813464796446661,5.756822116568609,5.813464796446661,26562228
2017-11-03,5.709484100341797,5.780495792507178,5.68666229387429,5.761895766301434,33814204
2017-11-06,5.788949012756348,5.794022628570901,5.697652091763929,5.7103266664605465,30111043
2017-11-07,5.822760105133057,5.823612402399067,5.773727618865267,5.7889489277850075,32098868
2017-11-08,5.833750247955322,5.878551260739054,5.815149759450987,5.8244548515481,28227912
2017-11-09,5.8819403648376465,5.882782966491919,5.83375047570632,5.83375047570632,26215547
2017-11-10,5.9005303382873535,5.917446084881407,5.85826636527519,5.877708531579999,43221509
2017-11-13,5.926741123199463,5.927583724817316,5.888698468127572,5.90306748048418,41561579
2017-11-14,5.883625030517578,5.932657520670405,5.866719440504057,5.930963083392996,40054529
2017-11-15,5.811770439147949,5.87517193889208,5.792328272894724,5.874329337291222,26935564
2017-11-16,5.826992034912109,5.843055023260787,5.793170697540548,5.808391545946482,52867757
2017-11-17,5.672293663024902,5.829528196970236,5.659609392740191,5.8269916199329925,43617001
2017-11-20,5.715400695800781,5.722168749273047,5.552249931390213,5.6562306685925705,41147731
2017-11-21,5.739074230194092,5.753443242824906,5.682431547314258,5.715400587027039,34958509
2017-11-22,5.714558124542236,5.7779596283188415,5.6832835213262936,5.73907436994019,39636190
2017-11-23,5.572534561157227,5.714557951332004,5.568312780721746,5.711178772525434,36385261
2017-11-24,5.583524227142334,5.619029842769523,5.553944063011326,5.560702420421417,30845582
2017-11-27,5.509143352508545,5.59282916325641,5.507448915218498,5.579302752006685,23184755
2017-11-28,5.596208095550537,5.598745134378472,5.504911633705979,5.507448672533914,52308524
2017-11-29,5.61396598815918,5.641009575504756,5.54887051195062,5.598745140274083,50880025
2017-11-30,5.575923442840576,5.623261494963032,5.562397031906883,5.604661467967955,29499407
2017-12-01,5.61396598815918,5.636787795146782,5.571692318938223,5.579302512031013,38278260
2017-12-04,5.581839561462402,5.64016698460287,5.570007587989167,5.593671534935638,26541550
2017-12-05,5.460110664367676,5.584376166066606,5.4330573811478535,5.563239100462258,49276625
2017-12-06,5.4846272468566895,5.4854693868282745,5.3958576602795825,5.470248537901067,44891843
2017-12-07,5.451658248901367,5.498995842010468,5.4482693742081505,5.469405979583553,36253168
2017-12-08,5.511669635772705,5.5353432768125295,5.451657475148669,5.452499615007404,44074808
2017-12-11,5.592828750610352,5.596207929250909,5.52435409776419,5.52435409776419,24140011
2017-12-12,5.5446391105651855,5.598745215664997,5.54125993177515,5.593671599634979,23222439
2017-12-13,5.592828750610352,5.59451349208588,5.535343469263377,5.545491162574049,23068596
2017-12-14,5.605503559112549,5.609735035206632,5.559859944637797,5.591134546673916,26036204
2017-12-15,5.560702323913574,5.612271387956592,5.5294277231279825,5.6063556322527655,23351180
2017-12-18,5.51843786239624,5.579302322185523,5.507448490932849,5.560702296188792,24205692
2017-12-19,5.561554431915283,5.567470649608405,5.521817339032969,5.521817339032969,27576061
2017-12-20,5.519280433654785,5.56239670278517,5.516743394924446,5.56239670278517,29523916
2017-12-21,5.550565242767334,5.578460667192176,5.482932724150716,5.504069329029468,55936740
2017-12-22,5.550565242767334,5.587755602303994,5.541260150265666,5.541260150265666,29246304
2017-12-25,5.499838352203369,5.570850050230623,5.491385556992011,5.562397255019265,35682703
2017-12-26,5.536186218261719,5.541259834202399,5.482089809804388,5.500680140667204,38478099
2017-12-27,5.485468864440918,5.544638887500366,5.4803952486150145,5.535343491429485,29542403
2017-12-28,5.514207363128662,5.537881007125184,5.476174401688244,5.477016541652157,25724742
2017-12-29,5.57000732421875,5.570849464094396,5.514206785166836,5.514206785166836,26986120
2018-01-02,5.6443986892700195,5.646925570818457,5.576766171363134,5.5877555436664235,60218074
2018-01-03,5.680746555328369,5.6934211301420925,5.635935848162381,5.646083079885243,40264320
2018-01-04,5.702725887298584,5.702725887298584,5.668905012698874,5.680746681869192,49083595
2018-01-05,5.712863445281982,5.725547716116094,5.682431445009395,5.703568510603122,33550358
2018-01-08,5.739074230194092,5.745832587847516,5.691736177850496,5.713715845458701,31900170
2018-01-09,5.7340006828308105,5.737379861698022,5.715400655525923,5.735695120109492,26500191
2018-01-10,5.705262660980225,5.731463645560493,5.669756584799563,5.731463645560493,33598562
2018-01-11,5.718789577484131,5.727242372567296,5.6731362657833175,5.689199715998169,23681625
2018-01-12,5.690042018890381,5.721316622874421,5.680747083589565,5.711179085898461,36491714
2018-01-15,5.568312644958496,5.6866623892217945,5.5539440944631755,5.67651515735951,48935208
2018-01-16,5.597902774810791,5.6427042507620415,5.560702719982231,5.564933734508976,53224524
2018-01-17,5.565776348114014,5.6004398257789365,5.516743857530689,5.59874538848665,69531859
2018-01-18,5.586913585662842,5.610577534338409,5.552250106936025,5.55478668425728,35454779
2018-01-19,5.570849895477295,5.619882385454862,5.5640818420819915,5.580145292094229,39055560
2018-01-22,5.641861438751221,5.650314233498867,5.545491360376653,5.564081691407569,77626829
2018-01-23,5.649462699890137,5.668062727605187,5.627483031533819,5.64692566091148,48122814
2018-01-24,5.6925787925720215,5.701874189139121,5.630019891829344,5.651999097788554,97517703
2018-01-25,5.684125900268555,5.717094939492356,5.6824314630353125,5.6942731322882265,65052028
2018-01-26,5.689199447631836,5.70272585826489,5.669756819438897,5.682431394470423,38024753
2018-01-29,5.615650653839111,5.706104974644164,5.604661282150214,5.684967909469416,57122088
2018-01-30,5.614808559417725,5.635935929073942,5.602124288732295,5.615650699327098,33575390
2018-01-31,5.495616436004639,5.597902735071033,5.493079858784547,5.597902735071033,51238949
2018-02-01,5.330771446228027,5.5209755007877614,5.3256978298879085,5.495616653078143,98984052
2018-02-02,5.3282341957092285,5.3426027455473735,5.198052484020559,5.317244362741221,145176892
2018-02-05,5.318939208984375,5.3426031564812115,5.241159460065128,5.264833103252007,62013617
2018-02-06,5.078008651733398,5.268212233435682,5.068713255265717,5.232706616828238,94759246
2018-02-07,5.083924293518066,5.189599462739114,5.006154242753698,5.160009602766081,84210858
2018-02-08,5.128735065460205,5.153241614121658,5.056028934024752,5.083924357140794,77483033
2018-02-09,4.933457851409912,5.0518075966556495,4.893720759229504,4.987554260214611,244009492
2018-02-12,5.067018985748291,5.094914410065153,4.953742851180611,4.953742851180611,79994496
2018-02-13,5.098302841186523,5.1431038518475924,5.08054495514493,5.08054495514493,42134034
2018-02-14,5.115208625793457,5.116051227407171,5.072092354945091,5.103366956649057,29613259
2018-02-22,5.22171688079834,5.2234113180741835,5.145641264108263,5.147326005693972,43617862
2018-02-23,5.22932767868042,5.242854090186207,5.19466420040512,5.217495242797213,42980989
2018-02-26,5.3704986572265625,5.375572273388729,5.253843344858389,5.258065125383173,99663933
2018-02-27,5.345982551574707,5.380646029977153,5.334993179016368,5.371351094747151,66473939
2018-02-28,5.347676753997803,5.382340692577125,5.288507189771168,5.304560482228486,59948248
2018-03-01,5.421225547790527,5.427141765558976,5.300339221733468,5.338381877849191,56429118
2018-03-02,5.395014762878418,5.414457391386892,5.37726657161024,5.397551801743656,40542715
2018-03-05,5.388256549835205,5.419531152794889,5.352750932356012,5.395014907597818,43525377
2018-03-06,5.4609527587890625,5.4626471960036636,5.390793362414798,5.395857282679033,52478777
2018-03-07,5.409383773803711,5.4643320188231845,5.4068467349392,5.4643320188231845,41146052
2018-03-08,5.45841646194458,5.460953039202083,5.393330216482725,5.404310354876961,37563547
2018-03-09,5.5319647789001465,5.53450181787662,5.452500285841388,5.460110941071269,56742301
2018-03-12,5.591986656188965,5.597902411930664,5.537037951448263,5.559859757919207,154078321
2018-03-13,5.565776348114014,5.595366209592306,5.554786514089956,5.591134733356937,62888096
2018-03-14,5.49476432800293,5.566618160659951,5.489690712114708,5.55478618738054,66922997
2018-03-15,5.4846272468566895,5.520975467000843,5.428826701447844,5.477859193214443,79654290
2018-03-16,5.45419454574585,5.517596048019762,5.452500108486377,5.488848327049451,41029918
2018-03-19,5.4753217697143555,5.50914310586916,5.4372791149085105,5.486311603231881,39489614
2018-03-20,5.477859020233154,5.492227571345035,5.384867655945531,5.423762609556219,45416816
2018-03-21,5.4330573081970215,5.531964424276317,5.431362870991054,5.4837745377987215,60477324
2018-03-22,5.432215213775635,5.472784750161203,5.393329957220891,5.44066800849678,38292878
2018-03-23,5.149862289428711,5.313013043118656,5.085618650260301,5.313013043118656,110941301
2018-03-26,5.2530012130737305,5.2656757886584264,5.05011335531429,5.090692588984497,176669737
2018-03-27,5.372192859649658,5.374729898469594,5.283432975213383,5.285970014033318,75969252
2018-03-28,5.311328411102295,5.354435447871069,5.291886244592719,5.291886244592719,82773384
2018-03-29,5.367119312286377,5.37387766983337,5.294422876352214,5.315550246303738,92966611
2018-03-30,5.437279224395752,5.447426456505646,5.379803635913434,5.379803635913434,94393447
2018-04-02,5.430521011352539,5.488006297055193,5.422910356217748,5.452500217715784,53065740
2018-04-03,5.387404441833496,5.400088250760129,5.340066391118306,5.367119212181467,56543366
2018-04-04,5.343445301055908,5.427141260540062,5.335844342412346,5.391635184942307,35208945
2018-04-09,5.351898193359375,5.401782515275078,5.291886031325733,5.338381478949601,47103363
2018-04-10,5.393330097198486,5.396709276036684,5.325697580284675,5.351898566743053,58765036
2018-04-11,5.402625560760498,5.435594600994106,5.395857507310122,5.400931123475357,54258270
2018-04-12,5.37387752532959,5.418688694259779,5.360360810599068,5.40093080786938,52448553
2018-04-13,5.356130123138428,5.416994587597475,5.340066672954025,5.396709356874841,52945289
2018-04-16,5.340066432952881,5.381488266477071,5.295265420691749,5.351056266465034,66966601
2018-04-17,5.244548320770264,5.373877744806702,5.236095525873653,5.348519360116868,70794697
2018-04-18,5.302023887634277,5.322318351854498,5.181989398922161,5.281738657404511,108965594
2018-04-19,5.327392101287842,5.373035717245655,5.296107802545322,5.301181418727402,63240735
2018-04-20,5.233558177947998,5.324855098253439,5.220031767774142,5.32400280098133,90516315
2018-04-23,5.176915645599365,5.263990788174988,5.121966940060597,5.239474544169169,83532262
2018-04-24,5.2868123054504395,5.3003391781486355,5.182831570213262,5.182831570213262,89534320
2018-04-25,5.291886329650879,5.303718303271144,5.265675647853461,5.279202058715166,47430858
2018-04-26,5.197200298309326,5.300338887965348,5.192136378190845,5.296107412045775,66092096
2018-04-27,5.220032215118408,5.237780407017008,5.171842325952769,5.225948432984454,76670005
2018-05-02,5.20650577545166,5.2555378043058045,5.172694133448671,5.2301697233879905,44791965
2018-05-03,5.257222652435303,5.2665272825235325,5.138872910279471,5.176915564245625,98496553
2018-05-04,5.253843307495117,5.280896591407026,5.237780319175649,5.253001167553905,79620182
2018-05-07,5.355287551879883,5.365425088603857,5.256380430362528,5.256380430362528,69823200
2018-05-08,5.380645751953125,5.381488353578311,5.34598227534178,5.367961942721834,43914607
2018-05-09,5.359508991241455,5.384025235071358,5.343445541988536,5.384025235071358,41584644
2018-05-10,5.38148832321167,5.392478156839683,5.330771092853998,5.361203554886384,39835362
2018-05-11,5.339223861694336,5.390793389111812,5.329928927042215,5.3874045146658265,36198876
2018-05-14,5.3138651847839355,5.361203233531559,5.295265159114894,5.33922356759301,56708435
2018-05-15,5.3645830154418945,5.367119592727269,5.30456068984479,5.317244961370287,79964010
2018-05-16,5.351056098937988,5.3806454964121135,5.336687087138748,5.355287113144281,52356612
2018-05-17,5.317244529724121,5.3578242226013995,5.308791735189951,5.351056169560303,55947376
2018-05-18,5.351056098937988,5.35359267598397,5.280043945837481,5.314707420802566,59250489
2018-05-21,5.411078453063965,5.42544746618004,5.367119578062532,5.367119578062532,99922029
2018-05-22,5.4330573081970215,5.4347517454029886,5.383182680203193,5.408541064154288,57963199
2018-05-23,5.361203193664551,5.429677844572115,5.355286976438945,5.429677844572115,83556604
2018-05-24,5.344297409057617,5.3772664476586955,5.334150177229607,5.361203460010671,42830427
2018-05-25,5.273285865783691,5.345140162547138,5.263138633667344,5.345140162547138,53916065
2018-05-28,5.263138294219971,5.304560125953326,5.230169256808411,5.269906347091022,59766107
2018-05-29,5.197200298309326,5.286812016007722,5.188747503859186,5.257222618437228,54107078
2018-05-30,5.078008651733398,5.154936102617628,5.072092434064056,5.143946730605323,85998764
2018-05-31,5.138030529022217,5.149862502698424,5.068713271134934,5.105061489483035,81337097
2018-06-01,5.078008651733398,5.131262459649348,5.045039612297437,5.12450410205267,78469112
2018-06-04,5.0771660804748535,5.1050615040351826,5.047576219660244,5.088998054184788,55738801
2018-06-05,5.163389682769775,5.165084120120119,5.075471930964013,5.075471930964013,63013058
2018-06-06,5.158315181732178,5.163389259376129,5.1346512349111535,5.160852220554153,115583217
2018-06-07,5.130420207977295,5.188747630665311,5.115208594171592,5.169305002536135,60198835
2018-06-08,5.067870616912842,5.123661463295488,5.03828121818917,5.122809627684372,81438145
2018-06-11,5.036586761474609,5.071250237769431,5.01122791553448,5.061945145715223,69682091
2018-06-12,5.078008651733398,5.088155883818369,5.0027751763937935,5.039123394628094,89186519
2018-06-13,5.006154537200928,5.0712504785122094,4.999396179358536,5.0712504785122094,74250148
2018-06-14,4.997701644897461,5.039966081516092,4.975722438801505,4.99600720762465,82805741
2018-06-15,4.908941745758057,5.0010808121237735,4.8607518574914685,4.9968590316369745,133891739
2018-06-19,4.597851276397705,4.848077179353264,4.525154840408126,4.848077179353264,229656179
2018-06-20,4.638431072235107,4.664632058786573,4.553892503440361,4.580103185681929,165265981
2018-06-21,4.556429386138916,4.691684720119958,4.54881873136954,4.640115654734694,222232997
2018-06-22,4.615609169006348,4.625746705347145,4.495564985543723,4.531070601961264,113508519
2018-06-25,4.57333517074585,4.655336701320156,4.569955991867233,4.640967688468631,85863160
2018-06-26,4.613071918487549,4.630820108886789,4.521775459770404,4.54797644457742,108645676
2018-06-27,4.55051326751709,4.641810192867186,4.543745214211468,4.613072167766213,87450154
2018-06-28,4.516701698303223,4.613914371251053,4.512470222541343,4.547133696327531,95801282
2018-06-29,4.675621032714844,4.684073826965424,4.522617515548132,4.531070309798711,154605664
2018-07-02,4.600388526916504,4.695064172841429,4.555587050375747,4.674779403561799,128934325
2018-07-03,4.648568630218506,4.665483915927715,4.524302663208436,4.6046194518835,204769475
2018-07-04,4.585166931152344,4.6350517165215726,4.567418740248669,4.6350517165215726,109087110
2018-07-05,4.463438034057617,4.588555832073757,4.460901456929339,4.580103037376902,115350170
2018-07-06,4.465132713317871,4.538681449837502,4.388205259573817,4.460901698744952,150037387
2018-07-09,4.580102920532227,4.581787662014745,4.484574985086778,4.485417586677787,93668559
2018-07-10,4.604619026184082,4.613914421977924,4.553892103426947,4.5817875247982345,51842765
2018-07-11,4.517544269561768,4.547976732191699,4.462596023741821,4.52515492456665,308160984
2018-07-12,4.649420261383057,4.658715657627474,4.516701966899601,4.516701966899601,174116823
2018-07-13,4.661252975463867,4.674779386831991,4.629977910451568,4.648568704053263,63441590
2018-07-16,4.666326522827148,4.684074252810345,4.629126006491663,4.663789483902652,80074047
2018-07-17,4.650262832641602,4.666326281905259,4.595314127460385,4.666326281905259,87716830
2018-07-18,4.628283500671387,4.689147966044297,4.624904321731835,4.657873362545543,66439571
2018-07-19,4.5893988609313965,4.646884149334927,4.5589663963521705,4.624062340248069,86141075
2018-07-20,4.646041393280029,4.664632187011765,4.558124104917867,4.567419040084194,136246928
2018-07-23,4.680695056915283,4.685768673046291,4.607998619178299,4.623209771881201,90192287
2018-07-24,4.759317398071289,4.778760026922139,4.682389484307668,4.686611264797616,227520737
2018-07-25,4.760159969329834,4.78551835407939,4.746633096625871,4.758465532070514,75884599
2018-07-26,4.732264041900635,4.769454396436109,4.715357992167851,4.761001602419456,87039297
2018-07-27,4.707747936248779,4.744938291862997,4.68576827033066,4.719579909077491,90417600
2018-07-30,4.636736869812012,4.716201364811687,4.627441472730859,4.707748569413002,118364627
2018-07-31,4.646883964538574,4.681537746786452,4.615609361211679,4.635894130427882,79470393
2018-08-01,4.574187755584717,4.7052116273596765,4.569956279103081,4.65449439222261,128404452
2018-08-02,4.468511581420898,4.572492774103626,4.379751698072245,4.566576556625865,185564208
2018-08-03,4.425405025482178,4.496407022704175,4.424553189888913,4.465975022997486,185217296
2018-08-06,4.332414150238037,4.427932391865801,4.309592343410731,4.4177948557034075,203557082
2018-08-07,4.439774036407471,4.447384691104295,4.306203445222038,4.341709060818689,144496674
2018-08-08,4.383131504058838,4.432163531814283,4.36200413383794,4.422016299674534,102703906
2018-08-09,4.493870735168457,4.514165200073718,4.3645311499097925,4.3645311499097925,154783990
2018-08-10,4.512470722198486,4.519238775669493,4.474428065683683,4.476122502973989,80042831
2018-08-13,4.540366172790527,4.549671265255835,4.442310886857736,4.480344309603326,125016655
2018-08-14,4.517544269561768,4.534449859446428,4.492185884734776,4.5310706806075105,61275626
2018-08-15,4.427932262420654,4.515007402545754,4.417794726554618,4.514164800962864,101242432
2018-08-16,4.389047622680664,4.438080116186664,4.318045617206778,4.395815676563004,94315781
2018-08-17,4.310434818267822,4.438079968585872,4.30028758562719,4.421174377978476,81759181
2018-08-20,4.334950923919678,4.345940757877659,4.258865611258602,4.311277280421148,162865679
2018-08-21,4.378909587860107,4.4101841892512095,4.3205821653950105,4.334950715837783,87049021
2018-08-22,4.350162506103516,4.383131546033178,4.3366356333181235,4.383131546033178,62238614
2018-08-23,4.371298789978027,4.393278456119093,4.32058202389258,4.349319585536456,118347651
2018-08-24,4.355236053466797,4.383983312454217,4.330719808891569,4.353551311913972,74688820
2018-08-27,4.463438034057617,4.467669510100696,4.366225354649623,4.366225354649623,128585376
2018-08-28,4.468511581420898,4.476122236087935,4.44231059612002,4.468511581420898,87245448
2018-08-29,4.445690631866455,4.46597540149351,4.422868823224932,4.454985567160227,94966767
2018-08-30,4.378909587860107,4.446532406554899,4.371298933141472,4.4414587906423115,108427138
2018-08-31,4.330719470977783,4.371298700428476,4.312118983818915,4.3696042633179175,95501966
2018-09-03,4.351014614105225,4.351857215797446,4.2732348598704775,4.323109492857077,156182746
2018-09-04,4.382288932800293,4.40848991927266,4.334099044642734,4.340024496375564,113150853
2018-09-05,4.32564640045166,4.386510866152707,4.32226722149389,4.372993688622083,104842545
2018-09-06,4.306203365325928,4.361151607902232,4.285075996212539,4.31127698112984,91157480
2018-09-07,4.299445152282715,4.379751780883171,4.269012690428305,4.317193343352068,135512500
2018-09-10,4.23350715637207,4.30451885170628,4.224211759849436,4.294371619561322,108784675
2018-09-11,4.227591037750244,4.260560078153809,4.198843777895781,4.236043832839148,130969505
2018-09-12,4.214064121246338,4.254643350222181,4.202232148678453,4.227590530904952,87516501
2018-09-13,4.237738132476807,4.294371580713094,4.179401013011282,4.25548632372968,201710460
2018-09-14,4.192927360534668,4.251254783429466,4.191242619011197,4.243654286044051,115952926
2018-09-17,4.142210006713867,4.176021646147925,4.121072941935275,4.176021646147925,92605927
2018-09-18,4.2030744552612305,4.21322168682999,4.1176937521801475,4.130378022490846,136699458
2018-09-19,4.252949237823486,4.290149752846503,4.18447458275214,4.191242635942692,177181796
2018-09-20,4.2521071434021,4.280002566698033,4.243654348590832,4.256328923812534,89947946
2018-09-21,4.333256721496582,4.334951158870518,4.241117649417706,4.257181100402439,217458331
2018-09-25,4.309592247009277,4.32564600034615,4.2859181434142855,4.30028715527331,121678674
2018-09-26,4.318045139312744,4.3611517141671,4.294371496880815,4.304518728735889,172717674
2018-09-27,4.2732343673706055,4.328182610460363,4.265633408433459,4.317193238862114,128136792
2018-09-28,4.3298773765563965,4.331571813865416,4.260560116232237,4.274086527633422,141675716
2018-10-08,4.177716255187988,4.264781703554677,4.172642639181172,4.235201538814959,136988523
2018-10-09,4.165031909942627,4.209832921902746,4.14643188347975,4.181095359297153,91454136
2018-10-10,4.16418981552124,4.19208477682564,4.1219253802078235,4.167568994272389,115895706
2018-10-11,3.8497202396392822,4.0542930723029444,3.826046364941575,4.053450470644778,279970251
2018-10-12,3.8344991207122803,3.8640889803640666,3.7254542387926324,3.843803981710147,212570067
2018-10-15,3.7685611248016357,3.8818372612122607,3.762645137689975,3.8463411076925236,128362985
2018-10-16,3.69840145111084,3.792234956948903,3.6671268477282597,3.7694131487289826,144448222
2018-10-17,3.7144649028778076,3.7491186852004588,3.639231424645349,3.74066589003461,285848454
2018-10-18,3.632463216781616,3.693327679365708,3.618936805952832,3.693327679365708,213749933
2018-10-19,3.7076966762542725,3.7254543322568483,3.567367493974566,3.60794695714034,261558873
2018-10-22,3.9241111278533936,3.9570801666734994,3.7618025108769633,3.8040669459911145,557597238
2018-10-23,3.82942533493042,3.9393222850376253,3.802382209324378,3.924111132864838,322584855
2018-10-24,3.8184356689453125,3.8708473351527712,3.7871610678163314,3.8184356689453125,210768242
2018-10-25,3.817593574523926,3.823509561570673,3.678959053860031,3.7110857237525146,220325198
2018-10-26,3.7989931106567383,3.8691626645447856,3.7846243292213817,3.8243614213215955,231490767
2018-10-29,3.753349781036377,3.8082982569690875,3.7296759072515733,3.8066038197273206,135244236
2018-10-30,3.788003444671631,3.8226669202296195,3.6857171508765973,3.7398232543578454,226079141
2018-10-31,3.8454887866973877,3.8784578255792503,3.7846243248908777,3.793077119589639,319480691
2018-11-01,3.872541666030884,3.9427109858572873,3.869162487440147,3.884373869792887,397260427
2018-11-02,4.015408039093018,4.049219683309671,3.9334065028179586,3.998502447834473,1161949302
2018-11-05,3.9951229095458984,4.02639751184321,3.9224167771420904,3.994270612226213,362498709
2018-11-06,4.002723217010498,4.002723217010498,3.9359430011572965,3.973143053367779,217416221
2018-11-07,3.9646904468536377,4.040766524070483,3.962996009603915,4.003575704086922,243386568
2018-11-08,3.9384796619415283,4.001881162192763,3.935943084828027,3.9976496861743356,235543622
2018-11-09,3.940174102783203,3.9621537697247406,3.9139638832183556,3.9232588177826337,129145059
2018-11-12,4.0433030128479,4.054292846355617,3.9266477053981137,3.9325639229575757,382726124
2018-11-13,4.123610019683838,4.148968403224588,3.9917338670454376,3.998501920070051,461410689
2018-11-14,4.105010032653809,4.154884660316548,4.087261841863027,4.1134628272480604,214468097
2018-11-15,4.177716255187988,4.179400996730338,4.098251304291882,4.101630944765983,241610184
2018-11-16,4.2030744552612305,4.245338889014795,4.154041968565339,4.184474429281657,352289585
2018-11-19,4.204769134521484,4.224211763204518,4.151505630558399,4.197158941256483,391019450
2018-11-20,4.093177318572998,4.187010811703322,4.083882384709738,4.165874209663781,384977147
2018-11-21,4.102473258972168,4.1236103255183325,4.032313397187688,4.039072216723508,323258233
2018-11-22,4.102473258972168,4.137136736881191,4.076272271893941,4.110935749802963,228853909
2018-11-23,3.928332567214966,4.098251382484685,3.9241112484384266,4.093177766381066,380371162
2018-11-26,3.935943365097046,3.976523061408524,3.9131215566426207,3.935943365097046,294810589
2018-11-27,3.9562277793884277,3.979901883075535,3.9334059729828246,3.9562277793884277,134301160
2018-11-28,4.014565467834473,4.016250209364834,3.9063532588996592,3.95792232453195,193641008
2018-11-29,3.933406114578247,4.061051257213787,3.922416742625576,4.03654470844159,193093683
2018-11-30,3.955385684967041,3.9613014407598106,3.8801522118790817,3.926647660806801,231273829
2018-12-03,4.081346035003662,4.099946524957847,4.029776964957674,4.0635881467365325,452673736
2018-12-04,4.097409248352051,4.106704644944906,4.057672155094353,4.074577745003654,196405150
2018-12-05,4.070356369018555,4.105010149988357,4.027239635823424,4.041608648325152,237716431
2018-12-06,3.982438325881958,4.046681962682611,3.974828133239804,4.036544427049305,232098066
2018-12-07,3.983281373977661,4.006112877862544,3.9773651560896326,3.9866605529009074,89873370
2018-12-10,3.934248685836792,3.972291340815191,3.926647726713166,3.9629959444696916,197181090
2018-12-11,3.976522922515869,3.98243867856509,3.9427112809992364,3.9469330614810967,131359195
2018-12-12,3.9672179222106934,4.001881400159698,3.9646905789371263,3.990049426087411,134837460
2018-12-13,4.026397705078125,4.055987567235637,3.9604596228192777,3.9815966897017856,241091061
2018-12-14,3.9393222332000732,4.019629322127839,3.930869438617581,4.017944580625135,248144533
2018-12-17,3.9181950092315674,3.936785340589563,3.8750787374273252,3.915658432043418,254883822
2018-12-18,3.8894476890563965,3.9308695229559816,3.850562432305194,3.8970578822010626,278313690
2018-12-19,3.8328142166137695,3.901289333294639,3.830277408631873,3.8919842412813273,239576795
2018-12-20,3.856478452682495,3.8666259156132616,3.8192878636856284,3.8311198373201694,221828483
2018-12-21,3.836193561553955,3.857330395816916,3.8006874843961156,3.8438039853713777,202440826
2018-12-24,3.8691625595092773,3.875920685966885,3.813371715110689,3.829425237638049,202329065
2018-12-25,3.8184356689453125,3.850562336512387,3.730527852176902,3.8302773378720025,298325943
2018-12-26,3.8049190044403076,3.842109592678778,3.784624309842388,3.8133717991054588,154665493
2018-12-27,3.7575714588165283,3.863246633868382,3.7491186636991567,3.862394567373456,184205080
2018-12-28,3.7626450061798096,3.798150854148995,3.74997066158079,3.766024185026875,216877909
2019-01-02,3.7271389961242676,3.772792305189129,3.724602188176766,3.7702554972416276,191192454
2019-01-03,3.717844009399414,3.788855705661357,3.7127703932606506,3.7322127913324854,210653798
2019-01-04,3.8192877769470215,3.82182458490966,3.6882539930073337,3.6924852381749744,291589027
2019-01-07,3.885225772857666,3.8962156060852564,3.688253915698033,3.6924851607769833,274123218
2019-01-08,3.8767731189727783,3.885225913747677,3.8573304905717656,3.879309696124477,147666084
2019-01-09,3.8742361068725586,3.947775144902239,3.8716995297033456,3.8886051193698727,431044839
2019-01-10,3.880995035171509,3.9156585127942334,3.8674683930706033,3.8725420092510574,197086576
2019-01-11,3.901289224624634,3.9131211977507037,3.8564782869530223,3.880152159744445,202049642
2019-01-14,3.880995035171509,3.9148062154542465,3.8700052011608306,3.902131639843561,121404913
2019-01-15,3.935100555419922,3.944395951845681,3.863246490052482,3.8801523105076456,267944809
2019-01-16,3.928332567214966,3.9562279909445666,3.914806156168671,3.9351006205831482,180617487
2019-01-17,3.8970580101013184,3.939322447007194,3.891984393938521,3.930027050319087,171169439
2019-01-18,3.9384796619415283,3.9460903166810555,3.885225855242833,3.9012893046299744,255735722
2019-01-21,3.9528489112854004,3.984133210329073,3.936785460934488,3.9443961161306373,247048011
2019-01-22,3.8953633308410645,3.947774996816777,3.8767730003191954,3.9469328569217845,209884274
2019-01-23,3.899595022201538,3.912279293371025,3.8793097916805688,3.884374173817871,135486909
2019-01-24,3.926647901535034,3.9562280674108563,3.878458012459538,3.900437218873325,214255201
2019-01-25,3.907205104827881,3.951163977469995,3.9046685276855784,3.9241111560145745,182670114
2019-01-28,3.893678903579712,3.9621540242188984,3.8852261083813637,3.930869725013913,232971351
2019-01-29,3.8421096801757812,3.88776299065858,3.7880035748353347,3.88776299065858,318546306
2019-01-30,3.8142142295837402,3.864931460068232,3.813371858810962,3.8226670243812357,207470155
2019-01-31,3.7896981239318848,3.8446466016728524,3.756729083457258,3.815056740103023,364434343
2019-02-01,3.9038164615631104,3.9046687589205895,3.8006877887588235,3.8006877887588235,425710122
2019-02-11,3.9883546829223633,3.9908912599921744,3.903816118813583,3.905510555989813,330506209
2019-02-12,4.009491920471191,4.032313266190346,3.9815964969949813,3.9875122529823477,307332099
2019-02-13,4.0830302238464355,4.100788109709193,4.000186560591109,4.011176393600085,360562955
2019-02-14,4.099946022033691,4.127840982298772,4.066124687013362,4.082188135944851,225634865
2019-02-15,4.071198463439941,4.113462898846356,4.062745668698562,4.086419311388328,261954608
2019-02-18,4.231812953948975,4.235201828645356,4.091483531048056,4.091483531048056,374218893
2019-02-19,4.213221549987793,4.2698549936811325,4.168410844957745,4.235201215579415,373700196
2019-02-20,4.204769134521484,4.225054364837026,4.172642696496941,4.218285849805484,256264458
2019-02-21,4.208991050720215,4.301981954981424,4.191242858720289,4.208991050720215,354515648
2019-02-22,4.341709136962891,4.3450883157242925,4.200538045993983,4.210685277968037,263663936
2019-02-25,4.631662845611572,4.635893859933891,4.375520728986754,4.411026806510676,682640103
2019-02-26,4.569955825805664,4.661252749750959,4.52346037607136,4.624061930357706,521372352
2019-02-27,4.5336079597473145,4.603767823604764,4.482038890033614,4.564039962290327,430292961
2019-02-28,4.537829399108887,4.580945670189109,4.508249234463569,4.532755321418744,281513764
2019-03-01,4.591935157775879,4.598693977173272,4.4972595141656555,4.557271680576788,379613091
2019-03-04,4.654494285583496,4.7491703955064875,4.607146996630981,4.607146996630981,432843221
2019-03-05,4.789750099182129,4.793971418182637,4.634199826643219,4.646041496743299,359948504
2019-03-06,4.883583068847656,4.90302523482192,4.740717083850117,4.807497299630634,675968351
2019-03-07,4.923310279846191,4.992627531789062,4.691684421305869,4.885267627511048,572604933
2019-03-08,4.761002063751221,4.943595452129121,4.75170666728916,4.77706551349582,672812837
2019-03-11,4.935142517089844,4.9385313914798115,4.769454723090432,4.769454723090432,528753655
2019-03-12,5.0154595375061035,5.051807756393789,4.934300147348307,4.964732610159832,499041997
2019-03-13,4.897109508514404,5.010385634891844,4.866677047442927,5.008691197714123,591417435
2019-03-14,4.7829813957214355,4.901331145634559,4.7424118577150525,4.852299116879127,369958448
2019-03-15,4.835392951965332,4.903868069872846,4.7922863760307415,4.806655388575446,385934504
2019-03-18,4.990090847015381,4.992627885856681,4.819329895864967,4.853993372139246,343323770
2019-03-19,4.9807963371276855,5.019681135394386,4.9520583099929745,4.993480147317339,222630380
2019-03-20,4.981637954711914,4.993479623670481,4.885267878290637,4.973185160135594,301018541
2019-03-21,5.036586761474609,5.101682237996135,4.98163805522575,4.983332492451063,348057589
2019-03-22,5.090692043304443,5.093229081967286,4.9706478690492455,5.04250215969495,324252504
2019-03-25,5.017144203186035,5.080545243367436,4.995164535699812,4.995164535699812,304545728
2019-03-26,4.866677284240723,5.0467340972600505,4.8522990376041735,5.039123442274601,459756171
2019-03-27,4.926689624786377,4.930920638995335,4.831171385632495,4.897951601169789,312680829
2019-03-28,4.857372283935547,4.957973832780679,4.853150503791808,4.906404308157436,239648795
2019-03-29,5.023059844970703,5.029827898122726,4.839624320203381,4.859066948369341,528407905
2019-04-01,5.22171688079834,5.225105755350027,5.057723516168019,5.0585661178106385,352049612
2019-04-02,5.217494964599609,5.284275644610841,5.190442143030496,5.2834330429901355,351523429
2019-04-03,5.278359413146973,5.301181220271518,5.185368513431117,5.19044212942326,282534580
2019-04-04,5.326539993286133,5.33584462352448,5.252148659630911,5.3079492007898645,276518197
2019-04-08,5.26652717590332,5.374729684187014,5.20396827958311,5.363739851134548,380012568
2019-04-09,5.28934907913208,5.307097269702049,5.23693741332442,5.258917079833458,275919569
2019-04-10,5.276665210723877,5.346834768137151,5.214116004177527,5.266527673978341,271873254
2019-04-11,5.187062740325928,5.2952652496403205,5.181989124539517,5.275822622068973,271857171
2019-04-12,5.173536777496338,5.20058960023689,5.129577902765977,5.181989572641473,221234251
2019-04-15,5.1050615310668945,5.263138676742619,5.098303173394006,5.239474729197447,331371069
2019-04-16,5.225947856903076,5.231021472554961,5.04673366101021,5.079702697907994,367297927
2019-04-17,5.235243320465088,5.277517453079881,5.192978883540482,5.226790525420073,269732277
2019-04-18,5.217494964599609,5.257222823041728,5.200589375041384,5.234401015857353,163846123
2019-04-19,5.262296676635742,5.264833253903229,5.154094157764875,5.209885006663427,226232942
2019-04-22,5.17607307434082,5.262296381825171,5.159167484966426,5.262296381825171,194100103
2019-04-23,5.078850746154785,5.172693943269314,5.070397951389697,5.163389312894569,210175365
2019-04-24,5.128735065460205,5.143946679445941,5.033207126900736,5.083924357140794,331013841
2019-04-25,4.946132183074951,5.116893125490523,4.941910402915136,5.1033667154574855,292837946
2019-04-26,4.90048885345459,4.972342687917556,4.898794416219376,4.943595429058332,316782519
2019-05-06,4.441458702087402,4.6494201613173844,4.405110485508433,4.607998328926987,749706095
2019-05-07,4.480344295501709,4.5141651715667965,4.4220164080987265,4.487112348990824,455971096
2019-05-08,4.460901737213135,4.554735243776017,4.388205297415108,4.404268286205568,345372342
2019-05-09,4.428783893585205,4.4820381579639195,4.412720907109967,4.438079289138824,353217784
2019-05-10,4.578408718109131,4.590240691851581,4.373836122110865,4.477816857368936,540592742
2019-05-13,4.5116286277771,4.546282410060998,4.492185998498588,4.506555011545199,350947024
2019-05-14,4.493870735168457,4.535292570946061,4.480344323795052,4.48457533836398,234122819
2019-05-15,4.583482265472412,4.605461932758383,4.5183867886351194,4.520923365790711,253398139
2019-05-16,4.624904155731201,4.634199552253691,4.565724434107012,4.580945744023739,527551836
2019-05-17,4.480344295501709,4.636736702519568,4.45414330856851,4.627441305773791,255649334
2019-05-20,4.446532726287842,4.487954562482601,4.378909902730555,4.4600591377974705,288682382
2019-05-21,4.520923137664795,4.55727135383727,4.446532268171814,4.448226705319844,317484635
2019-05-22,4.50655460357666,4.532755126632748,4.463437872649775,4.518386576586429,213918039
2019-05-23,4.4194793701171875,4.49472207385419,4.406804795793309,4.488806318324106,230911264
2019-05-24,4.394973278045654,4.43470067623821,4.3814468667674165,4.416100648769352,286959511
2019-05-27,4.4904913902282715,4.5141650331790615,4.378909696736802,4.399194465201803,398120052
2019-05-28,4.48119592666626,4.528533977868578,4.470206093127112,4.493870501733128,287699615
2019-05-29,4.482880592346191,4.522617683772077,4.457522208651218,4.471890758992986,330275760
2019-05-30,4.469363689422607,4.473585007832804,4.408489535452626,4.463437776506184,194600790
2019-05-31,4.447384834289551,4.512470616087228,4.439774179347698,4.455837629161877,204031712
2019-06-03,4.412721157073975,4.488806464858968,4.394972966505368,4.46597496276984,221466289
2019-06-04,4.353551387786865,4.4093417738012946,4.331571719998002,4.404268157674507,321362419
2019-06-05,4.338329792022705,4.39665767480886,4.335793214976113,4.388204880384213,232172658
2019-06-06,4.241117477416992,4.339172763641695,4.239423040111776,4.339172763641695,315487354
2019-06-10,4.285918712615967,4.321424794029418,4.235201939133726,4.253792271996067,289176888
2019-06-11,4.463438034057617,4.464290331359911,4.285918264635336,4.2867608662478425,378212858
2019-06-12,4.41610050201416,4.464290389383131,4.405110668346676,4.4507639785544,265702012
2019-06-13,4.430469036102295,4.450763961813531,4.392436076610319,4.405110651777524,201203105
2019-06-14,4.3636884689331055,4.445689990363752,4.353550933427652,4.430468681872436,228765803
2019-06-17,4.362004280090332,4.385668228289827,4.340867213470729,4.361151982740344,206849342
2019-06-18,4.3518571853637695,4.381447048089874,4.328183079025026,4.363689159838046,212366277
2019-06-19,4.407647132873535,4.493027837771755,4.405110555777109,4.467669453999619,678674282
2019-06-20,4.499795913696289,4.533607553930252,4.391584167582986,4.404267976528508,607513795
2019-06-21,4.55812406539917,4.590240808615653,4.536144397224536,4.582640310831953,694699901
2019-06-24,4.557271957397461,4.569956229313821,4.527691790210139,4.562345573824094,312407282
2019-06-25,4.512470722198486,4.553892557603684,4.452448859360793,4.553050417653407,404794376
2019-06-26,4.5116286277771,4.537829614904602,4.475280408185796,4.480344328727382,208260350
2019-06-27,4.55051326751709,4.5792512926180615,4.515849790739717,4.515849790739717,293008753
2019-06-28,4.507396697998047,4.543744913932222,4.476964699358835,4.540365735347718,287455160
2019-07-01,4.631662845611572,4.644346654588298,4.56066038625347,4.597008603686154,441379901
2019-07-02,4.615609169006348,4.632514758597576,4.601230460883133,4.621524924944528,332441685
2019-07-03,4.5893988609313965,4.605462311907524,4.5741877073369075,4.605462311907524,259726009
2019-07-04,4.569955825805664,4.615609135623227,4.544597441602229,4.591935031253273,208553834
2019-07-05,4.592777729034424,4.604619398462503,4.549671152843198,4.5648823054078225,180881372
2019-07-08,4.430469036102295,4.573335026444138,4.420331499786313,4.569113707751374,343935555
2019-07-09,4.435542583465576,4.450763892938334,4.406805020813523,4.429626827633422,220162944
2019-07-10,4.410184383392334,4.459216873485709,4.4000371511204674,4.4431534234355325,207931589
2019-07-11,4.41187858581543,4.471048609340813,4.3848257649906115,4.423710559042682,225777027
2019-07-12,4.433006286621094,4.442310917450943,4.395815465274097,4.403426120491645,174045495
2019-07-15,4.48119592666626,4.5192385815469525,4.354393386957314,4.427089822283656,429787460
2019-07-16,4.492185592651367,4.498101348307584,4.466826747773689,4.470205926392892,180754714
2019-07-17,4.4837327003479,4.513312863081535,4.473585007322949,4.487111878893312,159046078
2019-07-18,4.4203314781188965,4.470206106603194,4.4194796425124245,4.468511669380564,176532492
2019-07-19,4.447384834289551,4.488806668720709,4.430469087155385,4.431321384475372,275250442
2019-07-22,4.362846374511719,4.457522481101225,4.347625525950633,4.4456905071249775,286121596
2019-07-23,4.394973278045654,4.403426073133274,4.3620042376471,4.362846377599024,181814132
2019-07-24,4.436394691467285,4.472742907304785,4.409341409785037,4.409341409785037,263895397
2019-07-25,4.457522392272949,4.467669624444795,4.428784367006575,4.432163545833845,196672342
2019-07-26,4.467669486999512,4.474427844446135,4.432163409480886,4.446532421672019,183840676
2019-07-29,4.463438034057617,4.484575099494405,4.438079649967053,4.465975072885409,154796842
2019-07-30,4.489648818969727,4.530228513563675,4.46259599704011,4.464290434294465,203450493
2019-07-31,4.477816581726074,4.49556477209698,4.464290171557337,4.480343924773611,208221755
2019-08-01,4.447384834289551,4.474427960467002,4.4279325099744495,4.460901549533282,207619360
2019-08-02,4.387362480163574,4.392436096189119,4.345940646025094,4.356078182386263,323170100
2019-08-05,4.340024471282959,4.410184331039451,4.337487894094869,4.367068059236215,325831118
2019-08-06,4.237738132476807,4.28168730979688,4.164189860621461,4.269855336194805,606532219
2019-08-07,4.219138145446777,4.264781760436657,4.2166011065597715,4.25802340279735,249110651
2019-08-08,4.242802143096924,4.254643812640903,4.225896553108529,4.235201645435001,239821429
2019-08-09,4.2030744552612305,4.2732343109891735,4.197158699592356,4.257180557741501,256145729
2019-08-12,4.279160022735596,4.281687365941865,4.192927478833284,4.20983306868362,214357579
2019-08-13,4.251254558563232,4.256328635944321,4.225054035977059,4.2402651873325965,160434155
2019-08-14,4.270697593688965,4.322267123008268,4.2681707121457935,4.293529097286878,247531438
2019-08-15,4.290992259979248,4.302824233189921,4.1870110676949945,4.190390246370958,293169187
2019-08-16,4.303666591644287,4.338330068829421,4.2859184000772,4.2859184000772,270852008
2019-08-19,4.4625959396362305,4.465132516790367,4.339172577577202,4.339172577577202,305959656
2019-08-20,4.443995475769043,4.491333061036277,4.438921398560771,4.462595500738328,228976175
2019-08-21,4.451605796813965,4.464290066802217,4.430468732629778,4.44315300261803,168437351
2019-08-22,4.456679821014404,4.464290476044924,4.429626998831788,4.457522422654218,244545851
2019-08-23,4.459216594696045,4.47696478522183,4.435542491072306,4.455837416046733,169309484
2019-08-26,4.427932262420654,4.44061607101526,4.375520597166906,4.403425714794233,246960445
2019-08-27,4.493870735168457,4.550513419625006,4.445690541549303,4.445690541549303,300105392
2019-08-28,4.492185592651367,4.510785618591142,4.4752800038659135,4.49302773253406,162678058
2019-08-29,4.5048604011535645,4.522617826433177,4.477816813406807,4.49810158186472,196626475
2019-08-30,4.467669486999512,4.547133974990401,4.4456902817633805,4.529376088386218,190025337
2019-09-02,4.57165002822876,4.591934795411716,4.4617530832359815,4.466826698954054,254044279
2019-09-03,4.597008228302002,4.597850829841471,4.5598081783085105,4.573334587788967,208412947
2019-09-04,4.6654839515686035,4.669705732110312,4.58348242067929,4.593629653044303,280848401
2019-09-05,4.695064067840576,4.759317406254256,4.678158477870574,4.683232093999598,466317418
2019-09-06,4.711127281188965,4.723811090024546,4.672242025373943,4.701831885029721,208406828
2019-09-09,4.7982025146484375,4.799887256178918,4.713663948341046,4.739874629811424,296938179
2019-09-10,4.793971061706543,4.805803035236223,4.7508644862744385,4.79566549893501,251510950
2019-09-11,4.774528503417969,4.820181814057598,4.750864556011251,4.798202608214215,215334795
2019-09-12,4.787212371826172,4.809191575821049,4.749169719340805,4.776222538978991,202948875
2019-09-16,4.788897514343262,4.820181812383902,4.769454885691874,4.810034580247401,231977109
2019-09-17,4.689147472381592,4.776222611522036,4.679009936630193,4.776222611522036,246686942
2019-09-18,4.692527770996094,4.711969939342478,4.680695334748619,4.690000427620931,180970739
2019-09-19,4.734801292419434,4.738180471369032,4.675621568495194,4.693379456288529,189750639
2019-09-20,4.742412090301514,4.760160282938238,4.7246542019741105,4.738180613869694,226789860
2019-09-23,4.722959041595459,4.7348007099980025,4.678158032025868,4.7348007099980025,241200295
2019-09-24,4.724654197692871,4.787213102391479,4.713664363168557,4.716201402227125,273180376
2019-09-25,4.650262832641602,4.703516638930922,4.646883653946479,4.70098006183692,225986312
2019-09-26,4.544597625732422,4.662947375899072,4.542060586790546,4.658715899665716,345301935
2019-09-27,4.5657243728637695,4.591092914585013,4.550513220540615,4.552207657772023,194936529
2019-09-30,4.501481056213379,4.581788152780802,4.482038888104891,4.565724701989291,185534251
2019-10-08,4.5116286277771,4.563197696064105,4.50909158881138,4.515849946660371,189987886
2019-10-09,4.551355838775635,4.55727159472258,4.480344144135821,4.503175185388959,206438529
2019-10-10,4.601230144500732,4.611377375833702,4.539523546316967,4.54881848039629,219420164
2019-10-11,4.624904155731201,4.637578731071955,4.570798511878937,4.608841167581697,262457792
2019-10-14,4.677316188812256,4.707748653629601,4.645189748308185,4.646041583996931,244654167
2019-10-15,4.620673179626465,4.663789451759343,4.613914821933865,4.662095014491149,143325266
2019-10-16,4.593629360198975,4.649420204968959,4.591934923016087,4.628283139936315,151334787
2019-10-17,4.5944719314575195,4.613914559178893,4.583482098215566,4.591934892694988,125661067
2019-10-18,4.531070709228516,4.619830597077972,4.520081337014827,4.59531435203357,192991128
2019-10-21,4.522617816925049,4.527691432951346,4.4803441471658525,4.527691432951346,181475215
2019-10-22,4.564882278442383,4.580103126607129,4.521775702505794,4.527691458490108,202087410
2019-10-23,4.537829399108887,4.574187312661511,4.520081207981792,4.569955836589613,136417185
2019-10-24,4.529376029968262,4.542060300479011,4.498944030471482,4.535292247429942,204197983
2019-10-25,4.567419052124023,4.572493130096763,4.487954558755307,4.5302286922712325,242104556
2019-10-28,4.629977703094482,4.631662906333125,4.586019292039366,4.608841099186246,362130382
2019-10-29,4.57333517074585,4.630820456142598,4.569955991867233,4.630820456142598,192976210
2019-10-30,4.516701698303223,4.5598082705354015,4.5116280826843145,4.558123529121861,216240164
2019-10-31,4.493028163909912,4.534449999967767,4.486269806022636,4.520081448539298,160434855
2019-11-01,4.536144256591797,4.5412183343498596,4.471890919070752,4.487112228945894,230361099
2019-11-04,4.548819065093994,4.576714490005803,4.532755614465357,4.533607911828557,233886107
2019-11-05,4.582640171051025,4.61053559454673,4.536144258861839,4.550513271424664,268309500
2019-11-06,4.542902946472168,4.589398395613806,4.519238538093689,4.577566422274322,239149084
2019-11-07,4.572492599487305,4.590240327843817,4.531070306434204,4.535292086561466,208113149
2019-11-08,4.555586814880371,4.618988315802689,4.552207636123505,4.602924866245522,254583146
2019-11-11,4.450763702392578,4.5319129283394055,4.446532226557058,4.53107032676823,281997313
2019-11-12,4.453300476074219,4.46597505106243,4.404267987958671,4.453300476074219,237123022
2019-11-13,4.453300476074219,4.458374092005497,4.427089794809439,4.452448640475601,159752070
2019-11-14,4.479501724243164,4.491333698316591,4.444847941981127,4.44569054363891,183815174
2019-11-15,4.452448844909668,4.509934130320201,4.448227064383165,4.479501667325455,163096947
2019-11-18,4.468511581420898,4.482880593465762,4.436394840341765,4.446532376408505,154471524
2019-11-19,4.540366172790527,4.54459764904559,4.463438257663157,4.4685118738734015,241818447
2019-11-20,4.5116286277771,4.554735205217394,4.50909158881138,4.542060629478188,269292261
2019-11-21,4.5183868408203125,4.537829469475724,4.488806675716303,4.501480789349789,142344922
2019-11-22,4.471890926361084,4.587704096605408,4.452448759414738,4.518386838602802,300917500
2019-11-25,4.475280284881592,4.488806695897205,4.433857988500128,4.469364067154382,203093121
2019-11-26,4.460058689117432,4.496406905378165,4.451605894735561,4.480343918195532,212279437
2019-11-27,4.480344295501709,4.512470734271957,4.4465326534273295,4.448227090722169,205606418
2019-11-28,4.471890926361084,4.494722429511494,4.457522375481548,4.475280262565148,165094712
2019-11-29,4.471890926361084,4.489648813444683,4.427932514702056,4.470206184798814,291615068
2019-12-02,4.486269950866699,4.509091759935816,4.4634384461069,4.48119633444225,197811549
2019-12-03,4.505712032318115,4.506554633905822,4.448226750958035,4.463437902688761,221138654
2019-12-04,4.4964070320129395,4.508249162732112,4.476122264063045,4.48288062148311,168114404
2019-12-05,4.5386810302734375,4.553050041989483,4.499795775317175,4.50655459423984,250831010
2019-12-06,4.582640171051025,4.584324912611392,4.526839628369627,4.539523899372085,215951991
2019-12-09,4.591935157775879,4.606304170501179,4.57249299063166,4.585167104387916,225807560
2019-12-10,4.614757061004639,4.623209856147011,4.569113906373888,4.583482457697122,197846645
2019-12-11,4.596157073974609,4.614757101728086,4.575029702927618,4.6105357828145666,149751381
2019-12-12,4.584324836730957,4.6164512741260335,4.580945657976167,4.595314208601638,190312992
2019-12-13,4.649420261383057,4.661252696437542,4.603767413787167,4.62406187746966,336001122
2019-12-16,4.722959041595459,4.731421531464074,4.6468834322811885,4.650262610815118,312472935
2019-12-17,4.7973504066467285,4.819330074628344,4.717043313226018,4.722959531045546,320549853
2019-12-18,4.793128967285156,4.82694014665654,4.780444696326149,4.788055351241458,236573232
2019-12-19,4.8041181564331055,4.816792731219705,4.777907475585254,4.793128784836478,186665617
2019-12-20,4.757623195648193,4.819330264096912,4.749170400260477,4.804961250657075,285504417
2019-12-23,4.648568630218506,4.751706765000524,4.644346849709048,4.739874791125209,321065645
2019-12-24,4.718737602233887,4.724653819867506,4.654493960994025,4.6570309998497095,229883764
2019-12-25,4.739874362945557,4.748327157191499,4.70859006726548,4.711969245826004,247448383
2019-12-26,4.775371074676514,4.7779076518456245,4.723811242353385,4.733949240438447,213131437
2019-12-27,4.737338066101074,4.809191900135134,4.735643628875975,4.780444641447507,197408969
2019-12-30,4.803276062011719,4.807497380617685,4.6925272775153495,4.728032893115919,242549494
2019-12-31,4.822719097137451,4.828634853438909,4.781296798839015,4.793971374815571,196642127
2020-01-02,4.914857864379883,4.927541673565578,4.837929952225279,4.8607517594489575,269832060
2020-01-03,4.923310279846191,4.941910305235145,4.903025051342765,4.914014884146549,176955991
2020-01-06,4.979101657867432,5.028133686583635,4.898794564478238,4.9097839367652005,254562449
2020-01-07,5.043354511260986,5.045039252695093,4.977416437089023,4.977416437089023,243574436
2020-01-08,4.9731855392456055,4.9731855392456055,4.9731855392456055,4.9731855392456055,289226630
2020-01-09,5.0357441902160645,5.036586791838636,4.993479754527393,5.011227945745626,268609569
2020-01-10,5.014606952667236,5.055186645419544,4.988405967549128,5.046733850911407,233000042
2020-01-13,5.098302841186523,5.098302841186523,5.098302841186523,5.098302841186523,233137443
2020-01-14,5.076323986053467,5.076323986053467,5.076323986053467,5.076323986053467,215398402
2020-01-15,5.061102867126465,5.078851059370491,5.026439388619221,5.069556124112388,201319943
2020-01-16,5.067870616912842,5.0847766681714965,5.047576152889971,5.063639602527876,222997987
2020-01-17,5.03912353515625,5.088156025713915,5.025597123895724,5.073787012803033,297613587
2020-01-20,5.123661518096924,5.1253462596569275,5.0306706171376625,5.046734066947377,194204737
2020-01-21,5.0636396408081055,5.10929295121433,5.041660435077092,5.105904076724977,337780650
2020-01-22,5.102524757385254,5.134651194319546,4.97487961753285,5.03828111750685,312915340
2020-01-23,4.912320613861084,5.0830820203998694,4.872593218761839,5.052649559616432,473067947
2020-02-03,4.513313293457031,4.550513348071529,4.480344253344931,4.518386909603567,754330804
2020-02-04,4.5893988609313965,4.605462311907524,4.466827324322658,4.513313544187321,617117241
2020-02-05,4.688305854797363,4.733949471686317,4.58178807647229,4.591935309043456,361202382
2020-02-06,4.827783107757568,4.8506146125039935,4.655336938472739,4.700137954894437,337056203
2020-02-07,4.8742780685424805,4.8768146456468795,4.788055223470829,4.822718699234223,258558852
2020-02-10,4.921616077423096,4.923310514608035,4.83624506867151,4.857372438040122,320055085
2020-02-11,4.899646282196045,4.934300063218277,4.870056421531033,4.9199315123943315,237869683
2020-02-12,4.999395847320557,5.000237987222579,4.8818887056189775,4.891183640107745,220273909
2020-02-13,4.954585552215576,5.008691660324611,4.941068374604126,4.991785608044716,235246193
2020-02-14,4.960510730743408,5.008691384221726,4.921616239724095,4.936837087821644,243148531
2020-02-17,5.128735065460205,5.13126240861612,4.982490358360196,4.982490358360196,449858857
2020-02-18,5.170157432556152,5.173536611367636,5.096608698484641,5.131262479609596,465660729
2020-02-19,5.128735065460205,5.186210653229725,5.119430435094632,5.168462923797251,312223931
2020-02-20,5.2251057624816895,5.236937736358342,5.106756013245666,5.1304204226985,308913526
2020-02-21,5.307949542999268,5.335844967532331,5.209042420650816,5.2115794596254625,343915374
2020-02-24,5.3569722175598145,5.381488462602999,5.256380355859372,5.288507255955133,350663103
2020-02-25,5.392477989196777,5.406004399556415,5.168462775104383,5.272443505429159,354888399
2020-02-26,5.255537509918213,5.373035417847008,5.242011099416464,5.324002930039872,326485096
2020-02-27,5.253843307495117,5.3231610280070765,5.212421472535808,5.262296564174751,292613695
2020-02-28,4.9926276206970215,5.159167244326222,4.985869263538405,5.123661168320687,624807414
2020-03-02,5.1752214431762695,5.201432125574585,5.034049885953778,5.034049885953778,437375174
2020-03-03,5.210727214813232,5.326540390401238,5.165084059485935,5.258065269170527,440770338
2020-03-04,5.227632999420166,5.232706615461326,5.123661499087386,5.175221331445243,212359070
2020-03-05,5.2944231033325195,5.310476857967108,5.240316996177914,5.3003393212120065,163483399
2020-03-06,5.263990879058838,5.311328468984844,5.232706581388947,5.241159376172523,146535422
2020-03-09,5.069555759429932,5.2073476704945385,5.063639541874329,5.181989286459583,210400562
2020-03-10,5.1819891929626465,5.186210511531002,4.964732335890899,5.021375016184195,368652318
2020-03-11,5.105903625488281,5.212420927629955,5.10421888408245,5.19635794098971,367302408
2020-03-12,5.039965629577637,5.0822392963961365,4.989248402523047,5.0450392452509965,186040425
2020-03-13,5.003617286682129,5.044196980791205,4.784675681256417,4.820181759353061,413034548
2020-03-16,4.761002063751221,5.012922405447414,4.746633051249743,5.011227968204293,308283258
2020-03-17,4.7703070640563965,4.875972537862595,4.634199432900303,4.817644653362947,421021752
2020-03-18,4.698452949523926,4.877667162542942,4.685768678332332,4.792286453532355,314942653
2020-03-19,4.74071741104126,4.7508646433678665,4.5877041838569,4.700137715725482,419847272
2020-03-20,4.775371074676514,4.7829812678833665,4.6959162806855055,4.765233538290972,250732844
2020-03-23,4.584324836730957,4.6933791857183795,4.560660428058083,4.649420313137108,406645176
2020-03-24,4.649420261383057,4.688305517554386,4.543745092326725,4.6637892735480975,357518703
2020-03-25,4.76185417175293,4.777907463469838,4.711969387259254,4.7432536838783514,318493211
2020-03-26,4.716200828552246,4.772843508254151,4.714506391388939,4.7339490190140125,208161582
2020-03-27,4.695916175842285,4.780444583983815,4.692527301432823,4.7677700090126205,169635379
2020-03-30,4.605462074279785,4.6494204868034865,4.555586982242469,4.6494204868034865,313192278
2020-03-31,4.605462074279785,4.653642267331969,4.596156981894503,4.645189472284348,251582460
2020-04-01,4.588555812835693,4.67393651844808,4.584324798509868,4.594472030379465,206980160
2020-04-02,4.724654197692871,4.728033376741036,4.572493260219672,4.57840901662685,273472777
2020-04-03,4.668020725250244,4.713663876918702,4.646883660071215,4.695063850536526,230023978
2020-04-07,4.806655406951904,4.821024419551543,4.74917012256286,4.7500122624954395,266259910
2020-04-08,4.821024417877197,4.838772147590528,4.780444723289161,4.788897518179684,177387318
2020-04-09,4.865825176239014,4.881888625246021,4.836245012667476,4.8430033699497415,172482505
2020-04-10,4.777907371520996,4.860751496836102,4.75508602722981,4.860751496836102,272736218
2020-04-13,4.728885173797607,4.755928299012387,4.706905507074461,4.743253724150315,205441617
2020-04-14,4.830319404602051,4.836245318059861,4.7483275703026955,4.74917017194356,193581807
2020-04-15,4.821024417877197,4.864140689651628,4.815950340105358,4.831171650021828,182618152
2020-04-16,4.859066963195801,4.881046168549858,4.797350204088714,4.805802998787213,184308714
2020-04-17,4.864982604980469,4.923310488288515,4.849761757466229,4.8878044114120165,251914044
2020-04-20,4.917394638061523,4.919089075363935,4.857372774794997,4.8649829682706525,178948723
2020-04-21,4.886119842529297,4.896257378874005,4.829477160406153,4.896257378874005,266642996
2020-04-22,4.931763648986816,4.9359946635461505,4.842161158093694,4.844698197050867,203071237
2020-04-23,4.906404495239258,4.941910572532957,4.897951700639658,4.932605480640869,118951132
2020-04-24,4.8337082862854,4.903025545210399,4.81679300060761,4.887804696807425,212388903
2020-04-27,4.816792964935303,4.861603674179655,4.807497568368202,4.832856414861423,166053952
2020-04-28,4.77960205078125,4.817644705919236,4.675621317361449,4.8167928703095715,284687372
2020-04-29,4.788897514343262,4.818487375131151,4.765233566944762,4.776222939012875,174000716
2020-04-30,4.908941745758057,4.92246815683874,4.808340188738081,4.808340188738081,256938128
2020-05-06,4.9850172996521,4.99854371056324,4.865825412618987,4.877667081972468,250250406
2020-05-07,4.979101657867432,5.001932699779467,4.9588164271809365,4.985017413985104,251150630
2020-05-08,5.0425028800964355,5.0644820871572795,4.998544004275198,5.006154659651544,230793909
2020-05-11,5.023059844970703,5.084776603889474,5.0019324752840575,5.045891347557554,277781017
2020-05-12,5.0357441902160645,5.0433548450908425,4.984175124116607,5.017986303307929,339700568
2020-05-13,5.061944961547852,5.0703977559871864,5.00869115616134,5.028975923677846,208044995
2020-05-14,5.0357441902160645,5.0611025746095555,5.023912216637083,5.045891422249422,120596432
2020-05-15,5.045039653778076,5.0830823095693125,5.029828039515981,5.036586858867753,236059083
2020-05-18,5.018838405609131,5.065333853885289,5.001080519390993,5.050113006426671,156155313
2020-05-19,5.075471878051758,5.078008917055319,5.0408180952509705,5.046734313229431,127549490
2020-05-20,5.0357441902160645,5.0754715870466365,5.019680740543456,5.068713229484334,191820982
2020-05-21,4.975722312927246,5.050955325936826,4.968963493687689,5.039123352396823,147746919
2020-05-22,4.890341281890869,4.974879381373536,4.874277833336507,4.957121495701602,249215443
2020-05-25,4.870056629180908,4.903868271716688,4.854835780390375,4.887804821262591,161444581
2020-05-26,4.961353302001953,4.966426918003416,4.8886568661211385,4.898794402434189,242129960
2020-05-27,4.930078506469727,4.96642672298282,4.909783581561295,4.965574425706368,264391224
2020-05-28,4.9165520668029785,4.9503632443628565,4.86075152730236,4.925847001075366,168667783
2020-05-29,4.957121849060059,4.963047762399102,4.895415246514177,4.896257386438634,164779814
2020-06-01,5.123661518096924,5.126198556976677,5.006154372457971,5.006154372457971,211858679
2020-06-02,5.118587970733643,5.14394681738344,5.091535148510644,5.139725036887023,125595793
2020-06-03,5.110135078430176,5.155778693032904,5.10759850126421,5.1312624484910785,179407154
2020-06-04,5.1194305419921875,5.133799554659483,5.0915351182936694,5.124504158090154,155282011
2020-06-05,5.13126277923584,5.135494255614535,5.091535379728889,5.119430804859754,98316612
2020-06-08,5.120282173156738,5.173536441228018,5.111819682871345,5.152399376044122,120539104
2020-06-09,5.150714874267578,5.165083887029867,5.107598601990118,5.121125013110765,133559607
2020-06-10,5.157473087310791,5.160852266073633,5.125346188139649,5.150714729785108,117353712
2020-06-11,5.1481781005859375,5.224254182806685,5.114357223196808,5.157473497695617,164077153
2020-06-12,5.149020671844482,5.179452674331435,5.058566342664598,5.063639959027517,219046450
2020-06-15,5.143104076385498,5.205653280129506,5.138030460394895,5.143946678003739,269765689
2020-06-16,5.236095905303955,5.23862278698527,5.17945275672175,5.17945275672175,164313513
2020-06-17,5.278359413146973,5.287654809522422,5.233558400516378,5.24876955280295,191203274
2020-06-18,5.291886329650879,5.298644687236763,5.259759430193569,5.277517317163664,207512368
2020-06-19,5.330771446228027,5.351056677597528,5.284275993181196,5.291886648541148,237491753
2020-06-22,5.327392101287842,5.367119499413534,5.320624047814995,5.328234702937882,232787938
2020-06-23,5.351056098937988,5.354435277569138,5.301181010588494,5.327391691130969,227949235
2020-06-24,5.351898193359375,5.369656079328386,5.325697208728951,5.351898193359375,154984731
2020-06-29,5.3282341957092285,5.346834221376126,5.301180914074123,5.346834221376126,187914183
2020-06-30,5.406846523284912,5.433899805622802,5.336687128613295,5.336687128613295,261747272
2020-07-01,5.430521011352539,5.434752025891196,5.374730162943301,5.422068216265925,258756429
2020-07-02,5.527733325958252,5.540417596435676,5.412772457923232,5.428826211381919,266560198
2020-07-03,5.601282119750977,5.60381869685519,5.515058812986126,5.531964402219451,350832773
2020-07-06,5.867561340332031,5.908983173726876,5.6427039824271885,5.6427039824271885,625415011
2020-07-07,5.925899028778076,6.0239538494740845,5.854044732453033,5.9275837703272,511038219
2020-07-08,6.044248580932617,6.061996309917526,5.892077502670207,5.9123719661265195,300424156
2020-07-09,6.205705165863037,6.216694537963356,6.027333094671838,6.038322928471682,296737736
2020-07-10,6.196409702301025,6.258958906509078,6.154987868140513,6.174430496638588,297265748
2020-07-13,6.393372058868408,6.39675123763407,6.20232587738671,6.20232587738671,254827263
2020-07-14,6.308833122253418,6.389149903839199,6.18372502634206,6.389149903839199,381728690
2020-07-15,6.176967144012451,6.350255903525881,6.118630023864739,6.307991467260485,409494333
2020-07-16,5.868413925170898,6.235295149556576,5.840518501004545,6.167662631566663,448555480
2020-07-17,5.872635364532471,5.96985774597504,5.823613030367404,5.868414045603209,360622548
2020-07-20,6.045090675354004,6.0493124555989874,5.8751718693849595,5.934351588134026,423309143
2020-07-21,6.078902244567871,6.11017684506246,6.0264905794235615,6.059459617070342,225391120
2020-07-22,6.138082504272461,6.225990096165153,6.050164754989949,6.072144423160346,260143699
2020-07-23,6.131313800811768,6.152450866677727,5.960552847103407,6.0865127875900535,263742909
2020-07-24,5.840517997741699,6.119481449358343,5.816843894457915,6.11271339646738,342585229
2020-07-27,5.83712911605835,5.887013437886431,5.783032709746603,5.8498129245572255,242002010
2020-07-28,5.897151470184326,5.925046894260314,5.84643423819897,5.879403278441579,234588929
2020-07-29,6.064533710479736,6.072986505527581,5.8582666739713725,5.863340290138117,245505777
2020-07-30,6.043396472930908,6.098344717879853,6.025648281690604,6.067912717431836,240584502
2020-07-31,6.10679817199707,6.154135763593565,5.989300257403229,6.041711926886424,312093741
2020-08-03,6.253894805908203,6.254736945808902,6.127934408118443,6.143997857364651,270840018
2020-08-04,6.2166948318481445,6.269949104407638,6.188799406912543,6.256422692776556,203272235
2020-08-05,6.275874137878418,6.297001507744322,6.165977648811511,6.21753701889532,190899062
2020-08-06,6.291927814483643,6.3063065223431884,6.175272507630349,6.2767166624064314,159954905
2020-08-07,6.213315010070801,6.276716508717089,6.109334280729351,6.273337330081531,165797560
2020-08-10,6.242905139923096,6.286854317169097,6.162588814937699,6.179504100227769,139508760
2020-08-11,6.130471706390381,6.276716878208541,6.117787435298744,6.226842248557503,133339859
2020-08-12,6.052701473236084,6.120324292376538,5.941952226005155,6.1034187030163025,233226051
2020-08-13,6.080597400665283,6.111872004857655,6.04424918010588,6.068755730578685,175177550
2020-08-14,6.1668195724487305,6.17019875109002,6.0467753939232045,6.081438868992297,272447852
2020-08-17,6.25473690032959,6.265726733613888,6.138082056950859,6.165125181975486,265483457
2020-08-18,6.299538612365723,6.325749294179784,6.2513579588391,6.2522005604651465,201132478
2020-08-19,6.193020820617676,6.299538593416133,6.188799040209242,6.298695991792622,165379488
2020-08-20,6.1321563720703125,6.20063148969815,6.111871603624418,6.1972523109054904,179929606
2020-08-21,6.168514251708984,6.216694443234155,6.1211665044151795,6.14146143013793,163394694
2020-08-24,6.201483249664307,6.217537003505851,6.114408106204135,6.187956838968736,170328656
2020-08-25,6.170198917388916,6.258116661967996,6.155829905159289,6.21331518806805,156904743
2020-08-26,6.066218376159668,6.184568124437672,6.036638210857719,6.163440754077786,228348959
2020-08-27,6.120324611663818,6.123703790574198,6.033259159798299,6.066218504637111,188417673
2020-08-28,6.224305152893066,6.2319158078185435,6.079744723965524,6.1101771862779435,316881183
2020-08-31,6.193020820617676,6.289391361371451,6.19049347744666,6.244589886774683,266992848
2020-09-01,6.2369794845581055,6.238673921738735,6.171893243743258,6.179503898371458,168054844
2020-09-02,6.232758045196533,6.259811329128269,6.166819965189796,6.246284456312637,339449336
2020-09-03,6.198946475982666,6.258116498870654,6.177809411149415,6.229378475160362,158679508
2020-09-04,6.156672477722168,6.170198888277571,6.0924288376517834,6.1304714922080015,208684764
2020-09-07,6.0281853675842285,6.204010703482067,6.002826521261829,6.140609201530596,243831002
2020-09-08,6.066218376159668,6.089892019411486,5.9893001583446255,6.0349437735932785,190783836
2020-09-09,5.914909362792969,6.023111880310584,5.876024104702242,6.004511391213898,249860717
2020-09-10,5.813465118408203,5.96139503181159,5.783875257451502,5.945341739273643,318197617
2020-09-11,5.862497329711914,5.8751719045126825,5.772885611161137,5.77965366419933,257732966
2020-09-14,5.907298564910889,5.9233620146840344,5.849813280812391,5.897993934441867,272297688
2020-09-15,5.930963039398193,5.942804708871933,5.8810884096714595,5.893772219082821,160160685
2020-09-16,5.91237211227417,5.931814740623748,5.883624853563663,5.931814740623748,144800433
2020-09-17,5.925046443939209,5.971541891862283,5.855729189841293,5.892077406202346,213776850
2020-09-18,6.032406806945801,6.034943845877578,5.908983441086226,5.920825572398537,234453659
2020-09-21,5.98930025100708,6.054386496048219,5.9791530186435855,6.027333211839513,315295972
2020-09-22,5.914909362792969,6.01973270142661,5.88954128193767,5.955479362480584,215023148
2020-09-23,5.943646430969238,5.961394621246801,5.908982956302636,5.918288047919764,142022612
2020-09-24,5.828676700592041,5.9132148068355415,5.805854893120707,5.904762011950144,300677890
2020-09-25,5.8109283447265625,5.853192779656887,5.78049588316292,5.829528371224012,205417705
2020-09-28,5.756822109222412,5.83290741668891,5.7424530973714205,5.824454622235855,186960122
2020-09-29,5.799096584320068,5.851508253026393,5.76021132668228,5.773728042060731,261787328
2020-09-30,5.759359359741211,5.833750232776551,5.717937064142098,5.803317770789191,265184631
2020-10-09,5.90898323059082,5.9343517722067585,5.848118768471573,5.848118768471573,222618688
2020-10-12,6.0898919105529785,6.0932710893313855,5.949562958796015,5.951257396030167,197356372
2020-10-13,6.091586589813232,6.100039384940039,6.029027687623101,6.07382916391351,223496744
2020-10-14,6.064533710479736,6.086512916742172,6.049312861979501,6.083133737861072,164142439
2020-10-15,6.018880367279053,6.078060089692099,6.016343790058802,6.0560808835453885,174315251
2020-10-16,5.9859113693237305,6.034101258152702,5.94111035507205,6.0281855020275215,171618323
2020-10-19,5.927583694458008,6.042554260702689,5.904761887467796,6.01888015640914,342231858
2020-10-20,5.976616382598877,5.9825321386728705,5.89039307202911,5.914057481423673,166360716
2020-10-21,5.927583694458008,5.9833745403629885,5.88616186083604,5.968162926466438,190964223
2020-10-22,5.890393257141113,5.9165942445752195,5.833750571959374,5.90898358928854,180818907
2020-10-23,5.794023036956787,5.933499695789554,5.783033202964068,5.876866707627774,211804290
2020-10-26,5.788949012756348,5.816843973197126,5.707799323393036,5.788949012756348,214617348
2020-10-27,5.787254810333252,5.800781221157553,5.750906130557998,5.76021122267504,133399654
2020-10-28,5.821075916290283,5.8261398368217225,5.7407591263806665,5.787255040042149,150321556
2020-10-29,5.829528331756592,5.8591084958227855,5.752600421465257,5.757674499056058,192776122
2020-10-30,5.697652339935303,5.86587671568331,5.690041685032226,5.8286766618826125,244725825
2020-11-02,5.717936992645264,5.747526852643449,5.689199429945471,5.701874004937594,163005032
2020-11-03,5.807548999786377,5.82107540997104,5.725547475395568,5.740758627047406,171931813
2020-11-04,5.806696891784668,5.829528394390551,5.750906046060825,5.807549189085238,223541070
2020-11-05,5.921667575836182,5.933499549486017,5.833750291160827,5.850655880857723,202956533
2020-11-06,5.877708435058594,5.930962702297629,5.81938101370298,5.925046484892294,196797065
2020-11-09,5.974079132080078,6.013806528405138,5.899688259692297,5.900530399604634,294441597
2020-11-10,5.933499336242676,5.996900835721723,5.893771940601962,5.996900835721723,275123938
2020-11-11,5.861645698547363,5.943646765323759,5.860803096922051,5.917446240921979,116036770
2020-11-12,5.8810882568359375,5.911520256981709,5.858266449799306,5.865876642908446,115508815
2020-11-13,5.882782936096191,5.889541293877841,5.813465214829239,5.865034744301932,170546465
2020-11-16,5.950415134429932,5.95125727433508,5.866719170764686,5.893771991818545,153141276
2020-11-17,5.910677433013916,5.947026111079659,5.879402832429406,5.94534136961205,134532859
2020-11-18,5.905604362487793,5.957173892660079,5.883625155863936,5.907298799801301,184151566
2020-11-19,5.938573360443115,5.947026617268531,5.861645906964664,5.896309384813727,144175607
2020-11-20,5.988448143005371,6.00028981212095,5.917446145061281,5.917446145061281,188030173
2020-11-23,6.03325891494751,6.084818285236361,5.964783797713175,5.99014264374682,237582654
2020-11-24,6.031564235687256,6.052701300478893,6.020574402498043,6.031564235687256,155755627
2020-11-25,5.9351935386657715,6.0552377138162266,5.92589860459093,6.045933084052156,139760946
2020-11-26,5.917446136474609,5.941952223202798,5.87348726418331,5.934351725826872,191517808
2020-11-27,5.941952228546143,5.9436466657587985,5.851508064149428,5.919130883318799,168131111
2020-11-30,5.897994041442871,5.9766163927893095,5.88024584979157,5.94280475107344,241011554
2020-12-01,5.992679595947266,6.012964827245646,5.884477536903129,5.889541457534971,188225893
2020-12-02,5.997752666473389,6.0121216784685245,5.95717343527795,5.994363792106565,247087511
2020-12-03,6.018038272857666,6.0341012613427925,5.956331206748208,5.996058604845165,221854300
2020-12-04,6.040017604827881,6.042554643819633,5.970700343858491,6.001974947538809,149484391
2020-12-07,5.996058464050293,6.045090953402828,5.979995475942346,6.037480298464154,213941900
2020-12-08,5.988448143005371,6.0239537589725485,5.9842263626563055,5.990984720131111,154081058
2020-12-09,5.895466327667236,6.001974400561478,5.889540876265447,5.993521606088674,248941042
2020-12-10,5.905604362487793,5.933499787023174,5.854887591366746,5.865876963828905,139800357
2020-12-11,5.809234142303467,5.928435726853736,5.776265102294304,5.908141262330955,208126068
2020-12-14,5.852350234985352,5.856572015354396,5.776264925040435,5.805012183668845,137581640
2020-12-15,5.858266830444336,5.867561765688408,5.8219186103489635,5.8396663408666525,181727062
2020-12-16,5.836287021636963,5.866719484728264,5.81514995526589,5.8582666896577855,104226746
2020-12-17,5.907298564910889,5.9157518214611455,5.795707637215718,5.832907691110922,235339901
2020-12-18,5.887013912200928,5.92166769391333,5.857424050946599,5.900530627675997,223016367
2020-12-21,5.980847358703613,5.9960585113113485,5.881088403662011,5.884477278188228,222023843
2020-12-22,5.8658766746521,5.977458367292853,5.849813225032125,5.977458367292853,245755889
2020-12-23,5.897151470184326,5.935194126593554,5.843055059317954,5.866719468874795,212775321
2020-12-24,5.822760105133057,5.896308834534741,5.809233695055962,5.894614397391589,220569269
2020-12-25,5.877708435058594,5.889540869869264,5.799938386017942,5.807549040591811,254208429
2020-12-28,5.841360569000244,5.891235660584857,5.821918401847936,5.868413852882683,245105204
2020-12-29,5.816001892089844,5.892077504707995,5.803317621575509,5.844739454410076,241623732
2020-12-30,5.864182472229004,5.895466771101794,5.795707814016465,5.810086060972536,190383591
2020-12-31,5.953794479370117,5.9630894141529,5.872635090543539,5.882782784343995,236756128
2021-01-04,6.055237770080566,6.086512370230174,5.943646388103542,5.970699669803124,347724584
2021-01-05,6.108492374420166,6.122018785169112,6.02564824499,6.04509087334952,232056161
2021-01-06,6.101724147796631,6.157524226433952,6.054386097666026,6.111028777897889,160836617
2021-01-07,6.127092361450195,6.145682692380883,6.057765409227959,6.090734448122745,122314235
2021-01-08,6.142303466796875,6.177809544250251,6.070449633682544,6.127934454632149,154781168
2021-01-11,6.047627925872803,6.145682746111618,6.010427410607087,6.1355452097943735,174413143
2021-01-12,6.122018814086914,6.127934570025914,6.0281853123103755,6.029870053855791,203661805
2021-01-13,6.083133697509766,6.127092571442577,6.050164657485039,6.121166657977455,169881902
2021-01-14,6.040017604827881,6.105113546870684,6.001974947538809,6.069607466873821,167255127
2021-01-15,6.018038272857666,6.044248955399146,5.949563153280258,6.0341012613427925,248361121
2021-01-18,6.090734481811523,6.108492368616714,5.992679200188113,5.996058378949675,170611785
2021-01-19,6.057765483856201,6.111871588867384,6.043396471404879,6.090734523157147,129602482
2021-01-20,6.112713813781738,6.122018906030643,6.041711813860848,6.055238224876834,116526171
2021-01-21,6.198946475982666,6.2217678205938105,6.12032412973882,6.12032412973882,152037400
2021-01-22,6.207399368286133,6.218388739970709,6.145682609980434,6.186262303119696,189340601
2021-01-25,6.217536926269531,6.279253223093013,6.17273591437275,6.204862351336874,97947339
2021-01-26,6.122860908508301,6.19387260252503,6.109334497795983,6.186262409407266,130252262
2021-01-27,6.138082504272461,6.141461683185605,6.074681000418006,6.110177384240978,147309198
2021-01-28,6.022269248962402,6.103418943627625,6.004511361601503,6.079744838476633,272220380
2021-01-29,5.9377312660217285,6.054386580466671,5.8582667729773314,6.034943951109257,317919908
2021-02-01,5.979152679443359,5.985911036842138,5.931814628883394,5.936036409184967,119666235
2021-02-02,6.035785675048828,6.0391750111433185,5.953794306069648,5.980847127091384,243814484
2021-02-03,6.0002899169921875,6.062839121341097,5.9994376196758505,6.035785837889974,208824093
2021-02-04,5.9351935386657715,5.997752434073018,5.859960530637401,5.976615831552344,403501244
2021-02-05,5.846434116363525,5.968163042463975,5.841360500302636,5.933499565658125,220093194
2021-02-08,5.9165940284729,5.943646850577967,5.82445496229893,5.848971207200781,236341835
2021-02-09,6.036638259887695,6.051007272686665,5.913214894503987,5.913214894503987,310365625
2021-02-10,6.105113506317139,6.119482057716206,6.005354086607091,6.044249040995176,366537034
2021-02-18,6.195557594299316,6.25557945269456,6.137229711369466,6.221767813213176,148511569
2021-02-19,6.284327030181885,6.291927989436736,6.131313806010831,6.185419911466506,215025830
2021-02-22,6.225989818572998,6.382382219252369,6.223462475418768,6.305454307484966,237705192
2021-02-23,6.209084510803223,6.276717029270359,6.190493717221599,6.195558099449703,267209272
2021-02-24,6.129619121551514,6.247126724229748,6.074680574070704,6.192178019359831,395221604
2021-02-25,6.09918737411499,6.186262519228769,6.062839155694907,6.1668198905767415,196867384
2021-02-26,5.964783668518066,6.045933359166609,5.9436466033360835,6.004511064395154,280577815
2021-03-01,6.070449352264404,6.072985929257313,5.985068650850575,5.985068650850575,208694067
2021-03-02,6.023111343383789,6.0949651736410715,5.985910830206167,6.089049418048692,317355349
2021-03-03,6.103418350219727,6.106797528758493,6.008742253600049,6.008742253600049,179697589
2021-03-04,6.0002899169921875,6.078059969460103,5.974079235167454,6.078059969460103,322153079
2021-03-05,6.009585380554199,6.040859983077848,5.925899109485833,5.946183878181048,317046688
2021-03-08,5.8658766746521,6.0848182795437165,5.856572044271801,6.0324066119934185,345812109
2021-03-09,5.7340006828308105,5.87095045940836,5.66298898646909,5.856572212614714,586820865
2021-03-10,5.673978805541992,5.798244310579533,5.666377846183449,5.769506746748289,281124362
2021-03-11,5.826139450073242,5.828676488865466,5.653693299024668,5.673978528574284,277544975
2021-03-12,5.830370903015137,5.839665837457938,5.742453159797019,5.832907480097829,252148221
2021-03-15,5.792328834533691,5.836287248887902,5.729779626015142,5.794865411872857,249073527
2021-03-16,5.794865131378174,5.83375038917185,5.743296064103508,5.790643812577771,215072283
2021-03-17,5.828676700592041,5.839666072662296,5.728926980131304,5.7830330856493735,189410887
2021-03-18,5.871792793273926,5.907298408985815,5.82867652284051,5.82867652284051,184941869
2021-03-19,5.823612689971924,5.8650345238252735,5.781338558810476,5.815149737828138,174760180
2021-03-22,5.898845672607422,5.909835506150575,5.814307568107212,5.814307568107212,200561702
2021-03-23,5.831212997436523,5.911520085381255,5.799938396583344,5.899688112248532,230540644
2021-03-24,5.7678117752075195,5.842202643350835,5.753442763773119,5.790643276539134,248141105
2021-03-25,5.781338691711426,5.806697076557608,5.727242281478058,5.742453434109737,245014433
2021-03-26,5.856572151184082,5.871792999462104,5.781338675100257,5.7830331123611645,223112074
2021-03-29,5.856572151184082,5.877708755490445,5.816002152123261,5.85826658844499,291972561
2021-03-30,5.877708435058594,5.888698268280008,5.820223615292237,5.852350051667721,171902361
2021-03-31,5.869256019592285,5.876866674657599,5.8033179394049625,5.870098621235951,215182243
2021-04-01,5.909835338592529,5.927583529125429,5.844739402492674,5.865034327475236,153638042
2021-04-02,5.9233622550964355,5.939425705521551,5.8903932142837006,5.917446498879575,141711018
2021-04-06,5.9351935386657715,5.975773229988337,5.91744581038061,5.936887975783527,162712173
2021-04-07,5.944489479064941,5.947026517979144,5.8853194524721415,5.940267698567859,180720191
2021-04-08,5.962247371673584,5.980847398932646,5.906456523886994,5.938573266581599,177730959
2021-04-09,5.941952228546143,5.966468472685655,5.915751704583261,5.948720743406505,101572358
2021-04-12,5.845582008361816,5.941952083657812,5.821075460509644,5.9309627121177035,296252237
2021-04-13,5.826992034912109,5.869256009889487,5.813465162081793,5.832065651047421,188116906
2021-04-14,5.880246162414551,5.900530932364766,5.826140053260217,5.826140053260217,189296773
2021-04-15,5.886161804199219,5.8937719972196545,5.82361260140625,5.871792792054464,188426139
2021-04-16,5.959710121154785,5.961394862679347,5.886161850362455,5.902224838134732,286925096
2021-04-19,6.020574569702148,6.0341009803178745,5.92758367090318,5.950415173492464,202143400
2021-04-20,6.032406806945801,6.060302231007499,6.003669242936593,6.0095854607476555,175700603
2021-04-21,6.016343593597412,6.037480197410858,5.974921759876856,6.007048197254553,104461928
2021-04-22,6.038322448730469,6.06537526856442,6.0188798215668085,6.029869654493517,196710750
2021-04-23,6.067912578582764,6.069607015781625,6.008742554578804,6.036637977226769,103381346
2021-04-26,6.0425543785095215,6.142303637112583,6.036638160818362,6.063690982684743,180459809
2021-04-27,6.040860176086426,6.0679129990044345,6.008742970900818,6.040860176086426,150349384
2021-04-28,6.084818363189697,6.089891979259497,6.002826529811993,6.039175209941507,114290981
2021-04-29,6.086512565612793,6.096659797360892,6.050164348585192,6.083975988525521,115982926
2021-04-30,6.095808506011963,6.104261301326843,6.028185681793376,6.08397653170923,127758278
2021-05-06,6.0763654708862305,6.145682727818373,6.041711690265084,6.091586318851608,150346786
2021-05-07,6.050164699554443,6.128777355642887,6.044248943437843,6.0839763414561805,224673746
2021-05-10,6.068755149841309,6.0991871494407945,6.038322688542316,6.051006959095874,130602319
2021-05-11,6.051849365234375,6.075523470192592,5.959710299082828,6.041711828714997,121089435
2021-05-12,6.1186299324035645,6.129619304345662,6.018880213106092,6.038322841534531,121192277
2021-05-13,6.051007270812988,6.101724502561117,6.035785960684791,6.083976310901386,163239659
2021-05-14,6.144840717315674,6.147377294513567,6.034943764151665,6.059460009002076,244841888
2021-05-17,6.1761155128479,6.212473428286979,6.137230254122471,6.144840909353052,190828159
2021-05-18,6.193020820617676,6.204862489899776,6.165125397334955,6.176115231003149,164516521
2021-05-19,6.182883262634277,6.190493455791407,6.145682747361,6.185419839786815,101946582
2021-05-20,6.160061359405518,6.187956782155708,6.111871472953388,6.180346127417726,110673922
2021-05-21,6.136387825012207,6.179504096297899,6.121166515268277,6.159209170539165,107834638
2021-05-24,6.154135704040527,6.178651949097533,6.099187457845246,6.13469353682112,107518373
2021-05-25,6.220073699951172,6.240368625928236,6.1389244682115,6.15329348079785,163896808
2021-05-26,6.229378700256348,6.238674096636178,6.21162081342572,6.224305084261814,272580354
2021-05-27,6.280938148498535,6.284327022996915,6.215000069430338,6.22430516161567,234806229
2021-05-28,6.278401851654053,6.313065329985087,6.24882168529756,6.282632866271192,193475864
2021-05-31,6.322360515594482,6.325749390130917,6.264032629107917,6.280938219029728,173631245
2021-06-01,6.332507610321045,6.338423366246452,6.255579698314847,6.317295996298225,294200466
2021-06-02,6.293622016906738,6.341802205841665,6.272484952399102,6.329128093048167,177775371
2021-06-03,6.280938148498535,6.344339650387701,6.273337650951897,6.287706201805313,124407999
2021-06-04,6.310527801513672,6.340117661265425,6.2395161087252315,6.25727399519205,117756993
2021-06-07,6.327434062957764,6.335044256197152,6.288548805722565,6.32236044689833,191453198
2021-06-08,6.304612159729004,6.365476621836893,6.269106081842963,6.323212186434295,125604171
2021-06-09,6.298696041107178,6.316444232484174,6.273337656486849,6.293622425045114,101268397
2021-06-10,6.379003047943115,6.384076663937688,6.287706123711356,6.302075136085829,111518148
2021-06-11,6.347728252410889,6.388298249449688,6.335043981961629,6.376465814583688,110340687
2021-06-15,6.270800590515137,6.356181297900333,6.262347795678211,6.347728503063407,118381440
2021-06-16,6.19471549987793,6.273337852465382,6.176115472299295,6.270800813505331,179848443
2021-06-17,6.232758045196533,6.24290527745614,6.182031117889087,6.182031117889087,134499826
2021-06-18,6.295316696166992,6.340117708232736,6.216694348110482,6.23275779750288,213011156
2021-06-21,6.319823265075684,6.344339509198203,6.261495842241671,6.280095868808899,153467033
2021-06-22,6.3570237159729,6.368013087662829,6.307148626618875,6.338423227893237,130883424
2021-06-23,6.40859317779541,6.42126775347473,6.34180279942874,6.364634303214186,125718696
2021-06-24,6.385761260986328,6.40859276329506,6.36293945436724,6.40859276329506,225898554
2021-06-25,6.436488151550293,6.454236342195185,6.368013036367688,6.377308432487809,212641784
2021-06-28,6.440709590911865,6.466068436661277,6.419582682898259,6.4364882722648575,84487485
2021-06-29,6.3916778564453125,6.450857579322308,6.371392625716766,6.440709885263161,201299773
2021-06-30,6.422961711883545,6.4415617380290575,6.3832246208279475,6.393371852487236,159143006
2021-07-01,6.351107597351074,6.44324666110381,6.344339544157622,6.4398674823519935,149375114
2021-07-02,6.297001838684082,6.352792687766879,6.287706441833886,6.338423674665414,140539303
2021-07-05,6.3350443840026855,6.346876357920076,6.297001727629672,6.297844329276343,117028505
2021-07-06,6.334201812744141,6.368012990600216,6.272485055349079,6.335043952633936,128436718
2021-07-07,6.3916778564453125,6.395066731025327,6.287706353271294,6.297844351640228,125396725
2021-07-08,6.382381916046143,6.422961608037157,6.373929121696582,6.39844536486687,109475001
2021-07-09,6.43733024597168,6.443246463378019,6.3299703375956256,6.381539401664893,125417616
2021-07-12,6.528627395629883,6.551449202765523,6.461846715761258,6.469457370602931,172593691
2021-07-13,6.590343475341797,6.5971018326509885,6.511721590557841,6.52862717952036,91421571
2021-07-14,6.547227382659912,6.599639049835992,6.527784754408677,6.586954779076661,206762596
2021-07-15,6.562438488006592,6.571743579953534,6.480447118626345,6.5362375024505255,164346857
2021-07-16,6.571743488311768,6.621618115604584,6.547227244613621,6.547227244613621,120411366
2021-07-19,6.534543514251709,6.5768176477928755,6.508342988594841,6.5269430163775395,136563930
2021-07-20,6.542153835296631,6.551449231717677,6.48720559041221,6.500732001227658,153149295
2021-07-21,6.624997615814209,6.634293012392933,6.553143780114101,6.553143780114101,176861462
2021-07-22,6.653745174407959,6.661345671837192,6.601333507072937,6.627534492895532,88744425
2021-07-23,6.641060829162598,6.691778058706054,6.611470969225679,6.663882635973156,141564555
2021-07-26,6.51848030090332,6.641903665240678,6.443246824689407,6.627534652563525,294921880
2021-07-27,6.394214153289795,6.570049181229937,6.384076617064943,6.51510093699218,425861636
2021-07-28,6.297843933105469,6.374771380959452,6.215852103398922,6.34265464010541,563484879
2021-07-29,6.405203819274902,6.421267268339406,6.341802320297099,6.3823820129039435,350179742
2021-07-30,6.4254984855651855,6.42972026594246,6.357023830299049,6.375623857013711,177887543
2021-08-02,6.512564182281494,6.519332235749784,6.389993113405413,6.42380429367622,333187697
2021-08-03,6.466920375823975,6.51848020806012,6.4525518250510006,6.507490374377105,278721995
2021-08-04,6.562438488006592,6.56497552682015,6.454236437380545,6.4652258091440205,350009536
2021-08-05,6.554838180541992,6.582733604111942,6.515101087568014,6.548921962835222,168761566
2021-08-06,6.585270404815674,6.586955146437708,6.531164297404165,6.555680542986525,82627912
2021-08-09,6.611471176147461,6.624997587133799,6.535395560301064,6.564975725474041,160176421
2021-08-10,6.656271934509277,6.661345550395997,6.592870896454837,6.6038607298292655,101644797
2021-08-11,6.706998825073242,6.712072440934005,6.636829734298944,6.6554297605585395,98884469
2021-08-12,6.7332000732421875,6.755179279037465,6.673187907535309,6.69600971496017,109862982
2021-08-13,6.734894752502441,6.761095739678083,6.6976946971937,6.728978996300897,96190728
2021-08-16,6.701083183288574,6.748420772644813,6.684177132225388,6.7357369636269295,124143796
2021-08-17,6.553143501281738,6.706156720139654,6.533700873324098,6.690935410778501,347262783
2021-08-18,6.581038951873779,6.600481118214787,6.521868927847075,6.5489217489011,224335300
2021-08-19,6.595407485961914,6.618238988344879,6.513416117088057,6.570049102170243,204144078
2021-08-20,6.5666704177856445,6.602176497742137,6.504963350462585,6.576817650342031,183964749
2021-08-23,6.661345958709717,6.669799215508689,6.578502287621551,6.578502287621551,179782192
2021-08-24,6.731515407562256,6.7399682025257235,6.643598121690592,6.686704698147012,129710984
2021-08-25,6.785611629486084,6.788148206623941,6.6960096045236,6.728978643522524,96517338
2021-08-26,6.756873607635498,6.805054260589685,6.745884235764332,6.783074593448322,94968546
2021-08-27,6.808443069458008,6.820275042831248,6.7306633230050625,6.74588417079043,72630118
2021-08-30,6.855781555175781,6.891287173237222,6.811822680227824,6.821969912728336,101161617
2021-08-31,6.882833957672119,6.885361300802306,6.7898430589050305,6.853244097629996,88855736
2021-09-01,6.824496746063232,6.898887617263635,6.745884094580212,6.88959222110988,119086813
2021-09-02,6.947920322418213,6.95553051561353,6.802517292447857,6.8160437032980195,101513697
2021-09-03,6.912414073944092,7.016394805478582,6.867613062082214,6.974130370719492,154620090
2021-09-06,6.97243595123291,6.974130388435474,6.866770477921436,6.915802965908426,109587208
2021-09-07,7.1254496574401855,7.1296714380499795,6.9614470547162455,6.96314149203448,106249125
2021-09-08,7.171092510223389,7.173629548935061,7.112765089928037,7.12544889838792,122326126
2021-09-09,7.233651638031006,7.242947034212609,7.144039918948725,7.161797343701154,88954883
2021-09-10,7.231115341186523,7.28690572671914,7.180388414347322,7.226041263404028,145138515
2021-09-13,7.255630970001221,7.269157842404368,7.177009082917211,7.210829957521205,139309220
2021-09-14,7.175324440002441,7.311421916534639,7.155881811440835,7.253094492549343,137851425
2021-09-15,7.205756664276123,7.243789625262822,7.1415033249341295,7.1465769411364555,90880053
2021-09-16,7.074722766876221,7.2699999614669,7.069648689216169,7.210829936837313,151842091
2021-09-17,7.017237663269043,7.104312808758654,6.920024981288845,7.053585881846012,297133630
2021-09-22,7.086555004119873,7.089091581344808,6.913266242437965,6.913266242437965,156505897
2021-09-23,7.1254496574401855,7.15249324639885,7.076417627805514,7.106849629701108,169763030
2021-09-24,7.019773960113525,7.125449128483898,7.012163767131745,7.125449128483898,396997083
2021-09-27,6.826191425323486,7.037532073179776,6.783926989348407,7.018932046222543,531230089
2021-09-28,6.830422401428223,6.857465989098408,6.79913810366908,6.811822374575335,179836194
2021-09-29,6.676567077636719,6.802517322264683,6.648671654189331,6.800832580707235,416948194
2021-09-30,6.736588954925537,6.746726491364179,6.6824828494599435,6.6824828494599435,301038411
2021-10-08,6.7272844314575195,6.8287281289873825,6.6917783524328645,6.803369743952337,243241144
2021-10-11,6.721367835998535,6.756873451328617,6.684177017475365,6.7205252344019915,201013864
2021-10-12,6.592028617858887,6.723904778015838,6.551449384466428,6.721368200797941,357280661
2021-10-13,6.621618270874023,6.63936646194934,6.544690821000525,6.58357561589541,194145483
2021-10-14,6.646134376525879,6.665577004417556,6.5852699157656,6.597944490600733,202772544
2021-10-15,6.679946422576904,6.685862178705287,6.619924098066001,6.646134780607819,238353247
2021-10-18,6.700230598449707,6.703619472728826,6.62330269061422,6.661345343744539,315380007
2021-10-19,6.752642631530762,6.760253286389622,6.6782517583519825,6.700230963918353,233046885
2021-10-20,6.750105857849121,6.786463772940687,6.701083524474404,6.714609935791994,192780658
2021-10-21,6.732357501983643,6.778852949474544,6.700230604429332,6.745883912044126,155730438
2021-10-22,6.680788516998291,6.747578894522067,6.672335721988508,6.723904789381055,138134328
2021-10-25,6.736588954925537,6.739116298117463,6.657124464828345,6.668114298587466,110532979
2021-10-26,6.7467265129089355,6.786463605929423,6.717146347739514,6.742505194151615,186755131
2021-10-27,6.686704635620117,6.74081074113197,6.657966610451546,6.728978767431774,100569219
2021-10-28,6.607250213623047,6.6858624108986655,6.590344161201607,6.674873038210157,301169532
2021-10-29,6.67402982711792,6.6757145686219435,6.580196327646768,6.606397313015865,166259061
2021-11-01,6.69938850402832,6.724746887157636,6.644439800187517,6.650356017531831,115085098
2021-11-02,6.6342926025390625,6.745883986242087,6.581038797276863,6.687556103490732,372821580
2021-11-03,6.656271934509277,6.685019654336978,6.619081577489425,6.623302896085501,174020156
2021-11-04,6.710378170013428,6.714609646081861,6.662197978671878,6.662197978671878,108833145
2021-11-05,6.655430316925049,6.717989219987622,6.6503567006401525,6.6993891921731406,206653555
2021-11-08,6.675714492797852,6.6883987632320325,6.6292287400808165,6.639366276058807,144494126
2021-11-09,6.71798849105835,6.726441285385875,6.670650441986838,6.69516668509322,176320108
2021-11-10,6.701083183288574,6.712072555094182,6.605555245575804,6.712072555094182,268771147
2021-11-11,6.756873607635498,6.759410646473917,6.685861913633113,6.692629966832821,154533825
2021-11-12,6.794064521789551,6.807590932687817,6.75687370188727,6.762789919563154,99305200
2021-11-15,6.744189739227295,6.827033405988277,6.724747111095346,6.790685188540487,124792875
2021-11-16,6.698546409606934,6.768706270361489,6.6909357545353485,6.740810846388539,114342795
2021-11-17,6.738273620605469,6.74081065945882,6.68755639021389,6.699388825470246,132847257
2021-11-18,6.737431526184082,6.776316321581906,6.702768049511068,6.734052347386434,197244748
2021-11-19,6.817738056182861,6.826191312597901,6.7264415941417965,6.728978632975192,249850564
2021-11-22,6.876908302307129,6.8853615589943375,6.826191532381052,6.830422546870188,270532298
2021-11-23,6.892971992492676,6.919182675700516,6.8625399903387505,6.868455746617455,177257807
2021-11-24,6.88705587387085,6.91495129725321,6.865076206455953,6.880297054577343,98748239
2021-11-25,6.882833957672119,6.898887711413395,6.86930754706103,6.885361300802306,98388543
2021-11-26,6.863391399383545,6.894666001264346,6.830422360275447,6.843939075334386,119606264
2021-11-29,6.870150089263916,6.874381565541688,6.791528198113987,6.8050546095171365,185041991
2021-11-30,6.883676528930664,6.912414091546419,6.843938975483483,6.876065874203897,149355553
2021-12-01,6.919182300567627,6.921719339433549,6.861697016651651,6.878602606299443,88014191
2021-12-02,6.877760410308838,6.915803065400989,6.855781204807887,6.907340574956143,106678381
2021-12-03,6.942004203796387,6.94792042153563,6.865918891940531,6.870149906406149,92941203
2021-12-06,6.88705587387085,6.963141184797425,6.87522343853688,6.936930502968585,162662975
2021-12-07,6.844791412353516,6.916645708597088,6.805054319795554,6.906498014854638,104363341
2021-12-08,6.945383071899414,6.946235369188162,6.8464759568480105,6.8464759568480105,118220368
2021-12-09,6.952151298522949,6.977510144543094,6.923404039741005,6.932708670125056,96674989
2021-12-10,6.949615001678467,6.966520591907424,6.92594089624423,6.92594089624423,168304372
2021-12-13,6.9648261070251465,6.9893423522464895,6.935245941321927,6.948762656860533,109018495
2021-12-14,6.947920322418213,6.974130542493744,6.936930488733316,6.941161503138575,80632134
2021-12-15,6.939466953277588,6.974973030921312,6.9267928399478365,6.9377822117548655,82450677
2021-12-16,7.002868175506592,7.006247354107524,6.936087498909049,6.939466677509981,125443685
2021-12-17,6.953835964202881,7.0037105923794085,6.9403095535748,7.002868452467963,238847719
2021-12-20,6.844791412353516,6.891286862480156,6.835486320234432,6.879445193200099,472662364
2021-12-21,6.896350860595703,6.9242559798782635,6.837180834588175,6.837180834588175,229315983
2021-12-22,6.925098419189453,6.94623548464164,6.894665957421132,6.906497930867392,159557981
2021-12-23,6.963983058929443,6.982583546837421,6.915802868914076,6.9369302382061315,122400463
2021-12-24,6.923403739929199,6.963140830614716,6.8938235764979225,6.963140830614716,318418972
2021-12-27,6.908192157745361,6.959751987706196,6.898887527722252,6.909876899220791,315030134
2021-12-28,6.913266181945801,6.923404180165269,6.872686948795822,6.912414346318015,225651222
2021-12-29,6.895508766174316,6.9200250111062145,6.880297151828342,6.909877317182331,239312223
2021-12-30,6.945383071899414,6.952993726562324,6.883676471174308,6.884518611073917,251004344
2021-12-31,6.980889320373535,7.00033148706372,6.944540640744352,6.945383242364148,223101290
2022-01-04,6.986804962158203,7.007099425826527,6.937782169869574,7.003710551421998,236207824
2022-01-05,6.849864959716797,6.982583717207366,6.839717727775575,6.982583717207366,325358300
2022-01-06,6.858317852020264,6.869307685732773,6.7991381307413485,6.811822401698109,233976665
2022-01-07,6.8236541748046875,6.885361237451365,6.814358778609602,6.860002391973043,219474549
2022-01-10,6.824496746063232,6.835486117704403,6.772085079844677,6.809285132439938,103190226
2022-01-11,6.784769058227539,6.8439390832932165,6.765326891545144,6.828727930989293,178434356
2022-01-12,6.831264972686768,6.837180728607105,6.788148239826973,6.788148239826973,115384871
2022-01-13,6.755178928375244,6.840559631644062,6.746726133945845,6.83464387596218,239166296
2022-01-14,6.723062515258789,6.77547418324901,6.707841667130867,6.720525476387708,256999859
2022-01-17,6.789843559265137,6.8126649061390845,6.72221057782663,6.723062875189095,200727743
2022-01-18,6.801675319671631,6.823654525882035,6.76448449898766,6.792379922998297,157523575
2022-01-19,6.762789726257324,6.827033366119814,6.728126250529701,6.796601366391067,289658376
2022-01-20,6.709536075592041,6.783926948987942,6.690935587045948,6.761095446044242,340887993
2022-01-21,6.638524532318115,6.7061570496879375,6.6241555195415796,6.703620010769903,506332478
2022-01-24,6.63007116317749,6.657966586614988,6.5818812755380245,6.597944725317688,211980328
2022-01-25,6.412814140319824,6.624997384574424,6.406898384485818,6.6173871915351725,350502121
2022-01-26,6.436488151550293,6.456772919271823,6.391677444460711,6.424646482663944,248526104
2022-01-27,6.282632350921631,6.436488170796435,6.271642979287363,6.431414554928484,272079708
2022-01-28,6.239516258239746,6.347728468058615,6.176115218617696,6.306306634029356,433773510
2022-02-07,6.329128742218018,6.358718604085928,6.297844443035509,6.297844443035509,376216815
2022-02-08,6.404361248016357,6.4077404266855895,6.268263776746662,6.335043992994474,179968100
2022-02-09,6.492279052734375,6.499889245730001,6.395066374459715,6.415351142357722,198057403
2022-02-10,6.49143648147583,6.515100889885354,6.457615607234822,6.4872054671618145,164378191
2022-02-11,6.413657188415527,6.497353158190918,6.402667354190946,6.471994310785754,222300269
2022-02-14,6.358717918395996,6.434793528622426,6.340960032574114,6.378160083960955,282726922
2022-02-15,6.414508819580078,6.4195824353323525,6.346875845633092,6.3646337316158,246903624
2022-02-16,6.428035736083984,6.449163106646738,6.40605606818603,6.440709849923979,204360255
2022-02-17,6.429719924926758,6.4626889622398895,6.387455491744462,6.423803707638353,171360057
2022-02-18,6.487205982208252,6.492279598531705,6.396751653731994,6.407741026352872,180741349
2022-02-21,6.5159525871276855,6.522710944418554,6.476215496203164,6.488047469306941,186378464
2022-02-22,6.443246841430664,6.48128949745006,6.3992879676578,6.479595060181819,188028825
2022-02-23,6.538774490356445,6.538774490356445,6.443246553753653,6.443246553753653,256733576
2022-02-24,6.4263410568237305,6.54469080178176,6.359560377398469,6.510879161262474,377197659
2022-02-25,6.471994400024414,6.555680675263302,6.460152729979522,6.47453143904877,274891718
2022-02-28,6.504962921142578,6.5091847014852755,6.428035471761604,6.475373061083177,180806367
2022-03-01,6.52186918258667,6.542153951324648,6.486363103828123,6.514258527576385,228817653
2022-03-02,6.524405479431152,6.530321696921515,6.476215593325595,6.506647592969912,161700219
2022-03-03,6.5167951583862305,6.561596169225635,6.491436313429727,6.5565225534363405,172900613
2022-03-04,6.471994400024414,6.5370806472132195,6.447478615646929,6.477058782382587,185098231
2022-03-07,6.324054718017578,6.458467449850935,6.295316693656183,6.458467449850935,240445309
2022-03-08,6.0898919105529785,6.330813183278212,6.087355333396458,6.324054825721397,532276272
2022-03-09,5.984226226806641,6.137229748424872,5.758516575991473,6.11187136493535,719699732
2022-03-10,6.079744815826416,6.138082398147665,6.052701689298546,6.069607279262258,461587670
2022-03-11,6.165977478027344,6.16935665669355,5.951257198426406,6.007048043031823,342609099
2022-03-14,6.00451135635376,6.170199158397328,6.002826614766653,6.107649952791726,359047832
2022-03-15,5.6503143310546875,5.9850691095559885,5.648619893799964,5.962247302062537,651742819
2022-03-16,5.848970890045166,5.880245490932407,5.522659688095487,5.742453121267027,691701392
2022-03-17,5.944489479064941,6.049312816827031,5.892077810183896,5.9174463525278025,398713939
2022-03-18,6.0053534507751465,6.012964105194509,5.903067160309908,5.918288007449142,252446811
2022-03-21,6.0281853675842285,6.058617368269678,5.956331070758465,6.018880275389751,483258563
2022-03-22,6.02987003326416,6.082281700800733,5.985911160495507,6.016343622497513,169357149
2022-03-23,6.070449352264404,6.102575787811828,6.025647880643753,6.049312287955642,139831036
2022-03-24,6.023953914642334,6.063691007675233,5.9977529282884,6.037480325631271,123083462
2022-03-25,5.947026252746582,6.052701421427439,5.945341511238841,6.022268960002038,128973468
2022-03-28,5.967320919036865,6.009585355210711,5.867561502774396,5.914909250713177,126937961
2022-03-29,5.9351935386657715,5.9935214199729865,5.918287950245129,5.968162575642536,144149942
2022-03-30,6.063690662384033,6.067912442601792,5.955478918935027,5.955478918935027,261769389
2022-03-31,6.011280059814453,6.057765816808392,6.001132365513772,6.045091240897645,154148084
2022-04-01,6.052701473236084,6.061996407827526,5.963931893010927,5.963931893010927,208623805
2022-04-06,6.039175033569336,6.044248649490963,5.957173506896455,6.044248649490963,147507002
2022-04-07,5.902225017547607,6.041711831991713,5.900530580281756,6.017195587082532,223223110
2022-04-08,5.921667575836182,5.9250467546375685,5.804160430496515,5.914057382615351,162422181
2022-04-11,5.733158588409424,5.900530671811013,5.70610530417709,5.88362508165057,215602487
2022-04-12,5.826992034912109,5.837129571492602,5.672294066986942,5.730621492012526,283838788
2022-04-13,5.742453098297119,5.822760186008086,5.739916521241593,5.799096239811522,164075628
2022-04-14,5.818538665771484,5.858266524462744,5.760211241873102,5.773727957052542,168693129
2022-04-15,5.766127586364746,5.823612871601074,5.744147918480269,5.792328573063403,129686554
2022-04-18,5.771201133728027,5.801633134568307,5.674830591719751,5.714557989111809,183148319
2022-04-19,5.789791107177734,5.805011954501865,5.750905852124715,5.769506339768336,139018588
2022-04-20,5.656230449676514,5.801633016664186,5.6469253576237985,5.79064364477579,147404940
2022-04-21,5.482089519500732,5.668904674772905,5.460110315381532,5.646925008954216,247617505
2022-04-22,5.44912052154541,5.514206760514119,5.380645408311567,5.460952494405439,271832936
2022-04-25,5.0932297706604,5.37473029242357,5.087313552676501,5.365425199771198,393951965
2022-04-26,5.000237941741943,5.171841951498917,4.969805942368529,5.104219133720524,398566417
2022-04-27,5.168462753295898,5.170999330358474,4.911478040428784,4.998543485669455,479655266
2022-04-28,5.1540937423706055,5.19213639622286,5.07209221724965,5.122809445826132,393237382
2022-04-29,5.365424633026123,5.366276930298222,5.165083525438834,5.167620102477246,383951043
2022-05-05,5.402625560760498,5.44742657491953,5.341761096458518,5.345982415286322,262133154
2022-05-06,5.28173828125,5.348518957158248,5.266527129858119,5.291885974336935,347823101
2022-05-09,5.3282341957092285,5.346834221376126,5.254685466901782,5.263990558429625,286851815
2022-05-10,5.417836666107178,5.427141758408427,5.234401134860374,5.26652757316532,219662699
2022-05-11,5.45419454574585,5.584376267423053,5.411078273834927,5.417836631492736,423540824
2022-05-12,5.45841646194458,5.505754515496048,5.407699229480177,5.437279395430977,166146604
2022-05-13,5.520975112915039,5.523511690057118,5.449120817206667,5.4727847642106955,161245748
2022-05-16,5.504068851470947,5.575071308859566,5.480395209681427,5.558165258320183,219289505
2022-05-17,5.53364896774292,5.535343404888242,5.449963164142753,5.50575400767586,154927513
2022-05-18,5.515058994293213,5.566618365292707,5.500680286001708,5.531112748459604,184169767
2022-05-19,5.566617965698242,5.567470262959287,5.444046908131666,5.452499702419437,215102312
2022-05-20,5.652851581573486,5.657915502147212,5.563239394119469,5.575923665629496,215344232
2022-05-23,5.676515102386475,5.687504935750696,5.623261296154929,5.663840989220854,157401665
2022-05-24,5.4829325675964355,5.678209766985349,5.477858951511233,5.667220394880517,287948565
2022-05-25,5.570849895477295,5.571692497117681,5.471942775581303,5.477858993345639,207138655
2022-05-26,5.635093688964844,5.656230755666782,5.496459167687651,5.564081991009542,220063319
2022-05-27,5.635093688964844,5.684126180254809,5.582682018731835,5.6469256631106814,152709406
2022-05-30,5.665525913238525,5.667220350483664,5.5919868751000035,5.646925424602317,108872504
2022-05-31,5.7542853355407715,5.769506645370649,5.625798052260734,5.656230514531012,291128486
2022-06-01,5.7483696937561035,5.77204333719915,5.694273283128411,5.744147913246241,162147970
2022-06-02,5.817687034606934,5.826139829736113,5.716252569657705,5.738232237831165,172652107
2022-06-06,5.909835338592529,5.931814543356158,5.802475430135513,5.802475430135513,277471183
2022-06-07,5.906456470489502,5.925046801890371,5.875172172330021,5.90814121205865,182368931
2022-06-08,5.947878360748291,5.963932115105268,5.848971240637594,5.907298665659181,194522500
2022-06-09,5.87602424621582,5.951257725273843,5.817687123684118,5.934352134756635,172735140
2022-06-10,5.98337459564209,5.9926792260390735,5.839666003503688,5.839666003503688,249861808
2022-06-13,5.965626239776611,5.98929988193588,5.906456216213366,5.950415087858927,194963475
2022-06-14,6.026491165161133,6.031564781421404,5.807549549040388,5.9191312474039695,295838087
2022-06-15,6.001132011413574,6.145682743247098,5.993521818261538,6.023111678658361,245983566
2022-06-16,6.010427474975586,6.082281771735119,5.993521885242584,6.014658951103589,231658924
2022-06-17,6.067912578582764,6.082281590708915,5.923361849436048,5.984226310638869,262241557
2022-06-20,6.067912578582764,6.109334411752541,6.013806474796001,6.067912578582764,204672214
2022-06-21,6.023953914642334,6.0839762380131495,5.97492188676869,6.061996570417855,171136059
2022-06-22,5.930120468139648,6.038322984790999,5.923362110425808,6.018880355901292,225203522
2022-06-23,6.061154365539551,6.067070121492182,5.908141142443542,5.930120348103808,226967390
2022-06-24,6.131313800811768,6.143998071809245,6.056922926855612,6.069607197853089,204923164
2022-06-27,6.156672477722168,6.20908414444022,6.141461325653414,6.141461325653414,228801527
2022-06-28,6.260653018951416,6.272484991943535,6.145682457176515,6.155829688706572,148713826
2022-06-29,6.161746501922607,6.2614962260486955,6.135545514672348,6.245432775619419,206791256
2022-06-30,6.209936141967773,6.250506140701681,6.149914280655104,6.154135599388522,236088234
2022-07-01,6.198946475982666,6.242053049848605,6.1837251668495625,6.197252038815762,151583061
2022-07-04,6.274179935455322,6.277559114341585,6.154988045566163,6.196409880920715,307904543
2022-07-05,6.2657270431518555,6.304612300665435,6.1887991297604,6.2843270702729415,256651214
2022-07-06,6.184567928314209,6.25811666064815,6.127092341107333,6.242053211210846,153994987
2022-07-07,6.209936141967773,6.247126961897145,6.1515990222123875,6.175272665224088,187083339
2022-07-08,6.173577785491943,6.24882095126653,6.170198606929605,6.234442244070617,129148866
2022-07-11,6.091586589813232,6.154988093658728,6.052701793091866,6.144840861230448,128129419
2022-07-12,6.018038272857666,6.122019009993731,6.010427617740285,6.084818493446,118275377
2022-07-13,6.040017604827881,6.060302374273315,5.992679550628717,6.019732835382447,212411590
2022-07-14,6.082281589508057,6.115250628056404,6.024796307024615,6.031564360129032,221333331
2022-07-15,5.979995250701904,6.10933436513112,5.974921634833731,6.059459737727023,134392732
2022-07-18,6.090734481811523,6.107649766999027,5.985069007056971,5.985069007056971,159197458
2022-07-19,6.112713813781738,6.12793466205849,6.062839184174925,6.090734607842018,159374604
2022-07-20,6.190493583679199,6.206547337955311,6.133850900527829,6.141461555541704,139241104
2022-07-21,6.130471706390381,6.1921783098071295,6.1270925275559,6.184568116511769,109767894
2022-07-22,6.075523376464844,6.161746223544303,6.018880232540065,6.13215636300018,222503795
2022-07-25,6.015501022338867,6.1000391274279915,5.993521816798962,6.069607127118112,162627475
2022-07-26,6.088197708129883,6.112713953525963,6.00704847416932,6.015501269286297,133346819
2022-07-27,6.114408016204834,6.1321562070057665,6.065375528416821,6.078059799010042,85082068
2022-07-28,6.130471706390381,6.189641732608518,6.117787435298744,6.1363879241229995,136367391
2022-07-29,6.081439018249512,6.1566724919390365,6.070449646478233,6.143146081352399,128512690
2022-08-01,6.133850574493408,6.1372297531567055,6.03748003720827,6.072143974202621,90934751
2022-08-02,5.980847358703613,6.094965630726129,5.891235635860542,6.088197577363755,240762009
2022-08-03,5.930963039398193,6.0628391987526555,5.908983371706098,5.982532106389767,158504566
2022-08-04,5.951257228851318,5.972384598240051,5.873487178983612,5.963931803686535,175790053
2022-08-05,6.074680805206299,6.078059984010852,5.957173659756539,5.957173659756539,106796868
2022-08-08,6.108492374420166,6.112713693103909,6.055238105333693,6.060302025635924,105696580
2022-08-09,6.126239776611328,6.130471252458414,6.07552301077928,6.111871226710928,103530996
2022-08-10,6.114408016204834,6.148219656300688,6.086512593609128,6.119481632102221,79053848
2022-08-11,6.235294818878174,6.2378313959854115,6.1313136254618215,6.141461318989302,134090306
2022-08-12,6.224305152893066,6.255579755134147,6.215852358038926,6.230221370571728,97669925
2022-08-15,6.232758045196533,6.261496070711457,6.188799171292199,6.202326044107831,226509234
2022-08-16,6.24882173538208,6.288549134625244,6.2251476293969965,6.2420536817188585,125705096
2022-08-17,6.28939151763916,6.300380889880879,6.215852478008511,6.251358095357165,158904410
2022-08-18,6.2665696144104,6.281790462623884,6.23867419085926,6.281790462623884,92601689
2022-08-19,6.183725833892822,6.2750227646731815,6.18034665488401,6.255580134909542,136747033
2022-08-22,6.261495590209961,6.270800220114181,6.149913903278379,6.177809325011274,101613370
2022-08-23,6.263190269470215,6.267411588107784,6.2217679743584595,6.2555796147155736,131729311
2022-08-24,6.0839762687683105,6.268264096871468,6.067912818807356,6.263190480763715,180850880
2022-08-25,6.116945266723633,6.120324445542293,6.03578587753668,6.083133625457488,163754847
2022-08-26,6.9907941818237305,7.07115944692142,6.966588199434829,6.998540576355678,98183120
2022-08-29,6.100000858306885,6.1096831589749225,6.002206897532526,6.003175081429378,198028513
2022-08-30,6.0912861824035645,6.109683061248044,6.0448101242014385,6.100000760734878,183534979
2022-08-31,5.961540222167969,6.086444713350009,5.944111527456693,6.070952848072991,234010869
2022-09-01,5.940238952636719,6.009952809968167,5.91893706018034,5.9547626344391436,98092405
2022-09-02,5.950889587402344,5.983810149112067,5.923778590900163,5.925714958736167,171678561
2022-09-05,5.980905532836914,5.988651465796899,5.917968961850423,5.941207222429905,160317177
2022-09-06,6.083540439605713,6.08838182086322,5.983810109518896,5.983810109518896,164844032
2022-09-07,6.099031925201416,6.113556068068085,6.054492236149197,6.0651431819115205,103698198
2022-09-08,6.077730655670166,6.107746664346857,6.070952906833431,6.104841651017107,145157410
2022-09-09,6.1145243644714355,6.126143494298849,6.057397360902914,6.0757942395130655,162508960
2022-09-13,6.099031925201416,6.149381179060403,6.085476427885458,6.130016116937678,171915915
2022-09-14,6.052556037902832,6.077730665537151,6.017699109785821,6.032222791359616,200417289
2022-09-15,5.914095878601074,6.078699150248634,5.868588002171368,6.065143651882299,184702458
2022-09-16,5.766921043395996,5.915064258236781,5.760143294517612,5.89666737936702,205735741
2022-09-19,5.731095790863037,5.77176228313727,5.690428836889301,5.761111337289469,159073285
2022-09-20,5.760143756866455,5.817270765826537,5.738842324638807,5.738842324638807,144729153
2022-09-21,5.789191246032715,5.811460860920015,5.689460916742984,5.741746541147494,121469500
2022-09-22,5.7804765701293945,5.8259849064403335,5.744651457792497,5.752397390592407,140979579
2022-09-23,5.71173095703125,5.793063944832708,5.648794386685225,5.768857962291525,205678384
2022-09-26,5.621683120727539,5.742714874418079,5.615873555920837,5.672031912886456,339784319
2022-09-27,5.727222919464111,5.736905682003639,5.628461234738391,5.629429418652437,240423852
2022-09-28,5.592635631561279,5.722381509380846,5.5897306181342366,5.707857827344215,203925977
2022-09-29,5.607159614562988,5.679778952043054,5.564556750075551,5.6255564949232895,242413769
2022-09-30,5.531635284423828,5.630397427783226,5.529698916655844,5.599413234997915,156307202
2022-10-10,5.467730522155762,5.585857728100623,5.446429091644187,5.539381669848316,168606174
2022-10-11,5.501619815826416,5.532604009054413,5.441587797166071,5.470635622598419,268234684
2022-10-12,5.633302211761475,5.640079960928457,5.413508763247211,5.502588148041436,316516593
2022-10-13,5.647826194763184,5.690429056398793,5.6023178580395445,5.606191055324382,162037781
2022-10-14,5.791127681732178,5.818238678156123,5.679778682591241,5.703016481654824,254866515
2022-10-17,5.817270278930664,5.839540354954304,5.762080104210277,5.764984655848397,160442081
2022-10-18,5.84341287612915,5.881174816236642,5.801778200646222,5.84341287612915,183606501
2022-10-19,5.794032573699951,5.852127762690184,5.7824134435620005,5.828889502414282,130656328
2022-10-20,5.774667263031006,5.859873444222331,5.694302001106601,5.773698617478121,243198439
2022-10-21,5.774667263031006,5.808556006396959,5.735936676999129,5.780476366151311,204128235
2022-10-24,5.725286483764648,5.886984737981829,5.6739690433322805,5.770794359082076,287111935
2022-10-25,5.679778099060059,5.751428780119011,5.607158772485886,5.703015895736229,262057719
2022-10-26,5.796936988830566,5.839540311099638,5.6865561785192345,5.693333927323461,258992446
2022-10-27,5.779508590698242,5.844381530454145,5.773699025467911,5.820175547310557,211648155
2022-10-28,5.5955400466918945,5.763048324776683,5.571334064454928,5.75433374640782,238438526
2022-10-31,5.629429340362549,5.688492713593763,5.563587756428214,5.585857832939694,196079625
2022-11-01,5.769826412200928,5.775635977554522,5.6061913217570405,5.639111884294378,365777499
2022-11-02,5.811460971832275,5.843413349767014,5.746588032040461,5.761111714274561,256482672
2022-11-03,5.814365863800049,5.833730926940701,5.771762540210804,5.777572105322952,232217560
2022-11-04,5.961540222167969,5.978968916879245,5.808556090334511,5.809524274201886,336833282
2022-11-07,5.946047782897949,5.982841539360386,5.910222671984102,5.958635096335125,204903372
2022-11-08,5.951857566833496,5.954762580187226,5.915064270715865,5.939270252932867,176570074
2022-11-09,5.935397148132324,5.999301897544468,5.928619399661308,5.959603590542876,141186767
2022-11-10,5.915064334869385,5.941207146838919,5.874397379372705,5.912159321484148,200492703
2022-11-11,5.949921131134033,6.079667004197966,5.942175198445047,6.070952887635295,425722662
2022-11-14,5.940238952636719,6.012857823348365,5.924746625241214,5.956699002226262,259196662
2022-11-15,6.042873859405518,6.051587976185801,5.93249258445781,5.945079898529064,297730177
2022-11-16,6.01479434967041,6.070953172272719,6.004143864861021,6.0399689783645645,208038342
2022-11-17,6.027381420135498,6.03028643347472,5.965413034826575,5.995429043601134,329644622
2022-11-18,6.015762805938721,6.068048895231845,6.001239123095963,6.027381936892748,465058990
2022-11-21,6.008984565734863,6.017699144088426,5.939270247403936,5.969286256300458,413988910
2022-11-22,5.945079803466797,6.007048188934331,5.91409561073303,5.988651310070547,267496937
2022-11-23,5.93442964553833,5.959604274663255,5.863747139541319,5.907318186842575,404002860
2022-11-24,5.935397148132324,5.969285890487405,5.9063493248997645,5.945079448076853,199374618
2022-11-25,5.904413223266602,5.933460586108366,5.871492663252831,5.91603235308311,277236804
2022-11-28,5.878270626068115,5.883112007284529,5.784349861947595,5.829857737303026,358876825
2022-11-29,5.975096225738525,5.998334487321597,5.892794587947948,5.893762771897318,380485720
2022-11-30,5.961540222167969,5.988651217252503,5.9353974109508085,5.973159351975486,205076321
2022-12-01,5.99349308013916,6.049651904257408,5.989619882658764,6.041905509296616,218641816
2022-12-02,5.978969097137451,6.029318353354985,5.975095899851671,5.997365514571222,205040860
2022-12-05,6.020603656768799,6.035127338331372,5.989619464189,6.018667289013659,389476546
2022-12-06,6.017699241638184,6.065143484611894,5.991556429552738,6.016731057738652,205020371
2022-12-07,6.009952545166016,6.056429063605225,5.992524312450811,6.009952545166016,251485917
2022-12-08,6.000270366668701,6.017699061436933,5.977032106977725,6.009952667073602,179880280
2022-12-09,6.008984565734863,6.03222282574501,5.9663817046489465,5.993492700194442,196236728
2022-12-12,5.986714839935303,6.007048086216158,5.959603844894162,5.998333969724222,195152738
2022-12-13,5.953794479370117,5.987683224306351,5.9412071652938705,5.984778672611612,205760053
2022-12-14,5.928619861602783,5.9721913689968495,5.911191166305253,5.9537944897993755,197150083
2022-12-15,5.927651405334473,5.941206902709853,5.904413146005535,5.923778208213149,171248726
2022-12-16,5.905381202697754,5.917000332112023,5.87342882765826,5.915063964442808,266188643
2022-12-19,5.7804765701293945,5.912159274525915,5.753365574479955,5.900540144476293,622390961
2022-12-20,5.718508720397949,5.767889331201745,5.699143657296582,5.7601433983011034,428122497
2022-12-21,5.6894612312316895,5.732064557253025,5.651699286696777,5.722381794280178,226994690
2022-12-22,5.628460884094238,5.714635249169765,5.5936034951629345,5.70592113278669,226980075
2022-12-23,5.607159614562988,5.6478265728277,5.576175419308774,5.5994136811743225,422008102
2022-12-26,5.67396879196167,5.691397024834853,5.607159026949455,5.6110322240876656,383096612
2022-12-27,5.712698936462402,5.717540317477167,5.660413314261558,5.697206609555056,344807815
2022-12-28,5.697206974029541,5.717540683252485,5.678810094356113,5.699143803579058,228270891
2022-12-29,5.694302082061768,5.7340003908119135,5.666222903116423,5.682682952256967,275557197
2022-12-30,5.700111389160156,5.715603253732888,5.676873130601573,5.710761872916602,156259078
2023-01-03,5.7804765701293945,5.799841632978926,5.66428619303221,5.685588085356356,244700488
2023-01-04,5.778540134429932,5.795000645423329,5.745619574142649,5.7872547127144705,263374163
2023-01-05,5.835667133331299,5.850190814860184,5.778540129391569,5.795000640370614,231775005
2023-01-06,5.848254680633545,5.878270690464707,5.824048235985818,5.8356673663526895,199272551
2023-01-09,5.8598737716674805,5.897635714256579,5.856000574338012,5.856000574338012,209701416
2023-01-10,5.874397277832031,5.880206842802566,5.838572165829835,5.858905412376949,151506194
2023-01-11,5.847286224365234,5.895699111405717,5.8337307268017815,5.874397219492141,231896495
2023-01-12,5.841476917266846,5.880207043928788,5.826953235193499,5.853096047605335,170119873
2023-01-13,5.890858173370361,5.892794541253758,5.841477098747399,5.850191215922227,215455222
2023-01-16,5.94798469543457,6.0012385014749094,5.897635440982102,5.897635440982102,390989077
2023-01-17,5.955730438232422,5.970254119107932,5.94217494118868,5.96444455441783,301742127
2023-01-18,5.978969097137451,5.9993023440638735,5.9566990207183785,5.9566990207183785,361235634
2023-01-19,6.034159183502197,6.0390005646128655,5.955730748647333,5.971222614162055,301622896
2023-01-20,6.077730655670166,6.080635668999917,6.042873727609744,6.04384191148649,277862983
2023-01-30,6.098063945770264,6.179397394091982,6.092254380768747,6.148413201317065,404446749
2023-01-31,6.1029052734375,6.13001626874079,6.081603843084845,6.096127524611678,263662170
2023-02-01,6.172619819641113,6.181333936539886,6.106778696695983,6.11742918141681,405654876
2023-02-02,6.182302474975586,6.2152230358774485,6.157127846927188,6.188111578341044,338292674
2023-02-03,6.155190944671631,6.171651455777724,6.086444810298383,6.167778258547021,258303729
2023-02-06,6.127111911773682,6.142603777667879,6.083540404109406,6.134857844720781,304667698
2023-02-07,6.130016326904297,6.138730905262692,6.084508452442121,6.130016326904297,562754021
2023-02-08,6.085476875305176,6.13969933025508,6.075794574381695,6.134857948943574,467137938
2023-02-09,6.173587799072266,6.179397364045534,6.0690165529524585,6.080635682898996,319843191
2023-02-10,6.1542229652404785,6.179397593827594,6.106778721510661,6.177461225997671,471355276
2023-02-13,6.19101619720459,6.198762129564449,6.136793747286593,6.136793747286593,509438326
2023-02-14,6.207476615905762,6.2200639298784175,6.1784292523993365,6.200698866974294,232379421
2023-02-15,6.195858001708984,6.224905365469445,6.174556109138489,6.20650848629471,270255821
2023-02-16,6.113556385040283,6.243302261819586,6.068048509777387,6.200698938260917,309968089
2023-02-17,6.061270713806152,6.129048203374901,6.046746570298974,6.109683140398184,257134866
2023-02-20,6.156159400939941,6.161968966193288,6.0370644674951714,6.082572343896775,492217418
2023-02-21,6.1919846534729,6.209413348324032,6.150349976644627,6.172619590871481,186274914
2023-02-22,6.186175346374512,6.209413607144637,6.162937085604386,6.1803657811819805,299347953
2023-02-23,6.1755242347717285,6.2045720599576475,6.136794108990181,6.187143364846096,354664685
2023-02-24,6.16196870803833,6.190048349203035,6.117429017428347,6.165841905278139,196814360
2023-02-27,6.130016326904297,6.159064151933088,6.098063950222385,6.139699089147066,271088592
2023-02-28,6.16971492767334,6.175524030819155,6.103873346659577,6.131952987028528,168964368
2023-03-01,6.207476615905762,6.227810324399682,6.1542228083443025,6.167778306207237,184066334
2023-03-02,6.2006988525390625,6.22684212601331,6.184238803043612,6.216191179846006,215661977
2023-03-03,6.197794437408447,6.21425494896603,6.155191113500225,6.204572186473445,301792150
2023-03-06,6.19973087310791,6.2171595687656716,6.169715324791219,6.202635886567303,265155549
2023-03-07,6.1029052734375,6.203603783649162,6.100968905687125,6.1968260348233395,259002383
2023-03-08,6.112587928771973,6.12517524232847,6.081603736809866,6.08547647224294,262204187
2023-03-09,6.105810642242432,6.121302508546387,6.0728896183723355,6.117429311120629,252591021
2023-03-10,6.02834939956665,6.084508217992041,6.013825718461644,6.070952720734101,170330943
2023-03-13,6.062238693237305,6.067079612543573,6.000270309122027,6.022539923029374,180849399
2023-03-14,6.012857913970947,6.061270802974711,5.950889526854016,6.043842107529413,201091943
2023-03-15,6.043842315673828,6.074826510299361,6.03222318497681,6.0409373021498025,197302154
2023-03-16,5.9692864418029785,6.036096210558586,5.9557309436089785,6.020603882837207,252010528
2023-03-17,6.004143714904785,6.061270719999399,5.9847786519082815,6.005111898799682,421830402
2023-03-20,5.985746383666992,6.026412874378031,5.9741272544068424,6.012857377474352,204507186
2023-03-21,6.048683166503906,6.051587718073608,5.999302096222949,6.002206647792651,310253301
2023-03-22,6.08160400390625,6.085476739509409,6.056429375687618,6.056429375687618,152766043
2023-03-23,6.115492820739746,6.116461004651904,6.069016761059444,6.075794510144081,176004304
2023-03-24,6.123238563537598,6.130016312411706,6.098063935805335,6.119365828009259,145644215
2023-03-27,6.120334148406982,6.1300164491433105,6.080635838158938,6.122270516214343,191704741
2023-03-28,6.104841709136963,6.138730915342786,6.091286211334441,6.120334036410929,238254843
2023-03-29,6.079667091369629,6.1183972170693925,6.065143409657097,6.114524481519127,220384768
2023-03-30,6.111619472503662,6.114524485867944,6.0419051538546,6.079667095693655,419801778
2023-03-31,6.157127857208252,6.16196877668755,6.104841771536142,6.111619520506681,349535045
2023-04-03,6.219095706939697,6.235556218069633,6.163905531944209,6.167778267481006,280398797
2023-04-04,6.222969055175781,6.22781043641377,6.192953045539688,6.224905422991166,161982604
2023-04-06,6.222000598907471,6.23555609642084,6.2026355365027275,6.210381469124724,245472012
2023-04-07,6.269444942474365,6.281064072446649,6.218127503179707,6.2220007004036395,165722339
2023-04-10,6.227810382843018,6.280096007004859,6.2152230687522385,6.276222809707881,296201636
2023-04-11,6.226842403411865,6.242334269709436,6.203604142265971,6.225873757781171,336113026
2023-04-12,6.248143672943115,6.252985054172866,6.2190958472641364,6.240397739995229,357708817
2023-04-13,6.221032619476318,6.255889548270513,6.213286224900256,6.243302234208814,278155569
2023-04-14,6.235556125640869,6.259762569185107,6.211349682096632,6.226842009112728,253073142
2023-04-17,6.26654052734375,6.270413262952534,6.220064006442153,6.221032652043873,115124873
2023-04-18,6.253952980041504,6.266540293699789,6.227810168858835,6.264603464268086,198494786
2023-04-19,6.224905490875244,6.263635617802456,6.214255006074957,6.250080119547885,122361672
2023-04-20,6.218127727508545,6.223937292704276,6.194889466725621,6.2210327409561765,145962021
2023-04-21,6.0699849128723145,6.218127669738295,6.051588033540005,6.218127669738295,262798414
2023-04-24,6.029318332672119,6.0816039565034234,6.009952808009171,6.073857561958436,196980054
2023-04-25,5.938302040100098,6.042873748033826,5.870524551503667,6.024476869214934,255490290
2023-04-26,5.963476657867432,5.9905876532609454,5.924746532533979,5.9295879136255385,305347118
2023-04-27,5.988651275634766,6.01769910043674,5.949921150365141,5.961540280285931,211592316
2023-04-28,6.077730655670166,6.080635668999917,5.983809894133108,6.0002704051363285,211176402
2023-05-04,6.078698635101318,6.079666818945501,6.051587640666205,6.061270402507029,162845964
2023-05-05,6.024477005004883,6.081604010509222,5.994460995550189,6.0786989971041745,169427065
2023-05-08,6.062238693237305,6.0845083071446515,6.02157173916812,6.025444936312639,148333733
2023-05-09,6.0070481300354,6.091286129070291,6.003174932844338,6.063206949958498,258188375
2023-05-10,5.996397018432617,6.035127142475592,5.97412740487268,6.00511159644696,181731559
2023-05-11,5.978000164031982,6.014793920528988,5.974127428631982,6.002206607079986,84753143
2023-05-12,5.919905185699463,6.008984566821787,5.914095620695875,5.972191270731752,146367154
2023-05-15,5.985746383666992,5.994460499762362,5.87730194673807,5.915063885983814,161716103
2023-05-16,5.946047782897949,5.989619288003519,5.929587734064411,5.985746552607156,99594636
2023-05-17,5.94798469543457,5.973159322660805,5.924746435933583,5.931524184671454,153833123
2023-05-18,5.957666873931885,5.982841500643322,5.9286195118491465,5.95863505777471,173411166
2023-05-19,5.962508678436279,5.995429239928569,5.920873538340467,5.949921364186327,172916840
2023-05-22,5.953794479370117,5.980905475319104,5.921842102230376,5.96154041225561,115364378
2023-05-23,5.890858173370361,5.958635666284679,5.887953159845723,5.953794746576188,138718265
2023-05-24,5.846318244934082,5.90538161829721,5.8395404959153465,5.886984739046493,246137952
2023-05-25,5.8288893699646,5.876333611633717,5.7698259984215525,5.848254432521312,195486999
2023-05-26,5.880207061767578,5.894730743884985,5.795969059107276,5.830825988528958,175032983
2023-05-29,5.873428821563721,5.9121589451047685,5.85115920829239,5.896667080368146,191794612
2023-05-30,5.905381202697754,5.913127135074102,5.813397274617191,5.8705242761544385,210721483
2023-05-31,5.898603916168213,5.9102230464925585,5.856968776122563,5.896667548347331,171319304
2023-06-01,5.9082865715026855,5.948953065200727,5.867619616105125,5.900540176960613,287510043
2023-06-02,5.958635330200195,5.975095841379276,5.924746585654461,5.925714769541551,243542683
2023-06-05,5.946047782897949,5.959603741883714,5.931524101762592,5.94992097999381,105320370
2023-06-06,5.835667133331299,5.947984773460109,5.829857568379842,5.947016589584785,149959162
2023-06-07,5.839540481567383,5.872461042677427,5.828889535264315,5.839540481567383,136041008
2023-06-08,5.826952934265137,5.856000296911701,5.786285980180639,5.842444799450037,192352457
2023-06-09,5.876333713531494,5.886984659717205,5.827921287149978,5.83857223333569,208167520
2023-06-12,5.893762111663818,5.91990492216642,5.8627779202571615,5.882142982173885,187492595
2023-06-13,5.911190986633301,5.9189369192969234,5.885048175331383,5.893762291865519,125694910
2023-06-14,5.91796875,5.9363656286836,5.907317803999097,5.919905117745796,119556637
2023-06-15,5.970254421234131,5.983809918963852,5.921841995299343,5.925714730822398,195446059
2023-06-16,6.011889457702637,6.033190887815508,5.970254319641677,5.971222503505967,206526990
2023-06-19,6.004143714904785,6.027381513480877,5.998334149835882,6.022540132306871,119261850
2023-06-20,6.001238822937012,6.018667518496336,5.983810127377687,6.006080204208968,76227170
2023-06-21,5.880207061767578,5.995429258191337,5.877302510023909,5.995429258191337,166799278
2023-06-26,5.782413005828857,5.866651000402838,5.770793876570484,5.852127319679614,344323154
2023-06-27,5.825984954833984,5.836635439385009,5.782413447635733,5.7833816315313245,317296126
2023-06-28,5.839540481567383,5.841476849368114,5.747556085539808,5.822111786262234,273021272
2023-06-29,5.8308258056640625,5.85019086844646,5.809524375113281,5.826953070127293,221543312
2023-06-30,5.901508331298828,5.912159277466198,5.8201753443100595,5.8201753443100595,197145563
2023-07-03,5.9295878410339355,5.949921087330146,5.891825900041184,5.910222778604282,166205776
2023-07-04,5.943143844604492,5.946048396451475,5.92281059657697,5.924746964474959,173412653
2023-07-05,5.913127899169922,5.948953475876726,5.901508768254226,5.93733434496103,232233781
2023-07-06,5.879238605499268,5.940238806285811,5.874397224451231,5.906349600649061,169769132
2023-07-07,5.863746643066406,5.888920808360331,5.832762451251458,5.877302140416789,113652561
2023-07-10,5.884079933166504,5.907317730927151,5.8560002927022365,5.885048117027426,118525164
2023-07-11,5.932492733001709,5.934429562545453,5.877302555845469,5.89569943546406,103167702
2023-07-12,5.873428821563721,5.939269939243603,5.865682889195409,5.934429020075591,94053268
2023-07-13,5.954762935638428,5.958635671408552,5.89569955984815,5.89569955984815,178013199
2023-07-14,5.931524276733398,5.961540285438128,5.930556092855748,5.959603917682827,88634806
2023-07-17,5.917000770568848,5.92474670351918,5.885048393161644,5.92474670351918,192122431
2023-07-18,5.9082865715026855,5.933460737816102,5.885048311275508,5.917000688238117,157154980
2023-07-19,5.899571895599365,5.922810155442617,5.871492716371695,5.900540079476249,120486972
2023-07-20,5.835667133331299,5.9257146975296076,5.8308257522551665,5.911191016000722,258153154
2023-07-21,5.8385725021362305,5.877302629704337,5.823080174089265,5.833731120765332,257450411
2023-07-24,5.8288893699646,5.8685876789509335,5.809524307407887,5.809524307407887,104838247
2023-07-25,5.923778533935547,5.930556282995915,5.8773024744216595,5.8773024744216595,185267438
2023-07-26,5.913127899169922,5.928620227624034,5.893762834876946,5.922810662166186,104338364
2023-07-27,5.872461318969727,5.924746945645627,5.862778556111462,5.917969196324661,97642469
2023-07-28,5.961540222167969,5.966381603204352,5.848254399093938,5.848254399093938,175933487
2023-07-31,5.999302387237549,6.05449256333508,5.968318193826896,5.97025456163396,226948657
2023-08-01,6.004143714904785,6.028349697375774,5.993492768661876,5.999302333730779,170567104
2023-08-02,5.982841968536377,6.022540279393823,5.964445088985467,6.000270664168743,152078839
2023-08-03,6.003175258636475,6.0051120881868725,5.951857816992332,5.979937459327517,234307463
2023-08-04,6.042873859405518,6.080635801619282,6.015762401767761,6.032222913129988,215831469
2023-08-07,6.003175258636475,6.039969018000077,5.990587944206797,6.0360962822983515,380764354
2023-08-08,5.982841968536377,6.0022070320058285,5.960572353311297,5.993492915039411,294860767
2023-08-09,5.942175388336182,5.981873698622928,5.932492625890888,5.969286384463762,422188480
2023-08-10,5.940238952636719,5.957667186119821,5.916032508499663,5.942175320423837,204947551
2023-08-11,5.823079586029053,5.949920902600009,5.821143218356059,5.941206786372043,291257891
2023-08-14,5.82985782623291,5.840508772731587,5.755302124141232,5.780476752811174,260845764
2023-08-15,5.797905445098877,5.8434133211222985,5.7485243717055665,5.819207338083969,228484044
2023-08-16,5.756270408630371,5.804682833397201,5.754333579216056,5.7766036547344095,226883262
2023-08-17,5.791127681732178,5.803714996028942,5.7020482977396165,5.734000675439132,314317963
2023-08-18,5.701079845428467,5.809524287718423,5.699143477689211,5.785317844179694,316070370
2023-08-21,5.626524448394775,5.72625477949951,5.62458808055182,5.684619638979236,326136289
2023-08-22,5.652667045593262,5.669127556729508,5.5674608616573495,5.6449211128171815,327293343
2023-08-23,5.55584192276001,5.648794504369013,5.546159621881725,5.648794504369013,299712509
2023-08-24,5.571333885192871,5.624587690780037,5.545191074326481,5.559714755541253,252676187
2023-08-25,5.505492687225342,5.576175192204852,5.4783816906194,5.551969209063566,274076915
2023-08-28,5.566493034362793,5.79887380272862,5.546159786385715,5.79887380272862,515948238
2023-08-29,5.687524795532227,5.716572160705476,5.5568102671539705,5.559715280691022,1182384406
2023-08-30,5.688492774963379,5.734968834589381,5.666223159911169,5.687524591052352,311284880
2023-08-31,5.6604132652282715,5.699143389611879,5.6429845707457975,5.68268287898407,223404352
2023-09-01,5.666223049163818,5.696238596617114,5.649762537899495,5.673000798108064,222355302
2023-09-04,5.747556209564209,5.751429406948773,5.672032323311716,5.694302400298774,310054688
2023-09-05,5.705921173095703,5.74174628443432,5.695270227230423,5.73884173285261,328947638
2023-09-06,5.703984260559082,5.726254335825702,5.662349584964223,5.689460579463154,230264068
2023-09-07,5.6245880126953125,5.703984633693021,5.617810263627204,5.703984633693021,350551641
2023-09-08,5.62265157699585,5.647826205144767,5.602317868337476,5.611032446819499,327644987
2023-09-11,5.687524795532227,5.722381726080035,5.617810472737066,5.629429603486184,346382028
2023-09-12,5.6894612312316895,5.7078581115204585,5.676873916386719,5.68752486331694,249467310
2023-09-13,5.632333755493164,5.68849257566091,5.599413195174006,5.68849257566091,329323919
2023-09-14,5.627492427825928,5.634270176729517,5.595540051080574,5.62846107341174,259690199
2023-09-15,5.628460884094238,5.666222824586733,5.598444876131088,5.6362068166235835,264264130
2023-09-18,5.640079498291016,5.6604132058235885,5.588762060936324,5.6158735170799226,574922778
2023-09-19,5.61587381362915,5.639111612222823,5.592635553335956,5.632333863253895,239879269
2023-09-20,5.576175212860107,5.613937156143775,5.5752070289348135,5.598445289940004,314278187
2023-09-21,5.531635284423828,5.591667302226466,5.528730732771853,5.5635876610931305,283288923
2023-09-22,5.626524448394775,5.628461277937264,5.5219531976826515,5.5219531976826515,376964568
2023-09-25,5.594572067260742,5.622651709465062,5.578112017206051,5.615873960319095,344278661
2023-09-26,5.576175212860107,5.604254855191303,5.5742388450095195,5.588762527287996,213613137
2023-09-27,5.600381374359131,5.627492369693428,5.572302195148539,5.575206746777423,431830275
2023-09-28,5.608127117156982,5.623619443751604,5.599413000865911,5.606190749469966,260336074
2023-10-09,5.577143669128418,5.608127400483992,5.54906402775059,5.606191032699149,207641073
2023-10-10,5.550032138824463,5.608127326903213,5.545191219425869,5.58295269923247,121687633
2023-10-11,5.545191287994385,5.599413279525223,5.533572157895057,5.572302283759804,355273505
2023-10-12,5.586826324462891,5.5955404417474695,5.558747143001819,5.573270825709301,223699144
2023-10-13,5.5577778816223145,5.563587446401597,5.541317832830597,5.563587446401597,170087285
2023-10-16,5.502588272094727,5.559715280189784,5.481286378490083,5.557778450598742,194104657
2023-10-17,5.513238430023193,5.514207075611004,5.477413317658764,5.509365694470022,198775831
2023-10-18,5.447397232055664,5.504524235957636,5.43771493160931,5.503556052082951,195835502
2023-10-19,5.38446044921875,5.4541747641200775,5.37284131978528,5.427063769908309,257756922
2023-10-20,5.347667217254639,5.394143739542673,5.329270799165086,5.365095913112651,243978901
2023-10-23,5.205333709716797,5.33798459600672,5.186936831031376,5.334111398815233,505711261
2023-10-24,5.2673020362854,5.281825717618587,5.206301835966808,5.2237305305863355,613668043
2023-10-25,5.293444633483887,5.341857518237732,5.292476449660727,5.307968314230245,315951907
2023-10-26,5.316683292388916,5.331206974228921,5.257619457733785,5.273111785169377,220579915
2023-10-27,5.417381286621094,5.435778165553175,5.294413160811412,5.296349528583362,401735236
2023-10-30,5.4609527587890625,5.480317821484433,5.393175270205023,5.39801618960423,290763365
2023-10-31,5.448365211486816,5.469667102728586,5.423190584891629,5.459016157107701,212299768
2023-11-01,5.436746120452881,5.473539876767354,5.413508323069658,5.473539876767354,121710894
2023-11-02,5.387365818023682,5.459016505326777,5.382524436823595,5.441587810026179,144900219
2023-11-03,5.427063941955566,5.462889515227916,5.387365633215617,5.388333817082517,351771209
2023-11-06,5.519047737121582,5.525825485722395,5.460952551243402,5.460952551243402,404905375
2023-11-07,5.527762413024902,5.551000210768104,5.49677822100113,5.5064605213025875,199187843
2023-11-08,5.523889541625977,5.551000538108187,5.497746729061054,5.5190481603400015,209841519
2023-11-09,5.512270450592041,5.560683340398529,5.499683136178317,5.519048199761005,211794007
2023-11-10,5.492905139923096,5.5006515343673446,5.467730512228073,5.499682888787178,202518880
2023-11-13,5.522921085357666,5.5258256369663,5.478381395462044,5.499682825690556,226143951
2023-11-14,5.546159744262695,5.557778413233107,5.514207365770095,5.522921482922789,240446325
2023-11-15,5.581984519958496,5.607159147650011,5.56455628671015,5.589730452702151,218542945
2023-11-16,5.5258259773254395,5.572302499522347,5.523889609467081,5.569397486035271,172044133
2023-11-17,5.544222831726074,5.546159661275114,5.506460888463532,5.508397718012571,206916279
2023-11-20,5.575206756591797,5.588762254282808,5.520984765827752,5.547127577331775,214658754
2023-11-21,5.558746814727783,5.614905174333472,5.54712768456815,5.585857810633912,170574268
2023-11-22,5.488064289093018,5.560683159743985,5.486127459607998,5.540349912897676,252113494
2023-11-23,5.537444591522217,5.547127353310192,5.460952527855288,5.481285773570644,226519246
2023-11-24,5.492905139923096,5.538413014210365,5.47257189333085,5.538413014210365,336445563
2023-11-27,5.479349613189697,5.498714675798781,5.443524501297624,5.47838142931417,174435221
2023-11-28,5.5045247077941895,5.514207470770041,5.439651765634457,5.4764455262234115,178045769
2023-11-29,5.476445198059082,5.508397575245432,5.460952870565975,5.499682996749459,122994324
2023-11-30,5.458048343658447,5.477413406838149,5.4222227690112135,5.475477039030037,167008893
2023-12-01,5.484191417694092,5.496778732446821,5.434810342633452,5.452239038837127,148748725
2023-12-04,5.472571849822998,5.507429239446453,5.471603665950043,5.487095531316349,156572665
2023-12-05,5.388333797454834,5.460952665902402,5.384460600301835,5.460952665902402,181560826
2023-12-06,5.399953365325928,5.435778479674853,5.3660641571613095,5.381556485330732,190433199
2023-12-07,5.404793739318848,5.424159263000194,5.35734949905814,5.391238242101503,257899824
2023-12-08,5.416412830352783,5.441587456920218,5.399952781719917,5.402857333231778,250044105
2023-12-11,5.476445198059082,5.496778445050483,5.355413438310814,5.392206734995458,403114528
2023-12-12,5.4861273765563965,5.4909687576463755,5.4599845650498295,5.47063551110788,181481656
2023-12-13,5.429000377655029,5.477413265202176,5.421254444923349,5.477413265202176,212535853
2023-12-14,5.4106035232543945,5.478381473786144,5.399953038837624,5.447397281020188,281872693
2023-12-15,5.368000507354736,5.437714823642434,5.351539996713397,5.4222224968565556,347047229
2023-12-18,5.308937072753906,5.368969093283191,5.299254771774706,5.344762648285884,188401013
2023-12-19,5.300222873687744,5.330238883487922,5.268270496061596,5.3089369906041375,237321487
2023-12-20,5.240191459655762,5.311842149878628,5.234381894318822,5.307968952420821,193387015
2023-12-21,5.253746509552002,5.277952952772157,5.179190812177764,5.2188891205070975,325304623
2023-12-22,5.238254547119141,5.287635620851312,5.212111734366705,5.248905493684775,335688525
2023-12-25,5.231476306915283,5.264396865746909,5.2072698642833695,5.236317687781565,313964385
2023-12-26,5.18596887588501,5.230508567903734,5.160794247278795,5.2285722000723425,254351034
2023-12-27,5.201460838317871,5.215984519432321,5.152079768489343,5.188873524898814,256857152
2023-12-28,5.301191329956055,5.318620026383792,5.190810509312826,5.200492810639644,348719375
2023-12-29,5.343793869018555,5.3592857335391795,5.297317813757197,5.304095562197405,271335651
2024-01-02,5.322492599487305,5.354444975006321,5.317651218542121,5.348635410212,309257247
2024-01-03,5.315714359283447,5.341857631560782,5.287635181018212,5.315714359283447,225549747
2024-01-04,5.273111820220947,5.320556063340116,5.245032178550827,5.316683327730116,274755534
2024-01-05,5.205333709716797,5.289571708760928,5.185968647158382,5.265365726837541,203198730
2024-01-08,5.083333969116211,5.193714783865289,5.081397601294157,5.190810232132208,292271227
2024-01-09,5.0949530601501465,5.140460935514119,5.071714799666618,5.0852702977155015,222079452
2024-01-10,5.0823655128479,5.134651134837676,5.034920810153841,5.077524131852679,209654218
2024-01-11,5.143365383148193,5.165635459277524,5.06881014538797,5.073651064807811,269530893
2024-01-12,5.124000549316406,5.1879053055088,5.121095997534723,5.126905562797626,237771181
2024-01-15,5.124000549316406,5.124000549316406,5.124000549316406,5.124000549316406,0
2024-01-16,5.106572151184082,5.128841765893542,5.044603764836811,5.098825756616033,239041191
2024-01-17,4.9777936935424805,5.094952710115059,4.974889142031351,5.087206777719222,198166086
2024-01-18,4.982635498046875,4.989413247181908,4.843206856269714,4.972953197153769,476078766
2024-01-19,4.943905353546143,4.998127808133689,4.933254407071912,4.956492667852221,319621772
2024-01-22,4.715397357940674,4.933254438181552,4.6669849299424415,4.926476689027809,374553505
2024-01-23,4.790921211242676,4.813191288094052,4.64858801829525,4.690222696852865,330990310
2024-01-24,4.858699321746826,4.866445255020694,4.685381929383638,4.793826380316422,344663680
2024-01-25,5.002000331878662,5.00490534520289,4.818032006360772,4.858698961003386,344570007
2024-01-26,4.946810245513916,5.003937250446359,4.929381550356682,4.981667174128863,291476644
2024-01-29,4.853857517242432,4.971984720746032,4.85288933338003,4.9526191966999775,196604220
2024-01-30,4.755095481872559,4.867413123000988,4.7328258674433705,4.834492562449418,188573563
2024-01-31,4.63115930557251,4.761873829352106,4.6243815564905635,4.744445133841587,347048353
2024-02-01,4.613730430603027,4.701841626940629,4.5595084400565105,4.605016314036483,348202485
2024-02-02,4.4897942543029785,4.658270257534836,4.361016561272941,4.612762382218174,384502313
2024-02-05,4.3910322189331055,4.531429045706173,4.212873448818354,4.473333854803476,3513023777
2024-02-06,4.75703239440918,4.773492444122639,4.323254611261778,4.340682844876085,1028044408
2024-02-07,5.059127330780029,5.068810092918512,4.7473495000933505,4.784143257500368,1324032575
2024-02-08,5.0823655128479,5.301190762797445,5.0494449531395045,5.128841569983312,1620518153
2024-02-19,5.049445152282715,5.1317467856493195,4.981667200775063,5.1317467856493195,1551275500
2024-02-20,5.049445152282715,5.062032466347014,4.985540398063894,5.021365510762614,476352534
2024-02-21,5.046540260314941,5.170477036145289,5.0010323841489495,5.016524711977509,600090064
2024-02-22,5.09011173248291,5.102699046760657,5.030080174534938,5.046540224467667,294842333
2024-02-23,5.113349914550781,5.115286282348484,5.029111451557395,5.092048021977961,322514001
2024-02-26,5.103667259216309,5.171445212252345,5.074619894843387,5.102699075297148,386846763
2024-02-27,5.226635456085205,5.228572285647828,5.078492695469896,5.093016839541641,367087177
2024-02-28,5.092048168182373,5.298286580643541,5.090111800329073,5.2276040753031845,480342901
2024-02-29,5.2585883140563965,5.271175166909145,5.074619977145927,5.074619977145927,634747231
2024-03-01,5.293444633483887,5.304095578937609,5.234381264975805,5.250841313368482,334137323
2024-03-04,5.291508674621582,5.310873737679229,5.2314766559532115,5.287635477330244,434066307
2024-03-05,5.2653656005859375,5.301190711525269,5.246968722341633,5.2614924034873205,1437463361
2024-03-06,5.260524749755859,5.321524493734572,5.211143674844845,5.257619736214275,319771339
2024-03-07,5.192746639251709,5.30022290308106,5.186937074042052,5.259556408312995,250232901
2024-03-08,5.2614922523498535,5.279889130065705,5.183063822376609,5.199523870749038,305053565
2024-03-11,5.360254287719727,5.36315930108024,5.250841659597061,5.259556237979085,399184080
2024-03-12,5.3302388191223145,5.3873658245943465,5.294413244577311,5.359286182959216,417768877
2024-03-13,5.322492599487305,5.372841391538922,5.296349327063111,5.331206715829037,346804749
2024-03-14,5.300222873687744,5.355413512023647,5.260524563058187,5.313778371868591,318194497
2024-03-15,5.372841835021973,5.373810480650562,5.264397386075964,5.289572015029477,511545115
2024-03-18,5.441587924957275,5.445461122339054,5.365095854838514,5.375746801363758,323205440
2024-03-19,5.38446044921875,5.436746069969873,5.380587713873922,5.431905150788838,275607204
2024-03-20,5.398016452789307,5.413508780720653,5.367032720325685,5.385429138338634,188309128
2024-03-21,5.371873378753662,5.42125445022815,5.361222894374498,5.410603504149472,243439887
2024-03-22,5.291508674621582,5.37187347854603,5.2643972169812585,5.370905294648076,246963313
2024-03-25,5.213079452514648,5.310873407317099,5.203397152437872,5.28569878073819,270556209
2024-03-26,5.1898417472839355,5.236317804214985,5.155952542165909,5.215016374308983,475166784
2024-03-27,5.0697784423828125,5.187905189453718,5.066873428966579,5.187905189453718,340223481
2024-03-28,5.134651184082031,5.19081000374648,5.0726827995075,5.0726827995075,355523602
2024-03-29,5.2004923820495605,5.157889521003319,5.120127579371753,5.126905328251815,169616616
2024-04-01,5.309905529022217,5.318619645762693,5.21501658197234,5.215984765865779,406410272
2024-04-02,5.288603782653809,5.314746595296891,5.258588234329993,5.308937030076258,332181348
2024-04-03,5.285698890686035,5.29247663939061,5.255682882594629,5.28279387741293,397798545
2024-04-08,5.2082390785217285,5.291508899376415,5.204365881065877,5.276984755191632,329327164
2024-04-09,5.251809597015381,5.253746426397999,5.198555792133519,5.203397173040823,178672125
2024-04-10,5.190809726715088,5.248904911015879,5.151111420031136,5.248904911015879,197575440
2024-04-11,5.2150163650512695,5.268270170571488,5.1559525330130445,5.166603478796889,303801038
2024-04-12,5.186936855316162,5.252778437682647,5.177254554841378,5.215016496262012,312291283
2024-04-15,5.255682945251465,5.290540334747272,5.134651189284566,5.18015906304339,315115758
2024-04-16,5.112381458282471,5.256651008914656,5.095920947780387,5.224698633457256,390514610
2024-04-17,5.248905658721924,5.2518102105859485,5.120127958759159,5.120127958759159,383342457
2024-04-18,5.2585883140563965,5.325397622557285,5.20630222627798,5.238254604626131,340317599
2024-04-19,5.222762584686279,5.27795322264632,5.199524324134782,5.241159464006293,357334000
2024-04-22,5.1791911125183105,5.257619549868145,5.170476995601505,5.21501668749762,195848884
2024-04-23,5.11915922164917,5.203397218697626,5.108508275899544,5.178222591798145,189016313
2024-04-24,5.1791911125183105,5.1801592964313405,5.093016742164701,5.127873671531451,177145409
2024-04-25,5.171444892883301,5.214048214592034,5.1414288847453635,5.160793947031242,192666420
2024-04-26,5.287635326385498,5.301190823968933,5.176286332407561,5.177254516277877,797079505
2024-04-29,5.390270233154297,5.4086671118888985,5.291508552352213,5.295381287854544,566641471
2024-04-30,5.353476524353027,5.398016214931308,5.350571972699875,5.3883339143879505,276703817
2024-05-06,5.4357781410217285,5.451270468225967,5.411572158883036,5.422222643280216,512966950
2024-05-07,5.434809684753418,5.452238378847362,5.415444622993311,5.4319051332541735,228932748
2024-05-08,5.366063594818115,5.431905174664012,5.362190859456265,5.431905174664012,397556965
2024-05-09,5.463858127593994,5.483223191549211,5.3631596103470525,5.3631596103470525,297007902
2024-05-10,5.444492816925049,5.48612749477732,5.404794045171168,5.467730615598576,512157859
2024-05-13,5.416412830352783,5.441587456920218,5.371873141941128,5.408666897954993,327222804
2024-05-14,5.4106035232543945,5.457080043253087,5.393175289954399,5.415444904370844,268740363
2024-05-15,5.3631591796875,5.410603420973185,5.351540049907473,5.410603420973185,273196924
2024-05-16,5.337984561920166,5.39995294639119,5.320555867219033,5.378651054523303,238365319
2024-05-17,5.414719581604004,5.417670704574348,5.332082040103626,5.350773892889567,515166666
2024-05-20,5.4343953132629395,5.4580057050766575,5.402914321742271,5.417670875263641,532273637
2024-05-21,5.395043849945068,5.428492254725946,5.375368290126767,5.416686825014495,280856921
2024-05-22,5.389141082763672,5.403897635208533,5.372416645984444,5.390124790379684,229600047
2024-05-23,5.295681953430176,5.376352078264917,5.275022685676932,5.376352078264917,399242188
2024-05-24,5.24452543258667,5.329130388454783,5.237639009963821,5.274039007471992,209220060
2024-05-27,5.295681953430176,5.299617253093707,5.208125875113375,5.258298248484865,242554687
2024-05-28,5.249444484710693,5.291747197556893,5.237639054655831,5.289779313146173,214628386
2024-05-29,5.260266304016113,5.298633717850042,5.2386228588160275,5.243541866279899,314356143
2024-05-30,5.249444484710693,5.287811897837817,5.231736339628399,5.260266207111378,202574800
2024-05-31,5.24846076965332,5.298633612764536,5.245509177592587,5.260266199691531,302109474
2024-06-03,5.208126068115234,5.256331027992507,5.167790769651948,5.242558182313287,297309330
2024-06-04,5.277973651885986,5.294698088581478,5.187465984233271,5.203206713317676,231804831
2024-06-05,5.220914840698242,5.28584423384285,5.21796324877221,5.277973634774993,186286630
2024-06-06,5.183531284332275,5.253379686604235,5.158936717026358,5.237638957123411,253454271
2024-06-07,5.158936977386475,5.217963660438211,5.127455985938406,5.205174522321882,274324557
2024-06-11,5.170742034912109,5.1894338868958245,5.114666478960964,5.142212637680427,187721605
2024-06-12,5.1854987144470215,5.202223151611577,5.1579530241546765,5.159920439432028,189393224
2024-06-13,5.158936977386475,5.19730439173546,5.144180423899135,5.19336909189106,195207821
2024-06-14,5.183531284332275,5.204190551992399,5.12942361154114,5.150082879201263,314198375
2024-06-17,5.165822982788086,5.187465957427168,5.154017553311372,5.1618881523640745,144054083
2024-06-18,5.192385196685791,5.210093341692507,5.169758513429177,5.169758513429177,248072931
2024-06-19,5.139261245727539,5.206158057144487,5.133358530708119,5.201239518880271,197302615
2024-06-20,5.062526226043701,5.150082771232629,5.057607218865171,5.134342042081801,173975509
2024-06-21,5.071380615234375,5.096958890055762,5.045802340412989,5.05563988582764,266172134
2024-06-24,4.965132236480713,5.056623613989495,4.954310514288542,5.056623613989495,832073610
2024-06-25,4.92184591293335,4.982840478531939,4.883478968898576,4.96808392551069,541447501
2024-06-26,4.989727020263672,4.999564566145095,4.889381331479395,4.9110247768027975,380046941
2024-06-27,4.9070892333984375,4.976937635188484,4.903154402882145,4.971034920311696,643405801
2024-06-28,4.91495943069458,4.982840418154051,4.891349039967146,4.897251754924594,414831703
2024-07-01,4.9730024337768555,4.9956295861017805,4.900202907661941,4.914959460594152,309552714
2024-07-02,4.927748680114746,4.9749704008462885,4.909056827175571,4.970051393419692,199828434
2024-07-03,4.885446548461914,4.932667801178962,4.879543833234486,4.921846078411614,187512343
2024-07-04,4.815598011016846,4.908073098550585,4.806744172968676,4.899219260502416,510761294
2024-07-05,4.850029945373535,4.860851667445344,4.780182013025967,4.81067882578813,208454223
2024-07-08,4.769360542297363,4.8392089474282605,4.752636104496139,4.835273647621392,234362756
2024-07-09,4.855932712554932,4.876591980194566,4.734928229621777,4.761490212173072,340776622
2024-07-10,4.828387260437012,4.876592220639618,4.826419845070237,4.8460954060451105,189594156
2024-07-11,4.92578125,4.933651380397512,4.853965430555767,4.883479005924395,285178608
2024-07-12,4.904138088226318,4.925781063274631,4.892332658526385,4.917910933175458,150886840
2024-07-15,4.868721961975098,4.897251829554593,4.859868123955179,4.889381230089816,454559832
2024-07-16,4.885446548461914,4.901186809666804,4.842160126494901,4.858884564489677,218752633
2024-07-17,4.851014137268066,4.89233267223123,4.846095130028924,4.881510950125585,614772692
2024-07-18,4.873641014099121,4.875608429432192,4.787068641113229,4.837241015823106,474545491
2024-07-19,4.8657708168029785,4.897251807211362,4.834289826394594,4.84806267174157,617663569
2024-07-22,4.8539652824401855,4.884462564540102,4.825435884706374,4.867738127491154,304301393
2024-07-23,4.716236591339111,4.8716736631632,4.714268706877659,4.851014394585765,244209927
2024-07-24,4.660161018371582,4.730993131222139,4.6532745955321095,4.710333862703721,325232022
2024-07-25,4.6542582511901855,4.705414802627298,4.631631567571199,4.64737182842768,266030282
2024-07-26,4.728041648864746,4.741814493496967,4.655241657091097,4.656225364693065,241519194
2024-07-29,4.698528289794922,4.734928287343507,4.695576697751933,4.7231228573762705,146991055
2024-07-30,4.6945929527282715,4.711317389899095,4.641468987401022,4.689674414533049,233860704
2024-07-31,4.8942999839782715,4.89626786829372,4.679836245372145,4.694592797675144,556947116
2024-08-01,4.850029945373535,4.93070006889526,4.826419555083701,4.894300072182704,350412231
2024-08-02,4.78510046005249,4.874624419590824,4.775262914894592,4.814614033730862,223595554
2024-08-05,4.692625522613525,4.846095172275781,4.685739100059631,4.761490217254824,415275119
2024-08-06,4.742798328399658,4.773295610390912,4.688690186918097,4.740830444040566,261612049
2024-08-07,4.744765758514404,4.783133170755123,4.7103336459018434,4.739846751254795,239167673
2024-08-08,4.754603862762451,4.79297127572724,4.697544597140277,4.732960418052657,232784771
2024-08-09,4.714268684387207,4.804776357906215,4.71131756136267,4.7791980819507405,216709941
2024-08-12,4.716236591339111,4.737879567596084,4.689674607582071,4.712301291518583,202717348
2024-08-13,4.72607421875,4.730993226334908,4.673933958016167,4.716236672682566,190088477
2024-08-14,4.660161018371582,4.728042008191953,4.658193603018125,4.728042008191953,216218720
2024-08-15,4.696560859680176,4.747717409975192,4.643436424995258,4.647371724672705,537135070
2024-08-16,4.669014930725098,4.7083660530335125,4.6631122154685976,4.694593207135806,793005347
2024-08-19,4.67688512802124,4.731976506871438,4.6621281065986455,4.664095990916396,275948225
2024-08-20,4.59621524810791,4.6847555049007354,4.582442402669447,4.6847555049007354,350860297
2024-08-21,4.5873613357543945,4.607036895933794,4.581458620790339,4.59129616632886,132002140
2024-08-22,4.532269477844238,4.59719887323265,4.523415639964857,4.589328742995161,402325228
2024-08-23,4.533253192901611,4.550961337791697,4.515545517113883,4.528334654684108,158426320
2024-08-26,4.538172245025635,4.5598156898057605,4.521448276716296,4.537188537372422,100972381
2024-08-27,4.492918491363525,4.530302197482916,4.4899673683499595,4.522432067011036,233991849
2024-08-28,4.493902206420898,4.530302204928927,4.481113068469685,4.491934791075288,272342430
2024-08-29,4.556864261627197,4.5794914148743,4.474226717454647,4.48209731716813,436529189
2024-08-30,4.635566234588623,4.709349936142365,4.548993864729438,4.552928695253466,698948005
2024-09-02,4.542107582092285,4.632615254365193,4.540139697667315,4.623760947208743,436203651
2024-09-03,4.590312480926514,4.613923340897136,4.54013963804012,4.541123814790863,294458558
2024-09-04,4.578506946563721,4.623760781074177,4.547026426123707,4.5647341015956275,221212081
2024-09-05,4.5991668701171875,4.6316315686055,4.57949130949101,4.604085408446956,169528240
2024-09-06,4.536204814910889,4.616874471439325,4.529318392258519,4.613923348489321,226819157
2024-09-09,4.503740310668945,4.545058848360404,4.487015872592471,4.525383287206989,180337389
2024-09-10,4.501772880554199,4.5283348645692785,4.427005466954436,4.512594134236622,277534623
2024-09-11,4.513577461242676,4.529318190247731,4.475210049989674,4.482096941437244,179262141
2024-09-12,4.495870113372803,4.569653349328614,4.491934813559512,4.52144838940326,242441588
2024-09-13,4.448648452758789,4.508659312943325,4.44668103737647,4.4998050055181285,185817537
2024-09-18,4.463405132293701,4.476194269500327,4.39060513951608,4.453567117933677,210092352
2024-09-19,4.525382995605469,4.568669414994694,4.4329079110534595,4.4722590308246275,429681415
2024-09-20,4.493902206420898,4.515545651632103,4.468323930518472,4.510626644165704,265126032
2024-09-23,4.492918491363525,4.5480103428714225,4.476194522748578,4.485048360891646,250389410
2024-09-24,4.701479434967041,4.70246361172093,4.504723831590584,4.545058659917403,862258625
2024-09-25,4.734928131103516,4.849046189115705,4.723122701525827,4.771327658348655,706931216
2024-09-26,4.978905200958252,4.984807916013479,4.716236491961268,4.717220199620078,1178956988
2024-09-27,5.403897762298584,5.475713580082189,5.022191521270766,5.059575226172466,619922303
2024-09-30,5.897754669189453,5.943992212104665,5.411767911104929,5.69509635265607,1986237264
2024-10-08,6.144683361053467,6.488022204560347,5.898738614618084,6.488022204560347,2569826706
2024-10-09,5.767895698547363,6.083688827970575,5.677388030823056,5.94300831922245,1362474439
2024-10-10,5.695096492767334,5.889884683850351,5.606556235328738,5.77478244300065,729227227
2024-10-11,5.46587610244751,5.6586964060824085,5.3960276990750256,5.6390208457481386,786597435
2024-10-14,5.600653648376465,5.624264509327637,5.401930622079491,5.479649158757656,759865177
2024-10-15,5.460957050323486,5.656728944410031,5.45013532804252,5.563270150863946,753137968
2024-10-16,5.456037998199463,5.552448382986066,5.397995025800457,5.407833040357338,572479492
2024-10-17,5.4127516746521,5.541626759201184,5.410784259346728,5.485551670179195,648696583
2024-10-18,5.643939971923828,5.834793333376225,5.40783324294206,5.415703373420978,1139253553
2024-10-21,5.699031829833984,5.795441749237353,5.625248125118153,5.667550838780848,695818015
2024-10-22,5.751172065734863,5.77379874943194,5.665582931087464,5.686242668548651,431980365
2024-10-23,5.77379846572876,5.8593871270682785,5.724609331870324,5.751171783143476,487225036
2024-10-24,5.723625659942627,5.7570745338722675,5.689193547488408,5.74330121978823,352188600
2024-10-25,5.811182498931885,5.848566205252578,5.726577540423267,5.733463963261039,387343220
2024-10-28,5.878078937530518,5.881030529474335,5.780684847226719,5.804295706367886,532102890
2024-10-29,5.8200364112854,5.915463093656097,5.8003608501978485,5.892835940399104,604760363
2024-10-30,5.837744235992432,5.870208933456861,5.770847425793715,5.803312123258144,693021723
2024-10-31,5.902673721313477,5.946943849279705,5.806263335078711,5.829874195087996,624241297
2024-11-01,5.849549770355225,5.929235719436818,5.8003606349108665,5.893819898434675,391125913
2024-11-04,5.93513822555542,5.9371056407911915,5.845614264894982,5.8495495644688695,268483775
2024-11-05,6.115170001983643,6.1387803926893865,5.906608970686608,5.936122076344377,575097850
2024-11-06,6.122056484222412,6.204694025253517,6.079753771504483,6.119104892166464,501323548
2024-11-07,6.240109920501709,6.246996343244426,6.069916298157234,6.0895918587224775,438040030
2024-11-08,6.223385810852051,6.333569041338417,6.202726073990193,6.2971690440223735,562358322
2024-11-11,6.327666282653809,6.330617405555185,6.180099348230833,6.1840341787660025,490475345
2024-11-12,6.26863956451416,6.376854909209681,6.206661292939305,6.335536374228011,434782686
2024-11-13,6.249948024749756,6.2725747086274275,6.159440351034323,6.231256171580006,281638596
2024-11-14,6.080738067626953,6.240109968705846,6.069916345046644,6.240109968705846,520791857
2024-11-15,5.923333168029785,6.093526793276273,5.921365752670424,6.068932693977134,754145798
2024-11-18,5.8347930908203125,5.969570418338325,5.79544150185685,5.932187182841916,645407281
2024-11-19,5.9262847900390625,5.931203328462254,5.778717847988631,5.837744530988328,703941083
2024-11-20,5.986294746398926,6.009905605526714,5.892835486603385,5.912511515278104,538751198
2024-11-21,5.9813761711120605,6.0049870319446566,5.936122333917836,5.975473455903911,189321420
2024-11-22,5.745269298553467,5.975473309626461,5.741333998810243,5.969570594562809,263317898
2024-11-25,5.7305121421813965,5.76986326228289,5.663615331829329,5.760025716808693,228601112
2024-11-26,5.691161155700684,5.767895982430931,5.686242617399282,5.715755723617153,189972212
2024-11-27,5.800360679626465,5.811182402092216,5.607539905177317,5.688210031635675,340214303
2024-11-28,5.762977123260498,5.822004275419246,5.744285739029668,5.793474407025455,262295044
2024-11-29,5.84758186340332,5.9056248365988475,5.73641492435821,5.758058369039418,404434611
2024-12-02,5.938089370727539,5.963667645298087,5.842663164001125,5.849549586454553,365344838
2024-12-03,5.928252220153809,5.959733211652426,5.880047259769987,5.940057650603587,297041058
2024-12-04,5.883981704711914,5.943992091610697,5.851517007654888,5.922349116606796,264341826
2024-12-05,5.9007062911987305,5.924316682046377,5.851517156003672,5.868241593318652,195504675
2024-12-06,5.977441310882568,6.018759848033372,5.871192906762484,5.898738598196354,535886213
2024-12-09,5.944976329803467,5.99908400242384,5.906608917511887,5.976456850461053,403153405
2024-12-10,5.9961323738098145,6.181083011606732,5.978424698323637,6.178131888726486,555232638
2024-12-11,6.041386127471924,6.053191557039552,5.979408325895388,5.982359448736124,561392321
2024-12-12,6.09647798538208,6.115169837376623,6.023678461736516,6.04040242939845,429346652
2024-12-13,6.000067710876465,6.061061806036813,5.9813758585444985,6.038435123173287,777919598
2024-12-16,5.9075927734375,5.998100445355872,5.888900920638884,5.991214022651367,453326426
2024-12-17,5.844630718231201,5.920381836122643,5.83577688032406,5.903657398850978,441230110
2024-12-18,5.882014274597168,5.920381686395058,5.843646862799279,5.858403415305437,266987395
2024-12-19,5.899722576141357,5.91841395962555,5.811182320542399,5.834793180462751,325478448
2024-12-20,5.911527633666992,5.951862931540899,5.882014527386302,5.889884657787661,414464259
2024-12-23,5.819052696228027,5.927268516623723,5.815117396374548,5.9125119631023395,468194897
2024-12-24,5.884965419769287,5.893819726588429,5.819052317949378,5.820036025573205,446985355
2024-12-25,5.8357768058776855,5.88594917884792,5.788555086702379,5.88594917884792,482639295
2024-12-26,5.880046844482422,5.890868097378469,5.830857710783197,5.835776717973588,274246605
2024-12-27,5.893819808959961,5.97645687974456,5.87020894924873,5.87020894924873,307620621
2024-12-30,5.891851902008057,5.923332891801628,5.861355088950645,5.89086819437425,188724543
2024-12-31,5.716739177703857,5.9016898136014175,5.713788054853918,5.891851799230262,747737923
2025-01-02,5.545562267303467,5.714772186585353,5.488502999382278,5.71280477120605,435166500
2025-01-03,5.433411121368408,5.5731079328963355,5.414719737147901,5.540643233778142,446132968
2025-01-06,5.4206223487854,5.47768114624646,5.3822549351877,5.425540887116616,330231052
2025-01-07,5.4776811599731445,5.478664867641853,5.395044086573202,5.421606070037808,405535979
2025-01-08,5.45505428314209,5.50129182565087,5.322243901419025,5.459973290413838,423665525
2025-01-09,5.4511189460754395,5.488502650520269,5.4314433862259,5.435378685836747,268438973
2025-01-10,5.370449542999268,5.495389330441473,5.367497950877278,5.4471843707377845,231356509
2025-01-13,5.379303455352783,5.419638285124758,5.3222441875985265,5.3232278952853,298582680
2025-01-14,5.563270092010498,5.5829456519753355,5.367497730892658,5.392092298124293,501649585
2025-01-15,5.519000053405762,5.560318589264466,5.508178331065566,5.553432166621349,435364545
2025-01-16,5.5370001792907715,5.632999897003174,5.5,5.541999816894531,506827011
2025-01-17,5.580999851226807,5.620999813079834,5.510000228881836,5.510000228881836,275550483
2025-01-20,5.607999801635742,5.665999889373779,5.5929999351501465,5.614999771118164,323408071
2025-01-21,5.627999782562256,5.644999980926514,5.566999912261963,5.630000114440918,345043012
2025-01-22,5.60699987411499,5.61899995803833,5.559000015258789,5.611000061035156,321269528
2025-01-23,5.584000110626221,5.723999977111816,5.579999923706055,5.650000095367432,419264125
2025-01-24,5.6519999504089355,5.663000106811523,5.567999839782715,5.568999767303467,500924071
2025-01-27,5.585000038146973,5.675000190734863,5.581999778747559,5.658999919891357,488396060
2025-02-05,5.607999801635742,5.64300012588501,5.581999778747559,5.638000011444092,263992775
2025-02-06,5.739999771118164,5.749000072479248,5.590000152587891,5.5980000495910645,467260696
2025-02-07,5.830999851226807,5.895999908447266,5.734000205993652,5.74399995803833,484232327
2025-02-10,5.881999969482422,5.890999794006348,5.829999923706055,5.8429999351501465,406918921
2025-02-11,5.859000205993652,5.89900016784668,5.818999767303467,5.88100004196167,271155296
2025-02-12,5.935999870300293,5.942999839782715,5.839000225067139,5.839000225067139,261595754
2025-02-13,5.9070000648498535,5.954999923706055,5.886000156402588,5.934000015258789,283625467
2025-02-14,5.953000068664551,5.961999893188477,5.886000156402588,5.890999794006348,323112921
2025-02-17,5.943999767303467,5.98199987411499,5.900000095367432,5.9730000495910645,369269204
2025-02-18,5.843999862670898,5.947000026702881,5.809999942779541,5.922999858856201,304785110
2025-02-19,5.936999797821045,5.945000171661377,5.829999923706055,5.833000183105469,318779719
2025-02-20,5.952000141143799,5.974999904632568,5.914000034332275,5.934999942779541,382124186
2025-02-21,6.053999900817871,6.067999839782715,5.939000129699707,5.9670000076293945,338448705
2025-02-24,6.035999774932861,6.070000171661377,5.999000072479248,6.047999858856201,403427452
2025-02-25,5.9730000495910645,6.034999847412109,5.954999923706055,5.986999988555908,280977591
2025-02-26,6.045000076293945,6.056000232696533,5.965000152587891,5.986999988555908,335621096
2025-02-27,6.0289998054504395,6.058000087738037,5.939000129699707,6.033999919891357,301350152
2025-02-28,5.867000102996826,6.0,5.8470001220703125,5.991000175476074,314082054
2025-03-03,5.876999855041504,5.964000225067139,5.85099983215332,5.867000102996826,277348961
2025-03-04,5.928999900817871,5.943999767303467,5.831999778747559,5.839000225067139,202635722
2025-03-05,5.943999767303467,5.953999996185303,5.88100004196167,5.932000160217285,245455110
2025-03-06,6.039000034332275,6.065000057220459,5.966000080108643,5.96999979019165,402933950
2025-03-07,6.013000011444092,6.059999942779541,5.986999988555908,6.020999908447266,315709562
2025-03-10,6.00600004196167,6.031000137329102,5.960999965667725,6.007999897003174,334587808
2025-03-11,6.035999774932861,6.039000034332275,5.942999839782715,5.946000099182129,161729477
2025-03-12,6.039999961853027,6.0980000495910645,6.031000137329102,6.048999786376953,204749208
2025-03-13,5.988999843597412,6.047999858856201,5.940000057220459,6.03000020980835,212590985
2025-03-14,6.0980000495910645,6.099999904632568,5.9720001220703125,5.992000102996826,482488518
2025-03-17,6.099999904632568,6.120999813079834,6.086999893188477,6.110000133514404,383562715
2025-03-18,6.125999927520752,6.165999889373779,6.107999801635742,6.111999988555908,178653636
2025-03-19,6.1020002365112305,6.125999927520752,6.067999839782715,6.114999771118164,150833511
2025-03-20,6.059999942779541,6.105000019073486,6.054999828338623,6.098999977111816,262395578
2025-03-21,5.9679999351501465,6.065999984741211,5.949999809265137,6.0329999923706055,245573684
2025-03-24,5.960999965667725,5.979000091552734,5.882999897003174,5.96999979019165,231564047
2025-03-25,5.940999984741211,5.984000205993652,5.921000003814697,5.956999778747559,197802028
2025-03-26,5.940999984741211,5.982999801635742,5.933000087738037,5.933000087738037,191807836
2025-03-27,5.955999851226807,6.0,5.883999824523926,5.936999797821045,212254492
2025-03-28,5.908999919891357,5.9720001220703125,5.896999835968018,5.953000068664551,199554199
2025-03-31,5.854000091552734,5.9079999923706055,5.796000003814697,5.88100004196167,181796333
2025-04-01,5.886000156402588,5.929999828338623,5.859000205993652,5.863999843597412,174093133
2025-04-02,5.89300012588501,5.938000202178955,5.86899995803833,5.879000186920166,178423293
2025-04-03,5.8420000076293945,5.9070000648498535,5.815999984741211,5.84499979019165,266477150
2025-04-07,5.28000020980835,5.6620001792907715,5.257999897003174,5.619999885559082,461780129
2025-04-08,5.313000202178955,5.370999813079834,5.25,5.311999797821045,3028565373
2025-04-09,5.427999973297119,5.456999778747559,5.138999938964844,5.255000114440918,353824955
2025-04-10,5.534999847412109,5.609000205993652,5.500999927520752,5.502999782562256,266981767
2025-04-11,5.572999954223633,5.627999782562256,5.508999824523926,5.510000228881836,222074304
2025-04-14,5.617000102996826,5.6519999504089355,5.599999904632568,5.614999771118164,215062682
2025-04-15,5.593999862670898,5.61899995803833,5.561999797821045,5.614999771118164,320738512
2025-04-16,5.545000076293945,5.580999851226807,5.489999771118164,5.558000087738037,666182501
2025-04-17,5.547999858856201,5.603000164031982,5.519999980926514,5.52400016784668,224761713
2025-04-18,5.550000190734863,5.576000213623047,5.519000053405762,5.539999961853027,295068366
2025-04-21,5.631999969482422,5.640999794006348,5.521999835968018,5.544000148773193,256758926
2025-04-22,5.617000102996826,5.644999980926514,5.60699987411499,5.61899995803833,143407362
2025-04-23,5.627999782562256,5.683000087738037,5.607999801635742,5.638999938964844,233167056
2025-04-24,5.605000019073486,5.644000053405762,5.577000141143799,5.627999782562256,160589173
2025-04-25,5.620999813079834,5.6620001792907715,5.5920000076293945,5.610000133514404,204146305
2025-04-28,5.59499979019165,5.625,5.576000213623047,5.619999885559082,202601661
2025-04-29,5.5980000495910645,5.622000217437744,5.564000129699707,5.570000171661377,124737396
2025-04-30,5.625999927520752,5.642000198364258,5.5970001220703125,5.5980000495910645,207391183
2025-05-06,5.732999801635742,5.735000133514404,5.6529998779296875,5.65500020980835,185691857
2025-05-07,5.743000030517578,5.84499979019165,5.708000183105469,5.797999858856201,223210103
2025-05-08,5.767000198364258,5.784999847412109,5.723999977111816,5.729000091552734,228896037
2025-05-09,5.71999979019165,5.761000156402588,5.699999809265137,5.760000228881836,168633554
2025-05-12,5.791999816894531,5.796999931335449,5.736999988555908,5.744999885559082,170595269
2025-05-13,5.7779998779296875,5.826000213623047,5.763999938964844,5.824999809265137,197788578
2025-05-14,5.797999858856201,5.839000225067139,5.745999813079834,5.775000095367432,241313500
2025-05-15,5.7210001945495605,5.7870001792907715,5.710000038146973,5.781000137329102,192303290
2025-05-16,5.710999965667725,5.735000133514404,5.703000068664551,5.705999851226807,175381574
2025-05-19,5.724999904632568,5.730000019073486,5.664999961853027,5.710000038146973,141052031
2025-05-20,5.749000072479248,5.763999938964844,5.702000141143799,5.728000164031982,116750308
2025-05-21,5.75600004196167,5.763999938964844,5.730999946594238,5.738999843597412,82851094
2025-05-22,5.710999965667725,5.764999866485596,5.703999996185303,5.732999801635742,139303325
2025-05-23,5.6620001792907715,5.730000019073486,5.659999847412109,5.729000091552734,190886125
2025-05-26,5.671000003814697,5.703999996185303,5.644999980926514,5.6570000648498535,168177906
2025-05-27,5.6570000648498535,5.677999973297119,5.632999897003174,5.671999931335449,207955003
2025-05-28,5.646999835968018,5.670000076293945,5.633999824523926,5.6570000648498535,129650353
2025-05-29,5.7270002365112305,5.738999843597412,5.64900016784668,5.650000095367432,320495576
2025-05-30,5.693999767303467,5.710999965667725,5.671000003814697,5.710000038146973,334540716
2025-06-03,5.703000068664551,5.730000019073486,5.665999889373779,5.679999828338623,137506282
2025-06-04,5.749000072479248,5.763000011444092,5.703999996185303,5.703999996185303,109525276
2025-06-05,5.783999919891357,5.798999786376953,5.732999801635742,5.75600004196167,168585819
2025-06-06,5.784999847412109,5.794000148773193,5.769999980926514,5.7829999923706055,101074678
2025-06-09,5.824999809265137,5.8520002365112305,5.789000034332275,5.795000076293945,195862239
2025-06-10,5.7769999504089355,5.828999996185303,5.742000102996826,5.824999809265137,182537929
2025-06-11,5.814000129699707,5.8480000495910645,5.7769999504089355,5.7769999504089355,230379588
2025-06-12,5.824999809265137,5.835000038146973,5.785999774932861,5.809000015258789,92233683
2025-06-13,5.776000022888184,5.822000026702881,5.754000186920166,5.814000129699707,159690275
2025-06-16,5.796999931335449,5.811999797821045,5.755000114440918,5.755000114440918,180202095
2025-06-17,5.784999847412109,5.808000087738037,5.769000053405762,5.802000045776367,223506684
2025-06-18,5.776000022888184,5.789999961853027,5.739999771118164,5.785999774932861,150132837
2025-06-19,5.7179999351501465,5.784999847412109,5.695000171661377,5.763000011444092,220272397
2025-06-20,5.678999900817871,5.729000091552734,5.677999973297119,5.7129998207092285,323643966
2025-06-23,5.711999893188477,5.72599983215332,5.660999774932861,5.668000221252441,191781435
2025-06-24,5.803999900817871,5.808000087738037,5.7230000495910645,5.7230000495910645,384287385
2025-06-25,5.913000106811523,5.919000148773193,5.808000087738037,5.811999797821045,372460096
2025-06-26,5.888000011444092,5.926000118255615,5.885000228881836,5.90500020980835,234396301
2025-06-27,5.909999847412109,5.958000183105469,5.885000228881836,5.894000053405762,222940718
2025-06-30,5.9629998207092285,5.9679999351501465,5.915999889373779,5.916999816894531,244497355
2025-07-01,5.98199987411499,5.984000205993652,5.934000015258789,5.949999809265137,138236116
2025-07-02,5.947000026702881,5.966000080108643,5.928999900817871,5.960999965667725,129745489
2025-07-03,5.9710001945495605,5.978000164031982,5.934999942779541,5.947000026702881,119755809
2025-07-04,5.9629998207092285,6.025000095367432,5.940000057220459,5.958000183105469,162617761
2025-07-07,5.951000213623047,5.966000080108643,5.940999984741211,5.956999778747559,78703810
2025-07-08,6.031000137329102,6.039000034332275,5.947999954223633,5.951000213623047,167485029
2025-07-09,6.005000114440918,6.044000148773193,6.0,6.0320000648498535,153195981
2025-07-10,6.038000106811523,6.060999870300293,5.997000217437744,6.005000114440918,130324299
2025-07-11,6.090000152587891,6.125,6.017000198364258,6.034999847412109,249118484
2025-07-14,6.078999996185303,6.098999977111816,6.070000171661377,6.0879998207092285,116852000
2025-07-15,6.077000141143799,6.111000061035156,6.0289998054504395,6.065999984741211,158264921
2025-07-16,6.076000213623047,6.127999782562256,6.054999828338623,6.073999881744385,164137854
2025-07-17,6.145999908447266,6.1479997634887695,6.068999767303467,6.074999809265137,118106788
2025-07-18,6.164999961853027,6.183000087738037,6.135000228881836,6.1479997634887695,160824639
2025-07-21,6.22599983215332,6.228000164031982,6.170000076293945,6.171000003814697,255011021
2025-07-22,6.291999816894531,6.295000076293945,6.2179999351501465,6.229000091552734,223778742
2025-07-23,6.269999980926514,6.334000110626221,6.257999897003174,6.295000076293945,280302729
2025-07-24,6.36299991607666,6.368000030517578,6.256999969482422,6.257999897003174,207037047
2025-07-25,6.364999771118164,6.376999855041504,6.339000225067139,6.367000102996826,317569211
2025-07-28,6.390999794006348,6.4029998779296875,6.335999965667725,6.364999771118164,201757214
2025-07-29,6.431000232696533,6.432000160217285,6.335000038146973,6.375,213192947
2025-07-30,6.388999938964844,6.440999984741211,6.340000152587891,6.4079999923706055,188924625
2025-07-31,6.296999931335449,6.388999938964844,6.2729997634887695,6.361999988555908,198600924
2025-08-01,6.2870001792907715,6.328000068664551,6.25,6.28000020980835,158195598
2025-08-04,6.335000038146973,6.335999965667725,6.251999855041504,6.258999824523926,104370675
2025-08-05,6.375999927520752,6.377999782562256,6.3379998207092285,6.3379998207092285,120672484
2025-08-06,6.427999973297119,6.434000015258789,6.3460001945495605,6.3460001945495605,171976510
2025-08-07,6.4079999923706055,6.442999839782715,6.366000175476074,6.427999973297119,161728379
2025-08-08,6.396999835968018,6.421999931335449,6.375,6.379000186920166,103603518
2025-08-11,6.464000225067139,6.484000205993652,6.4029998779296875,6.4029998779296875,167228775
2025-08-12,6.497000217437744,6.498000144958496,6.439000129699707,6.466000080108643,106531798
2025-08-13,6.581999778747559,6.5960001945495605,6.5,6.50600004196167,179270542
2025-08-14,6.513999938964844,6.5970001220703125,6.488999843597412,6.560999870300293,223896912
2025-08-15,6.6579999923706055,6.663000106811523,6.49399995803833,6.500999927520752,229116702
2025-08-18,6.748000144958496,6.801000118255615,6.6579999923706055,6.688000202178955,418683346
2025-08-19,6.732999801635742,6.785999774932861,6.710999965667725,6.748000144958496,314765492
2025-08-20,6.823999881744385,6.826000213623047,6.666999816894531,6.714000225067139,337660021
2025-08-21,6.785999774932861,6.855999946594238,6.758999824523926,6.835999965667725,298330596
2025-08-22,6.914999961853027,6.921000003814697,6.784999847412109,6.784999847412109,843778501
2025-08-25,7.0370001792907715,7.065000057220459,6.943999767303467,6.961999893188477,881486774
2025-08-26,7.047999858856201,7.1020002365112305,6.994999885559082,7.010000228881836,498846423
2025-08-27,6.953000068664551,7.159999847412109,6.943999767303467,7.046000003814697,432327211
2025-08-28,7.104000091552734,7.107999801635742,6.882999897003174,6.953000068664551,389526236
2025-08-29,7.140999794006348,7.179999828338623,7.068999767303467,7.093999862670898,349461915
2025-09-01,7.205999851226807,7.210000038146973,7.124000072479248,7.160999774932861,183081310
2025-09-02,7.054999828338623,7.190000057220459,6.994999885559082,7.175000190734863,245119402
2025-09-03,6.940000057220459,7.084000110626221,6.914999961853027,7.061999797821045,240995450
2025-09-04,6.7789998054504395,6.99399995803833,6.689000129699707,6.946000099182129,326897388
2025-09-05,7.011000156402588,7.0229997634887695,6.757999897003174,6.7789998054504395,307745229
2025-09-08,7.072999954223633,7.084000110626221,6.9710001945495605,7.011000156402588,233031742
2025-09-09,7.00600004196167,7.077000141143799,6.965000152587891,7.051000118255615,139590116
2025-09-10,7.002999782562256,7.063000202178955,6.951000213623047,6.99399995803833,121572485
2025-09-11,7.223999977111816,7.229000091552734,6.956999778747559,7.0,471718308
2025-09-12,7.242000102996826,7.301000118255615,7.209000110626221,7.2270002365112305,259377419
2025-09-15,7.22599983215332,7.26200008392334,7.209000110626221,7.251999855041504,356612066
2025-09-16,7.2820000648498535,7.294000148773193,7.164999961853027,7.228000164031982,236125505
2025-09-17,7.35699987411499,7.36299991607666,7.243000030517578,7.265999794006348,158683618
2025-09-18,7.291999816894531,7.447999954223633,7.199999809265137,7.3520002365112305,338418181
2025-09-19,7.261000156402588,7.326000213623047,7.230000019073486,7.2789998054504395,285552255
2025-09-22,7.317999839782715,7.320000171661377,7.22599983215332,7.258999824523926,235618126
2025-09-23,7.2769999504089355,7.335000038146973,7.139999866485596,7.317999839782715,262962112
2025-09-24,7.432000160217285,7.435999870300293,7.2270002365112305,7.23199987411499,219453482
2025-09-25,7.440999984741211,7.478000164031982,7.414999961853027,7.429999828338623,164025033
2025-09-26,7.335999965667725,7.454999923706055,7.333000183105469,7.401000022888184,221003137
2025-09-29,7.461999893188477,7.491000175476074,7.311999797821045,7.335000038146973,332940029
2025-09-30,7.519000053405762,7.5329999923706055,7.4629998207092285,7.4629998207092285,269331858
2025-10-09,7.64900016784668,7.677999973297119,7.539999961853027,7.552999973297119,247330432
2025-10-10,7.505000114440918,7.61899995803833,7.479000091552734,7.611000061035156,291527723
2025-10-13,7.468999862670898,7.48799991607666,7.289999961853027,7.289999961853027,386537681
2025-10-14,7.289000034332275,7.552999973297119,7.258999824523926,7.510000228881836,426016495
2025-10-15,7.39300012588501,7.39900016784668,7.252999782562256,7.288000106811523,246755725
2025-10-16,7.335999965667725,7.39900016784668,7.296000003814697,7.320000171661377,275073811
2025-10-17,7.113999843597412,7.359000205993652,7.1020002365112305,7.317999839782715,301475375
2025-10-20,7.159999847412109,7.232999801635742,7.125999927520752,7.173999786376953,356249384
2025-10-21,7.28000020980835,7.295000076293945,7.177000045776367,7.182000160217285,485106360
2025-10-22,7.223999977111816,7.261000156402588,7.202000141143799,7.25,271371500
2025-10-23,7.249000072479248,7.254000186920166,7.113999843597412,7.202000141143799,203373365
2025-10-27,7.478000164031982,7.491000175476074,7.4019999504089355,7.433000087738037,214285422
2025-10-28,7.440999984741211,7.513999938964844,7.409999847412109,7.4679999351501465,170449440
2025-10-29,7.593999862670898,7.5960001945495605,7.449999809265137,7.452000141143799,206192267
2025-10-30,7.497000217437744,7.585999965667725,7.47599983215332,7.585999965667725,239775371
2025-10-31,7.435999870300293,7.545000076293945,7.434000015258789,7.49399995803833,239526377
2025-11-03,7.439000129699707,7.447999954223633,7.311999797821045,7.427000045776367,254099006
2025-11-04,7.313000202178955,7.425000190734863,7.26800012588501,7.420000076293945,297882984
2025-11-05,7.329999923706055,7.359000205993652,7.199999809265137,7.199999809265137,143295554
2025-11-06,7.451000213623047,7.464000225067139,7.335000038146973,7.335000038146973,173994728
2025-11-07,7.440000057220459,7.47599983215332,7.382999897003174,7.420000076293945,103751961
2025-11-10,7.447999954223633,7.501999855041504,7.389999866485596,7.474999904632568,112335218
2025-11-11,7.394000053405762,7.494999885559082,7.38100004196167,7.4679999351501465,158667471
2025-11-12,7.355999946594238,7.416999816894531,7.288000106811523,7.368000030517578,134217513
2025-11-13,7.465000152587891,7.480999946594238,7.336999893188477,7.336999893188477,188661676
2025-11-14,7.3379998207092285,7.434999942779541,7.335000038146973,7.4029998779296875,155598971
2025-11-17,7.335999965667725,7.374000072479248,7.308000087738037,7.334000110626221,219804390
2025-11-18,7.26200008392334,7.335000038146973,7.2170000076293945,7.309999942779541,265420668
2025-11-19,7.2270002365112305,7.293000221252441,7.192999839782715,7.251999855041504,246792384
2025-11-20,7.170000076293945,7.293000221252441,7.163000106811523,7.269999980926514,303240774
2025-11-21,6.921999931335449,7.13100004196167,6.918000221252441,7.0980000495910645,755356839
2025-11-24,6.96999979019165,7.00600004196167,6.9029998779296875,6.960000038146973,414765702
2025-11-25,7.053999900817871,7.125999927520752,7.013999938964844,7.015999794006348,604358456
2025-11-26,7.065000057220459,7.124000072479248,7.038000106811523,7.054999828338623,413929415
2025-11-27,7.050000190734863,7.1539998054504395,7.039999961853027,7.065000057220459,188542552
2025-11-28,7.135000228881836,7.144000053405762,7.041999816894531,7.047999858856201,177333175
2025-12-01,7.202000141143799,7.203000068664551,7.138000011444092,7.1519999504089355,132006252
2025-12-02,7.140999794006348,7.188000202178955,7.123000144958496,7.1539998054504395,150369654
2025-12-03,7.103000164031982,7.170000076293945,7.078000068664551,7.144999980926514,121324035
2025-12-04,7.125,7.150000095367432,7.059999942779541,7.099999904632568,122371097
2025-12-05,7.216000080108643,7.218999862670898,7.066999912261963,7.122000217437744,308526062
2025-12-08,7.2779998779296875,7.304999828338623,7.229000091552734,7.23799991607666,282808073
2025-12-09,7.223999977111816,7.289999961853027,7.210999965667725,7.25600004196167,192435582
2025-12-11,7.201000213623047,7.283999919891357,7.196000099182129,7.275000095367432,186138398
