Date,Close,High,Low,Open,Volume
,399001.SZ,399001.SZ,399001.SZ,399001.SZ,399001.SZ
1997-08-22,4242.0126953125,4278.25203678367,4168.043306358069,4190.712975119753,0
1997-08-25,4362.98095703125,4364.411116806925,4247.0423131476455,4247.662423395207,0
1997-08-26,4386.47119140625,4422.450771367314,4346.931592479886,4373.481101630793,0
1997-08-27,4408.34033203125,4411.090300962564,4339.410935002733,4373.970603147165,0
1997-08-28,4438.27001953125,4468.819969679326,4373.401118560733,4408.530607162607,0
1997-08-29,4398.6806640625,4450.690334855255,4370.770820727503,4440.020044330418,0
1997-09-01,4372.6513671875,4411.89067510732,4348.391384185418,4375.790980565851,0
1997-09-02,4398.720703125,4412.290375206911,4351.661172140776,4372.480762939978,0
1997-09-03,4490.48974609375,4492.819798122436,4404.430651351964,4404.430651351964,0
1997-09-04,4500.32958984375,4524.519260920828,4477.159926898927,4510.119519499902,0
1997-09-05,4491.2197265625,4499.039463215334,4460.490090206204,4497.3397752173,0
1997-09-08,4497.19970703125,4505.349518234239,4458.01020388805,4488.299904215547,0
1997-09-09,4436.7900390625,4514.569439396091,4436.530276353437,4492.249377447436,0
1997-09-10,4498.90966796875,4499.79979473684,4411.270510961465,4418.58048783754,0
1997-09-11,4466.0595703125,4538.868808990459,4443.059829316044,4508.83936200033,0
1997-09-12,4365.5712890625,4475.340080849674,4365.041021555946,4463.41003850379,0
1997-09-15,4241.20263671875,4356.011413194941,4235.212469238452,4356.011413194941,0
1997-09-16,4261.28271484375,4297.442469185515,4230.053081485954,4254.342850572664,0
1997-09-17,4202.22265625,4276.661758652601,4188.202794736708,4261.49200775597,0
1997-09-18,4206.392578125,4235.682287390242,4177.022791636414,4206.29248159582,0
1997-09-19,4238.91259765625,4241.722624852299,4199.772898263005,4212.56279441823,0
1997-09-22,3953.82568359375,4245.582170422403,3950.065716083116,4241.132513396961,0
1997-09-23,3698.868408203125,3936.4958688089355,3661.358819321481,3907.9361306755436,0
1997-09-24,3910.246337890625,3921.846061766968,3771.5877312983894,3784.23773640547,0
1997-09-25,3948.115478515625,4001.765021207634,3903.4060207553734,3969.3952683216494,0
1997-09-26,3935.60595703125,3961.4157274308977,3852.726999652272,3952.6658251330546,0
1997-09-29,3857.476806640625,3901.1862779283624,3814.0871559888874,3901.1862779283624,0
1997-09-30,3916.916015625,3930.2859828099513,3834.116895750466,3846.3967872747494,0
1997-10-06,3907.896240234375,3965.7456909725306,3881.0566966252786,3963.575793363034,0
1997-10-07,3924.74609375,3925.4160081239806,3853.8567507779676,3899.736364017876,0
1997-10-08,4061.174560546875,4080.974387982582,3949.8259520793595,3996.5754293485497,0
1997-10-09,4038.764892578125,4101.824245971197,4026.9849950173257,4073.834324611007,0
1997-10-10,4067.454345703125,4076.8143480655967,4027.2648553954655,4035.4547048764503,0
1997-10-13,4039.514892578125,4103.213887387767,4031.654873039517,4098.41413636652,0
1997-10-14,4038.264892578125,4041.064910089425,3977.125439674221,4027.384887312532,0
1997-10-15,4130.4833984375,4151.8635294251835,4029.1246734488454,4043.0246638316503,0
1997-10-16,4263.50244140625,4277.382658304564,4137.594172153426,4159.39373466942,0
1997-10-17,4390.19140625,4433.08057767007,4288.352206883979,4288.952297865961,0
1997-10-20,4464.5400390625,4511.769492657673,4388.710806859181,4433.980321381179,0
1997-10-21,4552.6787109375,4559.238695656645,4430.539949672067,4492.399604608315,0
1997-10-22,4572.61865234375,4750.186973896045,4520.059183062068,4588.058420634824,0
1997-10-23,4591.0087890625,4628.558174421814,4479.24978321133,4537.199331379313,0
1997-10-24,4654.078125,4655.76804761269,4552.249179310541,4574.96914148652,0
1997-10-27,4679.70703125,4755.20618047015,4646.7977341273745,4697.206834049372,0
1997-10-28,4485.849609375,4678.267373963987,4431.560178976825,4678.267373963987,0
1997-10-29,4594.73876953125,4595.508780470477,4442.390371826037,4464.440418753472,0
1997-10-30,4497.5595703125,4660.047987696581,4497.099614518354,4618.21837732198,0
1997-10-31,4523.26953125,4547.109598210213,4425.0206236521235,4451.590640727535,0
1997-11-03,4528.45947265625,4581.169336480441,4517.279909316228,4540.189811129376,0
1997-11-04,4597.728515625,4599.858862963126,4537.029485452075,4542.5094048139335,0
1997-11-05,4671.287109375,4676.927182422706,4616.447884707529,4616.447884707529,0
1997-11-06,4618.80810546875,4724.7370942223915,4617.558119475943,4706.497064242991,0
1997-11-07,4659.2578125,4667.347565536412,4606.43858056411,4619.788040246359,0
1997-11-10,4601.47802734375,4696.8470718122035,4561.078579416394,4670.177449919357,0
1997-11-11,4596.40869140625,4610.93880277113,4514.969658392036,4581.348800794414,0
1997-11-12,4546.0087890625,4629.71780593626,4542.5288478402545,4603.017911743077,0
1997-11-13,4638.51806640625,4645.5082227832345,4458.3301355846315,4517.8197061592555,0
1997-11-14,4608.828125,4677.79756530687,4591.798531088575,4649.887722488478,0
1997-11-17,4595.56884765625,4662.338122289637,4592.518588717095,4655.9978609922255,0
1997-11-18,4553.9189453125,4638.537621553603,4552.368669797266,4583.8985882604775,0
1997-11-19,4524.4296875,4578.739142396951,4501.729744517098,4554.479158161514,0
1997-11-20,4459.8701171875,4536.3995359983655,4444.060235147374,4514.579467169522,0
1997-11-21,4383.3310546875,4460.440547288654,4374.511328716105,4439.220568824896,0
1997-11-24,4248.9326171875,4356.181421674239,4246.752465708619,4356.181421674239,0
1997-11-25,4271.7919921875,4304.311647441576,4225.16263170562,4236.942773184874,0
1997-11-26,4296.86181640625,4305.111723594509,4251.492209628393,4282.6017229265435,0
1997-11-27,4185.283203125,4302.50161684608,4184.11329435293,4302.50161684608,0
1997-11-28,4268.4423828125,4273.652285344157,4131.723700659595,4148.013557103937,0
1997-12-01,4204.49267578125,4255.7821370719785,4193.892697532926,4250.092259761752,0
1997-12-02,4189.5732421875,4240.702552940198,4186.03324273225,4209.722919086784,0
1997-12-03,4155.353515625,4209.193246636758,4153.143579357288,4191.163174471155,0
1997-12-04,4213.65283203125,4224.502319453316,4118.033789643165,4150.993380100605,0
1997-12-05,4222.0625,4282.751760591478,4221.742679369012,4234.522321162683,0
1997-12-08,4209.3427734375,4250.76222926318,4205.622600452922,4231.292233494696,0
1997-12-09,4247.3125,4247.972648888447,4214.002812854332,4218.86311021794,0
1997-12-10,4280.60205078125,4304.241923236978,4252.5623251664065,4252.5623251664065,0
1997-12-11,4306.20166015625,4308.521458333795,4229.0423700681995,4294.8219050887155,0
1997-12-12,4260.66259765625,4323.922148343266,4253.09285758585,4316.092157259673,0
1997-12-15,4259.12255859375,4272.632662261815,4224.412983641705,4260.972635676344,0
1997-12-16,4284.07177734375,4290.651781222477,4252.041865319649,4264.481666359895,0
1997-12-17,4179.60302734375,4284.672161474506,4170.643166892697,4284.672161474506,0
1997-12-18,4166.2529296875,4226.0925884557355,4133.603394687495,4158.023041814183,0
1997-12-19,4150.603515625,4182.9234669205425,4130.02366749827,4163.153668334532,0
1997-12-22,4134.603515625,4177.312997398607,4073.054401465972,4132.723653902943,0
1997-12-23,4162.13330078125,4199.092845470992,4145.123238446633,4147.083177310805,0
1997-12-24,4119.73388671875,4165.533669426759,4106.394191587855,4165.533669426759,0
1997-12-25,4114.3740234375,4123.083887210975,4081.2244908976954,4114.344238613518,0
1997-12-26,4165.97314453125,4208.3125118840735,4137.613600347984,4160.123112698814,0
1997-12-29,4203.96240234375,4259.762066654357,4201.312529854372,4244.492219158443,0
1997-12-30,4172.9130859375,4222.872485673073,4159.8731933541985,4209.70271173625,0
1997-12-31,4184.79296875,4188.962843917098,4152.843619592068,4171.023103458742,0
1998-01-05,4317.091796875,4317.331540284267,4165.113518155157,4199.462742911011,0
1998-01-06,4317.66162109375,4336.271276024302,4276.452121531167,4326.661520332329,0
1998-01-07,4297.3818359375,4318.371345927112,4276.301994932742,4316.98122484538,0
1998-01-08,4285.96142578125,4333.540967273422,4257.481766524508,4298.261580020909,0
1998-01-09,4278.90234375,4304.382039275757,4218.423039629754,4275.282267046324,0
1998-01-12,4245.40283203125,4317.51189083722,4242.612824095108,4283.981991471655,0
1998-01-13,4047.904541015625,4188.073134593543,3841.696893354391,4188.073134593543,0
1998-01-14,4145.40380859375,4152.303633729039,4052.774718152329,4052.774718152329,0
1998-01-15,4200.97265625,4206.572690769441,4117.7333603448515,4174.662894281998,0
1998-01-16,4164.30322265625,4219.742540016204,4158.913146610271,4206.192887848804,0
1998-01-19,4126.67431640625,4171.513661436042,4110.084168896915,4167.81350727806,0
1998-01-20,4093.384033203125,4152.963199136176,4070.564464856417,4113.793716462101,0
1998-01-21,4062.08447265625,4106.864245499413,4056.624572755124,4084.9243052197457,0
1998-01-22,4098.994140625,4131.623658068871,4054.394542372214,4058.674523744049,0
1998-01-23,4165.23291015625,4172.772864365067,4105.803891462848,4111.323848873201,0
1998-02-09,4259.22265625,4297.122137145068,4238.662826285061,4265.302666764248,0
1998-02-10,4219.9326171875,4266.802208324509,4205.852697091378,4266.802208324509,0
1998-02-11,4235.74267578125,4242.932536791821,4200.113191370971,4209.803024427323,0
1998-02-12,4208.392578125,4254.01218188746,4201.952709196143,4236.462086435956,0
1998-02-13,4203.302734375,4232.852206095777,4194.482521262139,4214.162475287485,0
1998-02-16,4184.0830078125,4208.992884992871,4167.583192662761,4208.992884992871,0
1998-02-17,4189.11328125,4218.862948359588,4168.733138204321,4182.59333467512,0
1998-02-18,4195.88330078125,4213.082815665292,4167.863594276757,4193.423367325301,0
1998-02-19,4218.07275390625,4228.272346409801,4182.082923648617,4195.272716951235,0
1998-02-20,4173.14306640625,4240.2922144944505,4172.643072022457,4229.412453889307,0
1998-02-23,4116.76416015625,4148.343886194022,4076.764606117437,4148.343886194022,0
1998-02-24,4084.314208984375,4127.36377403293,4081.324252350338,4103.733668488026,0
1998-02-25,4035.554931640625,4086.3441581284096,4027.194917784201,4073.3843422374416,0
1998-02-26,4077.13427734375,4097.164082354006,4005.7351745017127,4021.114885097694,0
1998-02-27,4081.64404296875,4124.7734407874705,4074.6941699487934,4092.6439192741973,0
1998-03-02,3964.9755859375,4054.0146271818544,3961.105512120075,4054.0146271818544,0
1998-03-03,3994.225341796875,3994.225341796875,3919.9261240487294,3949.225845142427,0
1998-03-04,4021.164794921875,4027.044855829728,3986.215236305986,4000.104972873579,0
1998-03-05,3987.75537109375,4041.204723433514,3982.695369190895,4024.8648186107703,0
1998-03-06,3961.28564453125,3967.185480696757,3942.085664584211,3947.7157283851197,0
1998-03-09,3921.43603515625,3977.3653400288345,3916.9060566242783,3968.7455635789115,0
1998-03-10,3923.796142578125,3971.6654795031186,3838.4570104595873,3910.366117209037,0
1998-03-11,3904.836181640625,3976.1654614803774,3898.17634406516,3932.8358682807143,0
1998-03-12,3862.3466796875,3907.55637894832,3817.07741078066,3890.6063732766784,0
1998-03-13,3940.796142578125,3942.385968599372,3848.01714789501,3861.4269104670366,0
1998-03-16,3975.215576171875,3977.4655510224293,3922.816259529681,3952.5857021677057,0
1998-03-17,4043.0048828125,4048.354676563451,3987.6654131411015,3987.6654131411015,0
1998-03-18,3969.35546875,4056.164555589084,3968.6755447205524,4053.284705014087,0
1998-03-19,3963.57568359375,3996.4852267712845,3947.2057499210964,3963.785642177513,0
1998-03-20,3960.0556640625,3998.905081670303,3947.605608445186,3969.4154223230807,0
1998-03-23,3926.7060546875,3966.4956484490003,3920.596015645476,3940.105807069349,0
1998-03-24,4004.875,4007.495087798504,3921.4159752055457,3921.8161172016084,0
1998-03-25,3999.975341796875,4081.3342963390833,3984.665454206952,4061.1746094033806,0
1998-03-26,3949.765625,3994.975077345692,3947.7456281930645,3994.975077345692,0
1998-03-27,4009.2451171875,4015.1049148122265,3936.245935112081,3943.955809663738,0
1998-03-30,4091.82421875,4098.264087919537,4001.8252282784692,4022.5349569126897,0
1998-03-31,4063.24462890625,4116.703992390662,4053.5247668307106,4112.623959863437,0
1998-04-01,4088.47412109375,4090.044171827264,4040.8247536760987,4060.80450984611,0
1998-04-02,4135.45361328125,4170.093361451511,4097.574155356543,4097.574155356543,0
1998-04-03,4190.462890625,4191.223136027058,4112.304096949509,4125.353755662025,0
1998-04-06,4220.96240234375,4229.762596565808,4170.543046222699,4208.832655638742,0
1998-04-07,4204.69287109375,4240.822346929907,4189.562670432412,4227.182363857185,0
1998-04-08,4236.41259765625,4241.722596883972,4191.053241494619,4203.772825851601,0
1998-04-09,4201.49267578125,4266.632078185776,4183.63301383135,4249.442330558954,0
1998-04-10,4249.00244140625,4250.542463302253,4187.173540764178,4201.843299116586,0
1998-04-13,4291.4716796875,4317.801461229505,4266.021771046962,4266.021771046962,0
1998-04-14,4248.892578125,4304.961777328831,4243.3926394339505,4287.782281332214,0
1998-04-15,4262.4228515625,4269.602459283981,4238.693134774124,4249.022609838592,0
1998-04-16,4228.9228515625,4260.262344315033,4224.792526727749,4256.382504956133,0
1998-04-17,4141.16357421875,4220.032807962528,4123.10371792019,4220.032807962528,0
1998-04-20,4069.59423828125,4104.213722953231,4053.3146357559367,4091.5939914794303,0
1998-04-21,4093.76416015625,4119.893750009191,4067.514454462524,4067.5544930761193,0
1998-04-22,4182.59326171875,4185.433073642518,4104.944229600277,4104.944229600277,0
1998-04-23,4162.203125,4210.052683771433,4151.593381206369,4205.392580003822,0
1998-04-24,4141.54345703125,4202.662889659971,4134.213461004741,4160.4035973536575,0
1998-04-27,4076.054443359375,4136.923878772057,4069.9544140271755,4122.343963951,0
1998-04-28,4143.1435546875,4145.523410855082,4082.54437964146,4082.54437964146,0
1998-04-29,4146.32373046875,4166.543230826946,4124.933833048043,4156.863651616589,0
1998-04-30,4180.9033203125,4183.053198552478,4140.69381019164,4157.653580981415,0
1998-05-04,4250.1826171875,4252.802705177204,4191.903481483601,4199.27302826493,0
1998-05-05,4216.94287109375,4273.291847576035,4208.552828609129,4262.311990429341,0
1998-05-06,4192.42333984375,4218.133013324367,4170.91332643847,4218.133013324367,0
1998-05-07,4122.7841796875,4217.84318000136,4119.614293102449,4193.653507895687,0
1998-05-08,4180.26318359375,4180.54296561269,4104.813834325648,4109.233706638813,0
1998-05-11,4198.20263671875,4227.952301088995,4157.743132237276,4197.592780317777,0
1998-05-12,4150.013671875,4201.11319836702,4139.513789237289,4198.482856673877,0
1998-05-13,4184.27294921875,4187.352992839059,4146.443783162401,4146.443783162401,0
1998-05-14,4156.673828125,4191.403421026208,4146.663685927696,4188.7730792859575,0
1998-05-15,4205.3828125,4241.282310524311,4174.562847111013,4174.562847111013,0
1998-05-18,4179.76318359375,4249.582224809394,4170.443463893328,4226.7826758131405,0
1998-05-19,4163.533203125,4193.112948227424,4142.553458856002,4188.12277003418,0
1998-05-20,4130.04345703125,4179.973072026389,4125.353568299639,4175.873020420004,0
1998-05-21,4130.103515625,4136.763597073164,4094.7540591321836,4127.083530012324,0
1998-05-22,4141.0234375,4160.253202561686,4136.033747299523,4138.93361715965,0
1998-05-25,4170.81298828125,4175.042921210562,4117.113884764347,4144.463186765573,0
1998-05-26,4161.76318359375,4196.382910850433,4147.5431289141015,4183.272706951503,0
1998-05-27,4182.2529296875,4184.843232686442,4151.123395777117,4164.153523171986,0
1998-05-28,4162.48291015625,4197.052833353715,4157.1231072333885,4189.032904137353,0
1998-05-29,4185.02294921875,4187.443332265124,4169.933274482997,4169.933274482997,0
1998-06-01,4204.142578125,4209.382753464919,4170.903206501353,4197.0928528587165,0
1998-06-02,4197.5625,4223.462110104976,4176.642814172697,4211.662438559309,0
1998-06-03,4181.6533203125,4203.012944159179,4175.493233115113,4199.712688185246,0
1998-06-04,4156.33349609375,4194.443422330796,4150.923888498872,4179.563217307427,0
1998-06-05,4169.98291015625,4203.6426880348945,4129.713343297346,4155.063155995002,0
1998-06-08,4141.8837890625,4178.973217432212,4138.173869673966,4176.453226123417,0
1998-06-09,4039.454833984375,4142.41364371722,4010.8152616314846,4139.263776592813,0
1998-06-10,4034.0947265625,4075.104277182237,4004.0452583110145,4029.4548859323654,0
1998-06-11,3956.795654296875,4035.734709241906,3955.0656932550532,4032.084603747089,0
1998-06-12,4056.474609375,4069.8743617153837,4008.5552239329845,4047.0147543357334,0
1998-06-15,3964.07568359375,4064.0545433926654,3952.1656608440044,4064.0545433926654,0
1998-06-16,3910.556396484375,3955.985820443007,3850.8969069399127,3955.985820443007,0
1998-06-17,3907.536376953125,3948.4158025776087,3900.626297984184,3911.476274296284,0
1998-06-18,3983.25537109375,3999.4751598694447,3927.635877756021,3927.635877756021,0
1998-06-19,4021.874755859375,4023.8346947865844,3980.3154081214666,3995.0151942134203,0
1998-06-22,3974.405517578125,4020.604952243342,3971.775664167214,4018.2250960374786,0
1998-06-23,3952.215576171875,3967.845283264189,3932.6757567898,3965.6353471723487,0
1998-06-24,3980.09521484375,3981.7853814180103,3930.635809102564,3950.80574870471,0
1998-06-25,3927.216064453125,3989.3254768743955,3922.0462004285937,3983.5655315622134,0
1998-06-26,3916.885986328125,3950.7357042091057,3912.1160203132777,3930.4759217471283,0
1998-06-29,3821.096923828125,3906.806165094278,3816.7771481858344,3901.8460157937006,0
1998-06-30,3737.09814453125,3832.637116304287,3735.6482095569568,3822.537375615361,0
1998-07-01,3707.988525390625,3834.727097026814,3693.16862291198,3820.6972247677777,0
1998-07-02,3802.1474609375,3804.3473875301306,3685.0088771202795,3700.9986887043788,0
1998-07-03,3829.3271484375,3868.0667039766367,3792.8973814334295,3813.9572037156286,0
1998-07-06,3740.458251953125,3814.917381836504,3737.088172379797,3814.917381836504,0
1998-07-07,3765.73779296875,3771.7177063670883,3705.7084369581517,3727.858090872483,0
1998-07-08,3815.807373046875,3819.8571323902656,3776.3976580572726,3777.917660569447,0
1998-07-09,3811.207275390625,3833.717032816106,3802.1773473215558,3821.5272280606882,0
1998-07-10,3846.456787109375,3851.256782012117,3809.6771710118715,3817.086999875771,0
1998-07-13,3836.136962890625,3862.2968261227707,3822.67715271709,3860.656707775063,0
1998-07-14,3757.857666015625,3844.5268579154763,3756.4477697527363,3838.6868356636055,0
1998-07-15,3742.338134765625,3756.2281165332215,3722.898410221268,3746.0482984546284,0
1998-07-16,3697.80859375,3740.988040747985,3684.8485341345418,3737.1880345708237,0
1998-07-17,3652.708984375,3710.3184449104024,3647.739069478173,3697.1784557382734,0
1998-07-20,3572.389892578125,3643.2892444281892,3549.9602123275768,3643.2892444281892,0
1998-07-21,3735.998291015625,3770.887793719751,3569.3399970947066,3569.3399970947066,0
1998-07-22,3702.1884765625,3788.1174448843017,3675.2588468202885,3732.4981953648708,0
1998-07-23,3733.208251953125,3736.258266673279,3699.4786486787248,3702.4485861693734,0
1998-07-24,3795.8974609375,3817.067390037212,3737.5782893775136,3737.5782893775136,0
1998-07-27,3798.947509765625,3820.487307966486,3769.3377334452393,3808.067524971584,0
1998-07-28,3780.37744140625,3797.487356562345,3761.6076327931637,3791.7574404812194,0
1998-07-29,3753.157958984375,3814.6572708996564,3748.978074110369,3783.7577142754285,0
1998-07-30,3738.96826171875,3762.8879165150265,3725.8583006782374,3755.3181768174136,0
1998-07-31,3743.968017578125,3767.9577387447985,3733.1480705748195,3747.907914794654,0
1998-08-03,3681.56884765625,3743.728063140146,3675.638738334417,3741.058171186932,0
1998-08-04,3662.529052734375,3698.3785047821452,3617.999522111095,3666.3688534835346,0
1998-08-05,3694.32861328125,3698.208452505726,3660.1988697584648,3664.768886776019,0
1998-08-06,3644.368896484375,3718.328269185213,3641.4490074713262,3700.2884331524197,0
1998-08-07,3584.4296875,3641.729092375316,3575.689795487902,3635.769198417403,0
1998-08-10,3479.5908203125,3563.6799642035708,3454.551306488622,3563.6799642035708,0
1998-08-11,3431.001708984375,3521.740685511281,3429.071798904102,3475.6210835575507,0
1998-08-12,3385.741943359375,3442.601167035813,3293.1328776893956,3428.4013755962446,0
1998-08-13,3409.131591796875,3424.471507215379,3371.591974805631,3397.9017375893673,0
1998-08-14,3310.712890625,3404.9318052398594,3304.9329261150388,3404.9318052398594,0
1998-08-17,3060.1357421875,3275.353309053083,3054.675842233463,3275.353309053083,0
1998-08-18,3048.995849609375,3127.154885544575,2978.5566978362745,3013.3761317240997,0
1998-08-19,3217.73388671875,3222.0138679545466,3053.2257242602045,3053.2257242602045,0
1998-08-20,3281.9931640625,3282.2031226416243,3190.854051070672,3240.7936756669683,0
1998-08-21,3401.841796875,3418.9717320468253,3254.4835833693846,3289.3630756821954,0
1998-08-24,3376.042236328125,3442.2514551316012,3342.4725442488375,3393.2219754023804,0
1998-08-25,3354.642333984375,3368.0921344155977,3305.9529382718174,3368.0921344155977,0
1998-08-26,3309.4228515625,3382.832184655535,3302.1128749373215,3346.082596737732,0
1998-08-27,3230.913818359375,3283.2733402203553,3229.763928875374,3283.2733402203553,0
1998-08-28,3211.9638671875,3238.263620157987,3177.1742194892463,3214.453829411181,0
1998-08-31,3255.463623046875,3256.943586978325,3060.275862692798,3173.234561415829,0
1998-09-01,3205.744140625,3263.163419684611,3175.0044945244745,3244.1035744680057,0
1998-09-02,3188.874267578125,3230.4538809354035,3168.0046278074674,3181.2544797035534,0
1998-09-03,3198.384033203125,3223.4538202575186,3183.4442594342295,3183.4442594342295,0
1998-09-04,3242.113525390625,3261.4233673253316,3206.554109918961,3206.554109918961,0
1998-09-07,3270.013427734375,3270.633293839329,3222.633831388441,3246.4336136812512,0
1998-09-08,3254.133544921875,3315.9829511827284,3251.2336749948745,3277.983375968235,0
1998-09-09,3288.063232421875,3288.3132296189465,3234.263786784453,3241.963651626686,0
1998-09-10,3357.322509765625,3375.302288884176,3294.7030938343396,3301.5330954721826,0
1998-09-11,3337.152587890625,3381.7822152940767,3323.312899051442,3366.9222742029365,0
1998-09-14,3388.931884765625,3390.461896867718,3314.352644786793,3331.8924867307474,0
1998-09-15,3385.621826171875,3437.481350209458,3370.512132864374,3394.041897467438,0
1998-09-16,3400.802001953125,3405.7719169976513,3361.992377992415,3377.9621698481697,0
1998-09-17,3359.5625,3435.7415791025846,3348.802610650834,3406.31197681558,0
1998-09-18,3299.963134765625,3359.072581851753,3287.653213691025,3346.5827311465955,0
1998-09-21,3326.462646484375,3327.502673868199,3264.063444833764,3275.133144748636,0
1998-09-22,3311.762939453125,3347.552577481154,3298.3829624269706,3329.2327144017704,0
1998-09-23,3320.652587890625,3332.472523289345,3298.2229085580493,3317.3127817095965,0
1998-09-24,3236.853759765625,3324.3828119807204,3236.0739833139746,3313.733028519891,0
1998-09-25,3259.54345703125,3262.9233018710656,3219.323938195937,3227.393671750926,0
1998-09-28,3264.79345703125,3290.7331074731915,3239.9436381146998,3269.0133803996164,0
1998-09-29,3253.543701171875,3306.943006473076,3243.803819836362,3259.7335733709124,0
1998-09-30,3283.333251953125,3287.3131877351943,3258.183387851184,3261.9934036661125,0
1998-10-05,3268.00341796875,3285.8132769860513,3255.9835331317686,3284.293274487878,0
1998-10-06,3211.893798828125,3268.043313647813,3209.5639910533673,3266.883170449066,0
1998-10-07,3185.474365234375,3219.6939530302693,3178.504472522321,3208.514146488427,0
1998-10-08,3224.8837890625,3226.053941967291,3187.0543789330827,3188.7943496721705,0
1998-10-09,3208.90380859375,3243.923433797957,3205.4038480039126,3233.133516231797,0
1998-10-12,3186.764404296875,3218.093887855359,3172.4244768009103,3208.914058892767,0
1998-10-13,3195.164306640625,3227.1038917360784,3187.364344827112,3192.924341394796,0
1998-10-14,3185.9443359375,3206.8042099778863,3172.134431849763,3195.2643000245725,0
1998-10-15,3204.254150390625,3208.2340862828196,3166.3644380487785,3186.204303726559,0
1998-10-16,3229.583984375,3237.603670040818,3208.093990431562,3220.873876746171,0
1998-10-19,3253.613525390625,3258.3534626302376,3236.173778969069,3236.173778969069,0
1998-10-20,3226.6337890625,3268.7234056209804,3216.1038776827295,3258.0335839225586,0
1998-10-21,3120.695068359375,3223.253979597216,3117.9450991240683,3223.253979597216,0
1998-10-22,3118.315185546875,3120.025127340167,3061.865622233776,3094.2854252829775,0
1998-10-23,3141.234619140625,3216.9737558268416,3117.2448992602854,3121.454812753834,0
1998-10-26,3098.185302734375,3129.124897933793,3057.915733810181,3129.124897933793,0
1998-10-27,3087.115234375,3095.985251953166,3065.1254910830535,3095.92519403386,0
1998-10-28,3106.28515625,3111.0651318238515,3081.1553117358126,3086.175274846775,0
1998-10-29,3090.015380859375,3123.5350243219623,3077.0655749759244,3115.4149982358895,0
1998-10-30,3112.505126953125,3144.974733453652,3088.6052485470773,3088.6052485470773,0
1998-11-02,3098.415283203125,3125.8749368963313,3081.0756334653474,3119.9350619509587,0
1998-11-03,3137.1748046875,3139.0248816111575,3097.185262589562,3102.7152299157387,0
1998-11-04,3141.094482421875,3159.2043857436647,3124.584902861181,3142.404526251324,0
1998-11-05,3168.5546875,3169.6745480353343,3128.0949344548058,3146.7949208433997,0
1998-11-06,3211.823974609375,3233.5236816609454,3182.694175364612,3186.0142063738526,0
1998-11-09,3274.033203125,3274.9831436006552,3221.053819197972,3221.4236880801664,0
1998-11-10,3280.773193359375,3304.4828878769204,3246.3734334165674,3280.033211439993,0
1998-11-11,3267.50341796875,3283.983213737419,3243.983662039118,3283.983213737419,0
1998-11-12,3277.173095703125,3311.9427241074914,3266.503293853749,3271.593080348253,0
1998-11-13,3264.693359375,3286.1130409786842,3242.50366687752,3277.103132280043,0
1998-11-16,3375.402099609375,3378.772179014751,3271.5033620794175,3272.9032487289705,0
1998-11-17,3365.572509765625,3421.731794505518,3353.872445157487,3391.102009725416,0
1998-11-18,3351.202392578125,3392.141874678014,3341.8824287808607,3364.88217074321,0
1998-11-19,3308.65283203125,3343.5125484715513,3306.782979956367,3343.5125484715513,0
1998-11-20,3314.81298828125,3331.2427359906333,3301.3131394122356,3303.003061899781,0
1998-11-23,3292.39306640625,3327.242773847053,3278.4432714315394,3318.882760033038,0
1998-11-24,3297.153076171875,3319.0529777950055,3289.703208296444,3298.1730842984866,0
1998-11-25,3237.56396484375,3321.4929597953487,3235.4338616636282,3301.3730671557855,0
1998-11-26,3218.52392578125,3252.273546890566,3203.754072064009,3227.523824743734,0
1998-11-27,3195.734375,3244.3737250653157,3188.404378632197,3217.4941420618816,0
1998-11-30,3201.26416015625,3202.5441751031576,3171.5745515937037,3190.7442585613144,0
1998-12-01,3180.96435546875,3218.044018094849,3175.624327416204,3209.123952033684,0
1998-12-02,3201.3740234375,3202.624009424662,3160.844448493227,3182.4242846997086,0
1998-12-03,3179.33447265625,3210.7039940094314,3171.1243596243166,3201.41405909935,0
1998-12-04,3149.78466796875,3204.363888537945,3137.694715956945,3178.5643738108697,0
1998-12-07,3130.364990234375,3222.1439959449604,3124.8750612276854,3216.94410276608,0
1998-12-08,3147.984619140625,3155.254556918414,3121.654837104927,3126.964835985541,0
1998-12-09,3134.11474609375,3158.624480926759,3130.0249482201675,3153.3845494701745,0
1998-12-10,3088.92529296875,3139.554851690599,3085.1052674827083,3135.4447903972195,0
1998-12-11,3124.844970703125,3128.1549923158927,3059.615719003575,3080.4755933699794,0
1998-12-14,3068.4658203125,3118.925219181988,3066.415794319646,3115.495325746998,0
1998-12-15,3075.205322265625,3078.035368486429,3011.5959319367976,3056.8454218219476,0
1998-12-16,3034.49609375,3078.065674859592,3027.9060795571913,3078.065674859592,0
1998-12-17,2977.136474609375,3023.696010120235,2974.1465179662964,3023.696010120235,0
1998-12-18,2971.346435546875,3003.3560849926007,2955.8368445071756,2967.656535676361,0
1998-12-21,2977.736572265625,3001.916232309521,2958.906705646087,2970.9866480837845,0
1998-12-22,3052.595703125,3054.3957317983377,2976.2967527511837,2976.7366892314976,0
1998-12-23,3024.156005859375,3062.955619297891,3011.526264771432,3056.075813687085,0
1998-12-24,3009.926025390625,3024.2959805634164,3000.336289760532,3021.3858571237347,0
1998-12-25,3014.35595703125,3045.335832869928,3009.956104220937,3011.8960237876195,0
1998-12-28,2977.91650390625,3031.51599954543,2976.1465042552245,3011.5262338314546,0
1998-12-29,2946.237060546875,2987.936545234677,2936.1871241454455,2976.9867165564183,0
1998-12-30,2952.6767578125,2967.9666249390207,2902.397293912877,2937.4969968696996,0
1998-12-31,2949.286865234375,2970.9865721105566,2940.3768092939463,2958.8368065490877,0
1999-01-04,2888.0576171875,2945.936849258356,2887.187509782699,2945.2068769967527,0
1999-01-05,2860.367919921875,2882.1877443088492,2823.5983115199488,2882.1877443088492,0
1999-01-06,2892.447509765625,2916.7773147634994,2861.4378481153985,2861.4378481153985,0
1999-01-07,2913.08740234375,2946.1268262230024,2879.25770413639,2890.017593065241,0
1999-01-08,2981.096435546875,2984.4164666562096,2914.1472355307324,2914.1472355307324,0
1999-01-11,2973.396484375,2987.2264069293938,2945.5569537874658,2982.9864643894603,0
1999-01-12,2932.267333984375,2970.036932126181,2929.1372419531926,2970.036932126181,0
1999-01-13,2928.937255859375,2950.166999201934,2906.8176298782596,2920.927335560771,0
1999-01-14,2930.697265625,2957.96698074935,2916.4974729628434,2925.4373145752575,0
1999-01-15,2903.867431640625,2939.907067712165,2899.137504061367,2932.1771736781784,0
1999-01-18,2960.126708984375,2961.6567211194224,2882.217670764461,2901.067556985462,0
1999-01-19,2966.63671875,2982.446600396747,2942.0171212500322,2968.406718471099,0
1999-01-20,2939.876953125,2986.2865890761946,2933.0872343227174,2967.686699943453,0
1999-01-21,2953.98681640625,2955.5966615926695,2923.887057074486,2931.467049999562,0
1999-01-22,2972.756591796875,2986.276459212544,2953.5768759522734,2961.56677629018,0
1999-01-25,2934.307373046875,2985.7367312971883,2931.1072134132282,2978.986806552676,0
1999-01-26,2909.627197265625,2938.2469926620256,2896.907369579851,2924.4871376074607,0
1999-01-27,2934.1572265625,2941.7172008651373,2901.5975309981554,2907.49761169866,0
1999-01-28,2912.147216796875,2939.3370968946733,2900.717413557804,2937.1169069923703,0
1999-01-29,2920.357177734375,2940.2370819859875,2894.807659261353,2912.927329325463,0
1999-02-01,2911.4873046875,2942.2970170887984,2902.1172927858706,2917.9071544260423,0
1999-02-02,2912.557373046875,2916.667190165249,2882.1375487171545,2907.2673934032414,0
1999-02-03,2884.677734375,2918.147331168055,2880.0378936314755,2912.037536143196,0
1999-02-04,2823.6083984375,2878.3380126002685,2822.2685696317667,2878.3380126002685,0
1999-02-05,2756.63916015625,2811.51867470126,2749.0093624857204,2811.51867470126,0
1999-02-08,2702.8994140625,2765.4787856237076,2698.1294483874162,2731.349044018646,0
1999-02-09,2755.269287109375,2758.749228725667,2705.5098328924737,2705.5098328924737,0
1999-03-01,2790.648681640625,2798.438633470362,2744.129183039989,2760.519136222187,0
1999-03-02,2781.8388671875,2805.0185384375122,2751.789155925108,2791.558728701816,0
1999-03-03,2833.248291015625,2833.948234346677,2770.4089070569667,2776.89882459075,0
1999-03-04,2833.818359375,2844.518190710593,2809.568630967813,2834.2683055075554,0
1999-03-05,2867.318115234375,2893.2477576525525,2831.3683209103397,2832.468406296101,0
1999-03-08,2886.907470703125,2887.2075161564667,2849.778005507003,2867.3476321100916,0
1999-03-09,2876.747802734375,2907.107325915227,2876.057869057058,2890.127535661369,0
1999-03-10,2855.30810546875,2874.4277643555506,2840.3580776121184,2874.4277643555506,0
1999-03-11,2906.647216796875,2919.6871090930126,2848.207933135405,2848.207933135405,0
1999-03-12,2928.75732421875,2933.3671360074195,2899.8975391668273,2910.807573549417,0
1999-03-15,2926.267333984375,2944.5871975328405,2914.5074556908735,2932.687184087261,0
1999-03-16,2910.437255859375,2923.3770518155206,2892.2074803028795,2922.6370698989313,0
1999-03-17,2901.777587890625,2939.7971819850814,2900.6274542761707,2910.947407155942,0
1999-03-18,2871.077880859375,2898.427427388597,2867.1377395388204,2894.847389447919,0
1999-03-19,2902.24755859375,2904.667453394669,2862.2780350745766,2872.1177687364248,0
1999-03-22,2891.3974609375,2912.9973160250643,2882.1575744680395,2907.607239837447,0
1999-03-23,2902.767578125,2904.1574551557956,2863.8578571237636,2889.2677291359155,0
1999-03-24,2915.13720703125,2949.2569413133506,2906.0374556366996,2906.0374556366996,0
1999-03-25,2872.897705078125,2910.737368504532,2869.6077029210323,2910.737368504532,0
1999-03-26,2874.247802734375,2887.347509373828,2862.3778186351856,2868.857726450091,0
1999-03-29,2906.84716796875,2907.307367867598,2863.1276893024715,2869.9677002128237,0
1999-03-30,2868.258056640625,2922.327522100114,2864.298139858053,2908.827672629764,0
1999-03-31,2872.11767578125,2878.8575903904925,2849.6479571993373,2863.2979505241233,0
1999-04-01,2877.147705078125,2888.397579069729,2859.4279328518965,2870.8877654292814,0
1999-04-02,2908.857177734375,2911.757291602239,2876.217652240954,2883.4775803568455,0
1999-04-05,2942.587158203125,2943.307120842177,2911.927345363953,2914.3672594415,0
1999-04-06,2928.787353515625,2948.0071095321787,2920.837491144497,2946.8372007251755,0
1999-04-07,2949.376708984375,2954.086861037138,2925.507104653753,2928.957016987635,0
1999-04-08,2983.806640625,2984.6164460005343,2938.7270678237783,2956.9568439441114,0
1999-04-09,2956.106689453125,2987.376357762036,2952.6467673776274,2983.696467454107,0
1999-04-12,2930.6171875,2956.4870158993913,2914.3673688987437,2954.0270824224344,0
1999-04-13,2903.527587890625,2948.4770363842395,2897.18757090162,2927.577367765472,0
1999-04-14,2906.1171875,2917.387080163421,2887.4674951002175,2902.837439264646,0
1999-04-15,2864.2080078125,2907.7375510482325,2863.2280382863205,2905.6574961496162,0
1999-04-16,2854.078125,2885.607556841608,2837.358097518666,2860.5880618161345,0
1999-04-19,2846.778076171875,2868.6577131753365,2832.8082624140634,2849.207980513489,0
1999-04-20,2876.77783203125,2877.5976470661763,2846.2281254304667,2847.168056307318,0
1999-04-21,2829.328369140625,2886.2977007844274,2829.2482919138993,2878.227722950857,0
1999-04-22,2819.728515625,2824.4884722256693,2739.589518136187,2816.8584304940846,0
1999-04-23,2889.237548828125,2903.1172756532815,2821.758326724774,2821.758326724774,0
1999-04-26,2855.14794921875,2911.0174405747084,2854.4379962339085,2899.187494964842,0
1999-04-27,2777.458740234375,2845.6379047712944,2771.6487470105567,2842.617919218784,0
1999-04-28,2746.029296875,2812.328603001432,2741.4092314426484,2773.8390439368886,0
1999-04-29,2786.308837890625,2786.688716442576,2741.9492279863944,2747.259227025558,0
1999-04-30,2793.4287109375,2804.7586623146867,2774.098849055063,2784.948825332966,0
1999-05-04,2786.19873046875,2805.348418029638,2777.108744531391,2793.1786326509296,0
1999-05-05,2785.228759765625,2795.9786391530074,2758.4190019747903,2785.2487790722603,0
1999-05-06,2811.338623046875,2812.758529015318,2781.9988638361515,2786.298864493336,0
1999-05-07,2766.178955078125,2818.56850456697,2761.019100805108,2815.818535391136,0
1999-05-10,2640.9501953125,2729.789281258423,2621.7104220680753,2729.789281258423,0
1999-05-11,2682.25,2690.7999531065925,2637.9604567838387,2637.9604567838387,0
1999-05-12,2679.81005859375,2701.1496632173535,2658.9802138829014,2679.550051741698,0
1999-05-13,2648.580322265625,2681.4698449778393,2641.3802079234956,2681.3997774064233,0
1999-05-14,2571.0712890625,2644.490388283919,2568.231232994416,2644.090490420984,0
1999-05-17,2547.261474609375,2589.6909304550277,2521.0518075815553,2554.4213064299056,0
1999-05-18,2534.691650390625,2585.991126045606,2530.4817364908295,2546.771593545454,0
1999-05-19,2662.250244140625,2662.6701613176074,2527.1716772695836,2533.2416777180206,0
1999-05-20,2751.94921875,2759.279214939156,2660.93021664339,2672.1600715830655,0
1999-05-21,2774.52880859375,2787.798678664148,2740.8990604183214,2761.0790089093057,0
1999-05-24,2885.40771484375,2886.0578540668453,2753.979251102299,2781.6488639407276,0
1999-05-25,2839.968017578125,2929.8769171745635,2815.1582383807695,2900.3074259539094,0
1999-05-26,2993.6064453125,2995.7365484661955,2810.428560300077,2826.858308372769,0
1999-05-27,3180.08447265625,3180.6843194483877,3015.6861688589256,3019.6460854110105,0
1999-05-28,3184.724365234375,3221.524002188297,3131.3050412468356,3214.454012958675,0
1999-05-31,3270.3134765625,3352.522516920063,3180.2344071463194,3201.5542367654375,0
1999-06-01,3377.97216796875,3379.1721056982997,3239.393642272296,3277.52334207674,0
1999-06-02,3338.652587890625,3515.0107221822773,3326.9928062332287,3403.6518606657078,0
1999-06-03,3290.833251953125,3361.812437284564,3262.163407108604,3316.982861358459,0
1999-06-04,3352.602294921875,3381.402020776352,3298.2530509041903,3298.2530509041903,0
1999-06-07,3471.481201171875,3474.3212573047826,3336.3826141980103,3368.692311502337,0
1999-06-08,3445.481201171875,3507.080604821207,3434.4312768372265,3498.580700584997,0
1999-06-09,3481.870849609375,3496.3606772849075,3399.8917888493675,3441.7914652686018,0
1999-06-10,3533.070556640625,3641.8093296042566,3518.450603115462,3637.4492709908395,0
1999-06-11,3578.589599609375,3593.0196129559163,3518.3903260842367,3521.0804813487703,0
1999-06-14,3702.1884765625,3706.67841646177,3605.76963560452,3606.1395045049276,0
1999-06-15,3592.379638671875,3904.5860986775388,3538.8204248058005,3833.906959598503,0
1999-06-16,3771.247802734375,3772.0778715629667,3620.929417875252,3628.989386200877,0
1999-06-17,3882.826416015625,3895.476175986455,3723.4580925169876,3829.8768166503282,0
1999-06-18,3885.04638671875,3931.275847172706,3829.866831627958,3912.66594908536,0
1999-06-21,4008.22509765625,4012.0551328564243,3910.3460676748373,3910.3460676748373,0
1999-06-22,4032.304931640625,4037.0448687827666,3916.316240600413,4029.794949989409,0
1999-06-23,4176.02294921875,4194.673130499295,4051.164487448092,4057.5345331331373,0
1999-06-24,4404.57080078125,4407.090792097058,4200.352872492711,4200.352872492711,0
1999-06-25,4364.17138671875,4697.757498171618,4347.341496893404,4498.639608796074,0
1999-06-28,4705.52734375,4706.787095257091,4438.480043553674,4438.480043553674,0
1999-06-29,4849.60595703125,4885.505458162008,4715.6772780375395,4834.305835056734,0
1999-06-30,4702.71728515625,4895.98513745975,4627.778184086856,4895.98513745975,0
1999-07-01,4409.43017578125,4669.717274890714,4282.521452970273,4669.717274890714,0
1999-07-02,4486.81982421875,4545.208818171344,4280.452020217409,4426.8302622694955,0
1999-07-05,4318.46142578125,4523.199368367768,4310.071871254455,4509.999320813503,0
1999-07-06,4027.02490234375,4290.211647778447,4011.434989305348,4265.82227288554,0
1999-07-07,4189.84326171875,4193.212852926791,3997.5653835824255,4020.1549746052915,0
1999-07-08,4196.67333984375,4236.692912373933,4148.7637187231985,4166.813321804551,0
1999-07-09,4187.212890625,4233.292452898636,4132.863889676055,4178.823336106863,0
1999-07-12,4034.554931640625,4191.8729947159,4000.4652253772756,4191.8729947159,0
1999-07-13,3848.166748046875,3994.1350796023335,3820.7471340797324,3994.1350796023335,0
1999-07-14,3972.505615234375,3973.0356386027893,3852.6768774275447,3852.6768774275447,0
1999-07-15,3931.916015625,3989.475430902239,3916.636157104447,3980.6254321585698,0
1999-07-16,3844.786865234375,3927.215870426874,3830.5968391741153,3925.475899748632,0
1999-07-19,3657.12890625,3792.5175245511773,3640.629091299595,3756.3179793663508,0
1999-07-20,3962.755615234375,3963.795642635254,3628.5093630713914,3634.9492322686633,0
1999-07-21,4123.2138671875,4170.443810187283,4020.015308933085,4065.8346231043342,0
1999-07-22,3916.615966796875,4120.263828306417,3916.615966796875,4120.263828306417,0
1999-07-23,3990.17529296875,4046.0945887190164,3908.6161475874696,3908.6161475874696,0
1999-07-26,4026.06494140625,4040.244713972484,3964.295614828147,3998.575259562181,0
1999-07-27,3996.615234375,4037.714872582789,3972.6755605878034,4024.2650717647994,0
1999-07-28,4021.634765625,4060.4543980103927,3991.015236458714,3993.445140809666,0
1999-07-29,4029.784912109375,4079.0841642485775,4005.4851356342683,4052.964583951166,0
1999-07-30,4045.304931640625,4059.1746498314583,4006.955262160199,4038.8748276517817,0
1999-08-02,4134.103515625,4161.723322904384,4058.874379264961,4075.0941679739067,0
1999-08-03,4119.97412109375,4156.793535127017,4085.974499865423,4151.243792266247,0
1999-08-04,4164.943359375,4171.953046108395,4122.653796266937,4122.653796266937,0
1999-08-05,4144.41357421875,4195.1029482796575,4125.6540185617505,4182.853085387341,0
1999-08-06,4107.89404296875,4160.723530817828,3984.08536771758,4141.693958283334,0
1999-08-09,4046.154541015625,4092.484099182118,4032.5946346052538,4089.424074931144,0
1999-08-10,3968.935546875,4034.6748011358923,3959.5757883794545,4034.6748011358923,0
1999-08-11,3926.99609375,4001.815324839764,3906.656233473942,3944.475878610048,0
1999-08-12,3933.01611328125,3985.9054149040317,3905.456362624671,3928.9661097055896,0
1999-08-13,3919.60595703125,3977.145350981288,3908.6561286251927,3941.5659159016527,0
1999-08-16,3882.766357421875,3925.485847310138,3861.1064449577407,3925.485847310138,0
1999-08-17,3952.16552734375,4048.8744009981456,3887.47631322846,3887.47631322846,0
1999-08-18,3951.065673828125,3971.2854171404815,3893.476233587021,3959.565578238395,0
1999-08-19,4162.43310546875,4200.402892717934,3965.3054425980395,3974.7753066568375,0
1999-08-20,4146.82373046875,4215.77266623141,4133.893699323915,4181.453225912804,0
1999-08-23,4177.52294921875,4206.092941141607,4128.443910079326,4140.543383688985,0
1999-08-24,4189.6630859375,4225.282804602666,4174.073416608625,4188.353042000849,0
1999-08-25,4116.1943359375,4203.033211373477,4092.2444076834026,4196.623126600392,0
1999-08-26,4146.11376953125,4150.813423982769,4084.3044024606675,4097.15435635164,0
1999-08-27,4149.1337890625,4185.093347977306,4129.583714660768,4153.113725036138,0
1999-08-30,4140.20361328125,4185.103012573459,4134.393619782495,4155.75324375115,0
1999-08-31,4154.15380859375,4168.763508738033,4102.174408544965,4150.74369042231,0
1999-09-01,4062.28466796875,4159.773324287785,4051.86461843341,4158.203517617083,0
1999-09-02,4094.51416015625,4103.523824785256,3975.585317536356,4046.654589227702,0
1999-09-03,4026.044921875,4104.424169533831,4016.3448353825124,4101.924197579662,0
1999-09-06,3962.755615234375,3999.035237735029,3951.845581316424,3991.7953286803204,0
1999-09-07,3975.32568359375,4016.9751204073013,3960.8856594480326,3960.8856594480326,0
1999-09-08,4007.4150390625,4035.3846962344755,3978.645342030597,3979.0454840295047,0
1999-09-09,4262.54248046875,4264.262676198528,4061.134806302659,4061.134806302659,0
1999-09-10,4210.66259765625,4318.341562219796,4194.242860477272,4308.75133806337,0
1999-09-13,4216.91259765625,4235.882599433803,4181.372957765874,4224.212320355136,0
1999-09-14,4208.74267578125,4249.012242137064,4206.942891347708,4228.962174802678,0
1999-09-15,4172.2431640625,4227.122430308442,4157.59342630802,4217.602517733063,0
1999-09-16,4146.7333984375,4182.933188807282,4138.863857562514,4169.533436357554,0
1999-09-17,4146.263671875,4187.74318828772,4117.413896978348,4148.423803958317,0
1999-09-20,4101.083984375,4159.813307557974,4093.2342187122404,4153.613669911716,0
1999-09-21,4073.454345703125,4093.4441118970067,4051.724608776042,4091.464153619153,0
1999-09-22,4065.784423828125,4106.713651737815,4056.554547000762,4075.304336461204,0
1999-09-23,4051.544677734375,4099.304152206582,4039.4246963889527,4075.214334317273,0
1999-09-24,4075.67431640625,4122.063689346632,4062.2745641618994,4068.1643907642197,0
1999-09-27,4032.0947265625,4120.513902139622,4022.815045353765,4099.8642311057565,0
1999-09-28,4004.505126953125,4040.724691351178,3991.925189947774,4032.4447549372576,0
1999-09-29,3994.71533203125,4066.374442690097,3987.125329028811,4016.3151881101776,0
1999-09-30,3967.795654296875,4026.5650156959637,3960.905594736864,3999.1851953573723,0
1999-10-08,3871.746826171875,3967.2257409924596,3868.0867107727295,3963.0358463499747,0
1999-10-11,3827.777099609375,3888.7563955544306,3821.867009703148,3866.1965902060006,0
1999-10-12,3855.766845703125,3868.626564861128,3828.2471345946383,3832.6670069346255,0
1999-10-13,3767.0078125,3884.7064440149306,3764.827905300863,3869.406566731615,0
1999-10-14,3753.39794921875,3835.947074505488,3719.1883710104576,3752.5979093412943,0
1999-10-15,3851.44677734375,3861.076796248919,3769.8278200543236,3769.8278200543236,0
1999-10-18,3759.36767578125,3883.076490996355,3753.7478658726886,3881.1163079407993,0
1999-10-19,3654.89892578125,3728.858056742315,3652.3889441828783,3728.858056742315,0
1999-10-20,3698.33837890625,3707.9984267481814,3627.8294045549414,3648.4290268951822,0
1999-10-21,3614.03955078125,3695.3384437941163,3598.699634910337,3695.3384437941163,0
1999-10-22,3727.48828125,3776.7677586143736,3601.569769668347,3604.8197332685995,0
1999-10-25,3651.30908203125,3736.1279534686973,3645.4690597423473,3731.3880164786447,0
1999-10-26,3701.718505859375,3729.2181975310614,3653.929002615863,3655.6589636881777,0
1999-10-27,3836.136962890625,3857.466802099096,3755.788009367396,3773.5278008975342,0
1999-10-28,3764.707763671875,3851.456790432891,3756.717863076347,3845.886784563518,0
1999-10-29,3741.96826171875,3790.1376461819978,3715.618458039563,3764.048093505516,0
1999-11-01,3703.3984375,3758.8079727765353,3698.788625880809,3742.5781741947876,0
1999-11-02,3718.768310546875,3776.0874912827176,3707.67834715562,3711.498372630204,0
1999-11-03,3704.30859375,3741.068191652826,3679.4687841701857,3722.1482376206195,0
1999-11-04,3667.178955078125,3694.67864750735,3654.7191334977097,3693.8786076272845,0
1999-11-05,3697.118408203125,3747.2880110140427,3659.868826367485,3659.868826367485,0
1999-11-08,3785.4375,3797.857282499252,3700.868380681741,3711.5184076507,0
1999-11-09,3758.06787109375,3811.2772340196684,3754.6477435163956,3795.0174069956574,0
1999-11-10,3711.75830078125,3751.7078026206145,3671.0588073774247,3751.7078026206145,0
1999-11-11,3702.298583984375,3737.6580508751217,3678.2588144150886,3709.598306839736,0
1999-11-12,3705.118408203125,3728.9181904314223,3692.3385220636715,3696.688570991648,0
1999-11-15,3678.958740234375,3707.398362688378,3643.149083248297,3702.838355235413,0
1999-11-16,3622.78955078125,3728.6482298449196,3610.9095567269856,3699.908561114849,0
1999-11-17,3689.378662109375,3690.5986191692427,3607.099552971982,3618.2796037223484,0
1999-11-18,3746.028076171875,3788.7075293847984,3660.1789408663903,3697.3784750393047,0
1999-11-19,3695.888427734375,3775.497641164617,3691.4485361870006,3775.497641164617,0
1999-11-22,3660.198974609375,3692.798706958054,3639.9992497925,3692.798706958054,0
1999-11-23,3676.548828125,3687.1185337261018,3646.579193753622,3658.2389750120647,0
1999-11-24,3630.809326171875,3678.298783132404,3622.329440926387,3674.0986349846708,0
1999-11-25,3598.519775390625,3624.159380949224,3576.639893369246,3624.159380949224,0
1999-11-26,3597.509765625,3611.7395867549817,3591.0198480616345,3598.9496909076515,0
1999-11-29,3545.860107421875,3595.859546281925,3542.370156354959,3595.3895808531865,0
1999-11-30,3533.9404296875,3562.6300500082875,3525.7205509787455,3542.100250474655,0
1999-12-01,3559.810302734375,3582.5300194550473,3519.2607072079286,3530.3106325095514,0
1999-12-02,3524.820556640625,3566.3799047708094,3517.4505221497097,3559.7901349623166,0
1999-12-03,3522.650390625,3543.1901990754945,3506.220643450406,3522.650390625,0
1999-12-06,3492.4609375,3528.1004314572792,3479.3509767105006,3528.1004314572792,0
1999-12-07,3499.791015625,3540.230505670705,3481.1010386840735,3491.6609794143046,0
1999-12-08,3486.100830078125,3506.1506542437132,3467.1811202024915,3497.5008488228696,0
1999-12-09,3457.291259765625,3485.4208267402164,3449.6612184823675,3485.4208267402164,0
1999-12-10,3516.350341796875,3518.170389684935,3447.3711371841027,3456.25116425753,0
1999-12-13,3484.850830078125,3532.560500367507,3480.0610888455685,3516.7906576040764,0
1999-12-14,3498.36083984375,3498.750972206304,3469.1812340209594,3479.3112478629205,0
1999-12-15,3595.879638671875,3632.479326316445,3495.340725906652,3495.340725906652,0
1999-12-16,3535.79052734375,3595.269842486496,3529.360423488602,3594.5598894904156,0
1999-12-17,3481.23095703125,3544.210230816671,3476.0510835134014,3532.1102689327286,0
1999-12-21,3415.57177734375,3463.1911159989945,3394.901843289342,3463.1911159989945,0
1999-12-22,3399.31201171875,3442.151375495942,3392.111897076431,3407.5018613658144,0
1999-12-23,3357.33251953125,3399.6418601760656,3346.592405431235,3395.522033265769,0
1999-12-24,3326.052734375,3385.881896442927,3322.5327543751823,3351.272421846299,0
1999-12-27,3299.85302734375,3346.9926374291135,3290.18321349779,3307.612950417216,0
1999-12-28,3304.8232421875,3368.2124276605823,3284.753397706822,3303.0930368785293,0
1999-12-29,3342.3623046875,3364.3520475630557,3285.2831127770955,3304.7929030804594,0
1999-12-30,3369.572509765625,3381.092156620146,3353.282652465189,3355.662508723277,0
2000-01-04,3497.02099609375,3512.260816095956,3360.1724270663626,3374.0724182847534,0
2000-01-05,3486.2509765625,3589.139716300103,3468.651076108378,3500.0906652425288,0
2000-01-06,3655.158935546875,3663.1788650841117,3454.3113358018736,3475.4209622057306,0
2000-01-07,3827.9970703125,3848.016865124258,3701.4384323223653,3701.4384323223653,0
2000-01-10,3921.43603515625,3929.01602833656,3832.157006358882,3881.7064999138984,0
2000-01-11,3716.73828125,3931.0359229923106,3691.518593825549,3924.6658773559784,0
2000-01-12,3605.77978515625,3768.0977959837805,3585.429914845542,3699.2487116392685,0
2000-01-13,3580.939697265625,3637.639010607726,3552.0100910639353,3604.23948398656,0
2000-01-14,3542.7802734375,3609.1494009811145,3524.4704205124935,3582.1196753005347,0
2000-01-17,3594.609619140625,3597.729701362741,3495.9608223103914,3535.470389309741,0
2000-01-18,3571.929931640625,3633.0693830250143,3558.820215310956,3601.8395084826684,0
2000-01-19,3603.81982421875,3640.0493997162694,3559.9001491336594,3560.5502883508316,0
2000-01-20,3668.799072265625,3670.148910690626,3603.949699597988,3608.129584509264,0
2000-01-21,3702.048583984375,3744.2280427483583,3644.0392245654325,3687.148604544634,0
2000-01-24,3734.688232421875,3736.3881645911333,3646.1291637817485,3709.148478854378,0
2000-01-25,3726.018310546875,3803.7274007954866,3702.608416592245,3752.4879846714266,0
2000-01-26,3737.9482421875,3754.058169682323,3700.61858098653,3718.0883565748586,0
2000-01-27,3844.9267578125,3855.3067681053403,3754.0579060349496,3782.847377393762,0
2000-01-28,3952.365478515625,3952.365478515625,3869.3764212673505,3889.096170275564,0
2000-02-14,4322.32177734375,4323.301746852749,4096.414147592259,4102.604019772415,0
2000-02-15,4394.64111328125,4578.569245467676,4343.531817866864,4442.0707620795765,0
2000-02-16,4457.3603515625,4474.970018080673,4329.0917652509925,4425.800645603756,0
2000-02-17,4313.921875,4685.437731493769,4256.212072451013,4564.538695608302,0
2000-02-18,4356.55126953125,4360.381304729305,4095.624018216546,4274.052194178962,0
2000-02-21,4344.44140625,4437.800220251167,4275.251754200098,4389.370588781113,0
2000-02-22,4186.6533203125,4395.860938900068,4174.913217383139,4341.801485571832,0
2000-02-23,4072.42431640625,4164.6535070715845,4039.8248283502603,4134.82376335574,0
2000-02-24,4221.79248046875,4222.612783765963,4056.854389463539,4056.854389463539,0
2000-02-25,4262.7724609375,4296.492301123139,4189.323569990268,4254.622649145575,0
2000-02-28,4481.68994140625,4505.999238922828,4244.682347169832,4274.61218708213,0
2000-02-29,4484.10986328125,4562.328712555222,4369.430973717775,4523.8994560708425,0
2000-03-01,4427.150390625,4510.329142378217,4398.81037741407,4468.919940255934,0
2000-03-02,4443.47021484375,4505.589635764999,4375.83083626176,4409.100482889789,0
2000-03-03,4488.2197265625,4581.558524399971,4462.300095131216,4462.329879953711,0
2000-03-06,4316.0615234375,4552.219034725853,4311.841844135364,4519.939611098808,0
2000-03-07,4399.90087890625,4401.600566886502,4261.922444972453,4278.001854589712,0
2000-03-08,4498.169921875,4515.629687599009,4373.781175917253,4411.9306517207815,0
2000-03-09,4548.638671875,4606.658037446705,4474.279646724153,4528.8088172602465,0
2000-03-10,4463.6103515625,4587.399009398832,4450.26040286415,4559.478910773311,0
2000-03-13,4495.86962890625,4520.739467887722,4451.470223235693,4462.269907112714,0
2000-03-14,4371.51123046875,4417.750460087816,4239.882817895772,4377.131284882371,0
2000-03-15,4333.84130859375,4415.420467590178,4326.841387459818,4365.500619866281,0
2000-03-16,4131.49365234375,4304.551767911851,4100.7337437971555,4304.551767911851,0
2000-03-17,4314.95166015625,4327.931495213592,4114.23369392984,4114.373829078674,0
2000-03-20,4367.68115234375,4370.631314675158,4231.74273064968,4252.122385629537,0
2000-03-21,4391.12109375,4406.821114482351,4350.271450331165,4362.041338984313,0
2000-03-22,4439.0400390625,4479.849639784865,4384.630981546929,4394.18067908971,0
2000-03-23,4492.3798828125,4492.859857907846,4381.910904688041,4446.400417091811,0
2000-03-24,4461.6103515625,4580.629042495275,4455.600164747603,4515.329478461624,0
2000-03-27,4571.60888671875,4574.178682117842,4461.619885844834,4461.619885844834,0
2000-03-28,4591.06884765625,4635.608389335352,4546.319347384305,4615.418673392345,0
2000-03-29,4559.80859375,4629.497751585979,4510.599186112756,4612.828017141976,0
2000-03-30,4580.7685546875,4584.728471304256,4539.279272956007,4566.379067302073,0
2000-03-31,4532.25927734375,4578.558563275488,4487.9995193415725,4578.558563275488,0
2000-04-03,4508.02978515625,4551.029305440358,4506.349628119349,4523.8596866779935,0
2000-04-04,4413.7001953125,4514.958818323854,4403.270137225194,4514.958818323854,0
2000-04-05,4442.17041015625,4444.640109029002,4381.800969818315,4398.400881359822,0
2000-04-06,4527.61962890625,4528.759752960459,4436.120645280394,4444.950625321644,0
2000-04-07,4556.8388671875,4569.138533490004,4513.089359418369,4553.288614163065,0
2000-04-10,4546.388671875,4589.878415817055,4522.6389397002395,4556.7586721202215,0
2000-04-11,4595.0185546875,4619.348361349444,4511.889599397386,4556.9091166173785,0
2000-04-12,4538.5986328125,4616.717867538943,4499.309037578436,4609.1481288304985,0
2000-04-13,4601.41845703125,4615.418299557803,4528.538905703445,4537.408923118951,0
2000-04-14,4619.13818359375,4645.827825940424,4585.548716216416,4624.398378559095,0
2000-04-17,4544.4287109375,4626.97758432157,4495.359440310558,4615.068050714309,0
2000-04-18,4569.0185546875,4577.988668876472,4501.839621010755,4543.728799404522,0
2000-04-19,4574.19873046875,4611.598213623461,4567.948800520577,4586.848491028696,0
2000-04-20,4587.87890625,4600.858741669133,4573.998690267616,4580.658772091225,0
2000-04-21,4559.298828125,4615.698096256308,4551.439053227291,4598.558152277041,0
2000-04-24,4533.45849609375,4575.688487258733,4518.698897387166,4554.788332996571,0
2000-04-25,4528.86962890625,4558.459144065523,4495.09021886939,4535.829512554439,0
2000-04-26,4554.798828125,4593.308160282907,4536.518760450814,4540.458657508963,0
2000-04-27,4553.89892578125,4612.198074114699,4539.419108331808,4571.8284114242615,0
2000-04-28,4683.1171875,4685.327123552453,4531.669185853303,4556.868609125727,0
2000-05-08,4651.59814453125,4721.507522907413,4641.168573079925,4708.477394454695,0
2000-05-09,4554.0087890625,4649.677633887134,4523.909030272641,4646.9379186374,0
2000-05-10,4438.77001953125,4535.609264989342,4428.000120842358,4535.609264989342,0
2000-05-11,4367.3310546875,4468.550137870292,4355.451304694315,4419.670801544035,0
2000-05-12,4378.4013671875,4423.450669483195,4347.851414913164,4368.591417994736,0
2000-05-15,4296.87158203125,4392.410546279548,4275.8117603606825,4370.070953850162,0
2000-05-16,4346.0712890625,4353.701086154205,4296.461494866198,4296.461494866198,0
2000-05-17,4357.041015625,4405.400825232807,4314.141594042921,4349.771077565887,0
2000-05-18,4439.34033203125,4439.890130550594,4341.461059039074,4361.520892582778,0
2000-05-19,4479.31982421875,4482.389613970472,4417.900591947451,4447.479849680804,0
2000-05-22,4573.37890625,4620.498006931002,4484.58986255061,4494.68984698172,0
2000-05-23,4547.44873046875,4606.517888721101,4517.419283875009,4594.438435065346,0
2000-05-24,4616.04833984375,4648.217901014964,4549.779063362082,4549.899179202773,0
2000-05-25,4677.2373046875,4690.647309743924,4635.467756094732,4638.137647867545,0
2000-05-26,4662.24755859375,4722.777153724304,4630.348013722783,4697.967373153998,0
2000-05-29,4701.17724609375,4718.587207051515,4660.997521019329,4675.057421899373,0
2000-05-30,4639.96826171875,4736.667378374142,4616.218526641755,4721.967347037216,0
2000-05-31,4643.1083984375,4666.938210926021,4614.238603068344,4629.258455169798,0
2000-06-01,4695.41748046875,4703.177158944568,4664.957373348379,4664.957373348379,0
2000-06-02,4728.8271484375,4728.887206361503,4664.947977985174,4700.047684220674,0
2000-06-05,4721.08740234375,4781.716607930223,4698.047620634776,4744.326888853278,0
2000-06-06,4824.73583984375,4826.885718036599,4727.676871572959,4727.676871572959,0
2000-06-07,4826.1357421875,4874.995056761291,4800.176072786309,4856.355617651314,0
2000-06-08,4760.28662109375,4834.535790946668,4739.897200621329,4832.465989869448,0
2000-06-09,4731.33740234375,4796.276619952739,4708.867437944944,4767.316981792562,0
2000-06-12,4737.82666015625,4742.676703329253,4690.107469650102,4718.766815672391,0
2000-06-13,4789.96630859375,4789.96630859375,4729.956727588027,4742.1270012763425,0
2000-06-14,4766.4267578125,4799.476193464905,4759.336993227905,4792.136431671817,0
2000-06-15,4793.56640625,4795.306132850467,4742.566977688233,4769.156523507776,0
2000-06-16,4757.11669921875,4811.466188812515,4746.766717358172,4801.406242769514,0
2000-06-19,4752.86669921875,4792.626507894202,4737.297049349119,4755.496552582122,0
2000-06-20,4733.876953125,4773.476117289293,4715.357141810728,4751.916789366849,0
2000-06-21,4788.55615234375,4789.706041789742,4741.136762349302,4754.246478585153,0
2000-06-22,4764.716796875,4817.096094602284,4759.856987878602,4807.926275155648,0
2000-06-23,4808.255859375,4814.215753131885,4742.326426757975,4762.496121277835,0
2000-06-26,4823.765625,4840.755668477026,4811.796032926319,4822.795909333102,0
2000-06-27,4816.32568359375,4840.035377720618,4791.526157981006,4834.175580381013,0
2000-06-28,4824.6259765625,4854.105625860716,4808.236023966339,4816.356049934527,0
2000-06-29,4846.7255859375,4848.005845058316,4800.786158255629,4835.066048353237,0
2000-06-30,4830.61572265625,4869.04546725807,4817.8561001934495,4852.915765419858,0
2000-07-03,4739.31689453125,4806.41623866006,4730.456642469619,4806.41623866006,0
2000-07-04,4746.28662109375,4757.6365914766975,4704.877417468599,4721.297155220277,0
2000-07-05,4735.20654296875,4771.546466547435,4730.656789419457,4759.826383434782,0
2000-07-06,4703.47705078125,4738.816986588727,4701.347191848271,4735.917116757694,0
2000-07-07,4752.9765625,4765.02672053406,4709.4374992584135,4710.317372218314,0
2000-07-10,4723.33740234375,4770.196742457205,4697.90751047816,4762.906784784479,0
2000-07-11,4804.015625,4807.4955662078255,4713.15678679411,4730.96664445588,0
2000-07-12,4804.95556640625,4834.675446013965,4785.716037331666,4806.745585277591,0
2000-07-13,4839.07568359375,4850.415888611022,4786.656348832318,4811.276190269601,0
2000-07-14,4834.5556640625,4854.4553433149995,4811.115985433713,4849.945628247497,0
2000-07-17,4770.52685546875,4851.295973894702,4767.846709588701,4840.6662096737755,0
2000-07-18,4795.54638671875,4805.006241704261,4760.506740106269,4772.756602905716,0
2000-07-19,4794.04638671875,4826.425906761632,4771.146740935188,4807.466158242992,0
2000-07-20,4801.5859375,4809.375888631289,4754.176316399106,4799.095731233887,0
2000-07-21,4797.56640625,4821.0158507540555,4792.496150513819,4808.716183766921,0
2000-07-24,4774.3369140625,4801.046577249915,4762.116835443959,4800.676464188307,0
2000-07-25,4781.0361328125,4792.106320948206,4762.306362757033,4771.666609165002,0
2000-07-26,4819.56591796875,4827.885648626605,4786.886109693642,4786.886109693642,0
2000-07-27,4855.68603515625,4905.455010884418,4835.526103931615,4841.876130708799,0
2000-07-28,4852.65576171875,4885.385376631061,4842.396110683595,4854.265607019669,0
2000-07-31,4894.0751953125,4894.615228340549,4837.445945288012,4858.275790655622,0
2000-08-01,4904.974609375,4926.40454409213,4896.685151841388,4900.484913785581,0
2000-08-02,4899.08544921875,4927.404957312559,4871.495425169358,4910.915395288454,0
2000-08-03,4916.5849609375,4934.634563065519,4897.83517135475,4905.755004350381,0
2000-08-04,4915.9150390625,4957.694355291522,4879.475018374463,4926.884642503173,0
2000-08-07,4950.734375,4952.14451539495,4888.545132824531,4921.874836203776,0
2000-08-08,4989.39453125,4996.524334519018,4956.1849408145135,4956.1849408145135,0
2000-08-09,5022.82373046875,5026.7138236984465,4983.444287896265,4985.444265537641,0
2000-08-10,5036.4931640625,5047.423216923892,5007.953445958932,5034.293481768974,0
2000-08-11,5017.95361328125,5062.2333912153035,5007.61388523578,5051.423453587863,0
2000-08-14,5013.1240234375,5041.613450419237,5005.394129551818,5022.803602515875,0
2000-08-15,4980.08447265625,5022.723644501528,4958.4943819446335,5006.843939181782,0
2000-08-16,4999.404296875,5007.9344753363075,4974.0144428504145,4988.914667574241,0
2000-08-17,5011.85400390625,5023.013546844524,4999.95374661062,5006.273988299224,0
2000-08-18,5006.82373046875,5022.613592445376,4991.194022945966,5014.933991073356,0
2000-08-21,5021.19384765625,5022.003897191163,4985.734283265409,5003.654004742976,0
2000-08-22,4944.6044921875,5040.053124702345,4941.0742584917325,5022.81357268347,0
2000-08-23,4901.4052734375,4953.124911218646,4706.997286297419,4919.505169143903,0
2000-08-24,4936.234375,4950.794269407285,4866.755178022079,4906.994470352431,0
2000-08-25,4950.59423828125,4959.004299969228,4908.634749132693,4942.1343724657645,0
2000-08-28,4957.41455078125,4961.004354223335,4940.674504370961,4955.564473898488,0
2000-08-29,4985.404296875,4987.054180797127,4961.284448995391,4965.334696741482,0
2000-08-30,4930.7646484375,5003.064132367329,4926.654831145543,4989.664379968235,0
2000-08-31,4826.24560546875,4914.645003359708,4825.725591777305,4906.594800795535,0
2000-09-01,4782.87646484375,4840.385584650536,4779.276407615566,4800.535934499481,0
2000-09-04,4817.8857421875,4819.295882574005,4742.666861806244,4775.5263554318035,0
2000-09-05,4723.01708984375,4842.305797000119,4701.157470633892,4822.046257580981,0
2000-09-06,4632.63818359375,4706.937646457166,4623.718361374814,4686.977420242589,0
2000-09-07,4670.41748046875,4710.266639900993,4633.777757454535,4633.777757454535,0
2000-09-08,4700.8271484375,4718.067189411901,4673.877743727516,4681.09738929927,0
2000-09-11,4704.8173828125,4716.337273222007,4672.277708473909,4711.737227125794,0
2000-09-12,4733.95654296875,4735.736796391318,4692.957003916026,4709.596953556101,0
2000-09-13,4771.2666015625,4796.756551601503,4731.547318061759,4734.337326002202,0
2000-09-14,4727.75732421875,4783.586779610552,4711.377624108785,4774.996543396559,0
2000-09-15,4710.7470703125,4719.307033081897,4677.857790053467,4717.757245743464,0
2000-09-18,4628.7880859375,4714.617204345327,4624.758345840675,4714.537127115728,0
2000-09-19,4512.45947265625,4609.728408090555,4498.80972244383,4609.728408090555,0
2000-09-20,4550.978515625,4558.348549784599,4480.819638038528,4504.859406278469,0
2000-09-21,4518.28955078125,4570.8290050283895,4512.7998657930475,4558.579141381318,0
2000-09-22,4465.080078125,4511.809537360968,4454.110473920375,4511.809537360968,0
2000-09-25,4427.97998046875,4475.049763540919,4423.960006153054,4460.059697770011,0
2000-09-26,4477.349609375,4479.829561987051,4430.5303110659315,4430.5303110659315,0
2000-09-27,4541.2685546875,4541.48876704512,4482.339532478114,4483.219405357118,0
2000-09-28,4465.150390625,4552.949215996536,4459.300358220536,4545.739335478689,0
2000-09-29,4523.60986328125,4524.989730752543,4467.620251392248,4467.620251392248,0
2000-10-09,4507.52978515625,4543.999104810656,4478.619951469035,4534.79950042441,0
2000-10-10,4572.15869140625,4573.358873260608,4502.519335582777,4510.149621114938,0
2000-10-11,4557.2587890625,4596.18852688104,4550.298906424245,4587.358548094017,0
2000-10-12,4514.43994140625,4554.189498577624,4490.28981982488,4553.829151029564,0
2000-10-13,4481.01953125,4531.509198951442,4471.449814437492,4507.769231023276,0
2000-10-16,4468.6298828125,4484.679506866727,4448.150132836642,4478.099502797522,0
2000-10-17,4491.93994140625,4492.899891595889,4460.749860931287,4469.420174012377,0
2000-10-18,4555.4287109375,4556.848616832026,4499.219382613547,4502.209095059277,0
2000-10-19,4514.099609375,4570.109239260779,4504.9200241475755,4556.84913308944,0
2000-10-20,4611.92822265625,4613.957985033295,4509.789232202243,4512.219380710914,0
2000-10-23,4611.87841796875,4640.157885752498,4590.098388962381,4632.637950615363,0
2000-10-24,4601.828125,4630.447920294122,4582.308325012401,4614.98813323638,0
2000-10-25,4643.2880859375,4654.267944015947,4585.1388317719675,4606.23869423223,0
2000-10-26,4594.62890625,4654.658021566604,4588.768620079968,4646.878323220735,0
2000-10-27,4602.51806640625,4608.207943826742,4576.578416705433,4597.248106138562,0
2000-10-30,4596.95849609375,4610.448580014862,4574.509039439597,4606.938853533577,0
2000-10-31,4573.1689453125,4611.558163370708,4564.669040604437,4597.698455469837,0
2000-11-01,4604.3681640625,4607.54830409572,4572.548697527133,4573.178573259185,0
2000-11-02,4629.01806640625,4644.347973125041,4607.628657127254,4607.628657127254,0
2000-11-03,4628.3681640625,4644.548158907162,4614.6983950528975,4636.207920142589,0
2000-11-06,4646.2080078125,4650.688426651545,4617.998361124728,4642.448284070058,0
2000-11-07,4632.91845703125,4659.787785760043,4621.058237968166,4654.048103788593,0
2000-11-08,4674.9072265625,4675.977038713443,4636.51752289128,4637.487726790835,0
2000-11-09,4749.45654296875,4750.616686218124,4671.617571486299,4672.017469348773,0
2000-11-10,4826.06591796875,4848.125728819404,4758.256620908511,4768.376624443133,0
2000-11-13,4913.5849609375,4932.874783390125,4841.405595675026,4841.475419109713,0
2000-11-14,4927.23486328125,4929.654758057971,4864.835659691446,4927.344725332251,0
2000-11-15,4915.0048828125,4959.344228809576,4894.7751294427,4936.604737989055,0
2000-11-16,4953.2841796875,4954.63426217178,4915.014590222594,4915.404722557111,0
2000-11-17,4953.83447265625,4979.904003943126,4931.684819198429,4964.334354673687,0
2000-11-20,4960.9345703125,4962.554181045942,4892.255165147078,4951.9346712956785,0
2000-11-21,4928.724609375,4987.304031718708,4924.81498517347,4962.364369505445,0
2000-11-22,4986.22412109375,4987.564438162277,4904.645441959303,4916.135059787899,0
2000-11-23,4981.3544921875,5010.9840439050695,4959.834713128662,5001.444111446385,0
2000-11-24,4841.416015625,5001.234050695159,4816.785920262962,4982.534064727327,0
2000-11-27,4818.3857421875,4860.215349795572,4773.0864470454235,4799.805873056641,0
2000-11-28,4865.845703125,4866.0356424155725,4822.966297933535,4822.966297933535,0
2000-11-29,4819.65576171875,4875.8953636538745,4797.0759375141315,4873.345099364005,0
2000-11-30,4831.3056640625,4840.655656827374,4804.186339389994,4820.686154289498,0
2000-12-01,4851.265625,4860.295797550776,4831.566138054988,4836.586101502297,0
2000-12-04,4855.70556640625,4864.605857686504,4833.256109955062,4858.715786712524,0
2000-12-05,4820.53564453125,4869.865168024601,4815.26568425228,4860.50540997887,0
2000-12-06,4771.4267578125,4838.106189821149,4760.817012877153,4825.636114074276,0
2000-12-07,4752.94677734375,4790.786197374626,4735.837105653573,4768.016432815167,0
2000-12-08,4747.88671875,4771.096419512395,4743.96684081588,4748.906726847207,0
2000-12-11,4668.107421875,4754.82616879875,4662.017158643843,4751.696321343309,0
2000-12-12,4704.83740234375,4705.907214571463,4652.177836330789,4672.597529330771,0
2000-12-13,4680.4375,4708.667162405834,4675.857473478047,4708.147148733565,0
2000-12-14,4698.63720703125,4715.2170990745835,4684.507482801366,4686.79749616228,0
2000-12-15,4697.45703125,4719.406980148998,4675.177496207236,4702.877380556575,0
2000-12-18,4710.76708984375,4712.547343352318,4652.347821939436,4701.357527209736,0
2000-12-19,4698.97705078125,4729.437158160764,4690.677339237448,4720.596925339224,0
2000-12-20,4743.15673828125,4744.76658349853,4688.197394039012,4704.237253119286,0
2000-12-21,4742.90673828125,4779.036215665842,4737.687070291396,4757.186851474074,0
2000-12-22,4720.8671875,4754.006954031493,4705.557299925115,4745.237032464518,0
2000-12-25,4672.80712890625,4722.026788287747,4663.787211168144,4722.026788287747,0
2000-12-26,4696.80712890625,4699.897426240546,4663.577521529801,4684.03725275143,0
2000-12-27,4680.22705078125,4709.906892145415,4674.9873637255805,4695.217116255954,0
2000-12-28,4708.63720703125,4711.567349996369,4672.507728850785,4685.477310160479,0
2000-12-29,4752.69677734375,4755.186983832392,4709.317380311607,4709.317380311607,0
2001-01-02,4797.90625,4799.716288330983,4734.016828501712,4756.126932549076,0
2001-01-03,4822.89599609375,4825.845669976863,4784.156197072704,4806.836117979291,0
2001-01-04,4801.11572265625,4836.455167463502,4794.98590904248,4833.465455120256,0
2001-01-05,4790.986328125,4806.785955685547,4768.0564094071915,4800.89637327516,0
2001-01-08,4719.47705078125,4793.346342569899,4699.0676108629905,4793.346342569899,0
2001-01-09,4739.49658203125,4742.706506922574,4684.817508555436,4708.7371618222705,0
2001-01-10,4786.396484375,4788.746067383963,4739.246622846006,4742.076669213411,0
2001-01-11,4818.89599609375,4849.195459996292,4790.326004926936,4795.196067339736,0
2001-01-12,4793.50634765625,4825.73596699414,4782.206181305154,4825.73596699414,0
2001-01-15,4648.9482421875,4778.876971442255,4642.808173827547,4778.876971442255,0
2001-01-16,4678.12744140625,4685.047285277039,4610.227816182437,4629.168032365608,0
2001-01-17,4659.337890625,4698.387257444088,4652.747632491641,4687.487477321767,0
2001-01-18,4690.537109375,4709.427033719702,4661.6175126348035,4661.6175126348035,0
2001-01-19,4743.31689453125,4745.086894202118,4701.04734928783,4701.04734928783,0
2001-02-05,4636.818359375,4764.59671822385,4629.278404476153,4754.187166450212,0
2001-02-06,4608.158203125,4633.028040979989,4533.689312980584,4624.168277209644,0
2001-02-07,4559.978515625,4623.71803335294,4557.468778217909,4607.798290469519,0
2001-02-08,4410.240234375,4561.74828902488,4403.620191947406,4551.80845986877,0
2001-02-09,4478.74951171875,4493.849439814231,4416.730188617579,4416.730188617579,0
2001-02-12,4460.1201171875,4490.259917345062,4412.710490345136,4488.099785216543,0
2001-02-13,4463.8701171875,4491.659846191971,4459.710007353046,4467.260216081938,0
2001-02-14,4468.70947265625,4483.6995383259655,4455.999654761048,4464.46977427807,0
2001-02-15,4435.6904296875,4488.549699455867,4431.600143582678,4471.17001178546,0
2001-02-16,4441.55029296875,4443.600074671317,4369.000813523187,4427.340491370823,0
2001-02-19,4494.9296875,4496.46970933147,4418.2606234615205,4443.440517509414,0
2001-02-20,4474.7197265625,4530.109240738772,4459.769699278681,4491.6995161893465,0
2001-02-21,4362.60107421875,4466.090150299086,4333.881669096299,4466.090150299086,0
2001-02-22,4352.35107421875,4388.560628928758,4318.471571493372,4341.481078979475,0
2001-02-23,4413.2900390625,4413.950187862614,4341.6912376914825,4346.160913812969,0
2001-02-26,4465.10009765625,4467.140113963969,4415.220771208493,4426.260687129395,0
2001-02-27,4462.0,4480.079876318055,4424.730396470757,4471.990122865599,0
2001-02-28,4453.09033203125,4484.259905296467,4438.450359050315,4471.780064405972,0
2001-03-01,4495.44970703125,4497.269510890894,4455.10006078779,4455.10006078779,0
2001-03-02,4578.5888671875,4592.848473138126,4512.419686253211,4512.419686253211,0
2001-03-05,4571.60888671875,4614.638189311371,4570.30860833232,4609.138250991901,0
2001-03-06,4601.62841796875,4601.938473075088,4564.648853435663,4596.128479830495,0
2001-03-07,4615.75830078125,4650.168071184694,4597.418662678836,4631.818179291008,0
2001-03-08,4677.0673828125,4687.6273223419375,4597.06828480986,4616.2179712390935,0
2001-03-09,4731.9873046875,4749.197073835301,4684.857947095601,4684.857947095601,0
2001-03-12,4736.5068359375,4750.2566814347565,4704.456903103892,4742.4467105992235,0
2001-03-13,4697.1474609375,4734.566962707733,4676.477282843141,4734.566962707733,0
2001-03-14,4775.056640625,4775.716789516998,4672.838053388196,4689.577612903254,0
2001-03-15,4784.71630859375,4797.886082631164,4764.886453069226,4780.426317688636,0
2001-03-16,4787.56640625,4809.186280887604,4759.296703871994,4787.636229685412,0
2001-03-19,4846.3759765625,4846.625973766668,4777.796665391014,4789.626611216369,0
2001-03-20,4883.16552734375,4883.7451106966355,4851.6058221931435,4857.945594942822,0
2001-03-21,4937.08447265625,4949.154160793092,4863.895356434086,4891.774924913289,0
2001-03-22,4999.7744140625,5000.414543654486,4940.61491645381,4949.274976288638,0
2001-03-23,4875.16552734375,5037.093398406872,4874.445320578968,5017.263542724623,0
2001-03-26,4952.5341796875,4954.5942151274585,4854.255499135564,4860.525448195652,0
2001-03-27,5006.89404296875,5011.583931777872,4951.3346074743695,4972.824112563204,0
2001-03-28,5013.8037109375,5037.45334841596,4982.744000198523,5021.923737184363,0
2001-03-29,4961.67431640625,5020.113602193479,4959.024443790907,5013.753810261502,0
2001-03-30,4965.9345703125,4973.564367601217,4922.935052301907,4961.464405575638,0
2001-04-02,4984.4541015625,4999.584303689197,4945.744572914992,4976.924400494446,0
2001-04-03,4950.12451171875,4992.253920786791,4932.194537559742,4986.553789572165,0
2001-04-04,4877.12548828125,4977.114113196564,4860.945493927245,4950.084631123515,0
2001-04-05,4933.78466796875,4935.52488288248,4857.235719347805,4860.825522952109,0
2001-04-06,4927.23486328125,4969.534194295646,4911.315119677494,4952.264368154029,0
2001-04-09,4940.154296875,4946.1542292697,4897.904772928986,4920.574439369509,0
2001-04-10,4973.484375,4980.12443740207,4937.084880045439,4937.084880045439,0
2001-04-11,4980.37451171875,4990.314342030677,4950.1746539404585,4981.594224648907,0
2001-04-12,4995.88427734375,5025.524083816252,4974.764395473635,4990.384338623979,0
2001-04-13,5031.283203125,5031.383299654394,4979.524020188819,4998.723511078159,0
2001-04-16,5074.72265625,5076.982884711632,5033.883272251103,5045.683432379049,0
2001-04-17,5065.2333984375,5091.403027677583,5036.053548952154,5084.393340436546,0
2001-04-18,5033.7333984375,5079.873015983587,5023.753530264322,5065.193005384897,0
2001-04-19,5001.87451171875,5036.414166401855,4955.105012668434,5031.323891018449,0
2001-04-20,4940.1845703125,5015.1534521550375,4939.254405011988,5003.873794093552,0
2001-04-23,4905.11474609375,4943.064514523653,4882.885015678832,4928.654520366229,0
2001-04-24,4918.65478515625,4936.084765413963,4906.014790228625,4906.694958379982,0
2001-04-25,4806.015625,4931.27446631589,4796.686140368304,4913.134534167875,0
2001-04-26,4769.5966796875,4822.205955915879,4764.96684853805,4793.04661332845,0
2001-04-27,4799.09619140625,4811.576032202044,4767.156607464182,4767.156607464182,0
2001-04-30,4802.53564453125,4822.555438128275,4784.686236596497,4800.646017419216,0
2001-05-08,4838.755859375,4846.455480162297,4809.196131881678,4810.856269536368,0
2001-05-09,4826.28564453125,4855.115398897923,4816.8961015383775,4846.715590884071,0
2001-05-10,4838.416015625,4863.535363148044,4824.836089620318,4826.166152846146,0
2001-05-11,4854.24560546875,4862.725491256839,4829.086218412676,4842.195935319706,0
2001-05-14,4899.66552734375,4900.425284488739,4836.606172585485,4857.675761636519,0
2001-05-15,4899.1953125,4929.2047431433075,4876.465585752902,4911.655134354148,0
2001-05-16,4911.61474609375,4921.434948276195,4880.655132948357,4904.824783307897,0
2001-05-17,4862.095703125,4921.905095005771,4858.485880083515,4915.005269576415,0
2001-05-18,4865.67578125,4867.085921792313,4836.5159498140965,4858.045983426534,0
2001-05-21,4841.3759765625,4864.925517612816,4831.285757491283,4864.925517612816,0
2001-05-22,4846.03564453125,4866.445572511746,4841.455617630363,4846.445796194016,0
2001-05-23,4845.39599609375,4870.475305407494,4799.246121688093,4855.915897952375,0
2001-05-24,4831.8857421875,4852.115495739287,4820.345832568062,4847.2957255838555,0
2001-05-25,4831.93603515625,4842.265509135589,4795.026292918186,4825.1460722559095,0
2001-05-28,4813.44580078125,4846.205197536674,4794.816127738168,4836.755596907572,0
2001-05-29,4796.4560546875,4835.065973894333,4784.846321412582,4811.216143309593,0
2001-05-30,4879.54541015625,4879.795407354407,4798.1864587053615,4798.1864587053615,0
2001-05-31,4857.416015625,4903.225074798406,4851.065988822573,4889.605597858759,0
2001-06-01,4850.98583984375,4874.7453400079985,4836.515786671381,4862.1356176129775,0
2001-06-04,4804.61572265625,4856.095122403583,4796.416108122034,4842.52545125963,0
2001-06-05,4810.015625,4831.185796610921,4791.405971412182,4801.095803633478,0
2001-06-06,4829.3759765625,4830.105948838903,4795.725963585549,4811.635941280728,0
2001-06-07,4785.0263671875,4835.895913374799,4780.536183213892,4831.575649368875,0
2001-06-08,4781.9560546875,4797.146313757988,4754.186835341413,4797.146313757988,0
2001-06-11,4734.966796875,4784.1063812479115,4718.726745043771,4780.916475697298,0
2001-06-12,4744.6767578125,4754.876838707217,4719.496864482695,4731.736961556355,0
2001-06-13,4793.486328125,4794.25633902829,4739.196897374702,4744.556700599443,0
2001-06-14,4734.98681640625,4809.785780331209,4732.776880309088,4799.765873426685,0
2001-06-15,4745.32666015625,4750.27679994895,4706.4569789234965,4722.346937423578,0
2001-06-18,4665.40771484375,4750.59670225153,4650.838053784991,4748.546920518742,0
2001-06-19,4674.357421875,4682.677152233623,4640.8475460148,4662.257460726046,0
2001-06-20,4646.3583984375,4684.197820677674,4632.158361305406,4678.817997793367,0
2001-06-21,4675.87744140625,4677.237289351185,4636.567826144906,4648.467594283505,0
2001-06-22,4723.91748046875,4725.39744441626,4675.947801123571,4676.347699003152,0
2001-06-25,4757.74658203125,4758.096675771168,4727.456881805272,4733.757104296419,0
2001-06-26,4753.8466796875,4766.5164597154035,4737.237002363267,4764.976437894531,0
2001-06-27,4740.6767578125,4761.186781456702,4729.226691047673,4758.436812330071,0
2001-06-28,4713.2373046875,4756.206550485682,4706.557203647013,4744.547012970457,0
2001-06-29,4716.84716796875,4730.947107987599,4711.587461147298,4721.557076249452,0
2001-07-02,4690.59716796875,4733.276863920458,4682.647550311647,4720.326814199821,0
2001-07-03,4700.77734375,4701.467277416419,4671.807453896974,4691.947364681686,0
2001-07-04,4707.1474609375,4726.467068717855,4700.637279965087,4707.457027781909,0
2001-07-05,4675.62744140625,4718.136727587439,4660.337574791527,4708.526972690449,0
2001-07-06,4648.13818359375,4688.907749148924,4644.928258399315,4675.298037414139,0
2001-07-09,4642.54833984375,4666.117901295404,4636.868227387677,4658.0979711749715,0
2001-07-10,4687.05712890625,4687.067382697134,4644.7177615191395,4644.7177615191395,0
2001-07-11,4638.5283203125,4697.177568233863,4635.24808347667,4691.717668219238,0
2001-07-12,4644.6181640625,4656.108270396238,4610.0184519719405,4637.3584793365935,0
2001-07-13,4634.4482421875,4679.68797132233,4632.408225908031,4648.747887175656,0
2001-07-16,4609.0283203125,4692.627479178774,4602.998114592149,4678.837594971959,0
2001-07-17,4574.5087890625,4611.158280651272,4539.208891722937,4610.098233938164,0
2001-07-18,4608.248046875,4620.488143774623,4581.52862041333,4581.52862041333,0
2001-07-19,4585.0888671875,4615.538233740125,4552.929070541805,4612.698421744326,0
2001-07-20,4634.828125,4639.528267825309,4575.0587729219615,4590.59863844848,0
2001-07-23,4588.28857421875,4651.997823269175,4586.168968996966,4645.488130383475,0
2001-07-24,4499.32958984375,4572.778964147917,4489.839949824062,4566.689188468702,0
2001-07-25,4453.5400390625,4507.809451689778,4439.100259138738,4490.409743929888,0
2001-07-26,4411.35009765625,4462.09952468895,4388.370376631388,4452.219753420288,0
2001-07-27,4340.201171875,4433.120048394188,4332.201261875576,4411.940599167198,0
2001-07-30,4113.89404296875,4308.632104664372,4109.434131790177,4308.632104664372,0
2001-07-31,4058.964599609375,4171.843463716587,4043.754808833245,4081.4443285834445,0
2001-08-01,4173.36328125,4175.223123641596,4069.0543942482605,4069.0543942482605,0
2001-08-02,4089.754150390625,4177.9130731112355,4012.2550201468143,4176.103034831159,0
2001-08-03,4071.264404296875,4104.643912798636,4053.324664063073,4087.8540620139665,0
2001-08-06,3893.106201171875,4061.904355194988,3855.926686881371,4061.904355194988,0
2001-08-07,3949.735595703125,3982.6751665469733,3850.9366583397396,3878.06648008877,0
2001-08-08,3924.74609375,3963.7156281119387,3901.9763291714007,3951.2057584191034,0
2001-08-09,3995.21533203125,3995.825432630486,3924.7561590253017,3925.066214151764,0
2001-08-10,4068.604248046875,4079.0343067911836,4001.145044077204,4004.614975843808,0
2001-08-13,4079.64404296875,4098.493928552504,4039.154508265877,4079.5542002295347,0
2001-08-14,4035.824951171875,4096.6943871529475,4002.2852874608816,4086.3741901490816,0
2001-08-15,4064.28466796875,4072.434479254852,4030.075089254062,4034.6949106837815,0
2001-08-16,4001.21533203125,4067.644521920818,3999.425312956176,4065.0046588195128,0
2001-08-17,4007.375,4020.3150404916005,3979.355294564063,3993.785308587732,0
2001-08-20,4048.37451171875,4060.0645661396147,3993.605106529686,4012.2150052064453,0
2001-08-21,4064.404541015625,4092.1442213243504,4056.28475868821,4056.28475868821,0
2001-08-22,4010.815185546875,4057.2445971694665,3968.1955457072568,4056.7746317300416,0
2001-08-23,4024.65478515625,4033.934710310716,3945.2858028145133,3994.0752943450993,0
2001-08-24,3987.625244140625,4051.6345367400177,3984.5354350091416,4030.26490312056,0
2001-08-27,3853.786865234375,3974.585315396989,3852.3466958362606,3974.585315396989,0
2001-08-28,3896.236328125,3898.9862972806504,3782.497613612807,3833.7170098262327,0
2001-08-29,3914.326171875,3964.145436783394,3890.54640954849,3905.8162576483833,0
2001-08-30,3870.796875,3909.116271427796,3862.7369063863116,3909.116271427796,0
2001-08-31,3860.1767578125,3893.066526345527,3855.0369227724473,3868.666653006431,0
2001-09-03,3827.30712890625,3864.516672096361,3822.487114660637,3861.9266132840376,0
2001-09-04,3949.45556640625,3950.0456476581294,3819.997061949649,3819.997061949649,0
2001-09-05,3937.276123046875,3993.1754014792755,3932.106014736633,3965.815843567597,0
2001-09-06,3937.446044921875,3969.44568777811,3911.61625507973,3938.095940012232,0
2001-09-07,3798.217529296875,3926.1760591056195,3798.217529296875,3926.1760591056195,0
2001-09-10,3871.806884765625,3876.4066869432686,3723.1283683720094,3755.488114629648,0
2001-09-11,3861.046875,3890.226480062077,3833.3670090121973,3854.936835961767,0
2001-09-12,3780.027587890625,3800.4973285519955,3695.558566461954,3711.708287312925,0
2001-09-13,3746.66796875,3794.68745008489,3745.9580157695646,3760.747889069008,0
2001-09-14,3663.348876953125,3745.07818650395,3663.348876953125,3730.7782977803886,0
2001-09-17,3568.130126953125,3649.8194014294445,3566.9902470879415,3649.8194014294445,0
2001-09-18,3586.749755859375,3647.07915641787,3548.5001854447432,3572.5399545138043,0
2001-09-19,3666.47900390625,3668.009016087411,3543.6302805159276,3576.439972079073,0
2001-09-20,3628.239501953125,3681.848766420243,3621.7395745571503,3658.369048219353,0
2001-09-21,3578.149658203125,3621.7592746631326,3575.309846424039,3606.949382800777,0
2001-09-24,3558.35009765625,3582.259986509245,3554.5203065024666,3566.670072968916,0
2001-09-25,3562.190185546875,3605.379644463125,3551.4703346003066,3561.8601111092935,0
2001-09-26,3512.09033203125,3562.019945539029,3508.330608745706,3554.3899045102553,0
2001-09-27,3504.120849609375,3539.160498064266,3468.9313004817654,3501.041049957342,0
2001-09-28,3498.5908203125,3521.020745658931,3480.141075135898,3505.3707739097717,0
2001-10-08,3404.121826171875,3506.9607634816634,3390.3819896613036,3490.2309701889003,0
2001-10-09,3453.591064453125,3483.970849937498,3384.32206764594,3398.731817789741,0
2001-10-10,3348.0625,3455.471205944435,3334.7626005254338,3454.911153639891,0
2001-10-11,3274.293212890625,3370.9720560251267,3260.573396658773,3344.4723543850014,0
2001-10-12,3384.661865234375,3420.1514561218155,3208.28396711573,3273.3830881029216,0
2001-10-15,3387.77197265625,3418.0516615434553,3343.0024564318965,3386.6018197956923,0
2001-10-16,3330.862548828125,3397.471909268175,3317.16275129081,3392.4719653393818,0
2001-10-17,3323.542724609375,3371.7020954524087,3297.073051400651,3323.4426280781167,0
2001-10-18,3257.093505859375,3349.4826107274484,3246.5237996887267,3322.1928764512195,0
2001-10-19,3186.554443359375,3247.863572013719,3130.474992534417,3244.973711761329,0
2001-10-22,3143.66455078125,3218.6937351844053,3124.5348833854036,3176.5743364385075,0
2001-10-23,3457.9912109375,3457.9912109375,3367.0122517709215,3423.6214795741685,0
2001-10-24,3542.5703125,3615.1193022195184,3481.980905231216,3580.619689765639,0
2001-10-25,3450.361083984375,3522.4303415270642,3447.4912432247033,3522.4303415270642,0
2001-10-26,3446.951171875,3463.4409764069596,3399.7017039819934,3434.321431294224,0
2001-10-29,3482.31103515625,3485.480921473345,3449.5413832155214,3449.5413832155214,0
2001-10-30,3426.37158203125,3487.6108871947577,3420.32184502085,3484.5010587024867,0
2001-10-31,3438.49169921875,3439.2116618961977,3375.9823862664543,3421.801943859082,0
2001-11-01,3472.481201171875,3491.880886649379,3427.6416145364296,3445.9214394858154,0
2001-11-02,3431.95166015625,3477.5512485291656,3429.201690869543,3469.521308915434,0
2001-11-05,3388.951904296875,3425.5913851108276,3378.262083025663,3425.5913851108276,0
2001-11-06,3383.83203125,3407.581763940386,3380.3918844229006,3390.431810483339,0
2001-11-07,3213.353759765625,3383.5520412699816,3196.774112212419,3375.6319643122933,0
2001-11-08,3255.003662109375,3260.163516553751,3146.724842904389,3173.4645343039233,0
2001-11-09,3316.182861328125,3331.292799663918,3206.364021884243,3251.213617656086,0
2001-11-12,3292.093017578125,3330.7727602191903,3290.063255151387,3326.072861677317,0
2001-11-13,3272.353271484375,3298.123002625081,3255.2536093320527,3275.053436579172,0
2001-11-14,3270.823486328125,3301.392968282039,3268.5735115194993,3274.95332290177,0
2001-11-15,3268.86328125,3291.2932057486796,3254.9835539321634,3273.64325699678,0
2001-11-16,3305.373046875,3511.970840320509,3300.9731936033577,3503.0410082754056,0
2001-11-19,3319.972900390625,3324.1527853101106,3294.003219966559,3305.303142488514,0
2001-11-20,3390.65185546875,3405.881664866687,3322.6626289321957,3322.722686851337,0
2001-11-21,3426.941650390625,3427.3715772225514,3379.5322685515303,3404.641850984037,0
2001-11-22,3464.361083984375,3465.1911528084074,3420.1315991094725,3428.021647419791,0
2001-11-23,3444.87109375,3469.1708687573137,3433.0814316793485,3462.801067488229,0
2001-11-26,3420.76171875,3436.7215008560743,3408.9417828345377,3436.5315615781187,0
2001-11-27,3455.901123046875,3456.441156043462,3419.9916142905377,3420.5516665935083,0
2001-11-28,3485.90087890625,3500.8706818599326,3465.271227266636,3466.7011428838337,0
2001-11-29,3484.40087890625,3498.6707384626843,3470.191077270276,3485.811019347618,0
2001-11-30,3513.71044921875,3514.000485016569,3480.840702017394,3480.920779241035,0
2001-12-03,3555.560302734375,3570.2801086889153,3520.2606489908057,3521.2406184914366,0
2001-12-04,3582.849609375,3583.849598131784,3540.6601423193524,3558.740017166138,0
2001-12-05,3516.450439453125,3613.6793263536583,3516.450439453125,3577.9897863604847,0
2001-12-06,3547.440185546875,3547.9301702846374,3502.060811796837,3505.710673196711,0
2001-12-07,3557.500244140625,3571.3799716916674,3536.140375654587,3550.6702424174146,0
2001-12-10,3554.360107421875,3555.790267190933,3519.330714457725,3553.9201709411914,0
2001-12-11,3506.350830078125,3553.210415460808,3499.5110625265525,3550.58056194619,0
2001-12-12,3465.561279296875,3505.1406699455574,3460.531306341609,3501.3907119494943,0
2001-12-13,3410.51171875,3481.3807953131018,3410.221682947156,3459.561216320358,0
2001-12-14,3392.751953125,3428.1914966983813,3377.371998822274,3400.2118303203283,0
2001-12-17,3374.842041015625,3405.5218727867114,3365.922219157776,3387.4319877363223,0
2001-12-18,3428.921630859375,3429.181637718523,3366.17233230017,3377.1722093384374,0
2001-12-19,3393.1318359375,3450.261321645272,3390.7419701842323,3433.6013523937672,0
2001-12-20,3317.622802734375,3384.25218440244,3307.9229600603976,3384.25218440244,0
2001-12-21,3330.902587890625,3334.0326797421726,3302.342849572417,3312.6027442811983,0
2001-12-24,3266.0634765625,3335.492629721156,3252.683499633829,3333.432594225779,0
2001-12-25,3279.01318359375,3283.903021196491,3245.46351195731,3257.9633714241,0
2001-12-26,3324.062744140625,3324.872549493718,3269.6832282668483,3280.953121154845,0
2001-12-27,3289.89306640625,3342.072657483737,3288.3032404712076,3329.9326568010106,0
2001-12-28,3307.302978515625,3311.522901869378,3271.833405796502,3286.893051273868,0
2001-12-31,3325.62255859375,3329.9125494709137,3303.3330140288645,3311.032878715574,0
2002-01-04,3265.84326171875,3319.2127804543366,3261.813521749447,3319.172741840804,0
2002-01-07,3231.763916015625,3255.613502880383,3209.024180023403,3255.613502880383,0
2002-01-08,3201.5341796875,3248.15353013912,3197.1741211411645,3229.4137499746003,0
2002-01-09,3149.2646484375,3192.994137349915,3131.224812157974,3191.714122441487,0
2002-01-10,3159.41455078125,3175.024483298028,3051.885726315944,3138.674792930286,0
2002-01-11,3065.955810546875,3159.2448096110734,3064.2258493639647,3159.2448096110734,0
2002-01-14,2934.357177734375,3030.0663157612494,2933.607186095954,3030.0663157612494,0
2002-01-15,2892.987548828125,2961.486779997232,2891.5376139302243,2914.3471723703565,0
2002-01-16,2938.18701171875,2948.966920092474,2862.0780021869878,2894.2675825080273,0
2002-01-17,2796.4287109375,2933.6071096139763,2777.888879057019,2933.6071096139763,0
2002-01-18,2784.06884765625,2831.128133888711,2706.2496527845556,2764.3688734676616,0
2002-01-21,2682.429931640625,2780.128789092228,2675.0000831757516,2776.6588572343353,0
2002-01-22,2697.6298828125,2781.8989642827946,2664.390262592718,2671.2502936505557,0
2002-01-23,2890.03759765625,2891.7275200755603,2676.899855623421,2691.0898817398006,0
2002-01-24,2898.427490234375,2950.8370593468444,2803.198576602658,2874.4778073676566,0
2002-01-25,2896.817626953125,2917.507336446462,2874.547857045835,2890.087721920518,0
2002-01-28,2702.859375,2879.747514501408,2699.1494559506373,2877.917457039311,0
2002-01-29,2770.19873046875,2784.4385600667524,2661.879884030356,2672.8997792486025,0
2002-01-30,2779.358642578125,2801.8984282122656,2741.25921743724,2773.0589087223198,0
2002-01-31,2982.66650390625,3006.356179659308,2847.7781239502933,2847.7781239502933,0
2002-02-01,2967.69677734375,3018.7162260602367,2956.956907268972,2987.6364956608472,0
2002-02-04,3027.506103515625,3031.07613185828,2944.2270077004882,2964.116677333789,0
2002-02-05,3041.435791015625,3063.7455988915185,3006.1261292322265,3029.0860762862244,0
2002-02-06,2961.766845703125,3050.9758065564074,2961.266851308352,3044.0059139898226,0
2002-02-07,3030.345947265625,3046.9558686801015,2957.6167812596673,2957.6167812596673,0
2002-02-08,3022.22607421875,3064.4856094664524,3021.5861888256804,3051.575842316454,0
2002-02-25,3064.44580078125,3104.3354925852295,3051.2760257970167,3102.2153990444635,0
2002-02-26,3048.705810546875,3062.075777840836,3007.546359884832,3062.075777840836,0
2002-02-27,3055.6357421875,3076.0556797900726,3040.455980344442,3048.4458812054963,0
2002-02-28,3029.4560546875,3076.6654867914845,3024.596001707265,3053.5759016878164,0
2002-03-01,2991.2265625,3026.6360786676205,2990.906497719522,3022.3163027516953,0
2002-03-04,3037.47607421875,3038.0161072478472,2969.77687940154,2984.3267656741964,0
2002-03-05,3113.03515625,3129.9448787199876,3041.885807692315,3041.9058269990524,0
2002-03-06,3150.9345703125,3217.243883928672,3114.154954230418,3127.734879786503,0
2002-03-07,3262.353271484375,3263.8432449932593,3157.6444859408107,3157.6444859408107,0
2002-03-08,3318.892822265625,3342.232649187778,3243.9637284260352,3291.0532897964363,0
2002-03-11,3380.522216796875,3380.522216796875,3291.3830779077416,3327.3028418350727,0
2002-03-12,3303.253173828125,3393.402070084841,3301.6931326448735,3382.172214944432,0
2002-03-13,3267.893310546875,3348.6023670319823,3263.653367826701,3284.1931767133065,0
2002-03-14,3359.09228515625,3359.2924782280284,3262.763529360606,3263.91341883387,0
2002-03-15,3267.7734375,3385.381982772629,3266.683361825572,3373.8323075193593,0
2002-03-18,3283.753173828125,3338.852408769179,3249.3136190594178,3304.4729119199783,0
2002-03-19,3334.712646484375,3339.202586425049,3266.7134081723766,3286.5833027888493,0
2002-03-20,3356.682373046875,3376.162135325959,3319.4628192339514,3343.022613938252,0
2002-03-21,3356.982421875,3382.6420466007585,3340.752623177352,3365.2423391308976,0
2002-03-22,3312.722900390625,3358.60226925893,3295.6430135958217,3358.60226925893,0
2002-03-25,3312.072998046875,3316.2528828549234,3290.7631782141957,3303.7630325602595,0
2002-03-26,3250.99365234375,3313.012977910526,3238.093650203789,3313.012977910526,0
2002-03-27,3257.593505859375,3264.1635008528133,3222.0240788379356,3245.5936398596923,0
2002-03-28,3259.643310546875,3288.513103391099,3246.6734855557597,3258.0634943112514,0
2002-03-29,3173.8642578125,3257.1533614849463,3165.39438223151,3257.1533614849463,0
2002-04-01,3179.08447265625,3186.494301685139,3138.074922697905,3161.064655166799,0
2002-04-02,3124.43505859375,3187.7844483905683,3113.6451400966666,3179.2144757911674,0
2002-04-03,3142.66455078125,3157.3643363681117,3123.7248227206373,3124.0749164332738,0
2002-04-04,3217.52392578125,3220.753869977708,3113.435006809794,3140.264783636243,0
2002-04-05,3207.183837890625,3247.473423042124,3192.843911556648,3235.6735071543512,0
2002-04-08,3208.02392578125,3215.7638288390726,3191.5040923172046,3205.773951123303,0
2002-04-09,3263.663330078125,3270.363206071662,3194.884072543342,3209.613887730968,0
2002-04-10,3270.9833984375,3273.7233579959884,3246.6435830492246,3269.0634980572136,0
2002-04-11,3216.933837890625,3275.873117287011,3215.113789974148,3275.383132556177,0
2002-04-12,3231.34375,3245.163663825412,3209.5742180357875,3210.774155789986,0
2002-04-15,3198.22412109375,3237.343555164343,3176.5344230770893,3233.2037090412423,0
2002-04-16,3193.75439453125,3216.3740151273496,3179.914461103955,3193.934324163735,0
2002-04-17,3192.734375,3212.6740937939544,3172.114488018374,3200.504307785665,0
2002-04-18,3146.024658203125,3193.64399541722,3143.814722132754,3192.8539652444715,0
2002-04-19,3145.4345703125,3149.0346274517956,3082.2953883362507,3138.764723503497,0
2002-04-22,3124.53515625,3145.964848445165,3114.865098283126,3133.594869474083,0
2002-04-23,3108.275146484375,3145.244701945894,3108.275146484375,3122.244960278718,0
2002-04-24,3107.705078125,3130.914778323604,3101.8750654946443,3110.085178339964,0
2002-04-25,3122.235107421875,3125.9750558370133,3095.815480965015,3108.125157774187,0
2002-04-26,3174.84423828125,3176.8442158271523,3125.4348808993673,3125.4348808993673,0
2002-04-29,3228.373779296875,3229.5839708302165,3172.5045315533853,3178.1343513554543,0
2002-04-30,3253.423583984375,3263.463510789145,3229.1638454700483,3234.1637895650215,0
2002-05-08,3227.893798828125,3265.923402424335,3224.663854515141,3254.983583477637,0
2002-05-09,3248.9736328125,3266.9734312787546,3216.324096027478,3219.5640499858882,0
2002-05-10,3216.65380859375,3253.043536545099,3215.14381578994,3250.0635895502237,0
2002-05-13,3175.63427734375,3208.0040312007773,3171.8843194347087,3208.0040312007773,0
2002-05-14,3153.114501953125,3193.2942266318387,3149.124556514341,3173.4944000987157,0
2002-05-15,3131.385009765625,3162.7147385924977,3123.225188630872,3150.8747827066672,0
2002-05-16,3066.845703125,3120.5553096149524,3059.985916295386,3120.5553096149524,0
2002-05-17,3100.21533203125,3100.3452133913597,3038.196006027328,3054.2558850324613,0
2002-05-20,3072.1953125,3106.1648998757405,3041.3655822708906,3106.1648998757405,0
2002-05-21,3170.57470703125,3199.564373587549,3106.655254694939,3129.1550034786865,0
2002-05-22,3133.4951171875,3174.3545252300887,3132.365002825643,3169.6245974602416,0
2002-05-23,3127.094970703125,3175.214550664844,3123.505167031095,3140.1148448754157,0
2002-05-24,3080.745361328125,3136.064807171649,3072.965419579796,3131.464761280225,0
2002-05-27,3083.725341796875,3106.5351439574406,3061.6455118985386,3089.4052095830843,0
2002-05-28,3102.225341796875,3118.495179509539,3086.8453867177254,3093.525487847552,0
2002-05-29,3051.81591796875,3108.535253427413,3041.5159844976833,3108.535253427413,0
2002-05-30,3059.2958984375,3060.985820963254,3014.636241143201,3050.6558582487633,0
2002-05-31,3036.966064453125,3073.4656566008166,3032.1960982222445,3059.325922022358,0
2002-06-03,2978.926513671875,3027.9960310807064,2972.2866956453568,3027.9960310807064,0
2002-06-04,3010.426025390625,3018.4659738214186,2972.7665378043225,2987.4763329231187,0
2002-06-05,2963.976806640625,3010.3461602477255,2962.04689661928,3009.9362527302255,0
2002-06-06,3073.63525390625,3092.815213354012,2948.6767023940074,2958.826734394729,0
2002-06-07,3083.25537109375,3106.6850392923607,3046.5057843042605,3073.1453773481376,0
2002-06-10,3068.65576171875,3085.865530968234,3058.5560206973305,3081.745703809336,0
2002-06-11,3079.71533203125,3090.7352275129206,3063.8754224484983,3069.5054860247046,0
2002-06-12,3071.055908203125,3084.975675156398,3044.946091373609,3082.2557347251786,0
2002-06-13,3046.845703125,3081.2955119775947,3041.9858943613594,3070.5756615303585,0
2002-06-14,3023.176025390625,3041.035932332705,3018.826220702127,3041.0159130261745,0
2002-06-17,3021.986083984375,3022.7260659090853,3000.396238538021,3011.3660860546834,0
2002-06-18,3076.055419921875,3081.815364771378,3024.0059577051347,3024.0059577051347,0
2002-06-19,3045.48583984375,3079.9454140391867,3039.7859526420834,3078.3055398654774,0
2002-06-20,3062.705810546875,3077.9756596671536,3045.2960927293293,3045.2960927293293,0
2002-06-21,3180.904296875,3193.7942891512616,3063.235693569129,3063.6055624713326,0
2002-06-24,3478.0810546875,3488.300910610919,3372.752159516521,3481.0810209947304,0
2002-06-25,3496.36083984375,3575.830166829888,3478.611038150407,3564.9401517779893,0
2002-06-26,3507.470703125,3532.0004575279922,3453.781363390941,3479.2410390133505,0
2002-06-27,3522.900390625,3543.0803398506655,3490.4207747973237,3506.9105799045014,0
2002-06-28,3551.290283203125,3559.3500073408813,3509.6806420490816,3522.870435653613,0
2002-07-01,3519.260498046875,3564.0200047882254,3515.1804657748216,3556.490060115718,0
2002-07-02,3546.480224609375,3547.5202520017665,3489.0509373806326,3512.5206447310497,0
2002-07-03,3567.97021484375,3578.859985964137,3538.860432094297,3552.550464951055,0
2002-07-04,3521.67041015625,3586.0197851247535,3520.160417348883,3574.5897377107985,0
2002-07-05,3537.2705078125,3538.260486977761,3489.6409134134065,3521.67058458146,0
2002-07-08,3547.920166015625,3558.940061943221,3527.2604856336648,3540.840167302783,0
2002-07-09,3533.850341796875,3562.4000710970095,3527.420482119109,3552.3801637083593,0
2002-07-10,3460.1611328125,3541.730286075559,3457.881129094204,3533.650298597164,0
2002-07-11,3456.7412109375,3482.8109865396636,3442.86123985306,3447.7012733912907,0
2002-07-12,3454.39111328125,3469.390944722211,3446.6311907169447,3456.911104494362,0
2002-07-15,3423.941650390625,3452.8912774794458,3417.6316624354417,3451.0014060579074,0
2002-07-16,3423.8916015625,3465.541281783429,3415.7818290692335,3422.10158253906,0
2002-07-17,3459.62109375,3461.1310865728897,3402.921778767559,3427.921498260512,0
2002-07-18,3481.321044921875,3487.8309816421247,3445.151284752548,3463.0111917756058,0
2002-07-19,3487.8310546875,3494.520921169562,3465.511236302362,3484.7009627903203,0
2002-07-22,3425.45166015625,3484.531077195094,3424.5017196140084,3484.531077195094,0
2002-07-23,3433.941650390625,3460.0714856793215,3412.501948296961,3416.1718292082996,0
2002-07-24,3425.78173828125,3454.541426263069,3414.0418794007505,3436.4315214676653,0
2002-07-25,3406.501953125,3450.981436296863,3396.6319462877855,3434.451591809694,0
2002-07-26,3398.751953125,3428.841459696211,3392.411936279714,3405.881756041929,0
2002-07-29,3427.91162109375,3428.881580951019,3389.8322129041017,3395.4620327653183,0
2002-07-30,3431.421630859375,3437.621512776584,3411.3417770327706,3428.5217609081005,0
2002-07-31,3405.661865234375,3448.1013320348234,3400.7219790714826,3433.1215190871726,0
2002-08-01,3416.6416015625,3426.961554146024,3377.812203191235,3398.891800691157,0
2002-08-02,3420.541748046875,3426.83171662493,3410.711780075023,3419.531749599141,0
2002-08-05,3401.421875,3422.5017170926644,3397.891885228645,3422.5017170926644,0
2002-08-06,3436.07177734375,3460.4413785427773,3390.312278034628,3395.8420015056904,0
2002-08-07,3428.041748046875,3440.3116303844786,3420.781819456933,3440.3116303844786,0
2002-08-08,3407.65185546875,3443.3814366025176,3401.512031512938,3428.671640070425,0
2002-08-09,3385.06201171875,3405.041767391699,3372.9220115893104,3405.041767391699,0
2002-08-12,3360.71240234375,3377.112121217176,3358.532495090634,3375.2422690890976,0
2002-08-13,3367.3623046875,3380.0723678537834,3357.7525487021894,3357.8524011029313,0
2002-08-14,3393.56201171875,3393.56201171875,3362.222275553901,3368.112102030519,0
2002-08-15,3377.322265625,3394.802050238452,3371.582339704627,3394.802050238452,0
2002-08-16,3389.2919921875,3403.711752025687,3349.2524030553373,3374.042163551909,0
2002-08-19,3393.951904296875,3402.441799260127,3375.892048365556,3385.742035488126,0
2002-08-20,3451.0712890625,3454.2511849350026,3391.381774915552,3392.7618863448997,0
2002-08-21,3448.481201171875,3461.961029902858,3441.2613117405463,3453.781190339856,0
2002-08-22,3480.5009765625,3499.6406543314156,3449.0013300906126,3449.0013300906126,0
2002-08-23,3476.630859375,3489.5308609183876,3470.3408909849127,3484.72085636857,0
2002-08-26,3448.331298828125,3480.9307853666605,3443.3811592400557,3478.0809639318836,0
2002-08-27,3456.93115234375,3463.221120775322,3444.1212375943096,3448.311376089538,0
2002-08-28,3454.231201171875,3469.481029795585,3448.8911732920337,3459.2811932486143,0
2002-08-29,3437.57177734375,3471.181265867932,3435.7517292785215,3455.031543599001,0
2002-08-30,3436.8017578125,3445.1815471666037,3431.8118232300353,3436.4216350988204,0
2002-09-02,3443.861328125,3448.831487298678,3431.3016543510594,3438.141421489765,0
2002-09-03,3452.68115234375,3462.5211296038947,3445.6912406966785,3445.6912406966785,0
2002-09-04,3437.82177734375,3465.0314349065065,3433.8616164195364,3455.751509076392,0
2002-09-05,3390.911865234375,3434.801508994801,3380.2520728533214,3433.3215451486626,0
2002-09-06,3374.272216796875,3399.40181778586,3370.872108444044,3386.601912506146,0
2002-09-09,3345.182373046875,3366.2922432076525,3336.29258038419,3365.902110873734,0
2002-09-10,3350.052490234375,3359.2823671161696,3334.112483582276,3344.732481581484,0
2002-09-11,3337.1826171875,3352.372388572679,3306.833103377899,3349.4524993803752,0
2002-09-12,3344.552490234375,3355.2122825121114,3321.452652254052,3337.4825013520044,0
2002-09-13,3339.862548828125,3346.8924995009943,3336.532752084688,3345.392516277028,0
2002-09-16,3276.533203125,3339.662375652697,3269.283284695955,3339.662375652697,0
2002-09-17,3280.503173828125,3303.0229402895184,3248.603385823257,3277.3232779221426,0
2002-09-18,3258.283447265625,3278.7131492890157,3254.6833900717943,3278.7131492890157,0
2002-09-19,3326.9326171875,3336.4225008731228,3242.753630676052,3255.4634489126174,0
2002-09-20,3287.113037109375,3326.802777532652,3282.303276598097,3326.802777532652,0
2002-09-23,3292.843017578125,3296.513142504632,3276.273378865824,3277.093193906282,0
2002-09-24,3277.01318359375,3295.553014089742,3275.1631067502076,3293.9929730459,0
2002-09-25,3286.043212890625,3301.3030514602283,3270.0634116949636,3276.003286463357,0
2002-09-26,3265.603271484375,3296.9229886185085,3261.3235343219085,3287.413085498739,0
2002-09-27,3243.8935546875,3271.403255959922,3236.183680208368,3267.2033518856815,0
2002-10-08,3197.904052734375,3227.4237409791363,3183.114179652121,3227.4237409791363,0
2002-10-09,3141.224609375,3196.403919166072,3137.6746005541063,3194.3438837881263,0
2002-10-10,3115.585205078125,3152.444655325844,3112.655062130986,3138.7148287085142,0
2002-10-11,3107.005126953125,3131.204806203386,3101.235172256428,3116.0851030502536,0
2002-10-14,3118.315185546875,3125.075119629465,3076.365459896139,3108.9752022250636,0
2002-10-15,3114.8251953125,3132.4748998318537,3109.635067938487,3116.7250763616826,0
2002-10-16,3138.494873046875,3159.7346253614596,3115.4851210279176,3115.4851210279176,0
2002-10-17,3072.615234375,3139.794652178508,3069.60525857059,3139.794652178508,0
2002-10-18,3088.13525390625,3098.5653125977615,3049.9257219159144,3071.7555549752333,0
2002-10-21,3088.9052734375,3093.095167818958,3062.4556191202414,3086.1052560350445,0
2002-10-22,3126.835205078125,3134.745028871802,3087.2956074878052,3089.335623772875,0
2002-10-23,3123.755126953125,3126.1149638600655,3105.0153461606715,3123.335209771257,0
2002-10-24,3093.705322265625,3124.0050315561193,3090.1653228722516,3124.0050315561193,0
2002-10-25,3062.955810546875,3105.455336292397,3056.565989273107,3092.155435878571,0
2002-10-28,3009.15625,3059.305834994741,3004.1663156344107,3059.305834994741,0
2002-10-29,3037.26611328125,3041.6059085424713,2989.7466246879467,3005.7464459210346,0
2002-10-30,3037.906005859375,3048.1659010147546,3007.546481715364,3037.0561618371057,0
2002-10-31,3036.14599609375,3064.925703714685,3028.696128190381,3037.905986187651,0
2002-11-01,3050.52587890625,3051.545887008796,3020.1761213045584,3035.806073131528,0
2002-11-04,3107.205078125,3107.854973166623,3061.6755603912384,3064.7355846029964,0
2002-11-05,3161.504638671875,3176.884349272778,3107.94517980072,3112.365052184978,0
2002-11-06,3143.154541015625,3161.7043809225624,3137.7246705299744,3161.7043809225624,0
2002-11-07,3148.084716796875,3157.344378296458,3131.034859695357,3143.664600485708,0
2002-11-08,3075.145263671875,3189.1039398844314,3067.0354918169783,3182.1140284515473,0
2002-11-11,3036.666015625,3089.525532327778,3030.8362467898355,3076.655558965638,0
2002-11-12,2997.176513671875,3060.995869833304,2984.6466242034485,3038.2961719807845,0
2002-11-13,3015.336181640625,3015.83617601353,2953.2968407884846,2993.356204400864,0
2002-11-14,2971.23681640625,3015.776357746068,2969.1968001406253,3015.286372987199,0
2002-11-15,2983.506591796875,3019.336268245301,2955.5269250004158,2968.04680417477,0
2002-11-18,2938.067138671875,2991.0665441291044,2932.1370294140806,2983.526589649165,0
2002-11-19,2952.27685546875,2958.796801672667,2902.597238415091,2928.7370811490596,0
2002-11-20,2904.167236328125,2946.9768126808444,2898.537416934377,2946.9768126808444,0
2002-11-21,2836.108154296875,2899.85744089221,2831.338432283191,2899.4475333700225,0
2002-11-22,2833.46826171875,2870.0379204535916,2790.5187916330333,2836.0783399045836,0
2002-11-25,2840.4580078125,2849.047998983258,2807.9884027041508,2829.458131666709,0
2002-11-26,2788.748779296875,2860.308036016039,2786.9087120255695,2837.628114380145,0
2002-11-27,2810.5185546875,2816.358332998046,2757.679058906295,2777.9188223377,0
2002-11-28,2876.857666015625,2877.107663215156,2797.278723474645,2810.308606810754,0
2002-11-29,2920.687255859375,2951.577046579191,2865.7379201792573,2882.167667789009,0
2002-12-02,2837.9580078125,2919.057191519953,2835.9179917399997,2919.057191519953,0
2002-12-03,2861.318115234375,2861.417967633898,2823.7584764639946,2836.8481739037247,0
2002-12-04,2870.2880859375,2896.977729952189,2846.678241590264,2864.3880051952615,0
2002-12-05,2850.197998046875,2865.8877633963407,2832.4682165261815,2865.8877633963407,0
2002-12-06,2854.55810546875,2874.367697975528,2837.7482352125085,2849.9580593513406,0
2002-12-09,2847.488037109375,2866.7578402060117,2836.248173118927,2851.7580086811495,0
2002-12-10,2818.2685546875,2864.8578778019873,2816.3784390907845,2851.9180809979184,0
2002-12-11,2796.77880859375,2816.2285424426886,2777.6589050438047,2814.76859781798,0
2002-12-12,2805.978515625,2836.338282290609,2792.148592726255,2796.6585518723596,0
2002-12-13,2830.59814453125,2837.72819153822,2775.808963936925,2791.048783293751,0
2002-12-16,2859.498046875,2859.7480440788745,2822.798506173835,2833.268359775542,0
2002-12-17,2878.537841796875,2882.9877431500463,2856.1980040110666,2862.0780651341875,0
2002-12-18,2868.387939453125,2903.93759190391,2864.8181550373424,2878.527963110978,0
2002-12-19,2865.907958984375,2873.0680353306984,2842.7182763659935,2865.7080100438525,0
2002-12-20,2904.977294921875,2909.877142085251,2860.357680224954,2868.5277542320478,0
2002-12-23,2907.29736328125,2938.8170281322655,2900.777417116771,2912.6671759034216,0
2002-12-24,2905.827392578125,2910.627143228316,2885.4975433338363,2907.647196308874,0
2002-12-25,2887.107421875,2914.5773277703706,2884.077670793737,2907.4873196196086,0
2002-12-26,2809.908447265625,2883.437652429198,2806.958529157153,2882.637612568115,0
2002-12-27,2802.9287109375,2817.5786940884404,2768.3590279973428,2797.798885317696,0
2002-12-30,2770.98876953125,2798.2785008320902,2744.61894973105,2797.5084899846856,0
2002-12-31,2759.269287109375,2778.5390918111716,2738.5195184382096,2764.0692824247435,0
2003-01-02,2689.4599609375,2743.2694187191146,2682.2400708484115,2743.1793318343593,0
2003-01-03,2687.68994140625,2700.3597217230335,2673.2201323728864,2681.6099312126094,0
2003-01-06,2722.24951171875,2723.7094562896486,2675.02006071229,2684.7999803720945,0
2003-01-07,2718.299560546875,2740.6391534966015,2705.569722992401,2723.1493596151818,0
2003-01-08,2790.0087890625,2790.2287573018307,2714.8494746480474,2716.639493661114,0
2003-01-09,2835.458251953125,2848.7181132964593,2773.408897665241,2794.248752288045,0
2003-01-10,2811.158447265625,2860.9679478305607,2809.8086088725913,2834.268295781845,0
2003-01-13,2821.568603515625,2830.9083430161418,2798.9587484632843,2802.9987424316696,0
2003-01-14,2999.366455078125,3027.7162365933877,2823.088635674022,2823.088635674022,0
2003-01-15,2963.956787109375,3027.7761405453816,2945.5470812309977,3004.8862602458753,0
2003-01-16,3010.576171875,3014.1159268963656,2957.3665665814183,2964.8564723887484,0
2003-01-17,2998.636474609375,3027.4261925468063,2985.3368182683457,3014.5564630509302,0
2003-01-20,3012.046142578125,3012.756095516863,2963.496640738266,2998.6161181077127,0
2003-01-21,2953.48681640625,3028.9959772972184,2953.386719875286,3018.5361339493697,0
2003-01-22,2961.856689453125,2969.2067047139385,2941.4169771809597,2947.99698154253,0
2003-01-23,2942.126953125,2984.9465418007394,2941.4270097941944,2960.0268990864033,0
2003-01-24,2992.07666015625,2998.266532368317,2934.9671911390005,2939.7271476949154,0
2003-01-27,3031.416015625,3037.6959746201273,2994.156422966313,2994.8165718261985,0
2003-01-28,3043.995849609375,3045.725810653155,3021.236095402997,3032.1759139708465,0
2003-01-29,3051.185791015625,3069.095502498626,3042.7859827673647,3044.9758996419473,0
2003-02-10,3010.595947265625,3048.775692683398,3006.4661110047896,3048.775692683398,0
2003-02-11,3031.276123046875,3032.0959380876843,3001.026461695932,3005.396285822034,0
2003-02-12,3062.98583984375,3064.255845203081,3020.3561885925164,3031.6160727097254,0
2003-02-13,3043.855712890625,3082.325495754255,3040.7358748766487,3066.595447778786,0
2003-02-14,3046.56591796875,3055.0858419142337,3033.526025201939,3041.795951952163,0
2003-02-17,3021.8759765625,3053.6356296684853,3011.0762931550144,3048.7157630433917,0
2003-02-18,3018.666015625,3027.296045560176,3006.456191949139,3019.3559492750837,0
2003-02-19,3046.23583984375,3046.265868803691,3002.2863817980874,3018.576238083473,0
2003-02-20,3041.855712890625,3056.095543119729,3038.525916321373,3045.915725864205,0
2003-02-21,2989.9765625,3040.836100983471,2984.6365343454086,3040.836100983471,0
2003-02-24,2990.046630859375,3005.986393960215,2980.8267632915513,2985.826707361167,0
2003-02-25,3043.1357421875,3044.075917174581,2993.426339572727,2993.426339572727,0
2003-02-26,3044.035888671875,3047.29586183318,3031.3160607922114,3043.805910785411,0
2003-02-27,3051.8857421875,3061.2357351282185,3044.086024853172,3044.9258591974217,0
2003-02-28,3057.205810546875,3062.9857752235057,3040.0958944145705,3052.31597263734,0
2003-03-03,3073.4052734375,3073.8552195339894,3051.1955630252246,3058.235522677078,0
2003-03-04,3076.955322265625,3087.3851363938284,3065.7855262404014,3077.695304162645,0
2003-03-05,3070.31591796875,3079.895645308696,3052.5360866023475,3078.4056716611594,0
2003-03-06,3030.916015625,3071.1655649723057,3027.4560934264,3071.1655649723057,0
2003-03-07,3027.7060546875,3040.1258373574024,3019.6661057394494,3028.776111053324,0
2003-03-10,2974.336669921875,3026.095853500068,2972.7265806059145,3022.0160653940757,0
2003-03-11,2971.45654296875,2984.606297296428,2960.896603239639,2971.10644925322,0
2003-03-12,2995.926513671875,2996.2866170734665,2957.1669366277683,2971.056918275323,0
2003-03-13,2978.196533203125,2999.42627524677,2975.8564715930565,2996.016401432704,0
2003-03-14,2994.636474609375,2998.056602425397,2970.5669192248624,2976.8368687266884,0
2003-03-17,2989.806640625,2992.8464015407662,2961.8967966052137,2992.69650087397,0
2003-03-18,2979.2666015625,3009.536281265815,2977.97657698269,2989.2064313774854,0
2003-03-19,3000.7265625,3012.5963032421273,2961.9970137258674,2976.966817569735,0
2003-03-20,2976.066650390625,3007.1761640398645,2970.2966957064464,2998.886218145984,0
2003-03-21,3005.556396484375,3006.34618255298,2971.2267031851743,2973.1365938852346,0
2003-03-24,3012.236083984375,3014.446020024959,2999.116114605122,3007.446098885362,0
2003-03-25,2979.056640625,3014.646084795624,2977.446551280353,3012.1060742510135,0
2003-03-26,2968.786865234375,2986.506637758295,2958.0069565007716,2975.4967511280306,0
2003-03-27,3046.305908203125,3056.695684207502,2954.04693358729,2966.346600271984,0
2003-03-28,3048.575927734375,3069.325695094421,3030.3161226920192,3045.17581937096,0
2003-03-31,3101.825439453125,3102.055417351496,3047.3958720112482,3048.5660249485018,0
2003-04-01,3118.875,3129.3350879898367,3092.595264873615,3105.245269756177,0
2003-04-02,3127.625,3137.7650235307524,3110.9452545470085,3116.8551006877346,0
2003-04-03,3118.425048828125,3132.555017590174,3111.8450443691045,3128.3050651702188,0
2003-04-04,3154.8046875,3159.844425870448,3113.3849862591387,3115.7550768516066,0
2003-04-07,3140.1044921875,3184.0642016799234,3132.8247890999623,3158.3943250571074,0
2003-04-08,3146.2646484375,3159.364354560974,3136.8545980652616,3137.2647497004155,0
2003-04-09,3219.0439453125,3220.8437297979535,3136.634714081652,3143.984729236164,0
2003-04-10,3259.913330078125,3273.123142619722,3226.8338677005904,3226.8338677005904,0
2003-04-11,3310.452880859375,3330.412618053055,3250.49359205098,3258.8934002349147,0
2003-04-14,3382.781982421875,3395.2418030772187,3315.9826856711393,3315.9826856711393,0
2003-04-15,3433.3515625,3436.671593794409,3359.7425209931184,3389.312259234719,0
2003-04-16,3445.831298828125,3525.8303976134407,3413.701533826778,3447.8910900770625,0
2003-04-17,3453.28125,3480.9708801469183,3400.4217367722936,3446.251299726847,0
2003-04-18,3408.311767578125,3470.720977829786,3392.621758482031,3458.2611570161766,0
2003-04-21,3325.6826171875,3410.2217067209663,3282.633051884953,3410.2217067209663,0
2003-04-22,3334.142578125,3355.212410431989,3315.4128074921414,3327.98273502641,0
2003-04-23,3285.083251953125,3350.022464610935,3275.2933227533003,3332.8925298900945,0
2003-04-24,3188.574462890625,3272.453408034673,3147.9047515147818,3272.453408034673,0
2003-04-25,3150.924560546875,3204.49402705749,3136.734778561714,3175.6842921388547,0
2003-04-28,3293.883056640625,3297.563191233702,3097.4553234248674,3129.2149777355235,0
2003-04-29,3238.77392578125,3295.0232982450048,3231.5340163176534,3289.723308545284,0
2003-04-30,3260.71337890625,3302.2029031715006,3231.523765328745,3231.523765328745,0
2003-05-12,3306.983154296875,3313.493091491716,3247.9337637332533,3264.903545262456,0
2003-05-13,3221.25390625,3341.102415424621,3217.503948313287,3330.2526836104626,0
2003-05-14,3292.923095703125,3294.4430982175036,3191.3942030518124,3207.5341590790476,0
2003-05-15,3393.5419921875,3394.6818719726816,3276.053320535955,3296.723010433712,0
2003-05-16,3414.091552734375,3432.981477375541,3393.0620036773175,3398.991868743222,0
2003-05-19,3434.591552734375,3452.4014125699005,3399.3419461203584,3422.121721194702,0
2003-05-20,3395.31201171875,3427.8116471634216,3375.1120429935986,3427.8116471634216,0
2003-05-21,3394.101806640625,3439.991428422179,3385.381933785046,3393.591802597864,0
2003-05-22,3430.981689453125,3432.2617044499893,3362.8923622396087,3392.5621967911866,0
2003-05-23,3478.220947265625,3519.680442588214,3437.69137314009,3439.551459672082,0
2003-05-26,3503.3310546875,3517.1307055074803,3481.7311978718653,3482.791244645985,0
2003-05-27,3488.821044921875,3511.60057502767,3465.651138327546,3504.6206727092267,0
2003-05-28,3440.481689453125,3514.260896782893,3432.641688907198,3490.5712193010786,0
2003-05-29,3489.8408203125,3490.6208408784455,3415.611670705759,3435.7816109551295,0
2003-05-30,3503.65087890625,3521.090625875286,3483.2211750381216,3495.4410095012786,0
2003-06-02,3498.81103515625,3503.910831735161,3471.6812110942333,3502.6408263828944,0
2003-06-03,3455.331298828125,3514.830630392529,3450.8511245505415,3495.100627436674,0
2003-06-04,3491.40087890625,3491.8110305673904,3421.1917034832213,3448.9514026677107,0
2003-06-05,3433.24169921875,3493.6409272414553,3427.1516793195333,3491.7110171471154,0
2003-06-06,3362.262451171875,3424.8415853807833,3362.0922870590675,3424.8415853807833,0
2003-06-09,3327.9326171875,3373.992158797884,3324.3826082055293,3350.7123907987207,0
2003-06-10,3347.572509765625,3364.8022967211336,3326.8327524660895,3326.8327524660895,0
2003-06-11,3411.061767578125,3412.171618387989,3353.042400010118,3353.042400010118,0
2003-06-12,3395.61181640625,3418.7917321964082,3380.5721901721686,3413.6316338232195,0
2003-06-13,3402.841796875,3425.121576807856,3384.5722259645645,3395.542073888857,0
2003-06-16,3392.741943359375,3404.041865337852,3373.532198064907,3399.2018317800403,0
2003-06-17,3376.3720703125,3405.6117328337714,3369.8921624694417,3389.421972879564,0
2003-06-18,3381.212158203125,3406.2819459868447,3378.162143510106,3378.5222469017817,0
2003-06-19,3327.252685546875,3388.731975816278,3308.9628518158165,3379.4820796605527,0
2003-06-20,3307.1728515625,3341.712503059869,3300.342850076097,3323.9026443083276,0
2003-06-23,3258.873291015625,3302.3928215027595,3257.2634458247658,3302.3928215027595,0
2003-06-24,3273.413330078125,3278.063424539878,3249.673605430339,3265.9634622511503,0
2003-06-25,3248.8037109375,3284.30331344738,3243.213685638557,3275.6332445107782,0
2003-06-26,3286.26318359375,3298.283068286175,3207.673977315262,3243.223627348127,0
2003-06-27,3227.59375,3286.733224654155,3226.033953008754,3281.5333316949213,0
2003-06-30,3224.77392578125,3247.533680529323,3202.874024679974,3215.1739356905687,0
2003-07-01,3226.303955078125,3273.913285161319,3223.0339721688674,3223.0339721688674,0
2003-07-02,3263.92333984375,3264.4533631937834,3206.8939504144205,3226.8239025823773,0
2003-07-03,3276.063232421875,3287.352900302169,3257.3732571915502,3267.5433087645324,0
2003-07-04,3280.253173828125,3300.5129559035154,3265.7533367850256,3277.083287577997,0
2003-07-07,3306.6630859375,3320.763026396722,3268.5836764917967,3293.253323330517,0
2003-07-08,3329.482666015625,3341.212514887026,3310.0729716639003,3311.0829700983377,0
2003-07-09,3306.39306640625,3333.8727404853466,3297.9832480636833,3330.652805683474,0
2003-07-10,3383.011962890625,3398.6116407851277,3307.582880430361,3308.4827726431276,0
2003-07-11,3377.002197265625,3395.2820217236035,3366.9122224405996,3384.4520649562455,0
2003-07-14,3378.652099609375,3385.692059822459,3364.862214997229,3378.892087155826,0
2003-07-15,3395.8818359375,3419.371562726823,3379.5221561354674,3380.6320069693734,0
2003-07-16,3412.3515625,3413.2216699138044,3387.572055685654,3401.2918722775653,0
2003-07-17,3443.661376953125,3459.6011398099095,3414.7217597143826,3414.7217597143826,0
2003-07-18,3341.46240234375,3444.9812570956765,3338.7825008569926,3442.4712755720043,0
2003-07-21,3323.1025390625,3335.1524524429155,3290.152958262188,3312.2227785445425,0
2003-07-22,3328.8525390625,3366.322333452495,3289.8830056419097,3335.382495085834,0
2003-07-23,3342.682373046875,3355.922214362822,3309.782840748845,3331.932493958829,0
2003-07-24,3316.452880859375,3340.5426991975187,3309.352862648619,3339.2526745697205,0
2003-07-25,3276.35302734375,3340.112319695459,3262.6332110147846,3312.532796033444,0
2003-07-28,3263.573486328125,3272.6231894674206,3250.2936060469665,3267.2033284095714,0
2003-07-29,3289.35302734375,3296.763100545782,3265.6333224778496,3265.6333224778496,0
2003-07-30,3303.123046875,3313.0130732139264,3280.2834580312765,3293.493271537735,0
2003-07-31,3318.3828125,3331.1326699187284,3299.7531380225882,3306.483043231011,0
2003-08-01,3326.82275390625,3336.622448562927,3298.4329359479475,3319.1827029698766,0
2003-08-04,3362.532470703125,3362.8325161763364,3315.3130279771694,3329.1527169807473,0
2003-08-05,3361.21240234375,3376.0122856241924,3351.562607940115,3365.2624058695787,0
2003-08-06,3341.322509765625,3361.352069542702,3338.1423697683526,3360.25222840285,0
2003-08-07,3346.0224609375,3375.752107348413,3338.822590667128,3341.4324246229207,0
2003-08-08,3294.273193359375,3346.282621102918,3291.393098636536,3343.0326574722967,0
2003-08-11,3305.10302734375,3309.55317301917,3271.963504405019,3288.0834417901756,0
2003-08-12,3318.622802734375,3330.952742983996,3300.6730522795024,3304.60293997549,0
2003-08-13,3273.8232421875,3320.4626095780745,3269.543261085807,3317.8425218943503,0
2003-08-14,3258.17333984375,3298.553012938949,3247.163453826626,3269.483271316559,0
2003-08-15,3261.623291015625,3276.113118560049,3241.713602449715,3252.313581090745,0
2003-08-18,3255.8037109375,3271.133373644221,3246.153672272587,3259.443562847718,0
2003-08-19,3246.3935546875,3272.003375142554,3242.4936960430036,3258.673446383977,0
2003-08-20,3215.453857421875,3247.233529603087,3194.093990025862,3244.983554886583,0
2003-08-21,3212.073974609375,3226.4837246226093,3199.464009037758,3216.6837860345804,0
2003-08-22,3208.73388671875,3233.573694894022,3203.013980426171,3209.22387143552,0
2003-08-25,3181.034423828125,3196.1541274537753,3165.1744941219504,3195.9842074827843,0
2003-08-26,3188.354248046875,3197.8641514955652,3166.964594596561,3177.604368226252,0
2003-08-27,3181.0244140625,3205.0441644437433,3173.8045242608564,3188.4642721024447,0
2003-08-28,3155.49462890625,3191.874103590147,3154.2546525827356,3182.0543895353344,0
2003-08-29,3192.33447265625,3192.33447265625,3143.3547949374556,3150.764868449071,0
2003-09-01,3249.153564453125,3250.073720166848,3183.7744136141246,3194.22424779149,0
2003-09-02,3238.823974609375,3272.5035305157558,3232.9539229090637,3253.2837742311526,0
2003-09-03,3233.75390625,3251.2036624445245,3223.423943548318,3238.2938945842902,0
2003-09-04,3226.873779296875,3246.07375961823,3220.3240479497754,3234.1136884626067,0
2003-09-05,3181.654296875,3225.403806742941,3162.8146641881176,3224.77393098703,0
2003-09-08,3157.334716796875,3176.094272087639,3147.9847239737924,3176.094272087639,0
2003-09-09,3136.574951171875,3165.954504684121,3130.494941194569,3155.514680292475,0
2003-09-10,3148.634521484375,3158.4444697839645,3126.4148005996376,3135.25478910145,0
2003-09-11,3160.78466796875,3177.1143190630874,3150.464715191548,3152.104589403288,0
2003-09-12,3135.494873046875,3160.864461641172,3131.2849593123797,3160.864461641172,0
2003-09-15,3100.515380859375,3154.1246447163176,3095.285458868249,3132.2850451626728,0
2003-09-16,3128.864990234375,3129.215083984253,3089.7455536850966,3102.8054665553627,0
2003-09-17,3093.575439453125,3128.414892776868,3085.4854422225717,3128.01499491455,0
2003-09-18,3098.705322265625,3108.455213184935,3078.7555942890763,3086.815562708801,0
2003-09-19,3095.705322265625,3115.485130053769,3077.5656328289883,3100.72528557966,0
2003-09-22,3075.745361328125,3102.6249411700196,3070.40533362711,3098.374989072947,0
2003-09-23,3092.21533203125,3093.445298710389,3043.5359461532084,3069.2556285034707,0
2003-09-24,3102.955322265625,3110.8651460019832,3085.8256308357086,3093.095325005206,0
2003-09-25,3069.40576171875,3108.2153881438635,3064.335993954927,3106.035480777824,0
2003-09-26,3054.555908203125,3078.965547174978,3053.3159318437633,3068.6455942931957,0
2003-09-29,3017.385986328125,3057.2056068493366,3012.8262231571553,3056.805709003106,0
2003-09-30,3054.86572265625,3064.3956453265796,3012.1262106174154,3016.1862237852797,0
2003-10-08,3085.9052734375,3090.3353994494096,3046.675733684954,3056.145598000834,0
2003-10-09,3089.865234375,3109.3352307674018,3082.84529360676,3086.2253826356355,0
2003-10-10,3199.524169921875,3207.834135303758,3086.72538634393,3090.925290405994,0
2003-10-13,3181.46435546875,3227.0539325822847,3176.3543052989207,3206.6239856943366,0
2003-10-14,3171.4345703125,3191.344260184656,3151.724829380336,3182.684444738429,0
2003-10-15,3154.64453125,3231.9236933453576,3148.3347876027574,3171.224423320866,0
2003-10-16,3107.114990234375,3157.934487576631,3100.325271603014,3153.4345381388816,0
2003-10-17,3116.675048828125,3135.584993254294,3096.695292166939,3103.755271676802,0
2003-10-20,3116.094970703125,3127.1949439974783,3103.535296966091,3114.505144765219,0
2003-10-21,3128.14501953125,3134.0250808591104,3101.7854504397365,3117.1851809125947,0
2003-10-22,3215.783935546875,3224.713766851182,3132.844681912268,3132.844681912268,0
2003-10-23,3187.0244140625,3236.6737611147078,3183.814489025658,3216.2640772726813,0
2003-10-24,3185.50439453125,3199.9441743620887,3159.9946702093266,3183.104274903262,0
2003-10-27,3174.474365234375,3192.254194890736,3153.1245073046402,3185.584347907999,0
2003-10-28,3194.67431640625,3202.7442947249615,3156.7347983096097,3168.134573460538,0
2003-10-29,3193.144287109375,3217.5741901837364,3150.624742216635,3198.3043857580637,0
2003-10-30,3162.984619140625,3190.904228537002,3146.394716925585,3190.904228537002,0
2003-10-31,3167.3046875,3206.3440460860375,3139.694888667844,3156.9346862161256,0
2003-11-03,3237.02392578125,3246.193745299463,3156.094653361326,3161.4947395680183,0
2003-11-04,3296.4931640625,3379.0623090373174,3242.523796907834,3242.523796907834,0
2003-11-05,3287.563232421875,3323.0227957320076,3271.963309696042,3297.333142397811,0
2003-11-06,3271.61328125,3297.7931639844082,3238.043832793852,3288.823293686323,0
2003-11-07,3214.353759765625,3269.8033317649683,3192.484132557011,3263.7833799044874,0
2003-11-10,3216.59375,3224.643708400903,3160.074609503199,3203.7340311752296,0
2003-11-11,3227.5439453125,3239.7337502521536,3183.7944350944754,3213.3041144950516,0
2003-11-12,3182.234375,3221.723922907928,3174.9444175930553,3221.723922907928,0
2003-11-13,3183.58447265625,3205.6440401227005,3164.934534983135,3173.2745294962488,0
2003-11-14,3190.494384765625,3198.894193265851,3160.7547267857663,3183.6543732923114,0
2003-11-17,3172.274658203125,3198.4643073510083,3169.2346530649793,3190.5144448940987,0
2003-11-18,3110.635009765625,3171.484424480477,3107.665072395494,3171.484424480477,0
2003-11-19,3147.864501953125,3164.294492965272,3097.4551567393423,3102.4250715515846,0
2003-11-20,3231.893798828125,3235.6537665570318,3144.674803239843,3146.464822289797,0
2003-11-21,3188.46435546875,3271.0933145542813,3177.4844977461994,3231.143809986541,0
2003-11-24,3275.443115234375,3275.5532214170007,3188.014167609815,3189.564198992279,0
2003-11-25,3278.733154296875,3314.942708103442,3266.6732313018047,3285.3131584379967,0
2003-11-26,3289.403076171875,3290.3930553112846,3259.093357267383,3273.0333865845605,0
2003-11-27,3237.36376953125,3300.683131171583,3233.653850000844,3292.3233611952633,0
2003-11-28,3267.9033203125,3274.5931867501226,3233.9637592430363,3241.3936076225773,0
2003-12-01,3343.6923828125,3344.622303996763,3274.80326484791,3274.80326484791,0
2003-12-02,3336.312744140625,3364.552418202271,3332.342573747091,3356.5923022459815,0
2003-12-03,3357.602294921875,3381.5722413556923,3311.202912147714,3335.3625537229937,0
2003-12-04,3370.482421875,3381.7322963829006,3347.8925859734904,3356.252600139594,0
2003-12-05,3353.142333984375,3377.6420592772024,3335.142535810053,3372.7922601407427,0
2003-12-08,3320.72265625,3375.4620307424743,3315.332824299995,3354.122182895485,0
2003-12-09,3335.95263671875,3337.1725937617034,3301.963027074735,3318.582958164612,0
2003-12-10,3368.322509765625,3369.3823123890947,3337.0828682322135,3341.8425807286803,0
2003-12-11,3365.67236328125,3380.4722467810625,3349.722590283011,3377.3922030629838,0
2003-12-12,3359.892333984375,3370.3822068356335,3342.1325229534723,3363.0224259113415,0
2003-12-15,3367.90234375,3376.9923301643503,3351.7526216940482,3360.182459227986,0
2003-12-16,3357.38232421875,3364.1923065508918,3308.852838379471,3364.1923065508918,0
2003-12-17,3333.672607421875,3394.8618632077623,3331.9826849510614,3350.4424390486,0
2003-12-18,3359.392333984375,3360.7524261843664,3322.732832160912,3327.8128534313164,0
2003-12-19,3346.982421875,3385.451960438273,3320.022763783416,3362.702215992968,0
2003-12-22,3438.561767578125,3440.3815715112933,3341.1627068132634,3350.8227553814936,0
2003-12-23,3470.591064453125,3481.971064121615,3426.3317938654945,3445.511510982098,0
2003-12-24,3530.63037109375,3533.370330634586,3476.400998112571,3477.251086245975,0
2003-12-25,3506.74072265625,3557.850013059529,3496.940783674478,3535.600262454343,0
2003-12-26,3505.52099609375,3514.9608323106136,3477.5213080981034,3513.880766220938,0
2003-12-29,3478.1708984375,3503.260704550553,3465.721087086459,3487.650772440067,0
2003-12-30,3509.660400390625,3515.47039351087,3476.2708840829378,3476.6607722673666,0
2003-12-31,3479.760986328125,3521.180443243738,3468.1810381953073,3514.4505383223923,0
2004-01-02,3501.8310546875,3529.080750720451,3471.6912541745633,3473.3113532900543,0
2004-01-05,3622.989501953125,3627.019486169948,3499.770909593008,3499.770909593008,0
2004-01-06,3672.239013671875,3674.0590617029416,3628.2194857993763,3630.2795213843715,0
2004-01-07,3725.8681640625,3751.2279873296375,3656.969033727849,3673.0189027185093,0
2004-01-08,3764.417724609375,3778.577721985855,3707.1883862471313,3728.4881960938724,0
2004-01-09,3696.37841796875,3804.257333629119,3693.0085827592684,3767.1376332313494,0
2004-01-12,3765.52783203125,3766.217765698807,3679.9086751975074,3689.4786362146897,0
2004-01-13,3747.97802734375,3803.7173930766257,3717.258400822023,3773.9677263906347,0
2004-01-14,3712.2783203125,3748.6577940037428,3685.8286665917553,3745.7078760064587,0
2004-01-15,3706.568603515625,3748.627947013741,3698.5984779165055,3716.628305326313,0
2004-01-16,3729.29833984375,3742.0481971140484,3694.0687537565373,3710.018526376901,0
2004-01-29,3816.8369140625,3820.606891152533,3732.417942549741,3733.4279409451215,0
2004-01-30,3716.828369140625,3825.4870607771395,3711.888239082129,3824.817146426731,0
2004-02-02,3774.837646484375,3842.926972529489,3711.2885528421234,3803.647382728507,0
2004-02-03,3797.947509765625,3798.21752627671,3744.768172941845,3774.997815288656,0
2004-02-04,3866.856689453125,3866.856689453125,3805.0675850367497,3805.0675850367497,0
2004-02-05,3844.5068359375,3878.2564565862003,3822.836913495376,3870.146440322245,0
2004-02-06,3822.156982421875,3886.3762311711776,3790.1373228561506,3841.8567121290735,0
2004-02-09,3899.46630859375,3899.46630859375,3821.4771923804597,3821.4771923804597,0
2004-02-10,3892.186279296875,3932.7759114501937,3875.0565888152387,3910.0061475761227,0
2004-02-11,3876.036865234375,3898.7866116035825,3830.6672538604475,3896.316668437188,0
2004-02-12,3849.98681640625,3904.956170124231,3842.146816513084,3879.656405264863,0
2004-02-13,3841.987060546875,3877.98665792769,3823.397180565307,3847.3768928451623,0
2004-02-16,3924.01611328125,3924.176023599779,3851.8667748020243,3851.8667748020243,0
2004-02-17,3940.14599609375,3958.525918051574,3918.5163545213863,3933.03621210948,0
2004-02-18,3984.6552734375,3995.1251267479543,3929.4759604919736,3942.7958795024683,47400
2004-02-19,3966.37548828125,4005.335012772002,3951.7757983196543,3990.3952387295963,33200
2004-02-20,3986.615234375,3986.745359869817,3932.4259002650483,3967.5556335215665,36400
2004-02-23,3898.496337890625,4007.4650870812425,3896.42629273594,3994.6651817368647,42200
2004-02-24,3896.6162109375,3899.7362931327807,3825.37701966201,3888.4563903418134,35100
2004-02-25,3833.007080078125,3949.1656900270377,3821.4571607268276,3908.6261054211145,34600
2004-02-26,3892.916259765625,3893.5663989516556,3810.2772948775314,3823.616988878546,35400
2004-02-27,3919.8759765625,3930.605836739929,3893.3962929546656,3902.7062471755094,31500
2004-03-01,3967.655517578125,3968.6955449934053,3897.016416084086,3925.726055503639,33300
2004-03-02,3933.74609375,3981.3754444776496,3921.8263050353075,3975.815692134546,31400
2004-03-03,3897.81640625,3960.8257095738363,3880.6664520458708,3931.0159851979543,25400
2004-03-04,3934.446044921875,3934.926020029602,3870.8268824614315,3892.9465084458575,21500
2004-03-05,3908.516357421875,3944.1358322069423,3903.3362395595896,3941.4659401840395,19800
2004-03-08,3827.80712890625,3918.3959557584485,3820.457113757021,3905.6060602679217,19600
2004-03-09,3822.126953125,3876.0465129713075,3818.3769952824173,3824.37692783055,20300
2004-03-10,3902.746337890625,3902.746337890625,3826.2171655324864,3826.2171655324864,20100
2004-03-11,3952.74560546875,3962.4454476027845,3895.2862904427548,3910.3759645667487,29400
2004-03-12,3948.3955078125,3955.5756027919606,3909.0260778127454,3954.515556127533,21100
2004-03-15,4050.4345703125,4061.1043725664126,3954.3755886534072,3954.3755886534072,41100
2004-03-16,4061.114501953125,4073.1043581205486,4027.1148821266092,4059.8745255837916,30400
2004-03-17,4078.314453125,4096.954137042985,4040.334653676818,4065.26455038275,29100
2004-03-18,3999.6552734375,4093.1041807480487,3994.235412104499,4079.694418431033,29300
2004-03-19,4058.91455078125,4060.2145850649054,3993.555418722193,3997.715284291996,23900
2004-03-22,4072.17431640625,4095.474104013873,4052.5944577965774,4072.3542460296335,32600
2004-03-23,4027.184814453125,4070.7143555538964,4008.4950826574977,4070.7143555538964,25800
2004-03-24,4030.744873046875,4050.194606277158,4007.7351211141936,4027.334755008533,23100
2004-03-25,4043.764892578125,4054.8446028099133,4015.7351763535066,4025.685016392652,18400
2004-03-26,4061.484619140625,4069.2645614524613,4019.515117685028,4048.174709360705,22700
2004-03-29,4008.03515625,4071.2143797807726,4006.2151082896394,4057.6744924727113,23900
2004-03-30,4009.094970703125,4023.254968290473,3978.755466907007,4007.205099300993,17400
2004-03-31,4060.094482421875,4061.6244946063175,4007.9551729962354,4018.7851299935023,22400
2004-04-01,4092.64404296875,4098.344174355064,4051.1645276870327,4067.454384061044,22800
2004-04-02,4132.49365234375,4141.123438287994,4088.3740303934283,4102.304049811972,30100
2004-04-05,4126.654296875,4150.613991322394,4103.304458925767,4143.194151974063,31100
2004-04-06,4157.7734375,4159.353497996857,4093.724347384175,4128.233728000959,26300
2004-04-07,4170.23291015625,4187.182914944266,4146.393334372126,4161.6734360554865,26900
2004-04-08,4147.7734375,4169.603271490554,4134.493800856869,4169.603271490554,27100
2004-04-09,4051.91455078125,4161.863513886226,4043.354588119741,4148.303607259521,31300
2004-04-12,4047.224609375,4070.134264436369,3996.655108409126,4034.2848131542105,23300
2004-04-13,3995.605224609375,4068.7745724659217,3987.6153237158255,4049.334604291306,24500
2004-04-14,3922.5361328125,3995.295327435718,3887.6163580132625,3992.625191334404,23400
2004-04-15,3903.56640625,3956.0457992019174,3895.7264061296746,3921.1660627341075,17500
2004-04-16,3941.02587890625,3947.545825331442,3852.166767832951,3904.7462564010902,26200
2004-04-19,3898.236328125,3958.255674809464,3884.6463925843245,3952.0257641811163,18000
2004-04-20,3854.436767578125,3903.2963272253355,3850.8367102828647,3896.0962126348145,17900
2004-04-21,3819.8369140625,3871.2665113202274,3802.217239216601,3855.636560185986,18200
2004-04-22,3827.80712890625,3836.456934152287,3792.817531444869,3817.537224659008,15100
2004-04-23,3782.66748046875,3827.9770302229254,3777.4976166528418,3827.9770302229254,14200
2004-04-26,3770.207763671875,3800.9774385011447,3744.46806179044,3770.5278284456754,15000
2004-04-27,3754.548095703125,3790.4175675732004,3745.7981935651105,3772.707804707922,19100
2004-04-28,3702.758544921875,3744.167992876263,3680.6286660206842,3744.167992876263,20700
2004-04-29,3600.009765625,3720.0384518310884,3596.3098558541838,3699.488632950264,20900
2004-04-30,3613.12939453125,3648.6490156500054,3572.969932878011,3600.069726564341,21000
2004-05-10,3476.950927734375,3636.899081936749,3473.9809903976047,3626.26931854645,15100
2004-05-11,3492.930908203125,3521.880535622584,3447.471455652396,3469.811293709873,12800
2004-05-12,3596.339599609375,3596.6696740371563,3499.2108047527995,3503.490786108885,14100
2004-05-13,3575.86962890625,3604.3893271548704,3559.4198630457336,3601.3393126860383,9400
2004-05-14,3489.86083984375,3581.580028061811,3481.1109377826265,3580.8200268029864,11200
2004-05-17,3460.1611328125,3508.330758429639,3455.78129913585,3477.3210965507606,10500
2004-05-18,3487.0810546875,3492.130802807406,3406.871748119042,3459.9412219908527,15200
2004-05-19,3503.260986328125,3534.7506254427767,3476.3013259996105,3500.6609176634865,14500
2004-05-20,3475.2509765625,3531.4302767368144,3465.481066846944,3506.240618467245,9200
2004-05-21,3514.180419921875,3514.180419921875,3479.1107462585105,3479.1107462585105,8800
2004-05-24,3499.81103515625,3529.240638323748,3490.2711025719605,3522.220697144286,8600
2004-05-25,3436.651611328125,3507.4508705093954,3434.061796463161,3503.6608737179454,12800
2004-05-26,3469.1611328125,3475.5612076829034,3426.3815821996373,3433.921536893421,8700
2004-05-27,3561.8203125,3567.9200978649433,3457.601262057766,3474.78124589331,17200
2004-05-28,3548.650146484375,3570.5898418566608,3539.6202184500266,3570.540037727669,9800
2004-05-31,3577.609619140625,3587.1795797440654,3539.7802111081814,3546.7200743728927,8600
2004-06-01,3632.419189453125,3635.6991819342707,3570.139859200223,3582.429760316774,15600
2004-06-02,3597.259765625,3640.979246744149,3591.219794199927,3636.929243269188,15700
2004-06-03,3533.83056640625,3595.4097111942306,3521.1905711548616,3595.4097111942306,13200
2004-06-04,3522.850341796875,3546.300273838716,3515.5904135379296,3529.1303005891154,9300
2004-06-07,3479.370849609375,3523.370355631935,3463.4410968102693,3523.370355631935,11100
2004-06-08,3440.681640625,3489.9811402440237,3436.3816396999905,3479.861135795975,10500
2004-06-09,3387.1318359375,3440.021377950201,3377.4620227928112,3434.6913597575417,13700
2004-06-10,3401.341796875,3429.691577089481,3365.2023089625513,3380.052240339259,13500
2004-06-11,3381.652099609375,3466.0312823317518,3378.6921717944388,3410.451826159108,14600
2004-06-14,3302.4931640625,3378.032359892321,3284.0434188423555,3378.032359892321,13000
2004-06-15,3366.29248046875,3381.3421170689353,3297.1531159580227,3300.723144444242,10600
2004-06-16,3396.851806640625,3429.6414780611294,3353.6623494801,3375.81224761698,16500
2004-06-17,3306.003173828125,3401.8819874961773,3302.003218431619,3399.332211241227,12400
2004-06-18,3263.663330078125,3305.833022913732,3223.173794170971,3303.4929612805995,18400
2004-06-21,3290.923095703125,3293.2131091126766,3244.203648355705,3255.5836478289907,7900
2004-06-22,3326.482666015625,3333.352461920649,3276.943183238556,3300.5630351956015,11500
2004-06-23,3299.10302734375,3330.7127815481026,3274.7434362643767,3328.962801102945,8600
2004-06-24,3290.1630859375,3327.842595391166,3288.5632503475254,3303.7330022502642,10600
2004-06-25,3255.563720703125,3322.1428107473885,3249.70367876007,3294.803272483377,11700
2004-06-28,3230.743896484375,3268.093332281913,3225.213929034952,3248.383591779205,15000
2004-06-29,3288.623046875,3289.333243991865,3217.5340000282436,3232.5438415345952,17500
2004-06-30,3275.813232421875,3317.882583202011,3273.293241250015,3293.9729401661552,14600
2004-07-01,3384.851806640625,3391.7118368742813,3268.2432554244956,3274.4631561420606,23700
2004-07-02,3391.721923828125,3405.91170589609,3350.6222876832276,3386.0120270075477,13100
2004-07-05,3381.172119140625,3390.812147968975,3358.602303380749,3390.812147968975,10000
2004-07-06,3398.15185546875,3436.4414653874824,3385.512104554913,3385.512104554913,15500
2004-07-07,3364.83251953125,3397.1319633141943,3355.932472493402,3397.1319633141943,9100
2004-07-08,3369.65234375,3371.552469033298,3343.9026310582285,3365.2725098064852,8000
2004-07-09,3345.8125,3396.861731035677,3343.5124770177567,3374.972084436491,8000
2004-07-12,3277.273193359375,3342.502440080486,3273.9431526931776,3342.502440080486,10000
2004-07-13,3297.97314453125,3307.3629321489325,3265.2235106115295,3281.113225572057,6500
2004-07-14,3296.333251953125,3319.7128732947253,3248.423631510415,3298.8529991636283,12300
2004-07-15,3341.7724609375,3344.162326627694,3289.553077744878,3294.553021491447,17100
2004-07-16,3442.031494140625,3452.4613088962196,3347.9024220748315,3347.9024220748315,30800
2004-07-19,3444.301513671875,3463.001255417274,3419.1916874657777,3444.3913564156874,16300
2004-07-20,3417.24169921875,3445.3014430755666,3398.531948142385,3445.3014430755666,15000
2004-07-21,3414.78173828125,3436.3713396933285,3399.3817646577595,3415.341546450667,12100
2004-07-22,3338.87255859375,3430.4115735668406,3328.1226788576396,3419.951729648465,15800
2004-07-23,3334.652587890625,3334.652587890625,3286.373099402299,3325.6026404365844,16200
2004-07-26,3297.9130859375,3340.1325846961936,3277.1032599633163,3326.392748050553,15000
2004-07-27,3274.983154296875,3306.722787250326,3251.313498862145,3294.502954101195,15100
2004-07-28,3303.203125,3313.733036778318,3262.173553611618,3282.1533110972773,13600
2004-07-29,3329.082763671875,3329.4726518753127,3287.193096970373,3307.9628834570885,13400
2004-07-30,3283.333251953125,3331.022657903181,3279.563274751143,3330.3227145902624,11400
2004-08-02,3257.62353515625,3277.343285654544,3245.803842924633,3277.343285654544,10500
2004-08-03,3227.9638671875,3263.85335802995,3220.0039953503024,3253.3434659087525,10400
2004-08-04,3318.462890625,3360.0725327387295,3223.3638564327207,3227.1338338054447,18500
2004-08-05,3268.29345703125,3327.342600075531,3263.17339721381,3316.3827619425665,10500
2004-08-06,3274.39306640625,3292.8628291648433,3255.413299623987,3267.453203133468,7700
2004-08-09,3298.26318359375,3302.183061655623,3265.543578603074,3276.713375631401,9000
2004-08-10,3304.72314453125,3319.3628737985537,3285.643279248196,3299.9231492485937,8500
2004-08-11,3270.643310546875,3305.263040100432,3264.6934259953127,3304.3231092185024,8800
2004-08-12,3227.48388671875,3259.5736153536236,3209.4740785792346,3259.5736153536236,11400
2004-08-13,3245.773681640625,3269.083478990219,3219.973921962866,3225.8637485308604,11000
2004-08-16,3217.033935546875,3254.1533916785493,3210.103837602519,3249.273563674893,11400
2004-08-17,3226.583984375,3238.3636376171253,3193.3941705033476,3220.1338612940267,8100
2004-08-18,3233.81396484375,3262.593428434513,3228.783991748956,3230.703892172072,10300
2004-08-19,3190.304443359375,3236.4738493943146,3172.08467622148,3236.4738493943146,12900
2004-08-20,3185.684326171875,3201.5242368301906,3146.574900484876,3186.9543314930715,12600
2004-08-23,3151.70458984375,3183.094129850133,3139.0748488902823,3183.094129850133,8100
2004-08-24,3182.494384765625,3196.1040956155725,3133.694882501036,3149.9947487676154,10400
2004-08-25,3165.03466796875,3186.4743695754746,3149.7948481892454,3185.674329695664,7700
2004-08-26,3156.944580078125,3176.724387574175,3150.2246847285305,3167.0545741316055,8200
2004-08-27,3115.215087890625,3172.034519476566,3105.49522611766,3156.1645801429354,12900
2004-08-30,3122.065185546875,3125.5949312321786,3094.555483405106,3112.605086255145,6600
2004-08-31,3175.75439453125,3208.544065563887,3154.0546869159634,3160.3744402020734,15200
2004-09-01,3127.025146484375,3176.714533126522,3123.2251400819528,3176.714533126522,7400
2004-09-02,3141.694580078125,3147.3544284127324,3096.844987783885,3125.27484321955,8700
2004-09-03,3126.1650390625,3144.9848972471277,3118.4151256112978,3142.4448865507343,6300
2004-09-06,3124.9951171875,3129.6649868912177,3111.8651369211025,3126.8949983059824,6200
2004-09-07,3130.7451171875,3131.545157094081,3109.3752383035094,3124.3650613807627,4700
2004-09-08,3109.085205078125,3131.0749483883174,3096.7552654067777,3130.524905736655,6400
2004-09-09,3044.69580078125,3108.145039673377,3038.8259936287,3108.145039673377,9600
2004-09-10,3059.255859375,3061.035868784632,3018.3263850209532,3036.946050038699,6800
2004-09-13,2997.846435546875,3054.995944408595,2996.0466509397475,3054.995944408595,6900
2004-09-14,3077.395263671875,3094.755175528075,3008.276169276554,3008.276169276554,12000
2004-09-15,3210.27392578125,3252.593273680191,3077.8154557124963,3083.185268320158,31100
2004-09-16,3238.373779296875,3263.8036713389447,3200.274350883353,3220.5441442502706,26100
2004-09-17,3347.032470703125,3347.032470703125,3220.5138723719415,3240.8735069507366,34600
2004-09-20,3472.961181640625,3473.9311415022094,3367.4823801410053,3367.4823801410053,47100
2004-09-21,3460.211181640625,3489.8907803208417,3404.5018456779926,3477.700975665846,43500
2004-09-22,3405.1318359375,3488.5908633971035,3391.4720766106793,3462.9912962091635,37500
2004-09-23,3530.260498046875,3530.260498046875,3371.5122765604397,3402.1718451796123,24000
2004-09-24,3494.1708984375,3649.8390800460616,3488.140936551577,3556.2302632489454,69500
2004-09-27,3467.7412109375,3572.9700134609466,3448.9613918644336,3539.4904077673846,31900
2004-09-28,3512.280517578125,3528.760312472642,3462.1009068550466,3480.460807531358,25200
2004-09-29,3477.8408203125,3521.990470915719,3473.8909135052877,3514.710523385942,19400
2004-09-30,3453.87109375,3489.350675460627,3438.811448553545,3474.6008412353044,21600
2004-10-08,3548.3701171875,3549.6100935155578,3405.9818214921456,3466.0512161740885,21400
2004-10-11,3531.08056640625,3587.839696285934,3512.5807736179645,3554.860085213849,37800
2004-10-12,3435.651611328125,3527.2306677452266,3424.951779529643,3527.2306677452266,30400
2004-10-13,3446.72119140625,3467.06105022121,3391.3119033385474,3429.2414078018487,25700
2004-10-14,3312.242919921875,3446.1913703755363,3307.5928255357608,3446.1913703755363,25000
2004-10-15,3301.193115234375,3346.522687152911,3281.4032971696342,3304.993121626895,22100
2004-10-18,3313.472900390625,3337.85251016269,3256.0135829710957,3308.342830891923,17900
2004-10-19,3325.582763671875,3386.1018593016447,3321.13261834417,3324.0427419071634,18200
2004-10-20,3330.6826171875,3331.7126349327536,3281.2232109359056,3323.1626819921203,14600
2004-10-21,3291.883056640625,3365.262361831483,3275.2633697147767,3333.992692483903,25800
2004-10-22,3334.552734375,3337.762659355059,3244.3237646472694,3291.7131263718125,22000
2004-10-25,3245.99365234375,3389.6819834746125,3236.863627708286,3359.4022935138482,30700
2004-10-26,3284.22314453125,3285.903057314941,3203.944016363423,3243.073704087834,21000
2004-10-27,3296.653076171875,3298.483133832027,3244.353612189032,3286.2733094324117,22800
2004-10-28,3292.463134765625,3346.962524543826,3280.9832828351196,3297.7831435576295,25100
2004-10-29,3216.31396484375,3273.1231410894934,3187.4141430266354,3214.5239458907354,30900
2004-11-01,3182.09423828125,3222.084024706854,3176.7344350383455,3198.204165246246,16800
2004-11-02,3158.964599609375,3176.624313818216,3137.174804730444,3173.5645336539883,15600
2004-11-03,3195.244384765625,3195.324461997324,3138.8548770997195,3162.3846439104095,16800
2004-11-04,3112.30517578125,3212.143899595945,3105.9351300493818,3202.1940600358394,18000
2004-11-05,3122.2451171875,3138.794980959477,3106.8851815163152,3117.885058518634,10900
2004-11-08,3122.155029296875,3128.22502978117,3089.455443773565,3120.35500059677,8100
2004-11-09,3136.014892578125,3152.18463318248,3113.5852123851087,3122.1249115728083,9800
2004-11-10,3254.423583984375,3262.813626921787,3122.805182127808,3141.154830536666,25400
2004-11-11,3223.163818359375,3306.5029719884537,3221.2439180071406,3265.073504786888,26400
2004-11-12,3227.40380859375,3246.003698012557,3210.1339824090496,3219.9739601349447,14200
2004-11-15,3267.8134765625,3269.6132610805266,3235.3636449024348,3235.3636449024348,17700
2004-11-16,3274.193115234375,3280.473073823098,3255.453335997436,3272.373067367527,20600
2004-11-17,3236.7939453125,3272.3533628105556,3230.2539792566145,3272.3533628105556,13700
2004-11-18,3284.3232421875,3284.883050356999,3234.31379375823,3236.263723042917,12300
2004-11-19,3300.283203125,3306.0929526813375,3274.613323850257,3285.5633968468883,14300
2004-11-22,3305.233154296875,3319.4829953599087,3290.693277406284,3303.073266278018,15100
2004-11-23,3273.443115234375,3306.0228264494735,3263.5233050754223,3306.0228264494735,14700
2004-11-24,3255.023681640625,3292.193188122827,3252.6035426715875,3274.9734098616404,12700
2004-11-25,3253.20361328125,3263.1334338877496,3241.113660579102,3252.9035678081996,8900
2004-11-26,3259.9033203125,3270.463260278023,3249.0435790273846,3249.0435790273846,7300
2004-11-29,3225.033935546875,3257.7135010503875,3221.2839775608604,3257.7135010503875,8600
2004-11-30,3225.973876953125,3235.1637154277573,3212.22403095952,3220.723935755567,7000
2004-12-01,3210.413818359375,3228.643593654247,3207.1938838962164,3227.6536145619652,9600
2004-12-02,3196.864013671875,3211.3538412403796,3185.6041303120833,3207.4239537175035,11900
2004-12-03,3205.444091796875,3219.4639543594703,3195.1641775955864,3201.314255222695,9300
2004-12-06,3202.80419921875,3212.1339286598627,3179.274433582088,3210.2140282980963,9700
2004-12-07,3172.154541015625,3206.7842815101694,3170.444599160616,3205.6942057844963,10400
2004-12-08,3176.974365234375,3200.634011890864,3171.8943441054193,3184.374184554764,8200
2004-12-09,3219.61376953125,3249.8834493544655,3163.3644008019673,3179.6342377414503,28000
2004-12-10,3195.83447265625,3226.514062114076,3191.7544400376273,3211.534248721697,15700
2004-12-13,3195.784423828125,3201.0143459643664,3170.5046764916783,3189.644355593298,12500
2004-12-14,3185.954345703125,3205.264188257908,3179.0044722865955,3196.114144144439,9800
2004-12-15,3212.473876953125,3216.3239313052745,3169.5942322956453,3187.144083729016,17600
2004-12-16,3190.13427734375,3213.804178886951,3185.5244655696047,3208.404092739704,15500
2004-12-17,3157.314697265625,3189.624149459255,3152.5945353451953,3188.704237898472,10500
2004-12-20,3104.665283203125,3148.304932623611,3098.355295069296,3148.304932623611,10700
2004-12-21,3097.88525390625,3125.1449586126123,3088.4454181397846,3102.905217259844,9900
2004-12-22,3169.28466796875,3169.534665176322,3096.385335757975,3100.7353848248895,13300
2004-12-23,3123.01513671875,3172.5546219805633,3116.315260444627,3170.574663645719,9200
2004-12-24,3125.465087890625,3139.204924648103,3115.8751071221236,3126.5751829125024,6300
2004-12-27,3123.565185546875,3141.4448685180364,3114.6751481921333,3126.404997556277,6200
2004-12-28,3116.9951171875,3127.0650727576735,3099.9852979414773,3125.3849157951327,10200
2004-12-29,3110.375,3135.5448834986537,3101.6250982124434,3120.515022903024,9500
2004-12-30,3112.39501953125,3126.3648335332905,3091.1252385856915,3110.4450902319663,10400
2004-12-31,3067.535888671875,3132.425058229433,3062.1858506278463,3122.0753200346485,14100
2005-01-04,3025.385986328125,3051.205765068815,3016.226176963703,3051.205765068815,13900
2005-01-05,3052.825927734375,3067.6355763774686,3017.3063058837015,3020.686150855182,12300
2005-01-06,3028.696044921875,3054.065877848709,3016.116107750949,3054.065877848709,10900
2005-01-07,3035.55615234375,3065.2457618394424,3019.036317493528,3028.65608299767,11800
2005-01-10,3062.69580078125,3063.625722043953,3018.45630425969,3032.8062417706265,9400
2005-01-11,3069.535888671875,3076.7958175972326,3054.4059301928355,3063.7959623523375,9000
2005-01-12,3064.305908203125,3068.19575739334,3044.4360126471597,3068.19575739334,7400
2005-01-13,3074.33544921875,3081.8353646454048,3055.2055379854696,3063.355348427285,9800
2005-01-14,3055.48583984375,3105.5453384551897,3052.145789316048,3067.2657373667475,10000
2005-01-17,2998.986572265625,3036.556221616108,2988.126585963614,3034.4561473816834,11700
2005-01-18,3022.3759765625,3023.615952874294,2985.6664278035714,3000.566406989455,8800
2005-01-19,3001.216552734375,3022.776371053237,2997.9265503375345,3022.116222160312,6700
2005-01-20,2969.0869140625,2989.696546867434,2956.106834608593,2989.696546867434,11200
2005-01-21,3055.77587890625,3063.325843285962,2936.3372734534114,2966.1867930940098,22000
2005-01-24,3111.364990234375,3128.664844943706,3075.80557478754,3114.2651041770537,23200
2005-01-25,3141.82470703125,3142.774647499707,3079.655241507718,3105.444989985206,19200
2005-01-26,3122.585205078125,3150.184750016636,3117.235167238051,3143.4148061768415,15800
2005-01-27,3070.5458984375,3111.7954392695015,3068.3359620998385,3111.7954392695015,13900
2005-01-28,3065.56591796875,3075.0955968733465,3053.0059994124686,3057.215913411312,10000
2005-01-31,3045.44580078125,3066.7356009037844,3033.296034796914,3058.03574737222,13200
2005-02-01,3066.19580078125,3091.3754517377124,3042.6960627389835,3045.076163160506,13000
2005-02-02,3221.173828125,3221.4938928941183,3070.9455328092768,3070.9455328092768,35300
2005-02-03,3196.51416015625,3249.2735775686665,3186.114130437588,3224.8239009040763,36000
2005-02-04,3265.973388671875,3282.953178747621,3184.1242087838164,3192.464203158763,3200
2005-02-16,3283.843017578125,3315.172743987863,3266.2433616405933,3285.7831813442417,2400
2005-02-17,3264.303466796875,3291.7431003673482,3236.73370773311,3291.7431003673482,20300
2005-02-18,3233.533935546875,3271.4234047327877,3231.433861357701,3263.5135810109737,14100
2005-02-21,3298.43310546875,3299.0632253792833,3231.22389570103,3231.22389570103,17300
2005-02-22,3382.94189453125,3386.451864780823,3298.9928884765827,3303.8627066979248,35000
2005-02-23,3383.02197265625,3402.681663437546,3361.17212098483,3380.841821419063,34400
2005-02-24,3379.4521484375,3382.4421051914965,3339.8227093801165,3382.4421051914965,26500
2005-02-25,3385.40185546875,3431.7914703020497,3377.161957933628,3379.361884356222,32700
2005-02-28,3376.2822265625,3395.5918245912158,3361.3922567324094,3383.552164611368,21600
2005-03-01,3348.412353515625,3380.631962440793,3333.212573014522,3373.6320410394273,19600
2005-03-02,3301.72314453125,3389.482174427557,3298.993194543628,3354.092432851301,26400
2005-03-03,3334.422607421875,3335.592516191096,3291.023191255482,3297.713057719212,15600
2005-03-04,3332.112548828125,3352.292498388907,3327.8726061241873,3335.32271791974,16800
2005-03-07,3368.63232421875,3379.622191794068,3340.072828521131,3340.072828521131,17300
2005-03-08,3451.78125,3451.78125,3383.6919278345426,3394.051918749078,28100
2005-03-09,3464.62109375,3481.400935041927,3445.8612941732017,3460.4912572090766,24800
2005-03-10,3373.50244140625,3465.4813967703185,3356.9625866802917,3465.2714381728056,24300
2005-03-11,3408.8017578125,3411.291720048636,3360.342097636277,3368.3920559471017,20400
2005-03-14,3420.501708984375,3471.1710630595417,3367.4822835878135,3414.721744457674,26200
2005-03-15,3366.642333984375,3425.4817647738073,3361.162414713727,3420.5318688808916,19800
2005-03-16,3341.08251953125,3360.2922642988783,3301.1828220436005,3360.2922642988783,17200
2005-03-17,3296.133056640625,3346.9125180002497,3294.4931824034916,3327.042867183279,21300
2005-03-18,3255.24365234375,3309.0631192771075,3250.893603298771,3290.2632805349012,17100
2005-03-21,3276.483154296875,3284.223057446003,3234.833720570256,3247.343345443654,12700
2005-03-22,3249.463623046875,3283.4832617365632,3241.4136643360757,3278.3932308275935,22300
2005-03-23,3220.033935546875,3304.342803948935,3216.3638107146458,3251.5836303479214,21000
2005-03-24,3214.94384765625,3235.4936655245974,3164.1343601112562,3211.153851189589,17700
2005-03-25,3214.81396484375,3228.1236297032656,3194.414047643679,3212.003937833221,12100
2005-03-28,3213.27392578125,3213.973869082361,3178.0143125050076,3211.123803474697,11800
2005-03-29,3208.40380859375,3243.813566061613,3205.23392241778,3213.5138584666115,14000
2005-03-30,3137.4248046875,3202.5341825296377,3134.4949058777033,3202.5341825296377,14600
2005-03-31,3170.314697265625,3171.7546225933706,3113.865132280661,3128.5949482732344,10900
2005-04-01,3284.9130859375,3327.312756587734,3153.5944913129365,3168.7444677753297,25900
2005-04-04,3244.213623046875,3283.163137482818,3211.9339556977884,3255.093383866006,19000
2005-04-05,3244.8935546875,3275.333398987807,3230.8937116330594,3240.2737334312365,15100
2005-04-06,3312.602783203125,3330.2627416177484,3232.2638394487435,3245.0935297087367,28300
2005-04-07,3343.732421875,3401.1917367274386,3321.8725602501745,3321.8725602501745,38000
2005-04-08,3397.281982421875,3398.5720070222856,3325.572825394821,3345.292575025584,27800
2005-04-11,3356.992431640625,3422.6415987265905,3354.3923631046323,3400.9018519731117,33500
2005-04-12,3310.77294921875,3351.362338015519,3306.9729429836566,3351.102331164226,22000
2005-04-13,3371.452392578125,3396.2922034609323,3337.882698580203,3337.882698580203,33400
2005-04-14,3324.892578125,3392.8818045342073,3315.532819995981,3382.6419293397407,25500
2005-04-15,3304.273193359375,3318.9129226044406,3278.4434034131073,3309.653016150074,19900
2005-04-18,3261.283447265625,3296.692961760021,3243.3534728208383,3296.692961760021,13600
2005-04-19,3267.50341796875,3283.4531903808697,3238.5437816012422,3260.7334743127813,16900
2005-04-20,3222.493896484375,3257.6033660941634,3208.99404785394,3257.463475084592,17300
2005-04-21,3207.52392578125,3233.1635295287956,3190.8839765118164,3220.603612422729,17600
2005-04-22,3176.88427734375,3216.4739210399475,3167.0345343418994,3212.8140499941987,21000
2005-04-25,3160.584716796875,3164.3444403107806,3127.7149677697184,3164.3444403107806,24600
2005-04-26,3180.154296875,3196.43414370038,3135.8747638820932,3156.134546567398,24200
2005-04-27,3162.974609375,3189.8742106551913,3157.4546516237783,3189.8742106551913,20300
2005-04-28,3204.694091796875,3213.9239689022397,3127.7550120146398,3158.704616588627,27100
2005-04-29,3156.634521484375,3202.3940180755912,3149.0447628504753,3200.144043308156,18800
2005-05-09,3031.466064453125,3168.804614916407,3030.615976313131,3159.3147309159126,16100
2005-05-10,3067.94580078125,3068.4958434814025,2981.4067258422156,3017.3562765036227,18000
2005-05-11,3000.566650390625,3073.0956270676006,2994.3865434989216,3064.1157466974246,15300
2005-05-12,2930.75732421875,2994.2866443638422,2927.77737701393,2994.2866443638422,18500
2005-05-13,2921.46728515625,2963.406756920662,2866.157845922392,2921.56738169161,20700
2005-05-16,2888.987548828125,2914.427204306005,2865.3476778091126,2914.427204306005,13400
2005-05-17,2903.95751953125,2935.117083228868,2866.0978354387644,2884.14768244189,16700
2005-05-18,2883.73779296875,2932.167183397625,2847.22819120796,2900.7175836836714,16000
2005-05-19,2898.257568359375,2909.3873264793438,2845.628031042623,2880.977732657583,14000
2005-05-20,2900.797607421875,2932.5372423718068,2879.037841228882,2897.737583081167,12200
2005-05-23,2840.93798828125,2895.757439499799,2832.5381804999993,2895.757439499799,12600
2005-05-24,2869.548095703125,2880.497924834162,2815.928576129618,2833.5284776269414,17500
2005-05-25,2869.617919921875,2891.1477092652704,2840.818436209942,2866.478062338043,14600
2005-05-26,2839.51806640625,2882.0175877202237,2831.728115084523,2866.2877844213995,11000
2005-05-27,2806.07861328125,2866.327937070446,2803.2385572661124,2834.598068582576,13400
2005-05-30,2794.168701171875,2810.608458715775,2756.1791358130336,2802.368560636471,14500
2005-05-31,2801.628662109375,2805.9386726282924,2779.1088937687164,2797.3586902063576,13000
2005-06-01,2716.74951171875,2801.0886522175388,2713.589635104654,2801.0886522175388,17000
2005-06-02,2630.580810546875,2710.2298258366195,2601.9710217532675,2710.2298258366195,23400
2005-06-03,2626.99072265625,2645.6504266678153,2590.501139363076,2622.770799014797,18200
2005-06-06,2729.16943359375,2730.229480334055,2604.2008602894643,2621.8605749278745,21600
2005-06-07,2709.449462890625,2812.8482006143668,2706.1094126202793,2740.069235195777,32500
2005-06-08,2936.537353515625,2951.0371919784493,2738.299571772842,2738.299571772842,64100
2005-06-09,2951.106689453125,2989.0864867489227,2898.777444229054,2945.7368768224187,61000
2005-06-10,2882.23779296875,2949.467021741388,2861.2380277690318,2949.467021741388,42600
2005-06-13,2879.73779296875,2900.7876062326773,2823.318502470605,2880.457755614919,29500
2005-06-14,2853.488037109375,2917.3571942989192,2850.1179576943487,2890.237625213192,29000
2005-06-15,2795.02880859375,2848.3880752882746,2786.2889160763075,2848.3880752882746,23600
2005-06-16,2823.7783203125,2824.348138126697,2772.028901957873,2795.728586753575,20800
2005-06-17,2790.61865234375,2845.7882005578776,2778.8787935750574,2834.438230001251,32800
2005-06-20,2868.008056640625,2881.6978453860074,2734.889423917669,2788.90884105459,45700
2005-06-21,2829.58837890625,2876.867633751343,2824.2483509124327,2870.557890071911,29300
2005-06-22,2842.427978515625,2845.3280923685084,2807.7684563881485,2823.838343932415,23800
2005-06-23,2839.47802734375,2880.337674543548,2834.4880933134286,2838.2580703815934,25000
2005-06-24,2848.30810546875,2849.9379699802053,2815.1082829427223,2833.328293201844,17300
2005-06-27,2914.937255859375,2940.2970786635833,2872.1176680716217,2872.1176680716217,37700
2005-06-28,2870.218017578125,2909.1675347411956,2859.7081249227053,2909.1675347411956,23400
2005-06-29,2847.76806640625,2882.2576692983257,2846.288102558526,2876.9276510331492,18000
2005-06-30,2760.19921875,2841.8084166581066,2756.8891970456007,2841.8084166581066,22700
2005-07-01,2728.689453125,2762.5291625533655,2720.1795385339956,2749.8991768536084,18700
2005-07-04,2737.189208984375,2737.779290243411,2693.5397971916345,2714.2395157311003,17300
2005-07-05,2716.529541015625,2744.639088513336,2712.9795320684116,2732.3394220006758,12700
2005-07-06,2696.469970703125,2738.9795070603677,2680.8002233346097,2716.369651433645,12200
2005-07-07,2697.909912109375,2711.239841864551,2683.770176914676,2695.060090313914,10400
2005-07-08,2650.580322265625,2688.4697890714465,2636.2303858627783,2687.499829267974,13800
2005-07-11,2651.770263671875,2722.589536576554,2645.930241377421,2676.8898545710276,16000
2005-07-12,2742.83935546875,2750.9591374499746,2637.2104131740734,2648.91023312916,25700
2005-07-13,2734.339599609375,2751.169245760446,2709.4897792984602,2739.479434822525,17100
2005-07-14,2737.96923828125,2761.928930026062,2726.309457172217,2731.4693113094354,18100
2005-07-15,2716.639404296875,2754.249089227456,2706.509635277916,2738.459227541584,15400
2005-07-18,2676.35986328125,2714.4295044915807,2657.7702281107017,2711.5994581202713,16700
2005-07-19,2684.72998046875,2716.5496929176243,2669.9300971805833,2674.4000178866595,13900
2005-07-20,2716.4794921875,2724.4693926614286,2678.3200087708574,2689.909722319253,16300
2005-07-21,2724.2294921875,2725.3395871737816,2694.6997936905386,2722.6394221092833,16200
2005-07-22,2782.858642578125,2807.558560523883,2722.7594639438266,2733.859192815489,41800
2005-07-25,2758.63916015625,2790.2889537122455,2748.0894731088206,2781.539051282831,26600
2005-07-26,2831.5283203125,2842.1380646703233,2754.8292288520815,2757.3392104836057,40600
2005-07-27,2886.487548828125,2886.487548828125,2828.0182358585503,2832.0482198212912,37500
2005-07-28,2893.5576171875,2929.1270422560015,2876.367624541967,2884.067733445975,40000
2005-07-29,2887.53759765625,2900.017437787716,2871.047792851688,2887.0476129318113,26600
2005-08-01,2890.78759765625,2921.717181881054,2869.9077052360212,2886.707565360116,23600
2005-08-02,2940.197021484375,2941.4670267791353,2878.8178267196167,2894.3874764058996,27100
2005-08-03,2989.366455078125,3026.026201151493,2944.9770591617303,2946.3371513658776,55100
2005-08-04,2969.27685546875,2997.8563698705348,2959.136832138033,2986.696582552424,26500
2005-08-05,3047.2958984375,3047.2958984375,2969.9666876678034,2970.5467592864884,37800
2005-08-08,3061.755859375,3089.825614379719,3051.385857952252,3063.725808086747,44500
2005-08-09,3062.805908203125,3063.205806084175,3021.606172663176,3061.285905634495,37400
2005-08-10,3062.90576171875,3074.3756044271963,3017.856215609131,3060.2058406759306,35800
2005-08-11,3128.385009765625,3130.0751764506003,3053.755959797403,3063.635732353749,49900
2005-08-12,3065.69580078125,3147.534976240367,3046.806118805699,3131.6850552961523,60300
2005-08-15,3119.114990234375,3121.8449401469225,3057.7257847827786,3061.8456117166215,38900
2005-08-16,3085.455322265625,3132.874711339555,3073.8055508179245,3118.65490040927,44400
2005-08-17,3096.995361328125,3099.9452794784233,3025.906069215688,3080.975521124015,38900
2005-08-18,3001.366455078125,3110.845215514188,2989.8765928869193,3100.9254041856907,60000
2005-08-19,3002.1064453125,3017.576487800396,2963.2870535909083,2993.666597936832,36400
2005-08-22,3030.3759765625,3039.355856470416,2988.5165820420425,3004.426315986884,24400
2005-08-23,2992.336669921875,3032.6560434651346,2972.966769244175,3032.6560434651346,21900
2005-08-24,2996.616455078125,3023.5263109689995,2979.40668623051,2989.2166353287744,20000
2005-08-25,2973.78662109375,3001.546318635905,2945.0469541049197,2997.5563732779046,19600
2005-08-26,2952.69677734375,2975.846419369386,2926.876999328214,2974.136477660209,24800
2005-08-29,2912.02734375,2949.4368355866454,2904.267421162353,2948.346759942353,21500
2005-08-30,2909.77734375,2925.807192822086,2894.8075413534802,2908.6372198497484,19400
2005-08-31,2950.396728515625,2950.526854004346,2902.307425952208,2908.647198355784,23100
2005-09-01,3003.836669921875,3004.336664354513,2942.687204327523,2957.507107669522,28200
2005-09-02,3012.115966796875,3015.2860970967085,2992.0263493834973,3009.9560790215473,28300
2005-09-05,3016.196044921875,3022.326102905057,3000.866139275296,3018.8061229774808,23900
2005-09-06,2978.136474609375,3036.9458727184306,2971.866525495534,3019.7361050627615,32000
2005-09-07,3025.656005859375,3026.0861768158575,2963.6567012392543,2971.7066597796056,35200
2005-09-08,3035.24609375,3045.765995663563,3012.446299834805,3027.9861651539536,39300
2005-09-09,3009.326416015625,3047.865779463751,3004.7964374348667,3033.4159900668574,23600
2005-09-12,2999.1865234375,3014.466382331669,2990.8267533853464,3006.4264329315897,16700
2005-09-13,3041.605712890625,3041.645751503196,2994.2463818043043,3002.4262215249396,24500
2005-09-14,3073.535400390625,3075.045393124274,3036.20574332581,3043.7156683831713,29200
2005-09-15,3068.915771484375,3074.995781893976,3053.476002036736,3074.995781893976,22900
2005-09-16,3061.02587890625,3071.565800279049,3052.6358358714674,3069.2257385177622,20900
2005-09-19,3064.035888671875,3068.3957033188703,3043.2661008300975,3060.12577603965,23500
2005-09-20,3019.885986328125,3066.54561824703,3008.936158203414,3065.195535762143,30200
2005-09-21,2965.52685546875,3017.2862857168334,2964.446789436565,3017.2862857168334,24500
2005-09-22,2905.647216796875,2961.9366220938277,2881.547634619787,2961.9366220938277,24800
2005-09-23,2892.817626953125,2925.5672593518007,2888.4475588178652,2903.897336572259,16600
2005-09-26,2895.6875,2906.5474856437586,2882.51772580386,2893.2475859536517,14600
2005-09-27,2844.798095703125,2899.9974263008085,2843.1980160356466,2898.97741823692,16400
2005-09-28,2847.528076171875,2864.4077693976687,2841.1680401836607,2844.3081416339087,12800
2005-09-29,2884.61767578125,2885.0478467566877,2849.3082558002384,2849.3082558002384,17900
2005-09-30,2903.07763671875,2903.07763671875,2883.9377140785828,2888.3675961713125,15400
2005-10-10,2858.568115234375,2902.1774906023115,2856.478050727949,2902.1774906023115,11300
2005-10-11,2886.9375,2887.607414340168,2847.6579124985656,2857.4378317962264,11400
2005-10-12,2891.177490234375,2895.637401082788,2879.30775049609,2893.2275160387394,19900
2005-10-13,2870.2880859375,2902.717656228962,2865.048154089498,2891.967776010389,16600
2005-10-14,2830.728271484375,2872.637713702776,2825.308410377156,2872.637713702776,19100
2005-10-17,2798.94873046875,2830.228410530932,2787.87878570427,2830.228410530932,17600
2005-10-18,2794.6787109375,2811.7986366905866,2784.788928946573,2797.9787228650066,14000
2005-10-19,2770.5986328125,2807.1482693917596,2764.308908833371,2795.1484047400436,14400
2005-10-20,2762.0791015625,2768.319021750334,2741.2492572639762,2768.319021750334,35400
2005-10-21,2775.788818359375,2787.1485537520307,2752.5190608004764,2763.5089273102635,19500
2005-10-24,2789.148681640625,2797.748682941294,2772.039010058455,2784.24883419543,21000
2005-10-25,2744.94921875,2786.248804747614,2742.3891888456405,2786.248804747614,20000
2005-10-26,2662.76025390625,2741.0193882793037,2659.130167558617,2741.0193882793037,23200
2005-10-27,2667.60009765625,2681.119966231066,2642.1904692587227,2652.6603230604305,19000
2005-10-28,2631.49072265625,2671.8601462628335,2609.9709427087073,2669.4402513289733,20800
2005-10-31,2662.26025390625,2669.260175591682,2631.570655852785,2633.340655581419,22300
2005-11-01,2661.580322265625,2667.5201972000496,2630.7205601885166,2667.5201972000496,16900
2005-11-02,2691.7900390625,2702.2799122730685,2664.9302312855193,2665.150199534704,24900
2005-11-03,2675.5400390625,2705.549712010374,2666.1099691209556,2690.7798582506384,21500
2005-11-04,2686.989990234375,2686.989990234375,2655.700300859583,2670.0602477973807,21700
2005-11-07,2686.25,2686.8798757711875,2664.68017276738,2683.820095523013,13500
2005-11-08,2693.27001953125,2694.4599476700946,2669.4702360648444,2683.8101640688064,13700
2005-11-09,2703.07958984375,2709.159355188003,2686.339788600552,2693.2996709614704,16900
2005-11-10,2660.30029296875,2703.629641830664,2656.9702521274307,2703.629641830664,17900
2005-11-11,2664.020263671875,2668.4701650914976,2647.310489558492,2657.31037775445,14600
2005-11-14,2633.630615234375,2661.270444483802,2624.140730566803,2657.7604737635816,12100
2005-11-15,2622.000732421875,2654.200323812232,2614.5708837985217,2629.400552083882,16900
2005-11-16,2639.47021484375,2639.47021484375,2593.3008139683097,2619.7504666685313,15000
2005-11-17,2643.020263671875,2648.5001823854286,2625.250444395179,2635.3404185782165,15200
2005-11-18,2721.839599609375,2739.1592296384447,2641.940348964573,2643.46035145338,33800
2005-11-21,2732.719482421875,2752.109158466266,2718.0196954095127,2722.589712733331,20800
2005-11-22,2687.2099609375,2734.719439789551,2683.830115894423,2734.719439789551,14300
2005-11-23,2706.049560546875,2709.4394148957867,2673.539917410002,2680.0996578854015,12000
2005-11-24,2716.76953125,2733.599176186317,2698.3695914528666,2702.6495726725457,21600
2005-11-25,2725.029541015625,2726.3195656311523,2703.619624535062,2709.7296635306725,15600
2005-11-28,2713.45947265625,2729.679260939604,2706.9395264531518,2719.0494976773066,12100
2005-11-29,2682.080078125,2710.4596431921827,2679.8000743556663,2704.1997035145423,9300
2005-11-30,2676.820068359375,2681.379831659833,2657.9101242462807,2677.8200571412285,11100
2005-12-01,2684.530029296875,2693.269921766344,2670.070230107464,2675.2000555374616,11900
2005-12-02,2680.60986328125,2695.9998275952744,2668.1200129633276,2678.6699436067797,40500
2005-12-05,2643.900146484375,2677.159781559818,2638.530333931731,2677.159781559818,25700
2005-12-06,2658.990234375,2664.4901727664533,2634.650419131183,2635.5405458790187,21200
2005-12-07,2676.820068359375,2679.820034704935,2652.920189990348,2657.780242890825,19500
2005-12-08,2691.419921875,2695.669874456503,2670.310294122689,2676.3102271789285,23200
2005-12-09,2724.159423828125,2728.5395017131345,2678.7500204206285,2686.989918346996,24900
2005-12-12,2736.88916015625,2742.8991023721346,2718.789510074638,2720.019476718974,21000
2005-12-13,2758.7392578125,2758.7392578125,2725.849487835859,2736.2995666232528,22200
2005-12-14,2789.958740234375,2794.138625056601,2740.6592436041183,2756.649054738498,27900
2005-12-15,2777.878662109375,2807.258458551794,2771.8189158259197,2791.0386703146596,33200
2005-12-16,2801.608642578125,2803.618629923736,2770.6189980117274,2774.029116224225,24500
2005-12-19,2793.71875,2801.8485418742134,2787.038893078968,2793.4887721037385,19800
2005-12-20,2804.758544921875,2805.7685433464053,2783.868642772164,2790.498695277595,23200
2005-12-21,2788.638671875,2818.168370256621,2787.118669377179,2804.038645784423,21100
2005-12-22,2805.348388671875,2806.258534704154,2779.8987232097343,2781.4287353299846,17400
2005-12-23,2827.158203125,2829.4682357858305,2805.0886266640246,2805.3286142042484,22700
2005-12-26,2848.26806640625,2860.0279441234297,2827.8083352054673,2828.498268864641,27300
2005-12-27,2834.188232421875,2848.1480370323534,2825.678317953399,2847.3282219941934,18600
2005-12-28,2834.568359375,2839.3781199738814,2819.088552231572,2829.3582126341885,17600
2005-12-29,2879.937744140625,2880.36767097036,2835.048353875699,2835.468271051817,30100
2005-12-30,2863.578125,2898.127543815685,2861.198024629483,2886.1677164538123,29800
2006-01-04,2948.766845703125,2948.9968235823235,2873.497673703015,2873.497673703015,33900
2006-01-05,3037.93603515625,3042.625924173659,2946.257127623384,2950.626951856731,53200
2006-01-06,3053.27587890625,3075.8156656486526,3016.826335766287,3048.365777622042,51900
2006-01-09,3064.81591796875,3069.305858130052,3024.5163185730707,3052.0260215427656,37200
2006-01-10,3079.88525390625,3082.1552478858725,3023.6559063692825,3060.005594864229,37400
2006-01-11,3043.935791015625,3096.535298043545,3032.2559905249186,3076.1153613189117,40500
2006-01-12,3084.1552734375,3084.795402960766,3031.75596009709,3039.1757985681415,37000
2006-01-13,3045.535888671875,3082.875313365947,3027.0861445592864,3082.0755176544594,34800
2006-01-16,2985.2666015625,3041.505961684705,2980.8564947238374,3041.505961684705,31500
2006-01-17,3024.51611328125,3026.2460743395645,2970.4866902030067,2976.8066876510156,32200
2006-01-18,3123.005126953125,3129.1349412403624,3020.726241033064,3025.8162720221753,40600
2006-01-19,3161.14453125,3163.294653656016,3109.6551176249313,3127.5450540014544,57100
2006-01-20,3153.314697265625,3163.554572543004,3120.6248787079207,3158.0045860212804,40000
2006-01-23,3154.064697265625,3160.7345442800206,3120.82508010395,3148.694640350228,49600
2006-01-24,3198.114013671875,3231.8736445928707,3150.7446721954025,3151.544712045621,55600
2006-01-25,3242.313720703125,3242.7736764801775,3193.7141683067703,3194.5442371188606,4200
2006-02-06,3359.46240234375,3363.6222678977015,3249.6735919903285,3249.7836981799423,5400
2006-02-07,3358.65234375,3397.3320865398223,3324.41273680298,3366.6522541968543,64600
2006-02-08,3335.642578125,3356.622323656333,3299.053144114342,3354.182409572965,40900
2006-02-09,3262.4833984375,3327.802733592992,3253.0735919523886,3327.802733592992,40900
2006-02-10,3321.87255859375,3323.3127279463283,3257.0932577217573,3257.0932577217573,38900
2006-02-13,3307.662841796875,3322.9326900124406,3257.573560009212,3322.2027177334053,40000
2006-02-14,3334.642578125,3337.0827363380645,3297.203056103358,3302.543084176831,28500
2006-02-15,3362.1123046875,3395.712026606511,3336.272749894742,3336.272749894742,37200
2006-02-16,3277.093017578125,3359.9622025394387,3273.6931534807068,3357.6421602790792,38100
2006-02-17,3295.833251953125,3312.7229556130505,3261.1234351184075,3269.8733372471966,35200
2006-02-20,3308.492919921875,3340.362435507563,3295.602927782413,3300.2430124561247,44200
2006-02-21,3359.65234375,3361.082503526423,3275.903280980449,3305.2530501852934,47400
2006-02-22,3362.992431640625,3384.6420919450297,3348.2526061948724,3358.2625040516227,46200
2006-02-23,3358.932373046875,3365.9923526159064,3323.492828327331,3359.6022874232985,36900
2006-02-24,3390.83203125,3394.3717864132277,3358.2423094082083,3358.2423094082083,34700
2006-02-27,3345.40234375,3401.4017143951805,3338.1123866164503,3396.2618795816297,34100
2006-02-28,3351.602294921875,3356.512396091266,3294.963037712489,3339.28260890309,29200
2006-03-01,3378.14208984375,3380.7721873346404,3349.552566352316,3355.5324798343418,31900
2006-03-02,3342.642333984375,3391.731869721552,3329.6324705521965,3391.731869721552,51700
2006-03-03,3350.38232421875,3354.902293027361,3312.6327478407306,3334.682549228184,35000
2006-03-06,3330.0126953125,3355.212363813918,3325.1826713669857,3350.3623205617146,30600
2006-03-07,3233.433837890625,3326.0629297368714,3225.173920427507,3324.3527437696457,39800
2006-03-08,3199.904052734375,3228.0338641962985,3160.4345247035667,3221.623779838896,34500
2006-03-09,3184.894287109375,3207.6940807679766,3176.4544401597573,3195.774292296234,24300
2006-03-10,3213.473876953125,3224.4737532687623,3180.494267312363,3180.494267312363,27200
2006-03-13,3277.713134765625,3280.953088559454,3211.663828810059,3213.4538477397823,29200
2006-03-14,3269.46337890625,3281.1131507614955,3248.5036527375814,3279.3431510559226,21200
2006-03-15,3312.02294921875,3312.192869189891,3259.643409149238,3268.7934531124597,27100
2006-03-16,3309.3828125,3316.6227215505064,3298.4329841127383,3312.0329292676024,27500
2006-03-17,3300.313232421875,3323.562972717094,3292.31332178266,3308.7130409378915,27100
2006-03-20,3345.59228515625,3346.8723000683594,3283.913046664882,3299.7229275877094,25200
2006-03-21,3370.822509765625,3400.482091056412,3340.452731318147,3345.3027748777276,40200
2006-03-22,3399.86181640625,3401.0820175810604,3360.4123071557306,3366.612188875281,39300
2006-03-23,3405.201904296875,3409.921822209445,3388.22211374087,3393.582161212575,41400
2006-03-24,3392.451904296875,3419.871518340921,3388.8020429289136,3407.711742745332,36000
2006-03-27,3445.55126953125,3445.55126953125,3372.312104425863,3390.681770515928,31500
2006-03-28,3488.740966796875,3489.3508232497256,3445.1413573137975,3447.701387243577,38500
2006-03-29,3520.34033203125,3577.3099068257493,3485.6507803597246,3490.400726994401,61700
2006-03-30,3488.031005859375,3521.6404927475887,3483.370901797935,3518.2806670930654,45500
2006-03-31,3516.3603515625,3520.2304252207764,3466.380933244623,3477.950871469413,45300
2006-04-03,3606.579833984375,3607.089593915681,3524.1205499240127,3524.1205499240127,63800
2006-04-04,3627.3994140625,3631.0595294196355,3579.490037223594,3610.889588753917,67900
2006-04-05,3668.22900390625,3668.7990658915824,3613.6695553588956,3626.4494417598316,65100
2006-04-06,3716.478271484375,3726.0782613017527,3658.478923004266,3673.5886165548873,66700
2006-04-07,3703.53857421875,3730.6681530021515,3663.7189521001337,3716.928316743998,57300
2006-04-10,3735.21826171875,3736.5583346315548,3667.4189706744496,3701.068741059734,57000
2006-04-11,3780.027587890625,3792.807473565391,3716.9482186602327,3744.517977186878,75900
2006-04-12,3729.558349609375,3780.9576765977317,3725.198290993261,3780.677650435422,53800
2006-04-13,3665.198974609375,3769.31792664761,3659.9089947447064,3734.5282769007345,70200
2006-04-14,3759.98779296875,3759.98779296875,3665.0288987142385,3667.028876248286,62900
2006-04-17,3760.587646484375,3804.167235153476,3743.0180195955627,3753.917799520498,60000
2006-04-18,3803.677490234375,3812.237453228211,3729.738374599579,3768.068024648985,66300
2006-04-19,3835.386962890625,3842.636881668065,3785.2176030748647,3800.207425374704,62300
2006-04-20,3847.746826171875,3860.1766182172337,3815.557246277143,3837.926868097504,75800
2006-04-21,3857.246826171875,3875.296672786846,3798.7074429284294,3843.6669001833297,84200
2006-04-24,3775.52783203125,3871.636620156259,3772.467807669586,3864.5966598488594,90900
2006-04-25,3805.797607421875,3829.2372871934595,3708.9385811444176,3764.217993410229,81700
2006-04-26,3821.737060546875,3852.2267079784833,3806.307302386898,3817.757124825542,86800
2006-04-27,3842.067138671875,3856.0369531399724,3794.3574671671818,3817.917262273879,68800
2006-04-28,3848.056884765625,3854.956709625755,3730.028180906919,3772.5975270806302,81700
2006-05-08,4015.744873046875,4020.3446748274605,3872.756491036055,3872.756491036055,80000
2006-05-09,4132.103515625,4133.993631125439,4043.3945505284314,4046.874491931591,105300
2006-05-10,4147.3134765625,4173.953315320964,4084.2343481032335,4136.86388640744,113100
2006-05-11,4093.774169921875,4207.133006391016,4084.7142129062418,4143.023373610709,115200
2006-05-12,4173.72314453125,4175.173323556819,4060.894333584338,4085.684094233539,92700
2006-05-15,4358.5810546875,4359.541004870912,4207.892801405154,4226.862803732575,130000
2006-05-16,4252.8427734375,4463.030374015515,4232.012927291417,4389.351018790352,166100
2006-05-17,4296.94189453125,4356.221012807801,4208.832534183623,4255.44236139373,112900
2006-05-18,4296.021484375,4329.701281183258,4191.332720951328,4255.66207522731,98800
2006-05-19,4369.35107421875,4386.171198751445,4265.85223083317,4295.052099832946,103800
2006-05-22,4370.4111328125,4418.490673772056,4333.691816494096,4357.2013194607525,104900
2006-05-23,4165.38330078125,4326.461077941686,4159.553288264098,4326.461077941686,82400
2006-05-24,4141.2734375,4268.572304584458,4032.8447203776827,4178.053298963475,110400
2006-05-25,4135.43359375,4182.38326243306,4066.434367706979,4126.983493221379,62700
2006-05-26,4216.982421875,4222.232362909985,4129.163583998592,4129.163583998592,65900
2006-05-29,4327.841796875,4335.871492343539,4218.782956414341,4244.772412218776,85300
2006-05-30,4348.69140625,4368.310814864938,4301.49174090639,4348.101080847062,82200
2006-05-31,4292.0517578125,4372.350658122207,4264.942199856505,4349.850911528805,86400
2006-06-01,4360.4111328125,4360.951165827681,4272.302256179323,4272.302256179323,76800
2006-06-02,4260.97265625,4359.711304804114,4236.162873431951,4349.1318325575785,94400
2006-06-05,4303.76171875,4303.76171875,4182.073144149597,4246.342441808214,72300
2006-06-06,4294.44189453125,4341.621050965024,4268.241994134625,4287.311603698719,69000
2006-06-07,4095.274169921875,4284.842113668328,4091.794228455123,4280.021855192143,76000
2006-06-08,4075.234375,4109.313827196904,3990.1552500048747,4057.6845227804843,66000
2006-06-09,4010.4951171875,4100.704067687366,4005.835013135696,4054.654534663725,58400
2006-06-12,4018.804931640625,4056.1743847046123,3947.5657420398725,3962.8954037392646,39200
2006-06-13,4004.795166015625,4052.8246565646537,3969.7855489536405,3998.275219618756,54000
2006-06-14,3938.716064453125,3976.615543942208,3904.2765072982597,3976.615543942208,48000
2006-06-15,3944.555908203125,4001.945157869952,3930.645907781899,3933.6558838278356,34300
2006-06-16,4058.254638671875,4058.254638671875,3965.565734415336,3965.565734415336,45200
2006-06-19,4106.0341796875,4133.763850185974,3994.545435706547,4029.9949906130455,49700
2006-06-20,4112.1943359375,4141.6539680600235,4090.644283500606,4102.884381257218,38300
2006-06-21,4081.244140625,4116.453705589125,4046.404444548135,4111.12368740651,48400
2006-06-22,4070.13427734375,4104.203963546797,4055.4344910579357,4086.1841461420713,40500
2006-06-23,4111.64404296875,4115.194296305888,4049.804889531552,4068.044676154501,41100
2006-06-26,4202.3125,4203.832502399659,4120.053661495128,4120.053661495128,49900
2006-06-27,4206.392578125,4232.292188843438,4178.363108575918,4211.472599049809,45200
2006-06-28,4193.0029296875,4221.622726924593,4181.853151990891,4198.832942636811,42400
2006-06-29,4301.3916015625,4311.271373344276,4197.102734517804,4197.102734517804,74600
2006-06-30,4301.61181640625,4341.5810938095265,4275.7820285463795,4322.361583228426,55700
2006-07-03,4398.33056640625,4398.33056640625,4302.151957311633,4302.151957311633,57700
2006-07-04,4345.52099609375,4403.880691901848,4326.201388958335,4400.480339484656,69500
2006-07-05,4291.21142578125,4345.890985605579,4259.121943514385,4345.781123561908,52000
2006-07-06,4348.4013671875,4356.7909214188385,4284.831768509443,4287.652049340557,46900
2006-07-07,4322.8017578125,4376.480845044703,4311.741822896762,4360.031321960675,52200
2006-07-10,4336.19140625,4340.6312976604,4283.321884405135,4322.341464552429,50500
2006-07-11,4323.44189453125,4344.1213508169285,4295.931948210146,4335.991558902579,51000
2006-07-12,4350.76123046875,4391.540557962997,4323.961238273428,4323.961238273428,67700
2006-07-13,4149.013671875,4357.3414208583135,4130.593955935736,4346.281485916625,81300
2006-07-14,4187.443359375,4226.452688322501,4094.8340444979576,4115.003740589724,57200
2006-07-17,4229.052734375,4235.682542936951,4164.803453934895,4179.653385279321,36900
2006-07-18,4235.052734375,4240.042424665879,4197.033140040991,4220.6329737653305,35400
2006-07-19,4109.6142578125,4213.762996965718,4092.864200745746,4213.762996965718,38800
2006-07-20,4135.83349609375,4149.273286761874,4093.274158978023,4101.91395465385,24600
2006-07-21,4178.93310546875,4183.013137828118,4133.683613031303,4136.413562878266,27300
2006-07-24,4183.23291015625,4190.093184846297,4096.624017366468,4130.713479128768,28000
2006-07-25,4221.79248046875,4236.952466642487,4182.2631387827405,4182.2631387827405,29600
2006-07-26,4199.232421875,4240.432152494377,4198.122571111793,4229.402491742035,28600
2006-07-27,4129.86376953125,4205.782838681631,4108.2238758722515,4194.21265613817,32700
2006-07-28,4080.583984375,4151.163268623712,4043.6444584647984,4130.353444099015,31000
2006-07-31,3946.85546875,4068.464207103937,3936.7056806722935,4068.464207103937,36800
2006-08-01,3919.51611328125,3969.8754119379255,3906.2262232239727,3941.4457990479286,27200
2006-08-02,3892.356201171875,3935.1457598174347,3838.6768722123666,3919.9760082598173,26900
2006-08-03,3883.106201171875,3908.7060107232887,3853.826745531857,3891.7062020421768,19500
2006-08-04,3820.43701171875,3898.096050390922,3811.477151553489,3884.276381603054,22800
2006-08-07,3780.33740234375,3832.1068401306343,3766.787749916624,3801.9572765840485,23600
2006-08-08,3868.65673828125,3868.65673828125,3784.0876145588745,3784.0876145588745,21600
2006-08-09,3852.686767578125,3875.2165441742663,3840.396866362844,3869.086485977713,18200
2006-08-10,3905.396240234375,3905.6362277833027,3849.2169372371004,3850.9669176549146,22900
2006-08-11,3909.6162109375,3914.626164702526,3875.6766489031766,3911.1762520933166,21000
2006-08-14,3853.706787109375,3927.865867648417,3840.4068874174304,3901.6562006085946,23900
2006-08-15,3912.176025390625,3912.176025390625,3836.106811513603,3844.676783606834,25700
2006-08-16,3972.66552734375,3972.66552734375,3906.7463427637094,3919.10606780352,34300
2006-08-17,3939.546142578125,3964.065888593629,3913.62626569659,3964.065888593629,20100
2006-08-18,3924.22607421875,3964.7156110324213,3913.4061270261864,3928.3959493975444,19100
2006-08-21,3932.1259765625,3932.1259765625,3807.357351441361,3835.7771998376816,20500
2006-08-22,3977.85546875,3988.145392871595,3922.466194883267,3924.696150442882,25700
2006-08-23,3975.675537109375,4004.265305470365,3966.0557715764935,3974.4155414259194,25800
2006-08-24,3977.295654296875,3986.3453578828007,3941.016030309088,3966.0457799783403,16300
2006-08-25,3997.495361328125,4014.205135509973,3973.9355660488204,3978.555631600473,26900
2006-08-28,4114.333984375,4116.114237952455,4000.805465713312,4000.955366384809,42800
2006-08-29,4140.103515625,4216.152956517464,4117.813726302677,4117.813726302677,47600
2006-08-30,4157.513671875,4161.4936079383215,4104.694436977461,4127.293794204156,28000
2006-08-31,4178.79296875,4196.693158582234,4155.673599181902,4159.8932784107665,35200
2006-09-01,4128.7041015625,4185.69370238916,4109.724332090165,4183.493531535764,32900
2006-09-04,4181.4033203125,4181.4033203125,4114.523698962797,4116.463618621867,26400
2006-09-05,4165.81298828125,4195.452791483882,4154.923462376021,4185.63307775955,30200
2006-09-06,4171.13330078125,4178.01310627882,4128.22362674815,4165.4234040113015,39500
2006-09-07,4119.00390625,4172.673718358622,4109.664166573574,4172.673718358622,27400
2006-09-08,4110.98388671875,4140.5738883826525,4101.284287981874,4115.5839330162635,18600
2006-09-11,4135.603515625,4135.603515625,4067.144322555436,4105.473970758514,26200
2006-09-12,4153.2236328125,4160.533609762237,4127.0940418374,4134.433803610725,32100
2006-09-13,4117.84423828125,4175.903649731467,4117.394047986674,4151.533804175862,33900
2006-09-14,4102.23388671875,4130.9537802258155,4069.08435527333,4110.944238480469,25900
2006-09-15,4183.712890625,4183.712890625,4099.684046941588,4100.313922696858,35800
2006-09-18,4238.232421875,4243.582459743271,4187.753005526042,4202.022865588125,42000
2006-09-19,4223.78271484375,4264.422395850459,4214.342879290859,4248.952354479629,32100
2006-09-20,4247.71240234375,4260.752296007482,4188.513355399823,4216.7230017912125,28900
2006-09-21,4282.66162109375,4306.681369506012,4246.402264740314,4250.641962979163,38400
2006-09-22,4269.88232421875,4310.43167447926,4253.8624842180625,4287.911907321722,36800
2006-09-25,4271.92236328125,4320.5316820694925,4242.022307579094,4263.692474998869,25600
2006-09-26,4210.5927734375,4273.13210901992,4189.082761488808,4259.842219450095,24900
2006-09-27,4241.892578125,4241.892578125,4175.59351370642,4205.022872609931,25400
2006-09-28,4288.32177734375,4302.181484392304,4235.23204376326,4244.6123091185445,25600
2006-09-29,4326.7314453125,4344.57157802719,4291.932029416944,4291.932029416944,32900
2006-10-09,4407.68017578125,4440.429805726024,4357.930737926213,4366.220683316276,47200
2006-10-10,4382.5009765625,4429.600549453588,4363.701381332794,4416.160757788281,49900
2006-10-11,4375.541015625,4396.730720568248,4346.531573726061,4377.991183595256,40300
2006-10-12,4348.7109375,4379.070948174725,4338.061154733967,4376.240901826005,61100
2006-10-13,4380.5009765625,4389.941301021547,4336.4418973632855,4343.491623469612,43700
2006-10-16,4332.451171875,4391.690738600936,4324.751063345212,4380.530708128086,40500
2006-10-17,4343.62109375,4378.54062308267,4315.921698097096,4336.461017988851,42400
2006-10-18,4438.18017578125,4438.18017578125,4338.191551746988,4341.29112633896,42300
2006-10-19,4438.1103515625,4467.219888175132,4424.450348605709,4438.770012128508,33300
2006-10-20,4448.39013671875,4468.219992826401,4425.14039702551,4443.380427183034,35500
2006-10-23,4356.34130859375,4470.999691412083,4326.36166415235,4447.729932700316,38500
2006-10-24,4452.64013671875,4454.5903102177235,4360.891162970328,4360.891162970328,34000
2006-10-25,4515.3095703125,4543.859545282456,4462.680273702015,4464.630447292855,46100
2006-10-26,4584.52880859375,4589.328559604854,4477.079814900821,4522.049526840969,42900
2006-10-27,4558.36865234375,4633.6178059907825,4534.319118149586,4582.258520364983,47800
2006-10-30,4560.228515625,4586.808294920058,4511.369201657039,4544.958667768906,59900
2006-10-31,4621.92822265625,4626.79828530725,4562.5187316925,4562.5187316925,54600
2006-11-01,4643.1181640625,4645.198219000691,4599.558591036452,4630.30824826357,57900
2006-11-02,4657.07763671875,4657.07763671875,4600.748190533725,4646.007936687018,60500
2006-11-03,4690.37744140625,4737.516559854003,4655.547754874842,4656.787487030161,59900
2006-11-06,4785.31640625,4785.31640625,4632.807864117033,4654.967771641702,66100
2006-11-07,4830.23583984375,4830.625972184895,4749.706470012011,4804.466109470069,73400
2006-11-08,4778.14697265625,4825.006313982309,4765.027001609024,4825.006313982309,49500
2006-11-09,4869.55517578125,4881.744980289999,4734.0967361086605,4756.266409007329,52300
2006-11-10,4777.57666015625,4900.525485807193,4734.937486723178,4877.4754496180285,61500
2006-11-13,4663.34765625,4799.366151889917,4632.298199426943,4740.236931535166,51200
2006-11-14,4725.26708984375,4725.26708984375,4582.788699445726,4659.588135326363,45800
2006-11-15,4937.00439453125,4937.00439453125,4722.396950920148,4722.396950920148,57100
2006-11-16,4945.564453125,5048.863095150054,4939.954164708264,4952.094164787055,69500
2006-11-17,5067.453125,5067.453125,4893.045406444879,4926.66514785324,63300
2006-11-20,5177.912109375,5179.691874559089,5080.433222794342,5080.433222794342,77600
2006-11-21,5239.04150390625,5240.07127754545,5080.6130999976385,5181.341953908929,83300
2006-11-22,5276.6103515625,5335.869936457442,5203.211277857869,5236.581018317559,80100
2006-11-23,5292.37060546875,5345.84998397979,5237.371224535432,5272.100814091931,69900
2006-11-24,5297.0205078125,5324.150085525667,5223.931486021913,5280.220403777783,68100
2006-11-27,5383.9599609375,5383.9599609375,5273.771248696985,5292.121141658406,70000
2006-11-28,5361.93994140625,5424.099401413883,5327.480366447265,5373.00964163431,58800
2006-11-29,5457.44873046875,5490.378537968767,5219.441626673753,5258.151154690632,61100
2006-11-30,5666.9365234375,5666.9365234375,5474.198447962718,5474.198447962718,89100
2006-12-01,5747.99560546875,5821.984521913835,5692.406385048902,5692.406385048902,83300
2006-12-04,5875.52392578125,5900.843954213843,5745.695304213848,5750.105410986511,88400
2006-12-05,5927.96337890625,6005.462510745232,5860.27419576798,5887.654260144687,88000
2006-12-06,5838.4345703125,5970.312975200958,5648.726735377134,5937.76353528584,90800
2006-12-07,5811.45458984375,5960.593047450579,5793.354695969596,5813.634741079232,97400
2006-12-08,5641.4169921875,5820.644971516752,5636.307185958922,5732.5561113079275,84200
2006-12-11,5951.22314453125,5951.22314453125,5629.306841146045,5632.606608742614,71800
2006-12-12,5983.0732421875,6045.1726455332655,5858.804612057887,5975.6431494793715,74700
2006-12-13,5972.4033203125,6016.772452257624,5889.684031974835,5990.033005661856,71500
2006-12-14,6044.2119140625,6044.2119140625,5951.183173535799,5981.3029525051215,71900
2006-12-15,6168.4208984375,6176.580474688794,6025.432271321582,6064.591987398048,78100
2006-12-18,6393.25830078125,6425.157844987655,6184.190335494909,6184.190335494909,93100
2006-12-19,6369.06884765625,6464.997461426148,6239.6801591866115,6428.218087941858,85200
2006-12-20,6439.36767578125,6440.987774787234,6269.949655195283,6329.649180531517,70700
2006-12-21,6334.09912109375,6452.79798962363,6325.389257512659,6432.608273892353,80500
2006-12-22,6242.10009765625,6349.629168272067,6221.080313252602,6298.089705730713,60100
2006-12-25,6382.52880859375,6481.267451835398,6238.440085948099,6238.440085948099,67800
2006-12-26,6356.39892578125,6448.337836062991,6275.829516893137,6399.558109705843,64800
2006-12-27,6489.6171875,6546.3968243914205,6360.86863087642,6360.86863087642,62500
2006-12-28,6436.2177734375,6585.446078376132,6405.227887015846,6515.526941550722,66500
2006-12-29,6647.0654296875,6687.2046269965585,6481.177157403586,6481.177157403586,95700
2007-01-04,6705.2646484375,6954.562145692106,6659.725120072078,6730.044643982984,140800
2007-01-05,6706.1650390625,6777.734060787586,6584.986222042771,6667.645451446124,115100
2007-01-08,6870.42333984375,6872.543433375255,6691.315475047341,6693.225121708261,106400
2007-01-09,7078.5107421875,7095.650687369288,6848.623662712293,6894.123154260585,104200
2007-01-10,7345.93798828125,7345.93798828125,7099.980773919854,7110.780458008516,110500
2007-01-11,7289.5078125,7493.995745704441,7259.768401073714,7343.857298543451,99000
2007-01-12,7186.939453125,7395.807228881049,7113.700039772129,7254.488500580018,99500
2007-01-15,7636.3642578125,7639.434047484699,7175.359191927868,7177.139445330896,91800
2007-01-16,8002.80078125,8020.89042301966,7668.934391855874,7696.1543027750395,94600
2007-01-17,7775.5625,8044.429594947726,7593.724700224296,7998.229918949419,122000
2007-01-18,7790.78271484375,7830.61234613263,7499.165869214027,7672.654157278426,101200
2007-01-19,8065.2197265625,8065.2197265625,7784.1926006835265,7784.1926006835265,116600
2007-01-22,8342.9765625,8357.316245115033,8145.698505875369,8156.668109172472,120500
2007-01-23,8311.1669921875,8392.146557002758,8001.890659329653,8365.216193550556,122900
2007-01-24,8366.486328125,8463.725472894464,8166.3484340355735,8278.867192746782,99400
2007-01-25,8013.16015625,8293.107212789173,8000.900528080255,8271.747100716779,100100
2007-01-26,8223.2080078125,8263.24759990717,7703.9940773111275,7898.961627422319,103200
2007-01-29,8359.896484375,8413.266003063178,8211.987986808415,8258.256999185973,104700
2007-01-30,8262.2373046875,8410.645794516498,8224.737725755633,8391.23585621312,94100
2007-01-31,7632.8544921875,8281.06745033706,7579.835066204644,8281.06745033706,102900
2007-02-01,7700.5537109375,7763.593042489387,7393.586941280146,7513.355616609184,85600
2007-02-02,7347.94775390625,7711.904139977262,7339.7779232378625,7684.104157362832,73300
2007-02-05,7292.8681640625,7373.897037794102,7144.419638520773,7280.858045247827,64800
2007-02-06,7341.44775390625,7343.538062580985,6985.701728911194,7282.898603430312,83300
2007-02-07,7541.65576171875,7615.264800519113,7414.30709047082,7414.30709047082,89200
2007-02-08,7691.37353515625,7693.303689248906,7484.765993465301,7567.944746309266,87400
2007-02-09,7627.8544921875,7722.223552228136,7557.425105374641,7713.113790996812,70500
2007-02-12,7951.4912109375,7951.4912109375,7605.754840569645,7616.714679018169,71300
2007-02-13,8104.17919921875,8132.698899141068,7984.760615620313,8014.730006327773,63900
2007-02-14,8315.8173828125,8317.086899899434,8104.219645796044,8121.9294091587835,74500
2007-02-15,8582.8134765625,8584.39353688917,8380.61555887511,8380.61555887511,84800
2007-02-16,8572.1728515625,8740.81157460143,8534.163514618873,8661.812465578469,84600
2007-02-26,8588.59375,8610.313232071632,8431.825006894684,8582.643621666632,76700
2007-02-27,7790.732421875,8631.872887667198,7790.442386066342,8620.763637299191,129800
2007-02-28,8039.60986328125,8097.239098579011,7595.934672577868,7597.604575690049,105000
2007-03-01,7804.2626953125,8089.949437224858,7710.173417016083,8075.259660333949,94200
2007-03-02,7923.2412109375,7998.550424862023,7761.4227133960985,7795.722621656583,71200
2007-03-05,7826.47216796875,8032.319953971654,7582.544731472121,7901.23109405729,87600
2007-03-06,7924.72119140625,7986.31034450043,7741.293072573205,7797.622519024313,60800
2007-03-07,8140.23876953125,8161.948486952088,7972.340750489998,7972.340750489998,82300
2007-03-08,8249.1181640625,8257.478422591346,8062.830198028025,8173.938824883207,71900
2007-03-09,8146.3486328125,8287.597537901147,8103.228998932714,8269.25692315998,83000
2007-03-12,8130.65869140625,8155.948446460768,7943.97084653427,8136.9486598314015,79700
2007-03-13,8200.5185546875,8207.64835768875,8084.339679416409,8136.308824234588,83400
2007-03-14,8090.3798828125,8158.868864201885,7897.251668065445,8115.389369197496,79800
2007-03-15,8273.4375,8273.4375,8095.139206362919,8096.929225353204,79900
2007-03-16,8147.228515625,8348.425967772104,8051.729585912026,8306.906901839544,80400
2007-03-19,8276.70703125,8299.336660407456,7865.481660197907,7918.661239890352,89500
2007-03-20,8294.52734375,8312.487103809426,8212.648376745346,8306.286977844698,86200
2007-03-21,8400.205078125,8441.56496328463,8311.356470668772,8361.306102714436,96600
2007-03-22,8434.7353515625,8534.743994037273,8401.346078104294,8444.1356366173,121700
2007-03-23,8489.765625,8494.735296112221,8282.997424252471,8426.455784519478,113800
2007-03-26,8631.29296875,8631.29296875,8482.055382557644,8515.604811455756,96900
2007-03-27,8629.123046875,8662.433220546702,8563.323979392573,8651.643302373186,97900
2007-03-28,8587.2529296875,8677.942338347231,8282.057146987787,8630.752439947755,98600
2007-03-29,8579.2236328125,8681.112133063545,8525.453730935635,8606.473325734389,102200
2007-03-30,8549.1044921875,8598.844169750662,8465.035120803796,8547.084006993362,70700
2007-04-02,8785.732421875,8785.732421875,8571.444764688935,8575.674209864788,87900
2007-04-03,8963.369140625,8963.369140625,8795.021420429503,8827.551328819967,120800
2007-04-04,9090.357421875,9141.236730769842,8940.089585643394,8981.70825681056,108500
2007-04-05,9161.3779296875,9177.677551940873,9040.498423260862,9098.238011383379,96800
2007-04-06,9268.126953125,9290.64623285737,9054.15863981013,9101.148349357496,103600
2007-04-09,9475.603515625,9509.492783363405,9322.074966868606,9322.074966868606,121700
2007-04-10,9652.5712890625,9662.021378250438,9317.315288364538,9506.742848591823,126000
2007-04-11,9753.6708984375,9757.880812166177,9535.55322716196,9688.071048118794,134200
2007-04-12,9964.6689453125,9964.6689453125,9684.511919056744,9776.060700935128,138900
2007-04-13,10019.8076171875,10136.166664566632,9958.958689823576,9994.008101667881,128900
2007-04-16,10248.9853515625,10248.9853515625,10024.998590800824,10054.73751707761,111400
2007-04-17,10288.884765625,10390.463706077066,9990.708417667222,10300.974473971599,147500
2007-04-18,10401.50390625,10445.413571918689,10152.306495098812,10329.084793478478,141500
2007-04-19,9857.1201171875,10359.843981325097,9602.902260059851,10359.843981325097,145400
2007-04-20,10258.525390625,10304.885225839082,9884.370378216092,9884.370378216092,122100
2007-04-23,10684.939453125,10712.519221205737,10375.813045427622,10376.183158454412,142400
2007-04-24,10668.9208984375,10820.279559766688,10610.461590319397,10773.21953841441,156600
2007-04-25,10668.150390625,10745.389762399953,10456.243577487392,10624.411621281834,114300
2007-04-26,10848.658203125,10873.757530079572,10700.999708344858,10739.239512441316,112400
2007-04-27,10688.4296875,10862.658198259976,10633.800418614366,10851.878045970449,98400
2007-04-30,10865.7578125,10893.10809117342,10641.910717913684,10719.1891466116,110900
2007-05-08,11400.9921875,11404.912065390341,11024.935860325148,11100.475051767984,138400
2007-05-09,11517.62109375,11561.23095722699,11025.946909111644,11500.841008116726,164400
2007-05-10,11574.0302734375,11645.079280818903,11407.742100447154,11527.78079244536,146900
2007-05-11,11489.80078125,11522.720333794308,11237.074124450704,11436.232046310277,107800
2007-05-14,11731.94921875,11814.427790962975,11244.084543255549,11356.82352012834,115400
2007-05-15,11414.412109375,11828.79711349586,11397.442573002538,11754.568453243393,110200
2007-05-16,11682.21875,11687.649353231132,11266.194113260639,11388.322628040109,105800
2007-05-17,12010.9462890625,12041.495753461724,11736.749148012133,11776.65885971074,124700
2007-05-18,12099.9638671875,12210.113022115649,11919.016678374737,12016.66499697972,114400
2007-05-21,12269.0634765625,12356.711913925776,11663.350499685599,11693.71930189971,121900
2007-05-22,12407.69140625,12499.760689757599,12301.132050312557,12301.132050312557,155200
2007-05-23,12623.98828125,12648.947962218148,12335.371401438853,12430.591036498136,122400
2007-05-24,12515.0107421875,12770.777419471364,12316.792250878629,12673.378115674084,126400
2007-05-25,12681.30859375,12704.318102447069,12429.9715564704,12493.800921866283,120800
2007-05-28,13026.5146484375,13125.202999201168,12829.856688881726,12829.856688881726,151400
2007-05-29,13456.44921875,13458.189433676183,13097.693462615283,13097.693462615283,135300
2007-05-30,12627.0087890625,13333.75086352893,12425.380190787104,12651.05832405416,170300
2007-05-31,12944.0859375,13110.11338054353,12020.815973122768,12501.950249304653,172900
2007-06-01,12432.55078125,13185.441738476278,12325.071519759169,12954.624018632805,163900
2007-06-04,11468.33203125,12468.440992183348,11464.102586242123,12393.111754358912,122100
2007-06-05,12017.576171875,12017.576171875,10652.071842487794,11171.655901821436,158300
2007-06-06,12338.041015625,12381.15088265952,11777.507276611632,12114.104079411298,131900
2007-06-07,12695.857421875,12695.857421875,12357.420792928038,12383.90096429811,115700
2007-06-08,12850.5458984375,12930.045004303878,12580.288195862782,12733.166359240775,116200
2007-06-11,13187.5625,13208.822027904806,12938.12485947906,12940.954905958992,121000
2007-06-12,13579.5673828125,13579.5673828125,12865.836132066217,13252.851321547176,145100
2007-06-13,13811.3251953125,13984.43262415707,13670.916617602012,13683.496554297424,139200
2007-06-14,13666.126953125,13874.324812665192,13464.339177920056,13750.456085161257,99200
2007-06-15,13697.0068359375,13777.975656158565,13525.098603978271,13596.477687794059,76800
2007-06-18,14194.390625,14200.360284617142,14002.852733894566,14002.852733894566,104800
2007-06-19,14336.2392578125,14342.748950271516,14057.462117703333,14189.590515452703,91200
2007-06-20,14107.072265625,14575.83653993921,14005.123213615541,14499.297359221897,123300
2007-06-21,14255.451171875,14276.350352572383,13927.904048092461,14044.293373462151,95100
2007-06-22,13725.56640625,14237.940565629026,13423.090292847088,14227.770757355034,105900
2007-06-25,13109.1123046875,13817.02426344809,13003.653530027867,13678.376408998638,96600
2007-06-26,13219.2626953125,13219.2626953125,12655.01898945369,12877.205964081944,71800
2007-06-27,13583.5478515625,13641.827471375782,13154.352469810834,13309.190577002893,88300
2007-06-28,12882.025390625,13629.297279966291,12856.115525073485,13543.89784748928,75700
2007-06-29,12546.3095703125,12862.136108503571,12341.441749380896,12555.369039082168,72200
2007-07-02,12475.0205078125,12675.457717194246,12144.864047414847,12492.570116045383,54600
2007-07-03,12760.9169921875,12794.047481394506,12461.310964695023,12574.869266217065,56800
2007-07-04,12509.0,12860.46677940715,12461.641153706441,12798.227239864227,51400
2007-07-05,11783.4482421875,12392.630879636608,11782.078140329017,12306.032239147176,55800
2007-07-06,12395.2109375,12409.580893923086,11654.329577699767,11729.649047560448,62800
2007-07-09,12846.265625,12938.544860218799,12516.378711504134,12519.469497042706,75100
2007-07-10,12681.8984375,12956.565292542693,12667.208171838776,12876.705832662488,72000
2007-07-11,12785.5263671875,12836.346109088217,12592.03830527826,12634.178457132599,50700
2007-07-12,12850.595703125,12951.574059604209,12728.906642080052,12811.006304638813,41300
2007-07-13,12816.2763671875,12885.785354244636,12702.477837153569,12865.645931388144,26700
2007-07-16,12331.0517578125,12827.1360227249,12329.491228486815,12820.466175857304,39400
2007-07-17,12759.837890625,12824.596932634005,12153.694273034362,12267.902957806735,47800
2007-07-18,12841.365234375,13105.42280924736,12641.907518360254,12749.98638004349,61300
2007-07-19,12790.796875,12924.904744869902,12711.13761278816,12770.106677524369,38300
2007-07-20,13417.8095703125,13419.889625123653,12775.007204711694,12786.467037204131,66300
2007-07-23,14139.111328125,14159.551529106213,13615.147464216718,13615.147464216718,109400
2007-07-24,14190.810546875,14483.80726030267,14087.46209676951,14259.929888744191,108400
2007-07-25,14402.9189453125,14403.898426542044,14127.58218189554,14202.28154150814,85300
2007-07-26,14619.576171875,14703.00492312833,14350.588956104271,14477.337533717722,84500
2007-07-27,14613.935546875,14676.264925262847,14337.289238566238,14518.646577568588,83700
2007-07-30,15060.69140625,15167.070095745377,14567.806310254235,14567.806310254235,99400
2007-07-31,15199.3896484375,15257.369469000958,14917.033430044386,15051.381537472082,86300
2007-08-01,14795.0341796875,15419.937323876236,14603.395705069901,15259.178385570722,101600
2007-08-02,15561.96484375,15561.96484375,14901.612886362025,14901.612886362025,86300
2007-08-03,16179.458984375,16193.859214203276,15699.564928934795,15699.564928934795,98600
2007-08-06,16542.625,16542.625,16189.808644790464,16296.777171562975,98900
2007-08-07,16523.083984375,16735.421443669893,16158.828309179022,16551.52507124426,105900
2007-08-08,16193.5380859375,16532.584087593983,15864.451933500299,16346.346918777448,94100
2007-08-09,16680.193359375,16691.681511488096,16193.858005898335,16193.858005898335,87600
2007-08-10,16323.2568359375,16606.643297021914,16033.999347136725,16606.643297021914,105200
2007-08-13,16115.9296875,16281.107523310435,15913.381176875244,16215.388533476123,75900
2007-08-14,16351.7060546875,16395.276854545602,16010.020437941621,16092.289045495823,70400
2007-08-15,16322.3359375,16551.583358923384,16040.73949552377,16438.49478719444,73600
2007-08-16,16052.9697265625,16219.147543856547,15877.69142575003,16202.6672605797,76000
2007-08-17,15688.82421875,16196.168143725195,15654.354878390039,15932.911327691036,75400
2007-08-20,16589.615234375,16589.615234375,16078.66001166365,16078.66001166365,87600
2007-08-21,16859.78125,16939.258872536073,16661.642851478402,16733.942820294666,99300
2007-08-22,17331.794921875,17445.90301098763,16667.751623748198,16704.74144128387,109700
2007-08-23,17639.021484375,17731.41887831976,17272.093987904893,17441.44363773499,103400
2007-08-24,17864.478515625,17901.987858857323,17671.75021718818,17683.93172063728,81300
2007-08-27,17884.638671875,18128.475772870857,17772.360637937596,17943.718085456723,83600
2007-08-28,17817.73046875,17870.7494071991,17468.49413916103,17814.910187783356,81100
2007-08-29,17442.994140625,18051.508811346295,17418.334260496336,17688.421080033204,84400
2007-08-30,17659.060546875,17705.460414045,17307.593808783364,17488.453096564193,81300
2007-08-31,17871.908203125,17912.769071307088,17608.2314836539,17680.650590356432,78400
2007-09-03,18163.833984375,18245.2236904474,17972.646689843383,17988.136749328416,88700
2007-09-04,18050.578125,18288.696564943973,17961.149434173753,18217.63681002278,81800
2007-09-05,18001.798828125,18137.2582518526,17679.37274376825,18050.37836336891,73500
2007-09-06,18073.55859375,18225.40651294703,17951.579482716377,18089.337714991885,68800
2007-09-07,17673.900390625,18052.16565810005,17648.890906904842,17986.678115020244,85900
2007-09-10,17918.279296875,17952.94882950867,17310.766586283895,17473.03429572395,73400
2007-09-11,17129.197265625,18063.946479528226,17088.477022161987,17926.397250974038,74500
2007-09-12,17398.21484375,17453.173211161924,16943.919162426977,17068.269328971008,57900
2007-09-13,17959.318359375,17971.318224958126,17406.765955058305,17469.05431983321,73300
2007-09-14,18213.505859375,18213.71484139693,17729.28084284047,18026.236483591983,77200
2007-09-17,18494.173828125,18553.68292758111,18091.947862054887,18130.867348249445,85500
2007-09-18,18316.21484375,18578.911121212157,18102.326613556874,18566.512822530134,93300
2007-09-19,18073.138671875,18390.535529559646,17999.309415542506,18359.535874616406,62200
2007-09-20,18221.53515625,18360.03359748997,18073.036827555876,18139.74506114894,65100
2007-09-21,18228.365234375,18330.492991637217,17776.350788511092,18277.675226488198,65200
2007-09-24,18418.263671875,18575.281438160342,18012.108081033617,18288.25536761369,64500
2007-09-25,18346.244140625,18621.461767310244,18225.69666000476,18450.254696723416,54800
2007-09-26,17992.119140625,18443.643388957415,17891.210112650006,18239.436687840138,50600
2007-09-27,18280.865234375,18284.73433159575,17803.729961966674,17983.948643365195,42300
2007-09-28,18864.33984375,18939.68861058926,18442.46370171467,18442.46370171467,60800
2007-10-08,19232.1328125,19374.140977318337,18998.176465430257,19287.391955208677,77500
2007-10-09,19317.953125,19354.413653319556,18942.088202541392,19178.11485059333,64300
2007-10-10,19263.822265625,19599.808718776727,19193.553525186042,19342.16318084394,71300
2007-10-11,19343.93359375,19428.311554335145,19127.115711233495,19273.76445829464,73900
2007-10-12,19134.984375,19362.41346209702,18208.18618715336,19348.243699317267,79200
2007-10-15,19088.4375,19199.135484151146,18745.470621935747,19084.617230106927,70100
2007-10-16,19358.22265625,19435.34288631405,19092.54594412031,19139.715337735182,59500
2007-10-17,19288.072265625,19551.510710841318,19202.89353552926,19324.321858181567,50100
2007-10-18,18681.138671875,19240.253452397734,18636.379411647802,19240.253452397734,53000
2007-10-19,18834.58984375,19042.126581947687,18603.79164731841,18769.889396485978,51800
2007-10-22,18379.205078125,18793.579360720138,18320.945962564576,18522.183951493746,45500
2007-10-23,18610.953125,18610.953125,18075.259865388387,18350.73531657995,51300
2007-10-24,18761.689453125,19078.125348564172,18659.760911606645,18696.180424017406,55600
2007-10-25,18175.10546875,18780.708010456296,17933.098433802355,18659.09024210085,61000
2007-10-26,18506.3125,18658.621342986655,18001.529084542948,18011.278975470323,53100
2007-10-29,18833.44921875,18904.637874551212,18654.330131161067,18654.330131161067,42700
2007-10-30,19034.357421875,19038.607374341216,18740.251336317717,18908.608828315788,42200
2007-10-31,19530.931640625,19530.931640625,18976.726910319157,19222.274941386382,55800
2007-11-01,19144.404296875,19559.20042316923,19139.515679861397,19554.36063373267,53500
2007-11-02,18564.1328125,18997.08892157923,18503.934265097305,18816.05969045662,50800
2007-11-05,18116.6796875,18563.233322613338,18007.290277185755,18450.93574146711,37500
2007-11-06,18120.369140625,18450.404539080442,18048.05939653093,18058.049519995835,32100
2007-11-07,18232.755859375,18384.113531936382,17845.838336340265,18233.314446842127,52600
2007-11-08,17465.265625,18180.906059557165,17465.265625,18180.906059557165,61300
2007-11-09,17159.92578125,17563.751309037623,16922.369864298504,17279.27599890249,48500
2007-11-12,17065.578125,17150.407251687848,16254.497378271095,16768.61270574197,52700
2007-11-13,16747.703125,17393.594331382978,16561.593880473156,17198.836746179193,58200
2007-11-14,17355.35546875,17355.35546875,16575.204092113647,16999.507910862656,48700
2007-11-15,17096.708984375,17386.365897770273,17039.44009427901,17298.446960191966,50900
2007-11-16,16728.072265625,16898.160202909763,16396.77715088867,16871.560891678553,37500
2007-11-19,16660.47265625,16796.82073113888,16536.923265447393,16728.192597242425,34500
2007-11-20,16987.291015625,17071.940462185277,16383.657122735922,16508.796352103265,49000
2007-11-21,16748.001953125,17248.627207817393,16723.5432425742,17025.739078131428,39200
2007-11-22,15949.181640625,16580.15406275238,15936.191551804237,16370.386881948338,37100
2007-11-23,16217.328125,16217.328125,15766.02360948035,15804.103261097873,27100
2007-11-26,16057.009765625,16600.723374640656,16054.989280545815,16503.945166657326,32400
2007-11-27,15680.833984375,16055.180373910933,15671.633892195005,15917.73171938997,34600
2007-11-28,15358.98828125,15856.832319493458,15271.428714211714,15729.783936542886,31300
2007-11-29,15919.1015625,15963.250480938135,15189.249404400109,15560.985465593618,50200
2007-11-30,15637.4853515625,16038.030678726973,15602.185941471842,15941.631365708212,34900
2007-12-03,15832.802734375,15988.950395569897,15477.295983001466,15580.065337155498,30000
2007-12-04,16064.9892578125,16270.147106893171,15888.34085374459,15888.34085374459,33400
2007-12-05,16569.625,16603.144155902057,15983.851286064122,16065.600370636816,49600
2007-12-06,16538.955078125,16697.043148319943,16381.776177417785,16646.912851345645,32700
2007-12-07,16750.232421875,16752.392553944752,16528.195844824582,16578.22458168418,38400
2007-12-10,17096.318359375,17148.40761994622,16409.08581908949,16454.095080801668,58000
2007-12-11,17036.7109375,17222.029189207748,16815.11379234898,17141.809378150116,56500
2007-12-12,16831.37109375,16993.498175105164,16681.023176684113,16919.39939978251,61200
2007-12-13,16035.0107421875,16762.462551337696,16021.65054033873,16711.261953213947,60800
2007-12-14,16483.31640625,16492.626849423832,15734.23490588663,15849.613503594304,50100
2007-12-17,16118.7890625,16483.985164588674,16075.5698203513,16483.985164588674,63400
2007-12-18,16073.9296875,16240.56746300051,15926.361033608258,16005.320107079702,38100
2007-12-19,16386.826171875,16466.055752957323,16180.12829235193,16226.707848611662,47200
2007-12-20,16625.224609375,16671.993618656503,16277.528294549302,16467.74589817616,43800
2007-12-21,16808.490234375,16818.829961583087,16521.852840144053,16542.743229682717,51800
2007-12-24,17153.736328125,17266.385448952962,16895.059556466655,16930.84821555176,74200
2007-12-25,17198.845703125,17272.946432541725,17036.337764508276,17213.5662407532,67700
2007-12-26,17427.57421875,17431.15425675317,17141.448519138226,17232.967024731537,59300
2007-12-27,17797.021484375,17820.05052346437,17383.485097850553,17500.583396434493,82200
2007-12-28,17700.419921875,17856.73847500506,17668.931995022547,17824.4693069455,59500
2008-01-02,17855.951171875,17933.049921059675,17438.39528366877,17731.64201191662,60000
2008-01-03,17911.099609375,17911.099609375,17626.292261367154,17872.99847481504,89700
2008-01-04,18122.20703125,18195.06558960583,17862.98923359976,17968.359146298055,83100
2008-01-07,18376.755859375,18449.913246089323,18092.03833359734,18122.92861387269,77600
2008-01-08,18267.92578125,18582.351938960815,18102.466701215282,18416.52372244507,93900
2008-01-09,18597.40234375,18601.533157139682,18143.26872741171,18202.40674094655,64600
2008-01-10,18939.06640625,19123.894406756826,18627.829670430936,18682.0302330472,92800
2008-01-11,19016.376953125,19076.225892483933,18831.289181454842,19034.046677185317,59000
2008-01-14,19140.916015625,19219.674897235178,18955.28723980662,19074.13551519065,56800
2008-01-15,19033.806640625,19212.34565931455,18883.839567986994,19154.26623080032,72400
2008-01-16,18351.78515625,18837.30902747707,18261.196324815017,18837.30902747707,85300
2008-01-17,17910.189453125,18483.343171564364,17450.274697131357,18173.786101714344,84000
2008-01-18,18131.17578125,18196.194577085327,17752.38905000642,17911.29740887556,62100
2008-01-21,17210.736328125,18188.516358575864,17133.73719319575,18166.50684022365,64600
2008-01-22,15995.6708984375,16974.460744200514,15793.103825671811,16761.562732169295,82600
2008-01-23,16874.12109375,16882.87099551103,16111.549577348364,16149.368488676435,68400
2008-01-24,17086.408203125,17230.48666724674,16723.01188335714,17052.19960196337,63500
2008-01-25,17293.81640625,17432.674228703057,16885.0709763668,17047.659002246277,68900
2008-01-28,16177.6494140625,17214.858534144223,16102.740094363082,17214.858534144223,52000
2008-01-29,16205.748046875,16591.75348599381,16041.800665714027,16171.389056984553,35300
2008-01-30,16127.529296875,16652.883763303427,15814.702723100767,16449.76494493425,43300
2008-01-31,15857.5322265625,16234.718428672031,15842.022634772089,16116.869163612531,43200
2008-02-01,15776.693359375,16012.690715324346,15150.990408644413,15837.702441470718,47400
2008-02-04,17031.48046875,17042.910029110968,16211.479824568365,16211.479824568365,54000
2008-02-05,16859.451171875,17245.696831552974,16767.071350591075,17044.689324690728,40600
2008-02-13,16502.255859375,16729.864655267273,16359.32776200338,16663.715000581848,21800
2008-02-14,16704.751953125,16835.541500722207,16564.64415074416,16618.06347302193,21200
2008-02-15,16496.046875,16613.81509554148,16257.559294886927,16613.81509554148,30100
2008-02-18,16860.361328125,16982.578704817308,16612.29380306039,16718.591436761468,37200
2008-02-19,17281.40625,17281.40625,16780.92161548156,16916.750173838736,42400
2008-02-20,16959.009765625,17476.65437351917,16944.55094277294,17288.32639925069,52500
2008-02-21,16804.0703125,16975.93946855585,16470.59360344652,16838.169537432146,40200
2008-02-22,16179.3388671875,16737.373651604168,16032.481132051482,16737.373651604168,49800
2008-02-25,15486.4970703125,16304.048492138752,15473.096829253447,16201.35920861123,39200
2008-02-26,15328.248046875,16016.430759998711,14907.102378538648,15887.921458780596,45500
2008-02-27,15752.234375,15799.743610463209,15250.91965673671,15409.677650760428,34300
2008-02-28,15654.2841796875,15822.932676566146,15498.276165869442,15787.172335929896,34500
2008-02-29,15823.7021484375,15838.062338704027,15513.615787627523,15612.704518396917,30800
2008-03-03,16187.328125,16224.7075883715,15525.585550520374,15722.143891782462,48600
2008-03-04,15746.0546875,16349.907321384659,15704.464331481884,16240.848968546248,53000
2008-03-05,15601.03515625,15760.423018796679,15092.300622085299,15642.094266508097,52800
2008-03-06,15695.9541015625,15915.271957890247,15366.387479926549,15602.735418969449,49900
2008-03-07,15560.6748046875,15833.182485592593,15425.596244000906,15558.79494299289,35000
2008-03-10,14862.8828125,15482.576045238024,14784.253813125039,15482.576045238024,40200
2008-03-11,14815.5537109375,14815.5537109375,14311.949979067005,14663.545648638205,36000
2008-03-12,14348.298828125,15172.949723464026,14301.319863515911,15107.670183122209,36200
2008-03-13,13943.00390625,14306.859203764932,13651.677092831436,14186.44063134103,41500
2008-03-14,13817.4951171875,13970.14281587882,13548.817472377124,13855.124577140752,27200
2008-03-17,13207.6328125,13785.306050378147,13176.723001352699,13785.306050378147,36800
2008-03-18,12488.8798828125,13263.661258407217,12280.962285835154,13061.623478495301,46500
2008-03-19,13044.0537109375,13281.600847976992,12615.028255444415,12767.826344213456,57300
2008-03-20,13548.4580078125,13651.41681104407,12291.771943131513,12894.265168480313,69000
2008-03-21,13718.806640625,13941.7445787755,13457.069331405744,13572.228200649208,58800
2008-03-24,13098.0927734375,13996.361957419096,13098.0927734375,13888.824105601652,43100
2008-03-25,13427.1396484375,13568.3480277711,12717.817515072275,12889.615395538289,42900
2008-03-26,13488.939453125,13800.04633610061,13418.480277749588,13471.939642658961,36700
2008-03-27,13111.2626953125,13488.968408235158,13067.853027286288,13294.260637154663,42700
2008-03-28,13692.6962890625,13702.46668747357,12813.196371403114,13002.714757134067,54800
2008-03-31,13301.990234375,13620.667318910151,13253.551325338069,13345.899897411502,38900
2008-04-01,12460.48046875,13399.819550662965,12414.690942864801,13274.591461945176,52800
2008-04-02,12344.1015625,12862.685580551162,12100.354300721949,12537.408961224775,52500
2008-04-03,12652.7685546875,12705.558002964803,12017.855738344104,12240.513402754232,43900
2008-04-07,13396.4599609375,13433.289625607282,12383.280905346728,12493.779664871443,55800
2008-04-08,13592.4873046875,13735.636090909833,13334.77046659925,13430.839702361247,61800
2008-04-09,13078.6630859375,13785.645401929558,13078.6630859375,13518.358356550398,54700
2008-04-10,13286.5302734375,13286.5302734375,12731.057027840534,12889.614815086828,41300
2008-04-11,13327.9609375,13525.178453141389,13246.961845546131,13370.330579699585,33200
2008-04-14,12343.4716796875,13074.152924024826,12308.95155968889,13018.85374059216,48400
2008-04-15,12390.6513671875,12411.830817654432,11807.667657364094,12203.723771716352,51300
2008-04-16,12057.14453125,12408.470654062337,12012.814952197896,12328.901237373668,39100
2008-04-17,11656.94921875,12331.7414483089,11456.811817028585,12104.173690454545,49500
2008-04-18,11291.9140625,11733.008750867608,11218.275235603138,11533.3615641393,38100
2008-04-21,11094.205078125,12134.513669318878,10957.076740357152,12134.513669318878,61100
2008-04-22,11174.64453125,11208.584581282807,10586.241933456406,10856.06899328562,45700
2008-04-23,11784.0185546875,11797.667816046307,11090.486274648621,11149.135032567045,48900
2008-04-24,12914.615234375,12934.945084982674,12548.729680670132,12787.236777092205,98600
2008-04-25,13104.802734375,13463.758656184416,12831.825337285345,12978.834425262678,117900
2008-04-28,12782.357421875,13067.684317380987,12688.718817909668,12899.6256450812,55500
2008-04-29,12880.7353515625,13013.403784800867,12641.488036091963,12680.048150294344,52100
2008-04-30,13504.73828125,13557.308004524872,12885.865335044144,12885.865335044144,85100
2008-05-05,13860.625,13860.625,13533.078864643023,13673.436667286906,73300
2008-05-06,13702.40625,13881.01460306034,13518.698344625074,13769.105698992462,63900
2008-05-07,12979.044921875,13804.745625898455,12979.044921875,13621.017216923965,64200
2008-05-08,13317.380859375,13322.490177051122,12769.326461384298,12816.955809820369,46500
2008-05-09,13080.2236328125,13475.21920928873,12846.34636917271,13409.649631097176,68300
2008-05-12,13165.9521484375,13337.360384885653,12640.808616073242,12869.62538922337,56900
2008-05-13,13074.083984375,13356.720466102815,12696.147789152217,12727.617163126224,62400
2008-05-14,13532.1875,13532.1875,13054.992676889802,13054.992676889802,63600
2008-05-15,13410.0,13728.706386705382,13396.049961134559,13664.2471486661,65500
2008-05-16,13314.23046875,13534.54830881394,13104.652742534077,13377.069607310843,48900
2008-05-19,13197.4423828125,13303.731234262035,13079.094095795943,13283.181659184145,51100
2008-05-20,12449.669921875,13256.831766346324,12397.740816865815,13170.962612356503,58100
2008-05-21,12659.6787109375,12696.89802119303,12019.915359032535,12319.73231800747,57200
2008-05-22,12366.0517578125,12590.898845770973,12348.861520894887,12506.129288557231,47300
2008-05-23,12216.2529296875,12471.460034463085,12042.72557485178,12334.001611897771,42000
2008-05-26,11890.0361328125,12121.603839666388,11810.477457710109,12116.58338834501,44300
2008-05-27,11998.236328125,12090.214794685693,11812.007935957034,11863.647985132924,36400
2008-05-28,12313.521484375,12386.510896761045,11954.795055514529,12009.164560405929,39500
2008-05-29,11947.005859375,12293.671899095341,11925.866447668117,12293.671899095341,32100
2008-05-30,12048.1044921875,12048.1044921875,11814.62665395855,11938.515883137741,34100
2008-06-02,12057.1142578125,12160.813285653863,11879.476609266721,11999.815098214123,33400
2008-06-03,11991.4462890625,12118.694869344825,11895.127051200223,12086.92471599324,35100
2008-06-04,11970.3466796875,12011.346221447617,11756.248486662862,11960.876082412595,37600
2008-06-05,11860.13671875,11939.40633888332,11798.97822392919,11913.266983160252,19000
2008-06-06,11733.8388671875,11871.457449610301,11670.520237398807,11832.688350725199,24400
2008-06-10,10765.7900390625,11212.714740087944,10723.420394605984,11212.714740087944,39800
2008-06-11,10457.962890625,10646.33089704045,10344.48369347479,10572.221375917838,33900
2008-06-12,10340.0234375,10517.49214606424,10066.426903060947,10410.432802423136,38100
2008-06-13,9936.619140625,10367.044005720869,9921.218922541322,10317.364874817074,30500
2008-06-16,9825.1591796875,10036.776920084163,9635.832204556455,9930.518347905423,39900
2008-06-17,9429.39453125,9917.969144617578,9345.195277714833,9793.040854453384,35000
2008-06-18,9903.0283203125,9962.508120400915,9114.087970692934,9371.014769866466,58300
2008-06-19,9161.45703125,9808.31014294755,9132.41731721277,9808.31014294755,48400
2008-06-20,9373.5849609375,9778.099940706988,8888.680260688894,9187.23647173698,69400
2008-06-23,9238.7568359375,9439.294628074873,9136.787275330156,9238.80664006697,38400
2008-06-24,9525.5537109375,9595.253127379145,9202.307323122557,9220.877428106995,46000
2008-06-25,9982.0791015625,9996.308435053099,9472.694157630556,9503.964316693247,64200
2008-06-26,9999.548828125,10132.227038476716,9804.440648763282,9951.108937734049,67800
2008-06-27,9436.1044921875,9689.981537378328,9299.905819187921,9665.752316004457,58800
2008-06-30,9370.6748046875,9510.1732346058,9234.146067907232,9320.835521888228,37900
2008-07-01,9096.8671875,9439.163133858614,9061.957424749682,9397.214387951077,46500
2008-07-02,9162.037109375,9252.2362952024,9032.879375186227,9111.107991860026,43200
2008-07-03,9398.064453125,9566.272526365803,8922.479946570087,9013.889076991123,63200
2008-07-04,9400.6142578125,9529.652849146312,9312.465832717737,9362.394960045549,55000
2008-07-07,9902.869140625,9926.37864195602,9397.5242357785,9397.5242357785,72300
2008-07-08,9950.158203125,10053.38751688573,9740.900778793095,9947.808620038495,71100
2008-07-09,10355.25390625,10357.903290580014,10003.10746755782,10003.10746755782,103500
2008-07-10,10178.49609375,10472.49279351591,10094.546840802454,10204.205766085835,82600
2008-07-11,10031.267578125,10216.795774488397,9896.809122512199,10137.326937616339,68300
2008-07-14,10054.15625,10144.415975221556,9867.358549982095,9916.29842825877,49500
2008-07-15,9648.9111328125,10138.966174278647,9620.771800499755,10094.566282453856,68600
2008-07-16,9323.275390625,9529.902957624057,9179.156888670012,9528.37367788872,59400
2008-07-17,9288.2666015625,9555.143510092374,9211.027228002804,9460.20413848264,51700
2008-07-18,9588.29296875,9594.22258981784,9208.056994326322,9379.324606789723,54800
2008-07-21,9870.87890625,9897.197945349772,9485.61274363917,9552.332694267147,66700
2008-07-22,9851.1796875,9922.908376192576,9784.270280759989,9871.689223379994,55000
2008-07-23,9734.611328125,9930.149189802296,9727.46199367294,9895.040205753601,54700
2008-07-24,10005.8779296875,10030.11789199628,9762.470505411138,9762.470505411138,65800
2008-07-25,9923.048828125,10030.237078689459,9833.83986803577,9904.438685352392,55500
2008-07-28,9974.0283203125,10112.526774420237,9921.568944916138,9974.728507809647,54700
2008-07-29,9791.7607421875,9838.819786845508,9716.091665544065,9831.460494049585,47000
2008-07-30,9715.681640625,9914.529031447842,9645.792771941762,9880.290155640514,40900
2008-07-31,9470.2236328125,9760.470370439203,9470.2236328125,9735.400339726346,40100
2008-08-01,9556.8037109375,9638.793032101434,9282.366337980347,9420.61479814538,57300
2008-08-04,9375.5849609375,9558.3329051514,9343.675163650321,9493.912731395638,35000
2008-08-05,9080.1171875,9430.943303850021,9038.367658965008,9370.474260146446,71400
2008-08-06,9047.0390625,9173.48785194148,8893.80150839884,9122.1681100198,50500
2008-08-07,9035.189453125,9140.258595923104,8942.600640137289,9020.090011847356,32900
2008-08-08,8658.68359375,9047.608938652145,8646.903451845246,9047.608938652145,43600
2008-08-11,8170.05810546875,8627.01342044373,8129.88863492859,8627.01342044373,48300
2008-08-12,8192.7080078125,8277.937521590955,8053.459568050166,8091.739412573307,38700
2008-08-13,8249.5478515625,8334.067418883194,7986.651362881675,8149.909311853228,41900
2008-08-14,8278.5576171875,8336.906572676471,8149.228500104588,8214.797589525067,33300
2008-08-15,8233.318359375,8354.98692471384,8157.328972238983,8269.228115251393,30400
2008-08-18,7833.001953125,8258.046988571532,7823.732037607342,8256.547005402175,39300
2008-08-19,7963.48046875,7970.600506046017,7700.873552090423,7756.732788594439,28300
2008-08-20,8531.0546875,8553.72435506201,7874.701699040234,7918.480993071365,63700
2008-08-21,8242.9384765625,8552.44479539326,8233.53819062309,8425.816322769386,57500
2008-08-22,8101.58935546875,8241.047264776087,7956.740881590636,8194.568293626437,37700
2008-08-25,8065.35986328125,8183.098290704602,7982.080522572374,8115.748947361004,25600
2008-08-26,7887.28173828125,8034.439757308679,7785.522624610567,7986.9007392136655,31400
2008-08-27,7827.072265625,8000.689944968779,7728.953250221321,7863.901930187671,32400
2008-08-28,7816.96240234375,7943.37114520325,7779.462821630817,7841.082249844498,31200
2008-08-29,8004.15087890625,8084.319905802996,7804.062780586743,7845.282535267941,45700
2008-09-01,7685.154296875,7953.920822704104,7659.374311716354,7953.920822704104,32100
2008-09-02,7578.27490234375,7662.604035044855,7542.375402473544,7640.47440033031,25900
2008-09-03,7413.466796875,7580.56502354988,7338.297716660331,7540.225631475834,36300
2008-09-04,7473.5166015625,7543.865913257731,7354.807966869099,7385.757328125942,24600
2008-09-05,7264.11865234375,7384.387321805594,7236.988585797087,7299.288179425137,28900
2008-09-08,7003.921875,7302.718346772774,6980.842054318047,7278.5887331132,30100
2008-09-09,7022.10107421875,7076.120485239844,6944.401754162467,7027.190860634049,25700
2008-09-10,7065.39111328125,7178.319536475484,6906.952457415615,6982.041948772088,30500
2008-09-11,6876.17333984375,7072.111096805495,6852.743425274779,7046.391656980426,29800
2008-09-12,6934.9921875,7020.661638593154,6859.573109935932,6859.573109935932,28200
2008-09-16,6873.533203125,6945.9523173134085,6767.084683308523,6908.472754852258,48700
2008-09-17,6679.9853515625,6909.462765621977,6668.575322918972,6843.743285765952,42500
2008-09-18,6562.99609375,6686.114827788425,6289.939102752155,6528.336815152937,61400
2008-09-19,7153.91943359375,7153.91943359375,7049.300494609613,7110.689939969307,66700
2008-09-22,7468.986328125,7752.753175415433,7228.609132498683,7653.99451381742,148100
2008-09-23,7062.0009765625,7270.888773526387,7057.061090487977,7199.749433640286,84700
2008-09-24,7083.37109375,7083.37109375,6830.463761771785,6879.423175968742,52600
2008-09-25,7376.75732421875,7463.486334500064,7089.510537482946,7103.630496718603,103300
2008-09-26,7559.18505859375,7598.604537416245,7348.547289323635,7403.936803495772,90900
2008-10-06,7217.2392578125,7405.9373466787065,7214.479522994559,7405.9373466787065,75100
2008-10-07,7181.19921875,7251.658877476617,6863.1930208601025,6939.602319868513,62500
2008-10-08,6924.41259765625,7092.890689143658,6867.233062973633,6974.7616425162705,51200
2008-10-09,6758.14453125,7058.9009287426825,6753.9243636673655,7043.470925760056,56600
2008-10-10,6385.27880859375,6500.667657042547,6345.728957183139,6482.117571178024,50900
2008-10-13,6571.51611328125,6571.51611328125,6109.081360256268,6330.118919342677,59300
2008-10-14,6473.0478515625,6807.064142109112,6473.0478515625,6772.30427626479,85400
2008-10-15,6406.2783203125,6452.95748480893,6340.178963247907,6403.198276696982,51600
2008-10-16,6166.49072265625,6312.10920251155,6117.061102660972,6141.66092371717,69300
2008-10-17,6209.4404296875,6247.280339190242,6081.072234167927,6213.450638814898,47200
2008-10-20,6426.2177734375,6452.267285186865,6101.351309515246,6220.360225114273,56500
2008-10-21,6389.11865234375,6527.417402190708,6379.088979097458,6435.838345894449,61400
2008-10-22,6277.9697265625,6456.977487322277,6265.319965894537,6292.9695585662,48600
2008-10-23,6325.2392578125,6340.438794709618,6153.091282385765,6213.850367911476,56500
2008-10-24,6158.880859375,6370.468321098889,6093.681398070167,6317.438644663087,46900
2008-10-27,5734.74609375,6039.022485034663,5721.626122901478,6037.482463149429,63500
2008-10-28,5891.05419921875,5923.373661798776,5577.167574735333,5589.247517691774,83100
2008-10-29,5798.60498046875,5987.553059659525,5792.705144200145,5973.433100608336,61300
2008-10-30,5909.59375,6016.932387583095,5772.855052161103,5835.65463944935,61300
2008-10-31,5839.2646484375,5930.713330774877,5810.544755403728,5887.83392843142,36100
2008-11-03,5824.9345703125,5913.32371418335,5775.205148438958,5794.104838488338,33000
2008-11-04,5668.74658203125,5807.115149817852,5633.246979542887,5807.055091896609,42500
2008-11-05,5865.71435546875,5941.733527036677,5721.106105234445,5721.45619898554,54200
2008-11-06,5720.48583984375,5767.065397129404,5678.276350880737,5734.866050142083,39300
2008-11-07,5753.03564453125,5787.725197299184,5598.1472430775175,5626.856882371613,43700
2008-11-10,6127.0517578125,6128.651837616697,5855.0147538605725,5855.0147538605725,85500
2008-11-11,6099.70166015625,6254.420141069516,6046.90244718969,6113.781580487541,103200
2008-11-12,6116.6015625,6157.690947033454,5998.732762618754,6017.122693810924,68100
2008-11-13,6363.95849609375,6420.658056257782,5986.042807630259,6030.7224829097895,120900
2008-11-14,6660.33544921875,6660.355468525449,6377.988518565293,6421.8679091955255,128500
2008-11-17,6782.95361328125,6782.95361328125,6576.765987340941,6634.5553774345035,135800
2008-11-18,6293.22900390625,6790.443624931057,6264.769363148549,6727.434079901762,128000
2008-11-19,6679.865234375,6698.125284062444,6260.389945281365,6273.20962612592,106600
2008-11-20,6696.7548828125,6850.623272270401,6534.7767211348955,6564.36623263553,125100
2008-11-21,6711.27490234375,6854.553082164552,6389.5382728108625,6508.857248422151,126800
2008-11-24,6466.11767578125,6745.334770082065,6466.11767578125,6694.465221414953,73500
2008-11-25,6488.92724609375,6609.005977895011,6390.268196009841,6568.076261018086,58500
2008-11-26,6533.796875,6610.455683643163,6433.608056684712,6509.237091715123,66600
2008-11-27,6683.1650390625,6947.041952876497,6683.1650390625,6923.292220095482,141900
2008-11-28,6658.43505859375,6727.734574028286,6575.166461609778,6606.025978650075,71800
2008-12-01,6763.89453125,6767.974075446296,6604.316238702615,6634.5258616140245,70500
2008-12-02,6795.73388671875,6887.422800404287,6596.566197270239,6619.285669175214,82900
2008-12-03,7040.99072265625,7040.99072265625,6833.783089579727,6833.783089579727,108600
2008-12-04,7130.8505859375,7389.2676235322315,7122.390719423442,7122.9204986666455,155600
2008-12-05,7279.068359375,7299.068135329692,7094.640737905298,7101.690463619016,104400
2008-12-08,7528.54541015625,7563.375097481162,7347.907788529891,7363.567280794195,132100
2008-12-09,7360.90771484375,7585.0751236877195,7344.597839092029,7565.464991964802,113200
2008-12-10,7490.2060546875,7498.145907067689,7228.269050265285,7311.038141743239,97900
2008-12-11,7361.40771484375,7577.035180526526,7354.357500906127,7467.36648801002,89600
2008-12-12,7092.63037109375,7337.987481103925,6988.721380856902,7304.498110810634,85200
2008-12-15,7101.34033203125,7229.718776013921,6968.521996403398,7184.079639087151,69600
2008-12-16,7250.23876953125,7250.23876953125,6955.11218611257,7052.691173344626,67900
2008-12-17,7286.7880859375,7378.0268049084525,7253.168347225284,7265.328366583477,79200
2008-12-18,7412.38720703125,7416.376908446225,7215.299082096535,7291.618539931085,90200
2008-12-19,7438.74658203125,7507.615926195882,7360.967181627404,7391.23686139711,77100
2008-12-22,7295.0380859375,7409.026550253677,7204.758827672274,7409.026550253677,76000
2008-12-23,6952.83203125,7310.107801902598,6950.201689711895,7310.107801902598,89100
2008-12-24,6845.5234375,6931.972176427949,6794.203699708297,6871.213091218554,56800
2008-12-25,6784.9638671875,6919.142536602461,6704.734787416168,6871.012705841648,46400
2008-12-26,6704.1748046875,6776.2238012596135,6654.515205429105,6741.164624177579,60300
2008-12-29,6653.12548828125,6682.645176339983,6483.4672371004235,6641.705206361776,49100
2008-12-30,6558.08642578125,6652.434974425685,6498.237000992946,6629.815599821832,50600
2008-12-31,6485.43701171875,6561.4063743349825,6460.627719717935,6546.0066447460495,72800
2009-01-05,6634.8056640625,6634.8056640625,6514.417362321456,6557.346569603606,71800
2009-01-06,6795.263671875,6820.003628926115,6600.196034277465,6631.105844042284,110700
2009-01-07,6725.74462890625,6836.033434915506,6725.13477244333,6769.524412876082,83200
2009-01-08,6616.90576171875,6656.105517345849,6546.696588284847,6599.966010317801,77600
2009-01-09,6719.8046875,6736.2644642508885,6620.305800902877,6621.14612353083,72300
2009-01-12,6719.8349609375,6798.894134854867,6665.825311402116,6690.885089575609,79800
2009-01-13,6530.73681640625,6664.435024012632,6528.9868360322735,6603.416177088759,87300
2009-01-14,6811.7939453125,6811.7939453125,6518.777202397497,6518.777202397497,94900
2009-01-15,6798.45361328125,6888.9628530953405,6720.484760304724,6739.554370861945,103500
2009-01-16,6917.40234375,7038.8609415100345,6832.173319840003,6832.173319840003,127400
2009-01-19,6982.51171875,7103.750596623541,6912.022761333737,6972.502065119684,109000
2009-01-20,7020.4306640625,7020.4306640625,6900.132214818243,6963.4713449048795,81200
2009-01-21,6970.73193359375,7050.820879740891,6879.083058411629,6912.662760189608,111300
2009-01-22,7050.80078125,7055.810978947817,6928.822169235572,6994.761370882745,91000
2009-01-23,7015.16162109375,7094.490321964471,6984.741551830781,7026.501337768654,78800
2009-02-02,7087.5302734375,7099.170279444109,6995.761284431584,7073.790681633315,72000
2009-02-03,7266.32861328125,7266.32861328125,7046.541040681818,7089.870632560772,136500
2009-02-04,7477.54638671875,7477.54638671875,7288.318519214193,7300.108426627731,150400
2009-02-05,7413.3369140625,7640.8446205441205,7348.297603251121,7468.586295430116,180500
2009-02-06,7771.8125,7772.302728861852,7440.186346678278,7440.186346678278,167500
2009-02-09,8087.599609375,8129.099145858307,7861.762288047592,7891.402093713374,198400
2009-02-10,8265.466796875,8266.15721881305,7942.2609519530315,8066.579380794089,182900
2009-02-11,8289.1171875,8506.574714609887,8066.429738455683,8119.668888686344,232900
2009-02-12,8318.7060546875,8354.035734654724,8001.619784430498,8295.326435358202,195300
2009-02-13,8628.6533203125,8647.922635659586,8290.347540544812,8330.036548974585,194700
2009-02-16,8770.9423828125,8796.711627146036,8552.374503861656,8707.822968400716,219200
2009-02-17,8461.0654296875,8800.53135573096,8461.0654296875,8769.441860045998,200600
2009-02-18,8083.40966796875,8441.205474291291,8074.599707826226,8282.807830321057,176700
2009-02-19,8213.80859375,8289.41712375505,8049.829957612264,8149.279041489671,135600
2009-02-20,8423.6748046875,8424.584950702656,8157.498110418346,8235.667153260752,128500
2009-02-23,8727.6025390625,8763.74178312514,8372.465887812845,8423.306139255683,159600
2009-02-24,8402.9248046875,8820.570487173278,8369.04530380019,8637.78250868817,193100
2009-02-25,8241.568359375,8493.42492912665,7994.500798782039,8443.325877768782,175300
2009-02-26,7777.8125,8359.46563170332,7650.733849907864,8207.757375571273,140100
2009-02-27,7608.13525390625,7728.663693107303,7453.316670283507,7668.0242335565,119200
2009-03-02,7762.6328125,7806.722159831789,7495.735426971029,7511.57558065215,99500
2009-03-03,7695.53369140625,7814.722294248012,7524.045382954991,7568.325159102192,107200
2009-03-04,8227.5986328125,8253.688185476423,7742.583536405218,7742.583536405218,154800
2009-03-05,8242.1884765625,8411.976624619783,8109.929695680413,8341.437371183947,161700
2009-03-06,8249.7978515625,8327.857529854455,8062.820439903807,8093.9900149497535,124300
2009-03-09,7946.7109375,8426.895997331205,7907.211379219181,8310.027187074655,117300
2009-03-10,8045.56982421875,8045.56982421875,7786.772436910405,7829.882304454745,80900
2009-03-11,7941.4208984375,8245.518081424605,7908.161504996368,8225.238034927688,98500
2009-03-12,7933.4208984375,7964.651017359492,7696.073947733487,7900.781615612931,81500
2009-03-13,7875.65234375,8051.380363130985,7851.822531560696,7963.670892731491,73500
2009-03-16,8022.60009765625,8032.999883534546,7794.962510212579,7847.251963694279,70100
2009-03-17,8389.7763671875,8427.795473600047,8029.440061667467,8035.760303543096,150000
2009-03-18,8465.865234375,8626.903471542688,8415.615796627808,8438.386049658578,164600
2009-03-19,8622.373046875,8665.053232379338,8460.86509218285,8482.984961347905,139000
2009-03-20,8647.4130859375,8717.542184693626,8477.754826498413,8657.34363897457,175300
2009-03-23,8885.650390625,8947.59989147499,8623.033217412487,8664.572790810598,176600
2009-03-24,8954.7392578125,9071.588531216672,8911.470212590886,9012.139003683133,163600
2009-03-25,8756.15234375,9029.31921902969,8756.15234375,8888.770981858748,130300
2009-03-26,8983.76953125,8988.229442252523,8589.91358945881,8739.96171414648,127700
2009-03-27,8994.0498046875,9114.938101157544,8934.600274235312,9043.158630473588,163900
2009-03-30,8910.3203125,8998.549794923661,8846.06126523341,8991.76959728268,117700
2009-03-31,8981.849609375,8981.849609375,8709.222779655844,8745.152064790966,104700
2009-04-01,9155.9072265625,9245.556613183873,9032.299235876164,9032.299235876164,164100
2009-04-02,9300.81640625,9380.785242780516,9183.727865664468,9189.197531351036,183400
2009-04-03,9244.556640625,9436.533983152394,9204.666462293986,9374.744635974119,162500
2009-04-07,9232.15625,9334.005693949804,9126.817587360589,9251.026155608535,120600
2009-04-08,8896.8701171875,9235.786244556884,8896.660158600696,9196.496645380812,123600
2009-04-09,9030.208984375,9030.208984375,8815.981878426215,8888.971299784664,97700
2009-04-10,9345.3349609375,9345.3349609375,9080.01764273209,9094.47744048049,115700
2009-04-13,9539.693359375,9576.923412706547,9441.054811561036,9449.404327770897,189600
2009-04-14,9678.0712890625,9701.64133756812,9459.94384936836,9519.313301593216,162100
2009-04-15,9724.4716796875,9733.951066208521,9500.153867652423,9629.112391092554,179000
2009-04-16,9711.251953125,9776.570559966503,9562.973334795473,9751.660681764266,196300
2009-04-17,9579.9521484375,9731.990482664456,9487.753963523759,9679.86118438796,154200
2009-04-20,9793.5302734375,9793.5302734375,9547.483216624983,9559.503590192904,139500
2009-04-21,9640.7919921875,9760.62072299091,9499.383425896878,9665.801476612674,149800
2009-04-22,9248.9765625,9762.720812614401,9175.447112012691,9689.051715252535,164200
2009-04-23,9360.734375,9409.033635492737,9132.297495706405,9178.106549881657,109900
2009-04-24,9315.10546875,9442.314002725881,9313.125998767204,9398.384808001585,88400
2009-04-27,9082.1171875,9331.894640896162,9032.388256762857,9291.11482787155,78900
2009-04-28,9104.197265625,9169.286376287151,8985.498407198038,9011.31842889142,81500
2009-04-29,9383.1044921875,9425.68409170575,9078.97802784253,9097.61746676746,98300
2009-04-30,9502.4130859375,9566.642835190707,9422.594644120147,9463.924259273925,115200
2009-05-04,9899.55859375,9899.55859375,9562.842653816359,9567.522288690276,145300
2009-05-05,9947.6982421875,10072.367745405552,9910.579516970967,9958.428590850464,134300
2009-05-06,10148.9560546875,10183.645117280077,9911.708725638156,9942.248420882164,145400
2009-05-07,10108.8271484375,10318.544524871128,9973.438040631052,10228.925411970771,162800
2009-05-08,10182.9453125,10252.104692746667,9907.068525165014,10014.137636295269,150600
2009-05-11,9868.6796875,10347.62452725197,9865.109414922783,10248.404933600328,167600
2009-05-12,10179.0361328125,10179.0361328125,9764.730236445152,9774.690085585173,125700
2009-05-13,10294.2548828125,10331.384349995991,10172.50624567249,10206.675785052053,153000
2009-05-14,10252.0361328125,10283.715467249809,10087.618043358982,10179.396317375235,111200
2009-05-15,10273.1162109375,10356.88481051139,10164.80686868126,10276.435509957688,86200
2009-05-18,10313.923828125,10338.903038862147,10023.537451582233,10210.904481071015,101100
2009-05-19,10424.2431640625,10465.632347210116,10359.513422992814,10413.163210496381,140100
2009-05-20,10369.0234375,10497.052276052967,10369.0234375,10453.283235344943,118700
2009-05-21,10108.7470703125,10342.653628782244,10048.237006216523,10301.914827499351,104100
2009-05-22,10072.5166015625,10158.405284047032,9976.807717021546,10049.186785817876,85300
2009-05-25,10182.0458984375,10215.02502054983,9824.509871464981,9861.25945907954,118600
2009-05-26,10022.1875,10207.775264126578,10006.368341325764,10176.525614297852,100300
2009-05-27,10127.806640625,10165.315986701547,10002.638118781331,10097.356785899336,85200
2009-06-01,10421.22265625,10458.662664921545,10267.624774095731,10267.624774095731,124900
2009-06-02,10484.212890625,10565.99224997207,10439.442883230156,10508.462619573169,127000
2009-06-03,10712.189453125,10712.189453125,10458.902254205133,10473.002682032684,143500
2009-06-04,10733.599609375,10800.11937278048,10567.311431204373,10651.040962956884,157300
2009-06-05,10666.9912109375,10816.919223877467,10655.230600105366,10763.39931383386,149800
2009-06-08,10611.630859375,10736.269108453713,10524.332034823039,10651.06010418858,114300
2009-06-09,10739.9697265625,10739.9697265625,10497.252714577935,10647.940482391772,120100
2009-06-10,10820.6181640625,10882.377232966783,10753.908955689574,10819.19825820584,114300
2009-06-11,10699.7900390625,10858.578295548079,10658.850068972248,10803.418758525973,97900
2009-06-12,10524.0126953125,10768.630088624459,10439.994099630469,10676.571543406766,91500
2009-06-15,10768.83984375,10768.83984375,10522.652160075311,10578.521654086444,103300
2009-06-16,10797.080078125,10851.579471820902,10613.91219398714,10655.871688126545,111300
2009-06-17,11040.3671875,11077.296463416587,10687.940451296765,10782.530217389336,132500
2009-06-18,11151.5048828125,11198.244593270425,11046.43574805864,11046.43574805864,130800
2009-06-19,11242.1640625,11270.493823169583,11099.535777940371,11166.51451958273,127700
2009-06-22,11190.5849609375,11354.603636644304,11148.105943245055,11315.793523282313,138000
2009-06-23,11125.53515625,11286.503074271206,10941.1973836113,11019.586151318495,135400
2009-06-24,11381.51171875,11381.51171875,11105.184746576482,11120.714845453631,144200
2009-06-25,11385.751953125,11490.640423041377,11332.603136239706,11410.442105395297,107200
2009-06-26,11413.0419921875,11462.101989145127,11334.493067961084,11425.492047946344,78300
2009-06-29,11605.3798828125,11655.129326036447,11369.972361150192,11423.341881047176,104700
2009-06-30,11566.48046875,11672.56912120481,11541.810823896421,11644.76962868455,99300
2009-07-01,11848.6171875,11849.157220509209,11504.621043391971,11529.410804583214,114900
2009-07-02,11970.5859375,11987.125791705084,11857.937782447805,11875.727622682442,117800
2009-07-03,12258.6533203125,12261.773402702232,11844.947973362885,11873.047269351046,122700
2009-07-06,12489.7900390625,12508.449986675483,12301.782375552617,12301.782375552617,165300
2009-07-07,12362.3017578125,12593.668303125294,12306.522110073069,12450.499987214878,154100
2009-07-08,12488.4404296875,12530.76026895792,12096.704575787406,12225.493174707983,129800
2009-07-09,12637.798828125,12651.938318135079,12444.400604450988,12491.379570257663,130700
2009-07-10,12705.8671875,12813.856210082673,12602.788266068921,12640.058355657351,125700
2009-07-13,12660.408203125,12795.236773246792,12640.368388199753,12705.338364661755,98300
2009-07-14,12990.9140625,12990.9140625,12751.93724702897,12751.93724702897,131800
2009-07-15,13079.11328125,13112.192988886558,12977.514809764723,13027.51424977747,154700
2009-07-16,13081.7431640625,13222.351941141495,13031.554272933578,13158.822379083822,161600
2009-07-17,13131.822265625,13183.182040454096,12988.584616268481,13058.133639970369,116500
2009-07-20,13381.0693359375,13381.0693359375,13069.692952702479,13150.76235405871,155000
2009-07-21,13177.0625,13420.769733675854,13158.442591182857,13380.420575837352,146800
2009-07-22,13353.060546875,13378.760454618397,13111.683364952323,13113.513422599894,119800
2009-07-23,13521.4990234375,13528.388594749304,13326.60081461155,13374.600277278843,140600
2009-07-24,13531.5673828125,13660.126482318194,13276.050728270293,13602.087096686106,136700
2009-07-27,13743.2470703125,13751.586821023848,13465.569504034025,13599.508439492443,150000
2009-07-28,13836.5048828125,13880.983875856162,13634.637030988655,13785.694906127717,199100
2009-07-29,13070.453125,13809.935071785445,12719.90724898223,13778.425659295608,188700
2009-07-30,13272.3818359375,13376.86015964587,12796.156693260129,13141.612790637939,182400
2009-07-31,13670.56640625,13670.976557900001,13250.351392549814,13387.729734614863,153800
2009-08-03,13856.8349609375,13867.554567380928,13582.187647886312,13734.926170742372,177200
2009-08-04,13904.3935546875,13929.823932977262,13602.847138614348,13924.763442969292,162800
2009-08-05,13782.78515625,13943.283348117197,13572.667406196933,13895.533886050787,148600
2009-08-06,13495.8193359375,13781.655994467495,13268.151951073365,13660.237425619978,155100
2009-08-07,12975.1142578125,13569.487475100139,12943.694688288373,13459.268984569257,127100
2009-08-10,12973.5048828125,13243.671774558496,12745.757437174865,13109.173283062286,107700
2009-08-11,13136.962890625,13198.69168991364,12943.774629454101,13032.943550417947,97900
2009-08-12,12591.5185546875,13101.842893812594,12547.278817823253,13091.812733172166,124100
2009-08-13,12802.7666015625,12833.936173939743,12383.051581174881,12622.608465387204,111100
2009-08-14,12499.6103515625,12924.055804875636,12472.801080769159,12807.29734370223,115600
2009-08-17,11668.6689453125,12377.870952838015,11652.789240584429,12269.35263857676,125500
2009-08-18,11773.16796875,11832.897768645687,11466.861828453726,11527.571109568684,95100
2009-08-19,11209.8046875,11833.837767999239,11072.486882786823,11817.868219512417,110600
2009-08-20,11648.21875,11667.849388838866,11192.904529190884,11192.904529190884,116700
2009-08-21,11891.8857421875,11981.345673223044,11542.270534890808,11602.179040580677,112100
2009-08-24,12075.6640625,12126.724035411335,11847.38635512555,11962.625294102998,105800
2009-08-25,11688.0390625,12009.425112696817,11332.262772336573,12009.425112696817,125600
2009-08-26,11994.896484375,12101.68533233261,11546.121216501528,11598.45071095213,111300
2009-08-27,11897.6064453125,12148.043082267455,11760.827709957375,11868.52669419047,107800
2009-08-28,11449.9521484375,11963.385864995738,11417.92223286849,11879.897539993715,111100
2009-08-31,10584.970703125,11297.332802220802,10561.621356561851,11297.332802220802,127500
2009-09-01,10614.1611328125,10855.158427693557,10387.303327657612,10462.922596042574,116800
2009-09-02,10738.830078125,10811.459148558535,10461.993330880972,10503.272166039236,94000
2009-09-03,11403.921875,11445.231958456701,10764.889004635805,10772.638917696946,136600
2009-09-04,11519.55078125,11609.350557621196,11369.73312180432,11416.532402797804,122100
2009-09-07,11635.3193359375,11837.376633764738,11526.830321709896,11591.509281782652,117600
2009-09-08,11923.2060546875,11923.2060546875,11425.371797084237,11548.120419734632,123800
2009-09-09,12047.083984375,12097.47404159805,11828.746600771712,11999.964398113965,146900
2009-09-10,11886.8857421875,12066.024350949854,11849.347102191727,11954.695525851044,101800
2009-09-11,12096.1240234375,12173.063589712472,11834.336922138678,11838.94722196459,99600
2009-09-14,12384.9208984375,12387.420870445734,12128.324162132973,12145.703850348029,108600
2009-09-15,12438.1005859375,12529.92963305436,12306.111833462644,12405.920283178479,94900
2009-09-16,12294.7412109375,12456.819460988656,12097.463162590906,12396.36018196885,115600
2009-09-17,12473.470703125,12521.73969397295,12334.821864761925,12334.821864761925,101900
2009-09-18,11977.2666015625,12488.460110153199,11854.10782102687,12486.64079453791,116400
2009-09-21,12045.07421875,12048.50386759951,11553.770185197427,11836.626372544373,93400
2009-09-22,11813.3271484375,12230.092970718983,11806.627028451761,11985.685562243469,109700
2009-09-23,11462.2021484375,11898.336929172836,11383.81337489744,11787.738554186775,93300
2009-09-24,11475.751953125,11653.959927430988,11108.956237412365,11386.313497044357,86700
2009-09-25,11384.0322265625,11538.910368909763,11261.57364177083,11382.022483522274,56600
2009-09-28,11086.5849609375,11527.499911545963,11041.945815801346,11418.3116895059,55300
2009-09-29,11069.15625,11157.424792252485,10883.007945058149,11092.395247433093,62500
2009-09-30,11206.724609375,11299.904234110354,11121.106423736723,11121.106423736723,64100
2009-10-09,11801.09765625,11808.966708314723,11452.201192192933,11499.570776271305,79500
2009-10-12,11743.7587890625,11895.777602946562,11727.928887328302,11829.1679936074,72800
2009-10-13,11874.767578125,11874.767578125,11679.069571583044,11710.008678671784,60400
2009-10-14,11975.7763671875,12171.333752803284,11895.166916164768,11914.636425220922,110000
2009-10-15,12010.0458984375,12213.934252169602,11985.126254161427,12092.285216686003,89200
2009-10-16,12033.2353515625,12126.784108555315,11827.927104027078,12046.664888659063,70800
2009-10-19,12483.1298828125,12485.070290792708,12035.055793842756,12047.6054581375,125500
2009-10-20,12676.0986328125,12684.828027486092,12531.529935253662,12566.329351205493,121200
2009-10-21,12692.5771484375,12874.95498256522,12631.338578529463,12683.587991601902,117000
2009-10-22,12624.5380859375,12751.156782922122,12586.528746639531,12670.827605799353,87700
2009-10-23,12843.0654296875,12941.234246805858,12656.177884415376,12656.177884415376,111200
2009-10-26,12815.1162109375,12916.664878078767,12708.73751977707,12869.195683265281,90900
2009-10-27,12412.3115234375,12738.947522657336,12412.3115234375,12704.09830262212,100300
2009-10-28,12505.1904296875,12527.470454318664,12234.21298700709,12349.3318186352,83000
2009-10-29,12193.0234375,12373.571217729255,12173.983611928532,12270.4727643835,83800
2009-10-30,12297.021484375,12491.578860689855,12294.051791301334,12426.959472206601,79300
2009-11-02,12715.5078125,12718.82711121843,11957.446000095588,12016.475611638065,95400
2009-11-03,12859.7158203125,12903.534663766939,12727.337425310086,12754.556845951605,103700
2009-11-04,12931.0654296875,13024.01458610202,12772.657043976991,12885.955582320317,110400
2009-11-05,12901.5556640625,12982.644599403817,12777.146901516828,12945.784660769274,82800
2009-11-06,12987.0546875,13082.023350027377,12940.845244296132,12994.364175916513,110400
2009-11-09,13036.1533203125,13064.23308291141,12889.86492506038,12996.144004263346,97900
2009-11-10,13151.3427734375,13224.641756251758,13114.892986822408,13133.512895232052,116300
2009-11-11,13106.7724609375,13199.931569078253,13003.643738399824,13138.741827820848,88000
2009-11-12,13180.1328125,13299.141246644087,13129.593338879311,13135.763191725244,105100
2009-11-13,13264.251953125,13264.251953125,12989.604636021317,13140.322675929407,106500
2009-11-16,13699.5263671875,13699.5263671875,13354.0204683438,13354.0204683438,148400
2009-11-17,13670.9267578125,13771.475434840197,13627.057132625636,13766.415921270464,114000
2009-11-18,13642.1962890625,13750.025155333109,13571.587707609928,13681.746625818823,91200
2009-11-19,13699.396484375,13733.296495599321,13549.16867350061,13669.37728909253,101800
2009-11-20,13694.9970703125,13780.855484097337,13539.948024891137,13645.547428606144,106700
2009-11-23,13854.5048828125,13854.5048828125,13667.327293092827,13710.10611052709,110600
2009-11-24,13453.1298828125,14032.442742693958,13402.290607387527,13899.684461154899,189900
2009-11-25,13814.39453125,13817.064423115486,13332.380417826178,13409.049477942925,144400
2009-11-26,13287.220703125,13920.743852629696,13248.120556866485,13848.804231899254,167200
2009-11-27,12876.005859375,13292.610558049242,12800.55651097021,13067.383594000903,118900
2009-11-30,13486.619140625,13486.619140625,13015.335333457382,13015.335333457382,107800
2009-12-01,13682.0166015625,13701.906027119629,13363.590482337084,13474.709354329474,126600
2009-12-02,13800.3447265625,13850.10393232591,13687.145804898306,13724.405151302852,121600
2009-12-03,13759.6865234375,13822.756133170597,13603.998805096906,13788.926432000431,103300
2009-12-04,13884.7744140625,13950.773675992728,13448.629877404517,13731.726320911883,143500
2009-12-07,14051.361328125,14070.651150004976,13872.363343448631,13924.243618707866,112700
2009-12-08,13930.1240234375,14096.711998620423,13808.66542486447,14079.731720333084,105900
2009-12-09,13772.015625,13905.613737588194,13713.365891466225,13777.665952320698,78700
2009-12-10,13868.64453125,13992.143148558649,13763.475786844969,13862.60455981106,74100
2009-12-11,13875.71484375,14041.592870337312,13843.644890122461,13942.084218244167,67300
2009-12-14,13940.2841796875,13971.073873642998,13544.34818785779,13882.024090509567,104900
2009-12-15,13825.6845703125,13972.493468406772,13782.745599426305,13864.964402606232,109300
2009-12-16,13664.81640625,13883.153800237304,13644.53733690775,13760.605370552803,65900
2009-12-17,13391.5693359375,13752.765474928316,13368.479751489225,13694.52589459816,72000
2009-12-18,12914.8251953125,13263.151375280348,12899.89567489043,13263.151375280348,86400
2009-12-21,13011.0048828125,13011.0048828125,12815.196525748814,12911.655407944045,63300
2009-12-22,12647.3681640625,13060.344009081762,12641.978575967523,13042.773893299041,67800
2009-12-23,12813.146484375,12859.775844765996,12635.538122683833,12635.538122683833,63000
2009-12-24,13305.16015625,13341.489826400684,12839.315778206317,12867.215855519502,81800
2009-12-25,13289.791015625,13364.139789113846,13223.841561767034,13298.710837216498,58600
2009-12-28,13463.830078125,13502.209532240015,13310.870849175531,13310.870849175531,60700
2009-12-29,13503.8388671875,13503.8388671875,13308.650625403418,13484.339085764388,65700
2009-12-30,13644.31640625,13645.016593694538,13459.438600897596,13503.998647054203,96100
2009-12-31,13699.81640625,13699.81640625,13508.858582400499,13636.147196923459,73300
2010-01-04,13533.3876953125,13782.654420596356,13533.3876953125,13765.944647758799,67100
2010-01-05,13517.228515625,13597.20808875627,13324.41036232069,13539.67845954093,108200
2010-01-06,13505.0283203125,13677.247093173404,13456.139219834284,13509.238234064404,106400
2010-01-07,13235.33203125,13571.197405062327,13148.102540800162,13514.488080133837,102800
2010-01-08,13267.2919921875,13270.481409628568,13040.193947074917,13180.752921343936,77300
2010-01-11,13160.9423828125,13606.07802031871,13089.733219733514,13559.128351050776,106000
2010-01-12,13381.099609375,13381.099609375,12993.084439040445,13187.241436590972,117000
2010-01-13,13016.4140625,13227.81208994998,12936.175701655613,13031.40412930413,143800
2010-01-14,13204.04296875,13222.072064278538,12965.64524051807,13037.654201956884,104300
2010-01-15,13264.2216796875,13320.251326107385,13118.103197685441,13247.502140230335,88500
2010-01-18,13361.3701171875,13372.960807886631,13175.782348780236,13233.962362242379,90200
2010-01-19,13350.5205078125,13432.909234186001,13318.200557025373,13389.439994115077,81800
2010-01-20,12916.005859375,13389.779854677014,12871.436045615166,13375.38060174343,107100
2010-01-21,12917.005859375,12982.73461610883,12732.817490612104,12928.374872789582,80200
2010-01-22,12595.798828125,12756.776510606607,12393.930980329307,12756.776510606607,95900
2010-01-25,12470.05078125,12640.588910506061,12458.420052124122,12505.999597419763,85900
2010-01-26,12162.4228515625,12536.32880470633,12090.953928387775,12495.969883384132,90500
2010-01-27,12046.64453125,12232.982275337066,11946.355622247896,12157.002662729106,77900
2010-01-28,12120.3447265625,12166.333469322608,11903.856916749633,12008.8254677135,72000
2010-01-29,12137.064453125,12338.921570534065,11998.525963491335,12058.56533106732,70600
2010-02-01,11988.9765625,12126.124446082673,11841.827813957876,12125.374454452085,72300
2010-02-02,11912.7958984375,12173.773436226506,11912.7958984375,12035.794517076649,62800
2010-02-03,12262.43359375,12262.43359375,11714.029551874812,11960.986759388168,87200
2010-02-04,12169.34375,12283.381531321389,12112.793604073106,12177.013585706807,70100
2010-02-05,11917.005859375,12018.254722680878,11822.937579517116,11892.176060007569,72100
2010-02-08,11947.2060546875,11997.525803689055,11846.886865597458,11899.966349319522,45300
2010-02-09,11970.306640625,12037.185775946471,11900.147268528397,11935.666402790097,40800
2010-02-10,12185.2431640625,12185.2431640625,12051.02494343198,12082.8644299421,44300
2010-02-11,12224.462890625,12297.272623193825,12152.213698662074,12178.813987101172,49700
2010-02-12,12304.6416015625,12327.790754736745,12241.472391597124,12259.33156532632,39600
2010-02-22,12213.4033203125,12337.63142187117,12213.4033203125,12298.97267493574,42400
2010-02-23,12069.07421875,12185.803374634515,11922.596374014716,12185.803374634515,52100
2010-02-24,12281.953125,12281.953125,11936.817318503237,11994.816672873088,55400
2010-02-25,12494.1298828125,12495.850566705203,12324.802673841192,12324.802673841192,77800
2010-02-26,12436.5205078125,12526.878868187563,12417.1008039994,12472.859943510632,64500
2010-03-01,12588.1181640625,12599.127805841945,12453.89018178234,12480.669177425052,75800
2010-03-02,12548.76953125,12690.3382572915,12517.140002886788,12595.179167420716,78700
2010-03-03,12612.548828125,12612.548828125,12444.060485374994,12543.878700649617,65800
2010-03-04,12312.7509765625,12720.21709061637,12292.141833672164,12647.847788485298,81200
2010-03-05,12341.6015625,12433.430608821634,12268.421720695926,12312.601888344192,56000
2010-03-08,12437.4306640625,12470.730094861405,12327.581311522063,12376.191117289887,54900
2010-03-09,12507.5205078125,12569.419230766003,12289.82274312985,12440.071065583652,79100
2010-03-10,12391.51171875,12553.829238212216,12363.271800404433,12496.64042508015,58300
2010-03-11,12367.5517578125,12468.800622553867,12277.052772537501,12399.630499690289,48900
2010-03-12,12168.9736328125,12376.450793988448,12167.20314489148,12364.43139777669,48100
2010-03-15,11903.1962890625,12158.733455948724,11866.85685375901,12154.393660976975,45600
2010-03-16,11948.6259765625,11984.896078257769,11835.487594938275,11931.186718705305,31800
2010-03-17,12233.6328125,12233.6328125,11975.446244776691,12007.665611266955,46700
2010-03-18,12236.59375,12354.791648131762,12197.943791208741,12257.712654664707,55800
2010-03-19,12352.78125,12361.071195999866,12185.313403425482,12265.162116421721,55800
2010-03-22,12352.3115234375,12411.08039492519,12304.361866426583,12357.891538919066,45200
2010-03-23,12304.841796875,12400.110254478068,12279.881140674106,12362.25032958556,48000
2010-03-24,12289.9013671875,12359.08027411421,12260.342130403697,12315.471391170688,49100
2010-03-25,12086.7646484375,12266.45208355634,12078.12412047622,12266.45208355634,46600
2010-03-26,12240.2236328125,12282.132344395262,12030.295313571325,12080.97541155596,43600
2010-03-29,12552.3095703125,12574.73900653289,12301.461794652125,12301.461794652125,83300
2010-03-30,12592.8984375,12617.528043363496,12527.439212622476,12574.668173741238,61200
2010-03-31,12494.2099609375,12611.29947253441,12469.310825173941,12603.609128802285,55400
2010-04-01,12685.91796875,12688.92867733165,12512.27049295905,12512.27049295905,84700
2010-04-02,12767.7177734375,12793.567094151069,12706.898140115207,12717.838447631419,95500
2010-04-06,12702.697265625,12849.565734325533,12650.968354055229,12824.00645089657,91200
2010-04-07,12631.828125,12696.187755097317,12561.269345644541,12696.187755097317,73800
2010-04-08,12426.8603515625,12603.10837095277,12381.24074703116,12603.10837095277,88600
2010-04-09,12554.9794921875,12554.9794921875,12393.380716275089,12452.210135467345,66200
2010-04-12,12399.0615234375,12625.6283254378,12338.722354524516,12605.809211158507,100500
2010-04-13,12511.75,12550.209531675926,12261.13268004847,12387.251389576712,101400
2010-04-14,12557.55859375,12557.55859375,12447.769792688156,12514.668452387881,86100
2010-04-15,12513.150390625,12583.96991276963,12422.181679285526,12561.39008663852,80600
2010-04-16,12416.7216796875,12508.379835722486,12363.651959878369,12503.330087431359,65000
2010-04-19,11644.44921875,12247.881890547622,11641.468783493889,12247.881890547622,128700
2010-04-20,11538.8515625,11713.779295795286,11395.612928315028,11627.280262119015,100600
2010-04-21,11766.6884765625,11778.997908958068,11501.831092506245,11557.470117554842,95600
2010-04-22,11703.8291015625,11822.677382106434,11573.490715113325,11745.108913454438,91100
2010-04-23,11702.7392578125,11807.917769212276,11637.900139089894,11681.839100891884,85000
2010-04-26,11602.5,11767.528426046323,11594.110445478374,11701.298698697165,71300
2010-04-27,11355.2421875,11565.859931839632,11179.374051666598,11565.859931839632,80500
2010-04-28,11333.72265625,11444.45188468188,11174.044757359874,11250.40425359205,62900
2010-04-29,11196.224609375,11452.28229749965,11195.09473917691,11402.87269288208,61200
2010-04-30,11162.4150390625,11192.254548660912,10974.027500243956,11135.715142743276,78600
2010-05-04,10960.646484375,11139.035106741072,10911.737853747645,10959.03712744203,59200
2010-05-05,11003.607421875,11006.456999384849,10671.770312301876,10853.008519996514,82100
2010-05-06,10422.4423828125,10936.836989705072,10421.592782990201,10936.836989705072,84700
2010-05-07,10146.3056640625,10346.083687794468,10091.20667515865,10184.675349167976,82100
2010-05-10,10263.935546875,10313.904717182244,10042.018095378195,10156.78732558318,63900
2010-05-11,10091.0869140625,10511.032395120785,10083.686606512405,10486.151815051991,77200
2010-05-12,10146.515625,10202.444682694457,9905.368926440564,10006.827744871307,69200
2010-05-13,10417.6923828125,10417.6923828125,10114.565909837058,10161.06538676945,68800
2010-05-14,10330.0234375,10400.163273439244,10257.634603424085,10354.663785300443,52400
2010-05-17,9731.611328125,10177.706945094234,9728.561557408275,10168.037130929326,65800
2010-05-18,10003.6982421875,10056.10781518725,9627.312782429675,9718.962153116614,79700
2010-05-19,9991.2890625,10138.066723902166,9818.790984563055,9904.639637367838,62300
2010-05-20,9945.4384765625,10214.215741337386,9902.99949849467,9917.419258956486,68200
2010-05-21,10208.9560546875,10209.125974660768,9666.361541424016,9697.961773694266,85600
2010-05-24,10620.0107421875,10709.99996701809,10296.074923137538,10296.074923137538,108500
2010-05-25,10365.1142578125,10545.421806564142,10304.724309888728,10539.291992477507,76000
2010-05-26,10361.583984375,10465.202939418186,10286.264516624795,10353.28427277339,58000
2010-05-27,10543.2119140625,10575.621707076625,10198.996045332486,10342.074519891708,74600
2010-05-28,10495.533203125,10670.170901651534,10447.04351015993,10636.741587405344,68100
2010-05-31,10204.0556640625,10553.122067963308,10204.0556640625,10455.222773545502,62300
2010-06-01,10098.3369140625,10245.915336680428,9969.937963792849,10123.55635771801,58300
2010-06-02,10188.025390625,10188.025390625,9950.418680363447,10062.637148405656,47500
2010-06-03,10117.9267578125,10317.854206906166,10117.9267578125,10249.165522826068,55600
2010-06-04,10187.0859375,10201.94514583991,10055.207533828641,10085.93668135966,48400
2010-06-07,9992.55859375,10083.15719375666,9922.6697239516,9977.119312635621,57000
2010-06-08,10038.66796875,10103.97680843879,9944.358476935098,9981.628567799262,42300
2010-06-09,10346.1533203125,10358.4734944288,10039.646997453718,10086.656235057588,80600
2010-06-10,10222.10546875,10337.004575087669,10217.185601866922,10271.184998287461,59200
2010-06-11,10239.2158203125,10356.884429141845,10222.576357552169,10285.935025542674,58700
2010-06-17,10162.255859375,10329.324293465907,10162.255859375,10300.384189162165,40400
2010-06-18,9966.4287109375,10234.295835965457,9934.709338690305,10156.846505786192,58300
2010-06-21,10309.494140625,10323.063323607616,9874.318381961562,9957.257876736416,77800
2010-06-22,10345.43359375,10407.262977341457,10242.024599100054,10268.61512071947,58500
2010-06-23,10256.1552734375,10374.21450508382,10157.546996974492,10282.34541135603,51300
2010-06-24,10250.7861328125,10343.455021777008,10173.276254569386,10243.895584616264,36600
2010-06-25,10104.716796875,10219.60515733013,10037.82789831087,10195.786088421777,34800
2010-06-28,10011.947265625,10165.456285891469,9980.557969283353,10101.156225899578,35300
2010-06-29,9508.8037109375,10060.917647543058,9508.483402023165,10022.687606755266,63700
2010-06-30,9386.8349609375,9449.703395184344,9335.465420928696,9428.054224367943,45500
2010-07-01,9203.806640625,9439.634066388393,9203.806640625,9375.974626118967,37200
2010-07-02,9227.7861328125,9272.535630820777,8945.09985081075,9191.996495231639,53500
2010-07-05,9170.927734375,9236.967035059859,8982.699370184164,9122.32769182885,42600
2010-07-06,9362.9140625,9402.964392602182,9121.916777219185,9128.076864078752,47500
2010-07-07,9485.3232421875,9485.3232421875,9359.244578930751,9392.884826416293,50500
2010-07-08,9465.6943359375,9585.263316174865,9436.295249445784,9528.153600940781,46700
2010-07-09,9816.75,9868.688869272362,9399.404105510439,9480.18347089495,85200
2010-07-12,9959.1083984375,9999.878450501024,9795.360228900225,9829.470199163627,83200
2010-07-13,9801.650390625,9857.380237494832,9733.591579769545,9850.239692174999,58300
2010-07-14,9803.6103515625,9958.888892618783,9759.22119835721,9813.200088323603,60000
2010-07-15,9718.6220703125,9957.14870673682,9708.931748707782,9793.86048893947,61100
2010-07-16,9806.529296875,9841.658784380075,9599.861700602818,9677.671371895995,51800
2010-07-19,10096.986328125,10154.246427893519,9700.450737919404,9726.900636482213,87600
2010-07-20,10339.3134765625,10372.152951206162,10095.08672941405,10095.08672941405,103300
2010-07-21,10324.013671875,10433.292715226946,10294.393888098803,10345.864011856947,86600
2010-07-22,10471.65234375,10483.113152992917,10284.384908196254,10302.224552304095,70800
2010-07-23,10527.8330078125,10586.912428312176,10428.983522189195,10510.562692239477,80800
2010-07-26,10591.0107421875,10614.550516445866,10449.401983613281,10555.57168772427,69600
2010-07-27,10566.0908203125,10631.050048785817,10510.331683413728,10574.050691496463,62400
2010-07-28,10825.0478515625,10832.187419489568,10526.831487882568,10567.031229876511,93900
2010-07-29,10838.7880859375,10899.306935602544,10750.909192848561,10847.387598461712,97300
2010-07-30,10785.2294921875,10836.159589031658,10693.020558198737,10801.139471244986,69300
2010-08-02,11004.6171875,11041.8169668674,10786.438962972494,10788.94967708673,78000
2010-08-03,10830.578125,11091.054681383495,10830.578125,11039.245695004658,89800
2010-08-04,10870.2578125,10870.828118595604,10625.77032365916,10781.329123647229,83500
2010-08-05,10767.9599609375,10876.548593375313,10701.560311004258,10861.928639274207,85500
2010-08-06,10942.8076171875,10949.118093667235,10627.461525593064,10762.479550676357,96000
2010-08-09,11017.287109375,11031.396326795817,10906.758070384121,10923.767646037206,81700
2010-08-10,10715.26953125,11050.706200723238,10715.26953125,11028.0267674576,87800
2010-08-11,10806.5087890625,10861.267941076649,10654.37084542666,10658.7907177742,79600
2010-08-12,10679.8994140625,10899.186986790302,10645.090235250003,10683.879838044539,85400
2010-08-13,10886.4482421875,10886.547850445588,10613.161267506115,10684.070628645746,77800
2010-08-16,11164.6650390625,11200.734947722478,10827.478384529173,10870.61852653056,102400
2010-08-17,11281.84375,11320.333554585917,11171.195571469341,11180.625153675704,94400
2010-08-18,11282.2041015625,11365.413133391849,11218.784887823469,11303.993897321161,86000
2010-08-19,11321.04296875,11423.951970988,11218.504079549086,11283.233822425756,107000
2010-08-20,11090.3349609375,11303.74271185268,11059.93491295373,11280.363092553627,88900
2010-08-23,11078.736328125,11177.184444775132,11049.366539724288,11098.14529053445,66100
2010-08-24,11214.1142578125,11310.972544730663,10985.946899112696,11067.085636057864,88000
2010-08-25,10963.8671875,11199.634072751287,10953.34679775725,11143.174745453694,82900
2010-08-26,11009.3671875,11105.316310431179,10958.497638859164,11001.256926582333,63200
2010-08-27,11034.607421875,11052.806437687828,10926.04808554484,10992.637186759968,61000
2010-08-30,11303.203125,11350.032677153917,11098.615579096726,11114.59489181088,92400
2010-08-31,11338.5830078125,11377.58257115155,11236.97379392366,11273.734124521914,107800
2010-09-01,11318.61328125,11476.481627736493,11169.775106915757,11369.26212721912,128200
2010-09-02,11465.0224609375,11536.180846621319,11392.773267112701,11482.221487776309,120600
2010-09-03,11466.9619140625,11540.29117409903,11360.213104991875,11497.352200017178,102400
2010-09-06,11655.94921875,11703.528762707489,11550.00021290911,11550.00021290911,150400
2010-09-07,11682.5693359375,11735.208394751764,11591.79007934111,11674.119235276687,111700
2010-09-08,11722.6494140625,11729.689374538259,11579.50062140063,11631.450236802057,113100
2010-09-09,11465.2216796875,11750.758532711265,11444.952374603721,11750.758532711265,120900
2010-09-10,11530.861328125,11547.300597471487,11302.604114241856,11465.791743053418,99600
2010-09-13,11690.21875,11751.137989949893,11492.59107941586,11541.79072399147,99000
2010-09-14,11665.279296875,11758.877856275227,11630.769918371096,11719.698608282228,88600
2010-09-15,11411.9716796875,11653.279521470193,11377.322654045085,11653.279521470193,87800
2010-09-16,11163.89453125,11432.181566353685,11060.536313532271,11391.102924740908,88400
2010-09-17,11208.125,11288.723710487915,11113.095786387556,11180.19562398582,61200
2010-09-20,11150.205078125,11247.70398510803,11072.4061456068,11221.814626904632,56500
2010-09-21,11210.615234375,11262.324618745299,11152.835605188819,11189.455314061208,51900
2010-09-27,11409.681640625,11438.251632787387,11232.383823868015,11262.74383502253,71700
2010-09-28,11274.3642578125,11396.252544304707,11255.774621777844,11380.722444396157,74500
2010-09-29,11223.734375,11379.832232313625,11192.094105134245,11264.54348726605,70800
2010-09-30,11468.412109375,11468.652341070225,11125.366131351937,11154.715413336848,87400
2010-10-08,11911.236328125,11960.435970818622,11577.990071204482,11594.789687195795,137700
2010-10-11,12237.513671875,12291.492561004849,12037.855746223695,12037.855746223695,218700
2010-10-12,12373.1416015625,12383.441290816323,12168.333350074165,12221.393302280221,195800
2010-10-13,12602.8583984375,12634.377575548415,12348.591724044036,12376.450786028798,232900
2010-10-14,12507.5703125,12752.117386791751,12473.880258965759,12690.428622428784,214900
2010-10-15,12765.357421875,12834.656452551595,12392.802012687798,12421.141539909517,233700
2010-10-18,12649.1279296875,12883.515930814347,12531.970061532089,12803.326398814266,259500
2010-10-19,12970.0546875,12970.0546875,12566.988896894694,12643.157964247903,169200
2010-10-20,13129.8623046875,13291.37025642341,12602.59869511317,12616.3085020764,260500
2010-10-21,13111.3720703125,13281.840856209703,12998.143851579769,13175.3713505256,166400
2010-10-22,13224.8330078125,13346.181264117286,13035.994293109492,13089.20366074625,164600
2010-10-25,13734.046875,13739.156192962024,13288.021580774972,13292.38188366114,202200
2010-10-26,13729.806640625,13822.065375999648,13592.157787120354,13779.626396789374,189100
2010-10-27,13452.01953125,13863.825474224968,13449.209992347527,13681.717158593456,171000
2010-10-28,13444.8798828125,13585.288468491759,13344.211086990186,13394.619702821163,137100
2010-10-29,13367.08984375,13500.727988649754,13260.9006087777,13433.169178428778,128000
2010-11-01,13743.6162109375,13760.74687920709,13385.100679196255,13385.100679196255,162500
2010-11-02,13646.306640625,13930.173568483166,13646.29687510972,13761.90495121861,210300
2010-11-03,13392.5498046875,13692.346242833575,13388.219775186239,13649.596722886075,157700
2010-11-04,13595.578125,13595.578125,13364.250638989612,13402.65938829211,130400
2010-11-05,13733.20703125,13887.864484310283,13656.257695015518,13821.775378392484,158200
2010-11-08,13807.14453125,13809.415013528936,13630.366245839205,13785.63500751844,158800
2010-11-09,13714.13671875,13793.195405207922,13622.637741683637,13783.515825922981,152800
2010-11-10,13705.5263671875,13762.565768164417,13542.368036149142,13657.276906942203,166000
2010-11-11,13684.787109375,13936.72373987641,13636.6470237223,13670.69644693012,186000
2010-11-12,12726.3974609375,13658.137022344798,12702.807881469518,13594.727576492216,212500
2010-11-15,12807.9462890625,12877.235551513497,12558.069206935264,12772.706449664494,126000
2010-11-16,12217.1328125,12822.366273865035,12146.524227662276,12822.366273865035,137100
2010-11-17,11917.3564453125,12196.462686952967,11849.767360344898,12040.524984447673,113700
2010-11-18,12146.0146484375,12180.863868342416,11926.017107099733,12056.705099673722,82000
2010-11-19,12295.7109375,12295.7109375,11868.566340803687,12240.442029576552,108200
2010-11-22,12303.4111328125,12418.20964360479,12141.50280143299,12190.2122133662,105900
2010-11-23,12062.2744140625,12255.041776014863,11864.226838093256,12255.041776014863,107000
2010-11-24,12407.521484375,12412.811464314374,11999.646160155127,11999.646160155127,103200
2010-11-25,12603.9384765625,12630.718449134842,12416.010900373856,12512.189507335335,122800
2010-11-26,12538.869140625,12676.798257795042,12442.43076906851,12574.509365915375,94300
2010-11-29,12536.4091796875,12592.768899044604,12363.08104584084,12527.389749611395,77700
2010-11-30,12336.1513671875,12575.808829424705,11979.165145729268,12514.949161991633,109600
2010-12-01,12310.2412109375,12377.430883749668,12211.512830901203,12301.101665454758,64100
2010-12-02,12408.880859375,12583.958980964864,12408.880859375,12543.129359119548,82200
2010-12-03,12442.8603515625,12532.168919549038,12347.420993007916,12457.860183216719,70600
2010-12-06,12422.650390625,12531.149170942834,12365.450838317644,12486.179949898984,77300
2010-12-07,12656.8583984375,12722.79809040928,12250.25259587248,12387.641683799939,86800
2010-12-08,12615.2685546875,12823.006457284031,12586.308918810832,12671.667335695263,91200
2010-12-09,12353.130859375,12587.2190518963,12352.88086218138,12563.408772307072,82100
2010-12-10,12460.3203125,12522.889923754106,12241.622568231896,12274.432747388399,71600
2010-12-13,12904.875,12904.875,12545.429806942853,12545.909293760225,116500
2010-12-14,12926.4755859375,12977.94473702212,12860.71655556588,12953.84539710245,104100
2010-12-15,12829.2158203125,12987.563645774168,12812.915222701607,12934.574008369289,90900
2010-12-16,12795.5361328125,12913.86488339275,12776.806850751109,12837.0259017087,74800
2010-12-17,12759.45703125,12809.347098762933,12717.17820681168,12793.866802994553,56000
2010-12-20,12557.408203125,12875.524733123411,12330.85118754568,12814.905299501052,99700
2010-12-21,12872.3056640625,12872.3056640625,12524.639645808615,12585.998331868512,139200
2010-12-22,12766.8076171875,12975.484974204643,12711.91760519235,12898.546380320322,116400
2010-12-23,12644.4384765625,12842.896215026783,12628.578302613692,12760.616863012945,90000
2010-12-24,12556.7080078125,12688.297344196599,12471.589827062284,12592.008390981298,80600
2010-12-27,12303.0517578125,12808.685707078022,12272.101911346232,12575.287947158447,102500
2010-12-28,12063.6640625,12288.031655069137,12017.424348421313,12235.542011315612,80200
2010-12-29,12114.423828125,12125.253784900273,11963.585674517364,12079.954487791652,66200
2010-12-30,12138.7646484375,12210.933763278686,11971.616126957062,12111.744442779454,74000
2010-12-31,12458.41015625,12476.369915873502,12159.003356101724,12171.35380360096,91700
2011-01-04,12714.3671875,12743.337565752976,12536.519572497124,12578.309142933973,136500
2011-01-05,12647.48828125,12741.327074378767,12566.90910529126,12634.568504025116,113500
2011-01-06,12599.5185546875,12790.785936350594,12567.528679835465,12683.607453391909,80500
2011-01-07,12573.798828125,12783.535723956642,12502.02912855683,12587.348480221233,114000
2011-01-10,12331.021484375,12644.178118936408,12291.972118827822,12576.948406236532,82200
2011-01-11,12385.03125,12419.160750673629,12212.462869701896,12275.76294219795,76500
2011-01-12,12409.841796875,12518.300545856833,12251.273256274852,12435.580767071322,84500
2011-01-13,12423.2001953125,12486.090113370758,12358.31127628739,12457.629495794828,61700
2011-01-14,12294.03125,12390.520396015085,12212.362249319458,12390.520396015085,65300
2011-01-17,11734.4892578125,12229.423191588185,11712.54907279512,12159.81459284163,86500
2011-01-18,11771.4580078125,11797.08760358309,11624.209656939087,11699.378736948438,58200
2011-01-19,12066.4140625,12076.833867156489,11730.608269864333,11785.367419471459,69000
2011-01-20,11566.6103515625,12034.48498055639,11565.940437210045,12034.48498055639,69400
2011-01-21,11639.8291015625,11860.47701157998,11491.811234385523,11534.070524915545,72100
2011-01-24,11488.791015625,11689.149119134441,11419.232225774322,11661.628920103401,58800
2011-01-25,11446.2421875,11523.661244095762,11377.212685575321,11465.402129607632,49000
2011-01-26,11599.5400390625,11632.969352246519,11458.89122331579,11458.89122331579,43700
2011-01-27,11795.197265625,11832.406807587542,11392.81214799544,11481.650991430768,87000
2011-01-28,11894.0966796875,11934.905790964489,11768.677192013349,11789.507035836801,75900
2011-01-31,11994.5458984375,12020.375688452936,11820.06835240015,11884.207285421844,62000
2011-02-01,11991.3759765625,12052.255180139224,11927.876685030878,12044.275776978777,52100
2011-02-09,11807.796875,12041.82451612629,11774.167370447612,11903.516501483606,66200
2011-02-10,12170.373046875,12177.303633081128,11764.098313982831,11774.967332508153,82300
2011-02-11,12292.3515625,12375.89065914533,12127.603421048672,12162.183109074987,99900
2011-02-14,12737.6572265625,12765.90691035153,12318.171687671178,12318.171687671178,153900
2011-02-15,12711.4375,12865.325422350154,12707.06743182947,12767.64683046428,117700
2011-02-16,12884.7255859375,12884.7255859375,12616.958081741324,12675.727930317458,119600
2011-02-17,12788.1962890625,12936.595013828446,12664.707440919194,12907.545535237663,112000
2011-02-18,12612.96875,12751.007239350758,12586.248346855988,12750.126389864758,92800
2011-02-21,12872.3251953125,12872.805658667829,12518.469793422468,12526.109356082494,101900
2011-02-22,12473.1904296875,12918.275290317448,12465.280361997728,12917.215731867645,129700
2011-02-23,12492.5703125,12554.840124228213,12395.911236755337,12436.490861260225,73000
2011-02-24,12578.2880859375,12601.2878270152,12387.620310527482,12475.899590150575,76500
2011-02-25,12633.73828125,12735.007654014338,12464.260688602557,12585.67924959311,80500
2011-02-28,12902.2958984375,12907.5350975606,12562.809466982437,12658.048634490266,109200
2011-03-01,12948.5751953125,13022.87417067912,12866.676695396336,12910.9262014859,131600
2011-03-02,12880.125,12912.57483118446,12683.838140086173,12878.285176895137,101400
2011-03-03,12698.017578125,12966.704014337474,12698.017578125,12889.08574523964,113600
2011-03-04,12893.6953125,12908.345538904001,12669.377514479438,12714.097716315513,101800
2011-03-07,13140.732421875,13163.062249422088,12961.274474755017,12961.274474755017,156000
2011-03-08,13144.0322265625,13154.762574930322,13041.063655189047,13146.532198515688,113800
2011-03-09,13158.072265625,13232.871232049456,13102.043596656573,13170.902199966466,108300
2011-03-10,13004.71484375,13115.023179838998,12994.114376419546,13115.023179838998,104700
2011-03-11,12847.875,13038.843554837913,12820.926084409895,12928.104566213238,87700
2011-03-14,12958.1455078125,12958.1455078125,12776.767648033989,12813.956686363663,79500
2011-03-15,12705.177734375,12905.845404347609,12447.570273696005,12905.845404347609,116100
2011-03-16,12865.60546875,12875.975469441688,12668.097921910015,12699.257728113082,104200
2011-03-17,12650.5283203125,12851.776067679664,12612.628353914404,12741.666948605083,92600
2011-03-18,12721.84765625,12839.155911848507,12675.348177385664,12796.26674408467,74400
2011-03-21,12643.5888671875,12806.596807209085,12593.98883674432,12745.237142842638,73300
2011-03-22,12667.1181640625,12706.737838354646,12471.250236418371,12679.667828461415,66300
2011-03-23,12845.3857421875,12853.00577363739,12648.58815178942,12670.117206427927,90900
2011-03-24,12771.3173828125,12893.216412564962,12768.797879690062,12877.92654419752,71800
2011-03-25,12941.92578125,12980.16461202358,12780.387546194372,12797.826804563363,105800
2011-03-28,12875.375,13075.083695689767,12858.305855670493,13020.063805497608,128200
2011-03-29,12677.46875,12895.24561440643,12670.54890541652,12848.596721390859,114700
2011-03-30,12661.078125,12774.277054295097,12564.999121423067,12677.848445253152,85600
2011-03-31,12562.7587890625,12707.837231930902,12501.099327809212,12665.717589496382,69100
2011-04-01,12699.27734375,12699.27734375,12498.68975204962,12559.639263065937,71100
2011-04-06,12740.7275390625,12765.61690896962,12568.699190748921,12648.768607213176,139400
2011-04-07,12890.515625,12908.555461795946,12715.647468472103,12749.387324548537,139800
2011-04-08,13036.083984375,13039.583945046505,12839.565684806963,12881.105257095984,111900
2011-04-11,12924.9052734375,13142.282725451925,12918.785224686733,13075.544213935069,176200
2011-04-12,12902.0751953125,13042.103900124532,12839.386444437594,12906.46577112852,172800
2011-04-13,13101.9326171875,13101.9326171875,12772.176562933817,12848.015553123589,142800
2011-04-14,12991.7841796875,13119.333532386421,12964.135075294605,13119.333532386421,135000
2011-04-15,12965.6044921875,13054.663063031148,12825.316027526535,12948.674994680505,130100
2011-04-18,13001.1845703125,13045.674306763314,12881.445676041894,12912.83594972544,141200
2011-04-19,12799.0966796875,12909.045641812276,12727.166822390387,12876.055777451644,139900
2011-04-20,12753.70703125,12849.50674152173,12720.377325729365,12778.876671744838,107600
2011-04-21,12798.6064453125,12864.575431938407,12760.597106016636,12795.646517574825,114100
2011-04-22,12708.27734375,12819.816131424072,12687.477772419374,12796.186513719618,94800
2011-04-25,12507.8701171875,12664.308800261273,12487.390853647814,12664.308800261273,107400
2011-04-26,12448.3408203125,12548.029155110135,12361.721674839102,12486.680233961872,78500
2011-04-27,12358.7412109375,12573.158726930018,12279.942290417235,12502.819672422904,77700
2011-04-28,12149.1142578125,12447.610922705973,12148.03419175509,12398.551900530469,86800
2011-04-29,12312.8515625,12312.8515625,12138.71289871385,12148.792863314571,66700
2011-05-03,12423.3203125,12423.3203125,12199.44294625502,12314.561769411346,70500
2011-05-04,12070.2744140625,12365.101176568625,12014.284809346045,12365.101176568625,80800
2011-05-05,12085.8544921875,12133.003376697645,12005.30559218439,12017.145302956764,74400
2011-05-06,12067.474609375,12150.103562727507,11896.846645888107,11957.905529373686,70500
2011-05-09,12124.8740234375,12214.042947035345,12074.004475752303,12074.004475752303,55600
2011-05-10,12216.8037109375,12216.8037109375,12102.654597759894,12146.19414956949,49000
2011-05-11,12202.4833984375,12282.742264828177,12117.534154911125,12229.172552532567,56000
2011-05-12,12072.07421875,12249.202109880956,12072.07421875,12114.313978167902,66900
2011-05-13,12156.4736328125,12163.993079494443,11958.445586513211,12092.024162336109,58300
2011-05-16,12051.1044921875,12215.832128902768,12046.404349816836,12110.833311596782,56700
2011-05-17,12128.3642578125,12212.013712222222,11983.745759213536,12031.705183383092,64400
2011-05-18,12230.5537109375,12262.332652572886,12091.444914397056,12100.754380644064,49300
2011-05-19,12157.9736328125,12341.790901689486,12153.273490354006,12270.112020232284,53100
2011-05-20,12160.8935546875,12221.672168259416,12130.014019037937,12167.663009831955,40800
2011-05-23,11742.0595703125,12148.454455307477,11742.0595703125,12148.454455307477,63700
2011-05-24,11749.7890625,11768.649204013935,11640.0900889234,11703.509304487941,49500
2011-05-25,11615.2900390625,11795.598569717586,11600.080248201719,11716.01938145145,43300
2011-05-26,11530.5712890625,11752.599080335913,11530.5712890625,11695.359485872092,40300
2011-05-27,11492.5810546875,11645.849843364438,11483.430766696478,11536.910635590855,48000
2011-05-30,11478.08203125,11595.010415517316,11404.932455918206,11456.181884714464,41700
2011-05-31,11665.0087890625,11665.0087890625,11420.812309735953,11485.621153015592,56000
2011-06-01,11699.69921875,11719.508567497916,11593.700404330788,11648.730062269844,49900
2011-06-02,11506.390625,11613.369895259786,11365.992783816415,11566.300110083226,62500
2011-06-03,11642.26953125,11689.958448350484,11487.170688627028,11492.200905524774,46900
2011-06-07,11741.12890625,11756.769356931192,11599.180293009118,11613.870558967983,45400
2011-06-08,11760.9677734375,11786.987989573357,11581.509824154775,11726.19863193624,48700
2011-06-09,11513.0712890625,11735.078568980149,11508.260796048246,11725.078680944023,43700
2011-06-10,11593.25,11596.45015946011,11453.911717300442,11508.45114534064,49100
2011-06-13,11521.8515625,11558.530839632964,11427.02254532019,11517.930707928945,39000
2011-06-14,11731.9091796875,11764.988888836742,11494.982134905282,11501.091441761208,67700
2011-06-15,11615.83984375,11794.408159583776,11614.25001777668,11703.059571625367,57800
2011-06-16,11435.8623046875,11551.19109266267,11417.452354384295,11516.52155862573,43300
2011-06-17,11409.0322265625,11566.870300471282,11409.0322265625,11451.631358272654,51200
2011-06-20,11328.54296875,11446.631489142996,11288.493612874929,11408.232505398057,49500
2011-06-21,11509.8515625,11514.121045933302,11360.802450547122,11360.802450547122,56900
2011-06-22,11543.5205078125,11598.619497236965,11484.601248872093,11524.500214008305,52100
2011-06-23,11775.1884765625,11817.087421521113,11474.851995403395,11511.781269440335,64000
2011-06-24,11995.9462890625,12092.095607347992,11732.07911474762,11749.798643686763,97100
2011-06-27,12026.1552734375,12106.514724488456,11947.356351774182,12004.925042594401,81900
2011-06-28,12046.9541015625,12066.95387620984,11928.865588405524,12056.394424878703,61000
2011-06-29,11913.06640625,12102.21369610386,11911.696304449355,12048.725038992896,56900
2011-06-30,12110.7939453125,12157.423305486156,11930.21589117207,11935.69629849567,82900
2011-07-01,12177.943359375,12267.671844203052,12087.78421531935,12148.833334623529,87300
2011-07-04,12441.0302734375,12475.249615893732,12241.522747250367,12241.522747250367,115600
2011-07-05,12440.23046875,12486.569792315575,12382.681310083497,12432.830161197528,96700
2011-07-06,12425.5400390625,12446.640387856927,12311.01202934746,12420.49029112822,75600
2011-07-07,12392.791015625,12548.840050729821,12375.091994922106,12440.72114336274,87900
2011-07-08,12404.201171875,12478.70033901692,12343.522162731619,12390.201328385243,64400
2011-07-11,12438.419921875,12494.099960807422,12302.102116402677,12357.441338849007,63800
2011-07-12,12268.0537109375,12380.972374414152,12232.083408675986,12343.922006064207,93600
2011-07-13,12479.0107421875,12491.240097520373,12285.74239717644,12285.74239717644,75500
2011-07-14,12440.6904296875,12546.368930931989,12355.08103910202,12515.549940941832,83700
2011-07-15,12506.80078125,12511.249950321468,12355.442119728059,12389.961265544178,106800
2011-07-18,12490.41015625,12537.64986246371,12460.92025158548,12511.55054489089,69200
2011-07-19,12381.3212890625,12447.890855977563,12358.411389405368,12429.09126184715,67900
2011-07-20,12393.8515625,12469.860477679218,12277.252281164294,12445.55117935771,74900
2011-07-21,12301.271484375,12425.350163764662,12296.111386294635,12389.86032946553,68000
2011-07-22,12352.361328125,12431.890708738203,12307.611830498317,12331.001216358492,55700
2011-07-25,11966.1064453125,12289.372362233631,11919.716338984874,12257.983064749444,86000
2011-07-26,12008.396484375,12011.46578611651,11909.56750733258,11951.807271102,58900
2011-07-27,12116.724609375,12143.554386929276,11885.767235824778,11922.526589639221,60900
2011-07-28,12085.7841796875,12093.833893964167,11952.205601858062,12014.225413091446,64100
2011-07-29,11990.2958984375,12116.244688399318,11915.08677669179,12069.825284477218,59000
2011-08-01,12002.2861328125,12074.815597766597,11940.756545243154,11975.146786896337,47000
2011-08-02,11931.90625,11931.90625,11752.467832304312,11927.326223229535,57900
2011-08-03,11922.236328125,12011.725558268925,11809.847940888549,11813.247316803901,59200
2011-08-04,11934.2763671875,12047.735056197724,11901.32654125863,11954.3161815939,46000
2011-08-05,11701.62890625,11769.548068584665,11547.021260228084,11585.810865506233,71700
2011-08-08,11312.5029296875,11693.84923601459,11106.98570482841,11576.440397370347,87100
2011-08-09,11314.953125,11379.94263019648,10926.347133574433,11007.426301995814,90700
2011-08-10,11449.4521484375,11574.62067175038,11441.782312260902,11519.18086151589,79000
2011-08-11,11627.359375,11627.359375,11260.293193622943,11260.293193622943,81700
2011-08-12,11651.1591796875,11738.738274172556,11630.159415545235,11683.488894703025,66800
2011-08-15,11767.6083984375,11767.6083984375,11611.100386217255,11686.298762497987,63400
2011-08-16,11665.279296875,11797.287581650618,11628.219165735061,11781.997714107587,57300
2011-08-17,11598.150390625,11726.028841380466,11577.670151224595,11647.87932591905,45600
2011-08-18,11414.0322265625,11618.389311106555,11399.542154593768,11596.990136888277,45200
2011-08-19,11301.4033203125,11337.442954527562,11191.424087002644,11218.534134027284,56000
2011-08-22,11112.5146484375,11377.322216603623,11083.275719521405,11315.172525074346,48800
2011-08-23,11243.2939453125,11243.2939453125,11120.465243433438,11146.514756246681,38800
2011-08-24,11238.82421875,11369.853023478845,11225.393705230821,11313.853651178708,43300
2011-08-25,11598.7998046875,11604.94036092584,11229.27464573778,11268.673618612442,81300
2011-08-26,11568.0400390625,11599.749643973168,11472.151467235848,11547.420153389477,51300
2011-08-29,11372.251953125,11484.330770443597,11356.442560656838,11464.75091257797,52500
2011-08-30,11344.3232421875,11573.150759527885,11328.863454258857,11457.801464452183,53000
2011-08-31,11397.3525390625,11435.991753793782,11306.153367415935,11371.122364733332,42600
2011-09-01,11352.732421875,11491.220119121535,11308.822760426521,11424.981607725998,37300
2011-09-02,11228.173828125,11353.842340039004,11175.914648831478,11323.882715239028,33200
2011-09-05,10954.77734375,11131.655239824506,10954.77734375,11129.245110645697,42500
2011-09-06,10778.3095703125,10966.60825309724,10736.210430104791,10887.468510057746,43300
2011-09-07,11011.056640625,11011.056640625,10810.789347331394,10851.968574659822,44800
2011-09-08,10933.1875,11069.286566375564,10933.1875,11062.886247210872,35700
2011-09-09,10892.267578125,11101.585544785677,10850.378399142104,10990.386595686638,33100
2011-09-13,10775.1796875,10806.249653645038,10669.350789111208,10738.479901301336,33400
2011-09-14,10822.2783203125,10847.068079757937,10604.520034338122,10807.498213587793,35800
2011-09-15,10847.8974609375,10938.697220426826,10813.07851681412,10839.458102779758,41300
2011-09-16,10878.1083984375,10955.506943960701,10859.927938389737,10905.477231939061,41100
2011-09-19,10657.5107421875,10815.678895896073,10646.371218279064,10815.678895896073,40300
2011-09-20,10679.1796875,10740.819619186894,10569.071550973373,10635.350102361039,40400
2011-09-21,10991.7265625,11035.116701769119,10639.300820229715,10683.170446318718,73000
2011-09-22,10660.3505859375,10941.677519938254,10660.3505859375,10896.488571847256,58600
2011-09-23,10538.283203125,10618.002043200451,10392.794586608139,10465.923656212957,55800
2011-09-26,10328.353515625,10601.970554171503,10299.23372608295,10432.992963259383,46200
2011-09-27,10448.54296875,10513.822510033144,10314.414590278288,10416.783559328329,46400
2011-09-28,10369.8134765625,10549.782162840254,10327.414537650344,10522.242432406054,44600
2011-09-29,10287.78515625,10411.583574260669,10224.615941938855,10296.575096855613,48800
2011-09-30,10292.21484375,10383.403275905059,10249.665515456098,10339.924270520069,41000
2011-10-10,10170.6357421875,10343.543955971485,10158.296037062828,10315.84407184191,34700
2011-10-11,10065.3564453125,10452.212442977429,9953.017865884809,10416.493118420536,57700
2011-10-12,10425.8125,10443.90214042007,9949.02782005984,9997.447197694684,81200
2011-10-13,10481.72265625,10564.43169248595,10362.233757781869,10399.273382734857,71400
2011-10-14,10438.142578125,10499.992469682815,10352.143543623582,10457.632593688446,46900
2011-10-17,10513.373046875,10588.011863349602,10450.393280130093,10455.393224398125,46900
2011-10-18,10226.8154296875,10469.052957694104,10215.826294649733,10442.453645496584,53500
2011-10-19,10105.626953125,10304.204805247851,10094.216924778224,10255.484648262176,51300
2011-10-20,9796.12109375,10049.257915881082,9721.001815279275,10049.257915881082,56900
2011-10-21,9697.1015625,9857.859531102198,9691.49127365176,9799.850413928452,39900
2011-10-24,9957.5087890625,9977.488057875402,9653.401837512738,9735.231000761587,62400
2011-10-25,10203.2861328125,10240.98492940615,9916.238565960944,9954.11900114558,87900
2011-10-26,10315.6337890625,10418.23224261298,10144.31540655248,10146.635692913256,97300
2011-10-27,10323.173828125,10400.352646800837,10293.084323101215,10341.293741331425,59300
2011-10-28,10561.87109375,10636.97962150647,10474.431650401932,10476.521470578222,100800
2011-10-31,10480.79296875,10546.292236391728,10415.433347984357,10546.292236391728,77200
2011-11-01,10441.5830078125,10563.351172439567,10364.593637501102,10388.9029349866,69200
2011-11-02,10581.630859375,10581.630859375,10233.514661694986,10291.504243154091,84900
2011-11-03,10624.0009765625,10777.648667575277,10618.34088378642,10618.34088378642,114900
2011-11-04,10699.3701171875,10791.268499546723,10642.390288125327,10721.36010469045,79800
2011-11-07,10591.541015625,10717.089408061544,10579.300918934665,10660.030479585428,59700
2011-11-08,10540.982421875,10663.541606220035,10519.142820922885,10619.292098156082,53600
2011-11-09,10625.7607421875,10636.380740298988,10455.573197278858,10575.061115341145,53500
2011-11-10,10477.4326171875,10567.36227540895,10464.253077097404,10508.602190438509,70600
2011-11-11,10418.8125,10531.021198849628,10375.263185141388,10500.45220674246,60100
2011-11-14,10645.560546875,10645.560546875,10495.582733175954,10501.612939125931,70000
2011-11-15,10582.880859375,10640.200526578028,10544.891052684046,10630.930123130462,57600
2011-11-16,10313.2138671875,10595.760488094646,10282.134139273827,10593.43043622504,67500
2011-11-17,10303.0439453125,10408.492951235932,10296.403395213136,10317.203941847907,50600
2011-11-18,10025.0576171875,10241.955578035171,10002.657477497785,10236.875556818592,72300
2011-11-21,10033.677734375,10063.736968241288,9953.458905683721,10032.357436652794,41700
2011-11-22,10028.087890625,10052.327853536337,9922.188685966577,9971.568015779318,44200
2011-11-23,9957.208984375,10076.56702487385,9933.098902379024,10042.907244962258,37200
2011-11-24,9966.62890625,10022.958355170082,9837.739720953581,9889.439338776785,47500
2011-11-25,9886.138671875,9999.43720070413,9866.1691701897,9943.548181634667,35500
2011-11-28,9884.5888671875,9961.547961350288,9833.329678884369,9908.008525291627,41300
2011-11-29,10012.828125,10012.828125,9903.068613884025,9970.808088487616,47900
2011-11-30,9693.28125,9991.838458156766,9626.652112290652,9991.838458156766,60300
2011-12-01,9917.7490234375,10102.23621035543,9902.709153199654,9976.407544674865,96300
2011-12-02,9808.1201171875,9897.978481187354,9757.840409449058,9868.29912761098,48800
2011-12-05,9585.97265625,9807.580524440851,9571.912266937872,9805.340315169979,48900
2011-12-06,9586.8330078125,9618.302381756032,9505.12396243688,9568.762897790742,35800
2011-12-07,9606.1416015625,9656.121506325022,9551.102183580468,9582.271753729161,32600
2011-12-08,9580.412109375,9712.030750767817,9477.023620197167,9603.04271500078,43300
2011-12-09,9480.1630859375,9583.042790157027,9439.72408687029,9516.143150695585,43200
2011-12-12,9376.1748046875,9466.933549404554,9365.27453667515,9457.723692064967,34300
2011-12-13,9190.77734375,9367.645487666581,9175.067558082408,9343.135995487477,50500
2011-12-14,9092.927734375,9234.575551104414,9064.527664011712,9164.10661920546,33300
2011-12-15,8870.990234375,9040.95805242586,8850.370348721282,9040.95805242586,56900
2011-12-16,9081.837890625,9081.837890625,8849.69988659375,8864.850106164242,55800
2011-12-19,9053.9794921875,9089.769133642005,8808.562296795226,9002.579672593067,54500
2011-12-20,9031.5693359375,9166.55806692283,9013.249227471286,9020.869259793348,48700
2011-12-21,8884.150390625,9147.11716879567,8884.150390625,9111.218157234023,42300
2011-12-22,8909.25,8991.918997598863,8710.472925541046,8828.521410394014,47400
2011-12-23,8976.4189453125,9100.18806622081,8866.540293753493,8899.120006804069,48700
2011-12-26,8876.0908203125,9038.038221654391,8875.000012241278,8931.479847162585,32900
2011-12-27,8711.4521484375,8904.850371049079,8692.282441456833,8876.520610503529,50000
2011-12-28,8739.6328125,8746.44230672353,8555.02452374192,8667.233230864553,50000
2011-12-29,8781.22265625,8831.701587059742,8682.513793056834,8693.0429728365,45600
2011-12-30,8918.720703125,8942.76047369759,8805.311813490358,8805.311813490358,53200
2012-01-04,8695.892578125,9025.558797796175,8695.102547934664,8980.658911404005,53500
2012-01-05,8600.1630859375,8744.12142855132,8565.963275085967,8653.00233568921,53600
2012-01-06,8634.3232421875,8643.193260056207,8486.48505380173,8597.273852347038,49900
2012-01-09,8945.9794921875,8946.779287882335,8532.5739841463,8638.433145459818,78200
2012-01-10,9281.146484375,9291.205942491115,8909.1506333649,8930.459966007527,112300
2012-01-11,9239.1064453125,9311.955238484288,9186.057234992235,9277.945853902922,85500
2012-01-12,9200.826171875,9344.635100800602,9177.486590711347,9191.436629076317,67100
2012-01-13,9030.4892578125,9258.206447951292,8951.620019108555,9216.857299143021,61400
2012-01-16,8827.3701171875,9024.318090109386,8823.700236723984,8951.078682178904,50000
2012-01-17,9263.986328125,9305.315944433572,8762.472400783057,8835.781151944824,93800
2012-01-18,9115.1669921875,9398.913800240309,9084.937840056185,9326.335515131233,98500
2012-01-19,9300.1162109375,9362.945589735495,9078.879415617363,9119.778374451003,90900
2012-01-20,9466.0341796875,9503.26423362733,9258.916370167188,9348.346037821362,95600
2012-01-30,9274.74609375,9482.104130985335,9274.74609375,9482.104130985335,62400
2012-01-31,9303.546875,9324.705819263165,9213.037139866254,9277.986612520466,40600
2012-02-01,9193.287109375,9403.265236094343,9172.96800007052,9277.686558634818,50100
2012-02-02,9382.0244140625,9382.0244140625,9174.616589403535,9222.136563016591,55300
2012-02-03,9436.884765625,9471.913671009062,9292.676416392496,9349.175784942827,61400
2012-02-06,9448.5341796875,9526.683697972743,9404.385258434937,9451.064424881275,60200
2012-02-07,9266.6064453125,9393.654830764912,9206.757504499454,9393.654830764912,53400
2012-02-08,9557.47265625,9605.092238213914,9236.05634695584,9259.53557524693,77000
2012-02-09,9560.623046875,9630.241405277486,9493.823016181163,9548.112445254937,84900
2012-02-10,9590.8427734375,9699.191169260353,9539.593347454775,9539.593347454775,90900
2012-02-13,9584.97265625,9670.671891103579,9420.294814347602,9463.844130963887,67900
2012-02-14,9543.673828125,9596.973038340058,9478.484125530482,9574.76332511847,52300
2012-02-15,9673.33203125,9725.110747897632,9515.683407220467,9523.543670701603,77700
2012-02-16,9622.7216796875,9726.920701214505,9557.832762213391,9647.041718226114,82700
2012-02-17,9615.2314453125,9719.420700410234,9553.482141450508,9681.341051580614,57600
2012-02-20,9616.5419921875,9755.649799153072,9616.5419921875,9741.04058882927,76000
2012-02-21,9695.76171875,9695.76171875,9539.72342419276,9632.33274038481,58100
2012-02-22,9862.4296875,9865.659143552843,9701.451019953969,9709.821043488566,106400
2012-02-23,9918.8291015625,9958.63822506066,9839.939362014471,9859.319027311196,103500
2012-02-24,10124.037109375,10131.016523467493,9906.919421590199,9922.049135111254,123300
2012-02-27,10177.2158203125,10333.803906075595,10157.065655909852,10157.065655909852,137100
2012-02-28,10161.74609375,10232.955254017734,10086.946153544193,10154.925857936154,97900
2012-02-29,10054.7265625,10214.514801313502,10048.676825971661,10126.565596877854,82000
2012-03-01,10060.8466796875,10125.555912024023,10011.007397108584,10011.007397108584,55900
2012-03-02,10299.8251953125,10301.524395051865,10078.707551987705,10078.707551987705,88700
2012-03-05,10226.326171875,10379.343993470791,10217.416115176253,10337.88449575649,92900
2012-03-06,10093.6962890625,10224.935050548826,10070.377214834269,10193.116071714769,83100
2012-03-07,10054.7568359375,10173.545536674994,9991.217512736564,9997.777009146934,92300
2012-03-08,10171.015625,10228.12533501098,10084.406246378503,10092.016512449802,81000
2012-03-09,10334.263671875,10334.263671875,10161.60545720242,10202.835462312465,84600
2012-03-12,10300.384765625,10373.80386613222,10228.275220779777,10322.83470978132,85300
2012-03-13,10427.123046875,10427.123046875,10291.934136537599,10308.523793841112,77600
2012-03-14,10094.7763671875,10528.881847318517,10063.67710680122,10487.18211995073,145200
2012-03-15,10086.4462890625,10173.265626491322,10013.317227565185,10101.166826860597,99400
2012-03-16,10279.1845703125,10284.134710131662,10071.46717235733,10115.196174322655,78600
2012-03-19,10296.0546875,10306.344611396742,10185.966075871695,10256.394975125088,75500
2012-03-20,10116.2763671875,10255.135163820352,10110.26666885862,10255.135163820352,70800
2012-03-21,10090.3271484375,10225.42524110441,10006.8075782756,10152.185828967584,75100
2012-03-22,10038.837890625,10116.837018047145,10008.767914518447,10082.137210922107,52600
2012-03-23,9885.138671875,10029.32747768347,9858.259091784936,10002.78773751607,56300
2012-03-26,9946.0283203125,9956.24890903616,9871.779151400095,9871.779151400095,58000
2012-03-27,9841.26953125,10008.567460001903,9830.399535949313,9959.32875431005,51200
2012-03-28,9531.0439453125,9824.51039436122,9515.874192857456,9800.18058795817,66500
2012-03-29,9418.125,9564.902653187364,9352.065192894888,9478.013977771563,67300
2012-03-30,9410.154296875,9505.033116288307,9365.425306008798,9426.533996104283,45700
2012-04-05,9708.921875,9737.791669861223,9388.675450496072,9410.864655882422,70300
2012-04-06,9786.0810546875,9811.57002762024,9684.261880178505,9704.771416576858,62700
2012-04-09,9710.8017578125,9802.121050945723,9650.462587608508,9738.961599723587,66100
2012-04-10,9795.8603515625,9795.8603515625,9516.783389451983,9682.7219663638,66500
2012-04-11,9802.2109375,9920.229151879523,9666.432179108626,9683.002306715878,60700
2012-04-12,10007.5380859375,10013.087828345739,9779.569941073189,9817.670099450348,87100
2012-04-13,10043.607421875,10116.00700294901,10008.558009099806,10043.14746608059,94900
2012-04-16,10000.1982421875,10063.557888392921,9954.77882594832,9975.518829433327,58800
2012-04-17,9839.8095703125,10022.437404989132,9837.669945870475,9999.088057472552,57200
2012-04-18,10069.4169921875,10082.706881738335,9841.959590152748,9887.93856507537,82300
2012-04-19,10015.2978515625,10079.886971054371,9971.508303525987,10049.656841284332,61300
2012-04-20,10130.9267578125,10144.426606860883,9996.607947228675,10004.168409564654,82500
2012-04-23,10075.9365234375,10154.395602279077,10034.137188689532,10141.885977296683,74700
2012-04-24,10041.77734375,10179.966227968114,9841.330366748083,10010.237657419342,91900
2012-04-25,10161.8955078125,10181.97536016466,9993.578064394253,10012.737028663149,87600
2012-04-26,10201.5361328125,10258.455417188125,10151.936102398296,10182.345918056548,78300
2012-04-27,10180.275390625,10244.86548601379,10172.405361766376,10190.97546584574,84600
2012-05-02,10424.8232421875,10500.032357684457,10252.92478390707,10319.364466732954,123700
2012-05-03,10468.2626953125,10479.482296276605,10400.203886887797,10415.173445872808,99500
2012-05-04,10573.48046875,10576.090790899725,10410.823121864672,10464.471931419252,86000
2012-05-07,10612.7705078125,10616.161094749239,10509.64178273923,10512.572413902006,98800
2012-05-08,10524.5625,10605.231523652274,10413.334246302078,10604.841879553333,81400
2012-05-09,10294.46484375,10410.723307998807,10282.705209760214,10410.723307998807,77100
2012-05-10,10277.5048828125,10342.223883726732,10255.135016442451,10287.644417562587,61200
2012-05-11,10211.2958984375,10342.68407672606,10210.61621854268,10261.434985850963,53100
2012-05-14,10093.2666015625,10284.78495987872,10090.886745460191,10278.834831347176,67800
2012-05-15,10131.6962890625,10139.1366355604,10009.407617294597,10027.288276748144,66100
2012-05-16,9916.3583984375,10099.696183906519,9916.3583984375,10099.696183906519,57900
2012-05-17,10079.3671875,10105.836616574576,9915.698128526748,9942.067949345814,61000
2012-05-18,9902.978515625,10049.80694312201,9879.928970057794,9995.797784661645,57400
2012-05-21,9977.4482421875,10059.967829248453,9870.239477482792,9893.659138041787,54600
2012-05-22,10180.1552734375,10180.1552734375,10022.617979070319,10030.427461732446,68000
2012-05-23,10143.0859375,10218.214974013907,10055.816412743847,10142.795901704638,64200
2012-05-24,9984.46875,10187.026061772132,9951.158574537789,10122.457445783097,75000
2012-05-25,9884.8486328125,10003.717411240175,9848.808999646431,9980.067286974741,60800
2012-05-28,10103.986328125,10108.256788059067,9755.480469787479,9816.670213443702,94200
2012-05-29,10214.6259765625,10271.255225936813,10087.36763441202,10101.287400584595,110200
2012-05-30,10162.2255859375,10241.194424622961,10135.265928117806,10196.415631213165,87300
2012-05-31,10141.2958984375,10194.465221275594,10049.966849279359,10089.836517271697,68900
2012-06-01,10145.685546875,10261.93423771545,10095.216388681743,10142.005900814123,65100
2012-06-04,9874.408203125,10085.28668496957,9870.928750166278,9988.417659923158,67100
2012-06-05,9847.009765625,9941.428629384958,9816.649754295197,9899.539450383,52500
2012-06-06,9812.8701171875,9897.628929649227,9772.359830562275,9863.589273382913,47800
2012-06-07,9755.5302734375,9936.998942010296,9730.470984079464,9921.198337910182,48600
2012-06-08,9707.0712890625,9843.79046545048,9685.23168919435,9839.56980945736,62200
2012-06-11,9849.6591796875,9895.478978841165,9704.331706314713,9731.690774794874,69400
2012-06-12,9790.0908203125,9875.139674833283,9773.55096603343,9800.76062298435,63500
2012-06-13,9949.9384765625,9949.9384765625,9794.949976326778,9835.300110793667,66000
2012-06-14,9885.1787109375,10002.387351856556,9881.039109120717,9937.23769495518,58400
2012-06-15,9885.5390625,9951.258048953994,9759.939891024593,9906.468514298476,67500
2012-06-18,9978.9482421875,10019.958526852024,9916.189176721366,9921.11978577652,51200
2012-06-19,9848.0498046875,9953.888462470584,9829.5500119855,9953.888462470584,43700
2012-06-20,9821.6796875,9905.999052629084,9800.460199349232,9877.079455680452,38700
2012-06-21,9682.58203125,9787.470505440106,9621.661814826477,9787.470505440106,46800
2012-06-25,9414.1044921875,9635.592245175505,9402.125134207976,9635.592245175505,62600
2012-06-26,9446.484375,9489.153820476278,9351.695394243947,9373.034999740072,49400
2012-06-27,9416.39453125,9540.78278647126,9406.28429292768,9444.163751469601,45300
2012-06-28,9383.1640625,9495.51338560733,9383.1640625,9449.603745391403,39900
2012-06-29,9500.2138671875,9511.952993468754,9363.864808975408,9374.255317554773,49800
2012-07-02,9566.3427734375,9624.161460120433,9510.572891873231,9574.982324860202,56500
2012-07-03,9607.2216796875,9698.360299806476,9533.182476010532,9566.462373950406,62000
2012-07-04,9569.052734375,9664.921775339762,9543.173142085961,9637.002166889379,48700
2012-07-05,9412.5341796875,9510.893429120977,9366.784692316847,9510.893429120977,55300
2012-07-06,9690.0517578125,9716.441111043667,9431.024382002743,9462.964454390403,90500
2012-07-09,9496.5732421875,9727.410498525887,9491.343808615742,9636.111717189344,89600
2012-07-10,9476.61328125,9557.333077696243,9445.844095612456,9467.643655438116,56400
2012-07-11,9588.1826171875,9614.092483154503,9453.523969595082,9455.354027216903,62600
2012-07-12,9753.380859375,9800.239708897041,9540.982850594055,9575.422894068834,88500
2012-07-13,9792.380859375,9853.620409741083,9708.511678955763,9720.351390463311,71500
2012-07-16,9540.783203125,9770.931026019825,9540.783203125,9768.48085804354,73100
2012-07-17,9559.9228515625,9602.882329777725,9476.7939028441,9503.343409203067,58000
2012-07-18,9514.0634765625,9587.932767285078,9328.796018123194,9545.26332280466,69000
2012-07-19,9509.3837890625,9609.342631089416,9432.854372273323,9488.783433719464,63800
2012-07-20,9333.10546875,9509.303691371013,9325.155362445816,9471.853915341144,66600
2012-07-23,9185.9169921875,9255.83711013206,9152.878298486465,9255.83711013206,56100
2012-07-24,9262.666015625,9340.415146733701,9130.077653626273,9133.817846202468,50800
2012-07-25,9155.2373046875,9248.336847906001,9146.03721241644,9225.456244794766,45200
2012-07-26,9081.7978515625,9218.016040138185,9069.867322202987,9148.67697926867,62500
2012-07-27,9087.02734375,9157.877130210354,9054.7679421438,9099.31724413185,47600
2012-07-30,9070.95703125,9183.396189913297,9055.487479556956,9087.197082045739,47500
2012-07-31,9059.119140625,9151.988226661024,9033.8196168452,9080.698979143008,49800
2012-08-01,9165.8671875,9234.636925981637,9045.32849691049,9047.488628994972,47800
2012-08-02,8995.51953125,9163.97760852602,8959.069743511076,9150.847872527365,55100
2012-08-03,9076.517578125,9076.517578125,8957.179082563593,9016.428413213176,50300
2012-08-06,9212.1064453125,9229.245901155451,9036.658221496167,9055.01836674734,56400
2012-08-07,9229.166015625,9242.986173116167,9175.567007424019,9217.686652191656,51600
2012-08-08,9210.56640625,9303.775319632063,9191.19650675674,9231.785894331122,54900
2012-08-09,9337.4345703125,9343.98430101909,9176.67662049032,9203.30620251477,54200
2012-08-10,9238.0966796875,9335.454963758926,9224.196444818772,9335.454963758926,43800
2012-08-13,9039.119140625,9226.35729144245,9035.309612704345,9226.35729144245,83000
2012-08-14,9089.517578125,9101.157095256833,8928.899272876395,9039.348222211689,75400
2012-08-15,9048.509765625,9084.778893696537,8994.27989971039,9052.689406662861,70500
2012-08-16,8973.279296875,9046.328282720193,8963.769637848483,9018.259261422272,56900
2012-08-17,8883.5107421875,8983.62973675684,8801.871032600413,8963.299886587176,48000
2012-08-20,8838.5302734375,8867.869786534045,8737.531411684831,8805.250375061212,55200
2012-08-21,8849.390625,8935.13965980272,8799.141190611233,8831.420124152246,58400
2012-08-22,8725.921875,8864.721102876925,8690.032628217397,8859.360811304186,53800
2012-08-23,8730.4521484375,8785.70153043429,8655.513533553634,8739.102442302876,49400
2012-08-24,8579.18359375,8718.432024545353,8578.462898746586,8697.142225399752,53800
2012-08-27,8402.0556640625,8562.243311197897,8400.985363629294,8562.243311197897,56100
2012-08-28,8400.265625,8454.114627140527,8358.545392338006,8389.075321501246,52600
2012-08-29,8270.8173828125,8396.735892264467,8269.926767802493,8364.566331234186,38200
2012-08-30,8219.98828125,8290.077342279083,8132.269046012473,8218.627944879083,50300
2012-08-31,8210.8984375,8275.107680585743,8210.8984375,8218.808505316376,38500
2012-09-03,8361.576171875,8399.505434112076,8215.24773438458,8220.217405227126,61400
2012-09-04,8243.73828125,8393.066696551485,8223.25804055456,8374.146985354007,61100
2012-09-05,8242.498046875,8282.127488333572,8181.958682040686,8223.008029560735,53900
2012-09-06,8288.1767578125,8332.876452780414,8230.257484255008,8255.587278851775,44000
2012-09-07,8708.97265625,8822.160840162887,8363.715785528471,8363.715785528471,141100
2012-09-10,8769.4423828125,8817.52192552514,8716.483011628985,8738.352885274222,115100
2012-09-11,8739.3720703125,8739.3720703125,8638.663234724412,8727.992314660654,74700
2012-09-12,8786.6328125,8865.55185725425,8695.053752201487,8787.912095156818,87900
2012-09-13,8690.90234375,8821.551266324464,8690.90234375,8778.511710880513,61600
2012-09-14,8739.9521484375,8832.431583864352,8670.452924990212,8801.481734371393,85300
2012-09-17,8483.595703125,8738.222742810007,8483.424806595705,8717.222977290252,73400
2012-09-18,8390.056640625,8472.955128384669,8366.906508678214,8456.225823129442,50200
2012-09-19,8431.6455078125,8445.825036010503,8351.505783154033,8407.395780249633,51600
2012-09-20,8202.1083984375,8392.915833259294,8200.81837381278,8392.915833259294,63700
2012-09-21,8201.4384765625,8291.166964439011,8156.538588491951,8186.648603039762,55100
2012-09-24,8310.84765625,8364.216201125497,8095.429650790562,8148.279158491286,59100
2012-09-25,8284.1572265625,8364.596755415865,8256.527653170793,8296.857279648391,37300
2012-09-26,8193.2783203125,8335.046263205115,8178.578289698039,8289.756731563126,40600
2012-09-27,8486.1748046875,8520.095324488651,8198.468055264259,8198.468055264259,79800
2012-09-28,8679.1220703125,8690.142454125205,8414.945355291411,8422.195273716357,91500
2012-10-08,8539.984375,8715.532212414975,8495.254407515282,8677.892985780543,56800
2012-10-09,8743.7626953125,8774.262354671695,8583.484211973404,8583.484211973404,75700
2012-10-10,8773.58203125,8779.312436216489,8684.023457788548,8727.652854974618,68200
2012-10-11,8664.9921875,8765.401212119572,8658.842842741884,8741.841907325299,54700
2012-10-12,8650.09375,8782.352037410976,8579.493953136756,8695.192855314866,52100
2012-10-15,8621.873046875,8671.122494625948,8551.00372436679,8660.622612364325,43200
2012-10-16,8645.443359375,8724.47274904791,8597.233937550607,8618.333310976941,51100
2012-10-17,8641.0830078125,8699.102866476993,8563.453993542616,8684.763183164765,45000
2012-10-18,8798.1015625,8821.2311860134,8663.332565541303,8673.633231313706,77700
2012-10-19,8796.3212890625,8860.940681675234,8779.351752778759,8817.321053592948,55500
2012-10-22,8829.3408203125,8859.40981702264,8725.701364534714,8748.931571210067,54100
2012-10-23,8686.3828125,8835.990505542552,8680.862366750851,8824.860747855828,50600
2012-10-24,8653.8134765625,8726.27262799236,8639.993318460161,8662.643456039701,48500
2012-10-25,8602.712890625,8725.241787048579,8587.673020584756,8653.892979511384,57800
2012-10-26,8414.7548828125,8609.47339395265,8368.95559369667,8596.973534666044,56400
2012-10-29,8376.4658203125,8423.485801874029,8339.566819226238,8394.3660105973,35400
2012-10-30,8394.1455078125,8477.914093747675,8366.245432035303,8384.265736491607,44400
2012-10-31,8469.705078125,8481.565297040877,8386.806591212693,8412.215486722964,46500
2012-11-01,8663.052734375,8682.711692452383,8472.934760335991,8472.934760335991,72800
2012-11-02,8679.5927734375,8697.22245789405,8616.8229718636,8668.622193745212,50100
2012-11-05,8654.6435546875,8739.732447922606,8607.04350048286,8674.162867890265,44700
2012-11-06,8589.7734375,8661.302905858449,8483.604710576115,8649.702450486488,46500
2012-11-07,8561.1044921875,8626.513917236709,8534.57451532408,8581.43434304857,37600
2012-11-08,8399.28515625,8523.033760621718,8399.28515625,8489.194298510854,45200
2012-11-09,8356.576171875,8420.94556692096,8339.456246750966,8383.976255106429,32800
2012-11-12,8391.806640625,8437.846165351835,8312.907131434631,8371.146715179651,40200
2012-11-13,8234.5078125,8382.816706052996,8222.40833800786,8382.816706052996,41200
2012-11-14,8283.466796875,8293.577035204527,8205.648332491237,8241.027819059427,32400
2012-11-15,8185.96826171875,8284.926624662847,8173.678360474342,8231.018049502334,32100
2012-11-16,8118.05908203125,8177.258615052427,8043.660012022756,8169.578525191734,38900
2012-11-19,8060.44970703125,8109.688901310076,7953.980685366955,8109.688901310076,37800
2012-11-20,8052.69970703125,8150.038458873258,8043.789650730771,8074.569578891093,33300
2012-11-21,8150.74853515625,8153.138645099842,7988.760603728988,8055.5498945858235,40600
2012-11-22,8047.4296875,8101.77917508573,8027.669655399209,8079.8492454669395,30700
2012-11-23,8114.6494140625,8157.748541065929,8053.9997022377165,8073.909635652904,32700
2012-11-26,8015.97998046875,8114.819204702005,8003.250142677049,8096.619213376475,29900
2012-11-27,7936.6513671875,8027.8402875456395,7931.651423172189,7986.61076872642,37500
2012-11-28,7853.97216796875,7917.311302916116,7844.402450840833,7914.231259258639,35000
2012-11-29,7808.87255859375,7919.261459762986,7808.87255859375,7853.832016313666,37700
2012-11-30,7903.1611328125,7960.890464143111,7786.752285523141,7808.452236830285,51900
2012-12-03,7710.79345703125,7951.560777942193,7698.77357222387,7903.1614180786055,54800
2012-12-04,7801.66259765625,7828.032419421564,7660.364375938481,7684.4041456824625,48400
2012-12-05,8091.58935546875,8150.308422966161,7782.592823657797,7782.942429108812,102300
2012-12-06,8071.39990234375,8135.049092350026,8010.120314724038,8081.729376583961,60700
2012-12-07,8189.58837890625,8211.547605422124,8007.310148620511,8046.389788702881,107100
2012-12-10,8265.697265625,8285.557394279214,8149.938310986772,8199.087661682663,93200
2012-12-11,8220.4482421875,8285.72778665524,8201.158418532417,8229.93837058724,62300
2012-12-12,8245.9677734375,8278.367803374516,8168.54920169322,8221.288360676988,55100
2012-12-13,8171.25830078125,8259.817364492083,8171.25830078125,8222.477940217557,58100
2012-12-14,8530.8046875,8536.44427266962,8183.628406527767,8183.628406527767,140300
2012-12-17,8600.2333984375,8658.92219181131,8544.93421539682,8544.93421539682,133700
2012-12-18,8592.533203125,8711.68225313337,8511.304624888413,8576.173035640448,117300
2012-12-19,8639.462890625,8686.022916471227,8558.154230194976,8579.573912373573,103400
2012-12-20,8693.1328125,8719.781927193715,8532.623873425535,8604.103539192736,95300
2012-12-21,8658.2529296875,8814.931844243649,8630.573551260668,8702.643059018932,97200
2012-12-24,8631.2734375,8701.92206022078,8605.853800352694,8647.323062414176,68400
2012-12-25,8891.470703125,8941.050225820483,8571.604169338556,8613.183781655443,140700
2012-12-26,8940.5791015625,8941.00976077987,8872.40018110908,8887.289662032555,98500
2012-12-27,8939.7490234375,9036.83875134111,8910.649741474215,8976.528883044964,103600
2012-12-28,9026.8896484375,9038.519401660555,8926.870255133412,8953.240078483997,87300
2012-12-31,9116.3779296875,9119.097625659444,9007.00904265777,9042.878756390428,109100
2013-01-04,9095.9677734375,9216.905863224518,8991.63887141471,9204.006594575781,118100
2013-01-07,9108.3671875,9132.687226212842,9033.848495157425,9073.86757588551,91500
2013-01-08,9110.34765625,9143.286738638037,9010.058745962298,9101.927829142094,85800
2013-01-09,9154.767578125,9178.727270699115,9066.718759638758,9077.398327520988,96200
2013-01-10,9169.95703125,9262.56634724904,9121.48784667311,9151.707235320418,84400
2013-01-11,9017.6298828125,9219.076854549396,8988.199547026714,9185.067468277513,87100
2013-01-14,9316.1650390625,9330.485190944479,8975.918855339678,8981.639494300714,112100
2013-01-15,9381.5849609375,9432.733799979453,9312.765422113886,9332.795470371508,123800
2013-01-16,9355.375,9438.02348231662,9232.22599770752,9359.234331491443,103700
2013-01-17,9309.1259765625,9373.304943672563,9258.476154466782,9334.945022688838,80900
2013-01-18,9432.1943359375,9475.3637751012,9285.945971254972,9358.29574819297,87300
2013-01-21,9562.7421875,9562.7421875,9465.783315737926,9543.133032777001,108800
2013-01-22,9536.25390625,9622.912118643571,9456.104410267511,9591.713248140752,160500
2013-01-23,9548.203125,9566.423624999155,9433.914360051922,9495.624609593495,100400
2013-01-24,9443.974609375,9736.011387018958,9385.355146839984,9540.523335822256,150500
2013-01-25,9357.0244140625,9445.893529551799,9353.284221845495,9432.504032035522,81800
2013-01-28,9618.8115234375,9618.8115234375,9361.204074961814,9361.204074961814,127800
2013-01-29,9704.5517578125,9735.110986782838,9627.55261788174,9636.22244291605,150200
2013-01-30,9783.73046875,9788.360299804352,9667.571611071655,9695.301769818621,125100
2013-01-31,9667.5615234375,9804.620533525534,9637.472017068903,9788.150015077763,125100
2013-02-01,9820.1796875,9820.719720494028,9609.731857036988,9648.811496015318,145700
2013-02-04,9760.720703125,9858.459842271617,9693.511495308845,9830.79023045198,175500
2013-02-05,9945.869140625,9971.528033102166,9709.490927126688,9717.450798966132,146000
2013-02-06,9922.6083984375,9973.428140758127,9884.018987646916,9941.92849417292,104900
2013-02-07,9904.6689453125,9934.188144767753,9782.390046285456,9896.11923672342,104500
2013-02-08,9988.978515625,10057.857630773146,9880.149650408155,9880.149650408155,86600
2013-02-18,9795.80078125,10049.418066674052,9765.801116211218,10036.26782287808,97100
2013-02-19,9550.8232421875,9786.93096229516,9519.634136669612,9786.93096229516,104400
2013-02-20,9645.76171875,9646.491202739606,9510.652885531705,9548.062621373549,87000
2013-02-21,9396.0048828125,9553.65252730376,9290.086149859442,9553.65252730376,131600
2013-02-22,9364.4345703125,9454.043912632504,9353.764768608198,9386.364010827947,75800
2013-02-25,9342.2646484375,9449.213636357948,9304.954522772181,9399.344082168795,68200
2013-02-26,9207.9267578125,9428.674276166204,9193.826330392178,9291.775424559764,101800
2013-02-27,9333.1357421875,9375.614758787213,9232.776514229708,9241.556689365872,81300
2013-02-28,9641.33203125,9641.33203125,9350.545261531548,9393.224469185048,117900
2013-03-01,9650.03125,9679.34146763443,9497.603274717705,9630.761935201488,94900
2013-03-04,9139.6474609375,9397.714878140812,9081.338544801392,9393.625080274862,179300
2013-03-05,9341.244140625,9353.14439688833,9085.257773065854,9138.396821528775,118200
2013-03-06,9431.064453125,9444.884611072479,9342.275407001289,9396.644916167901,121100
2013-03-07,9393.5849609375,9506.183306087312,9268.376405809375,9409.10431794016,120800
2013-03-08,9285.7265625,9417.194823477754,9282.426794597724,9396.744856137846,74900
2013-03-11,9277.056640625,9340.805929295133,9155.838266646217,9256.856670708614,66000
2013-03-12,9163.537109375,9396.305012537976,9082.478446100824,9268.066213142298,85200
2013-03-13,9073.1171875,9159.036138369282,9028.65772901729,9150.846777795643,76000
2013-03-14,9087.1474609375,9137.446698050122,9008.908109412678,9029.737952494439,58700
2013-03-15,9099.1875,9312.024945277377,8936.969601476678,9087.267712449504,101700
2013-03-18,8998.9189453125,9152.19750547002,8975.529558311227,9048.259214121288,75200
2013-03-19,9033.939453125,9080.929164305864,8929.96014210431,9013.189684157649,68400
2013-03-20,9317.865234375,9329.615102609901,9027.71907406282,9035.549064380924,112700
2013-03-21,9326.185546875,9382.805029688072,9263.41574234619,9315.755976229704,81100
2013-03-22,9343.3046875,9371.79460027621,9285.744790370523,9319.11453087494,74300
2013-03-25,9313.025390625,9393.375075038673,9279.846075397068,9368.784530632194,69300
2013-03-26,9226.5361328125,9339.244829233068,9149.037002301418,9289.945577650522,73600
2013-03-27,9225.0263671875,9357.414530074404,9168.52700117671,9220.246147389678,63300
2013-03-28,8959.1591796875,9099.37830854953,8946.069482897656,9099.37830854953,90900
2013-03-29,8889.669921875,8996.32888300386,8879.190547109629,8975.979501645104,50900
2013-04-01,8937.6494140625,9000.108672072112,8884.06993893069,8901.539468887913,56700
2013-04-02,8960.359375,9112.827390008579,8928.22008734718,8973.9187930991,63900
2013-04-03,8964.369140625,9062.008670047224,8930.890024094535,9007.549320178354,50700
2013-04-08,8953.7392578125,8960.879802595915,8748.641952492168,8827.971139436355,85500
2013-04-09,8993.009765625,9067.148584827035,8961.779646180841,8965.519838722152,70300
2013-04-10,8962.19921875,9006.818835155735,8891.039861146684,8994.339483028425,72400
2013-04-11,8920.6103515625,9036.849287989562,8915.610407392907,9017.509660189835,54700
2013-04-12,8835.05078125,8975.339238652597,8823.730596377623,8911.279414009901,58500
2013-04-15,8733.3427734375,8818.081083706107,8694.07270474296,8792.811835016879,67400
2013-04-16,8852.3203125,8861.110252655048,8645.093152104302,8656.133066941855,76900
2013-04-17,8894.2705078125,8917.590559144848,8819.861184892916,8852.68112983335,66600
2013-04-18,8887.919921875,8996.529056224914,8812.95103550953,8837.150959606792,64700
2013-04-19,9111.087890625,9142.797494692595,8903.59999138439,8910.32940783691,94900
2013-04-22,9057.51953125,9140.348689537233,9012.619639249122,9095.629459592561,84300
2013-04-23,8793.0322265625,9055.369156773668,8783.671978955797,9055.129901618358,83400
2013-04-24,8911.55078125,8984.919101796348,8742.092714439857,8786.321712255172,85900
2013-04-25,8772.482421875,8941.16999715115,8758.182776372743,8870.591681274313,77700
2013-04-26,8691.2919921875,8857.79012139741,8667.482689398772,8809.091449830688,54900
2013-05-02,8718.1025390625,8726.041903254325,8597.613654349609,8643.803566638557,68200
2013-05-03,8847.5703125,8966.98888991438,8736.382111174857,8736.382111174857,80500
2013-05-06,8996.9794921875,9016.319119721094,8868.43112466656,8887.12036884642,76600
2013-05-07,9022.7998046875,9072.608819730396,8940.610291246558,8974.069879177441,75600
2013-05-08,9074.7373046875,9170.726454442956,9038.96817760708,9081.027272677153,71700
2013-05-09,9049.9794921875,9101.478919797451,8959.709987674814,9071.009531886762,83400
2013-05-10,9071.0576171875,9117.196744069188,8994.338757853524,9014.468413120785,55300
2013-05-13,9014.1796875,9110.348536261956,8975.600039871191,9079.998288991776,57000
2013-05-14,8808.9814453125,9007.118875235623,8773.70156689838,9003.368917223328,63800
2013-05-15,8869.75,8888.570101145846,8808.250690651683,8823.740751069668,63800
2013-05-16,9061.228515625,9061.228515625,8791.25107290883,8838.851125322612,89300
2013-05-17,9246.1767578125,9264.106244582828,9059.148578250059,9060.42883735441,108400
2013-05-20,9307.046875,9396.16502442757,9255.587486408469,9274.026734446903,110500
2013-05-21,9403.4345703125,9403.4345703125,9292.315699432222,9314.655292621754,90400
2013-05-22,9404.9541015625,9461.913423748503,9347.824859407008,9400.684618191211,90900
2013-05-23,9265.576171875,9445.294867170942,9242.35670472191,9362.625868879417,93200
2013-05-24,9304.7568359375,9365.195616679732,9206.727653076821,9287.946476078125,70400
2013-05-27,9260.5263671875,9323.105745790332,9223.61662352044,9278.11601431765,63800
2013-05-28,9441.5849609375,9441.5849609375,9199.3073939007,9263.726596170594,95500
2013-05-29,9404.294921875,9511.073021238357,9398.564517391233,9456.103911151986,107500
2013-05-30,9379.0849609375,9427.643985198907,9340.015087782138,9388.714735462221,73500
2013-05-31,9257.8466796875,9429.43460484542,9256.846690868768,9397.20449647294,72000
2013-06-03,9251.13671875,9345.555584124793,9227.116479712044,9259.376860921902,62600
2013-06-04,9124.1669921875,9254.525878752918,9091.517945040981,9254.525878752918,70200
2013-06-05,9143.337890625,9147.257768540057,9066.178599687148,9133.067497991053,56500
2013-06-06,9000.9892578125,9147.527659310275,8995.609435119448,9105.327935579138,69500
2013-06-07,8763.5126953125,9012.059730314802,8728.39296948185,8992.169326963618,85300
2013-06-13,8432.3251953125,8642.223227997234,8361.925595538414,8642.223227997234,85400
2013-06-14,8479.365234375,8501.624751329555,8433.186062761988,8458.95530613291,63400
2013-06-17,8404.4052734375,8520.93423347001,8357.525919005053,8499.944235674551,68200
2013-06-18,8470.775390625,8497.55536458875,8369.106605686593,8433.415456849296,66200
2013-06-19,8421.1455078125,8431.874879309,8257.327038049987,8428.555580709144,83800
2013-06-20,8147.388671875,8388.335678589225,8138.478615480887,8368.946247451004,69500
2013-06-21,8135.95849609375,8189.608284615538,7969.870516323253,8012.829995133219,81600
2013-06-24,7588.43505859375,8115.748978948965,7557.945165586881,8115.748978948965,125400
2013-06-25,7495.01611328125,7582.285154931224,7045.521150035405,7486.746186417531,145100
2013-06-26,7566.31494140625,7591.01485936733,7409.166803653746,7544.805417308247,108000
2013-06-27,7544.24560546875,7712.313547836582,7544.24560546875,7598.845091776447,101900
2013-06-28,7694.3837890625,7841.661919943648,7479.815886657851,7508.265762412241,116700
2013-07-01,7718.3935546875,7725.833412786836,7544.695304340216,7649.2141535342535,111400
2013-07-02,7768.75244140625,7796.472344387252,7652.574060971036,7720.6831579909385,121100
2013-07-03,7703.65380859375,7748.502914815423,7591.494910632429,7748.502914815423,120000
2013-07-04,7804.0224609375,7901.8216585891705,7597.174679904626,7641.364614680189,148300
2013-07-05,7856.501953125,7968.780970498024,7852.542036487056,7852.542036487056,122600
2013-07-08,7637.5439453125,7810.91211176467,7634.204139141935,7741.323051029465,104600
2013-07-09,7600.38525390625,7684.134317716999,7570.455412695852,7624.044657398262,71200
2013-07-10,7851.162109375,7851.162109375,7584.035216941403,7609.31471910372,118600
2013-07-11,8184.67822265625,8281.45692237188,7849.402197854471,7857.9816914732155,238400
2013-07-12,8012.75,8218.09828344961,7999.350247902293,8170.91814839903,168600
2013-07-15,8137.6787109375,8247.577380166342,8003.9004268367025,8072.659420953354,144100
2013-07-16,8186.58837890625,8200.988119784544,8050.059636376538,8109.759162273445,142400
2013-07-17,8063.70947265625,8215.518318924167,8055.89998982786,8161.558474179375,129600
2013-07-18,7904.18115234375,8063.929356285016,7887.271186213524,8026.51962063494,100700
2013-07-19,7663.904296875,7937.54087694908,7663.904296875,7914.181275605566,142700
2013-07-22,7684.14404296875,7717.63390280173,7566.665376351335,7608.595083201477,89400
2013-07-23,7963.61083984375,7998.3204113234915,7725.973369529472,7736.942973007848,136200
2013-07-24,7935.76123046875,7995.230291077726,7817.822609776823,7945.201066164706,125800
2013-07-25,7894.51123046875,7996.5398671057665,7849.0415274698125,7948.860716321962,147200
2013-07-26,7843.27197265625,7905.311316514411,7787.302873275766,7845.13230337214,116800
2013-07-29,7668.4541015625,7772.073057531075,7639.0745479956795,7772.073057531075,115400
2013-07-30,7730.08349609375,7858.452178062131,7619.274676392027,7690.364213610544,113700
2013-07-31,7765.3125,7956.32060401776,7748.212594811444,7849.461455206605,111500
2013-08-01,7931.701171875,7966.940523145247,7789.84289798114,7819.36258677228,114900
2013-08-02,7961.380859375,8084.809161563332,7957.080614670538,8023.639926228242,117500
2013-08-05,8060.2998046875,8060.2998046875,7930.371085021463,7955.290727621251,105400
2013-08-06,8143.03857421875,8170.408384506207,7980.310418434843,8033.579840651469,160800
2013-08-07,8095.9990234375,8250.777560580927,8083.9591194377435,8167.018246280411,155100
2013-08-08,8114.779296875,8170.6287694659995,8065.539613588731,8090.569606891463,112600
2013-08-09,8145.87890625,8214.587608738282,8061.519500286964,8158.288435118152,121100
2013-08-12,8356.63671875,8357.726550273585,8173.668068282254,8181.8584060854,173000
2013-08-13,8362.556640625,8366.576126813801,8290.126788550859,8353.166120899172,141200
2013-08-14,8336.7158203125,8467.685050631468,8303.316781836733,8374.936093633882,156200
2013-08-15,8228.7783203125,8383.49632090446,8225.698276547204,8342.536816894382,107500
2013-08-16,8167.998046875,8475.954546812121,8152.59831760267,8204.027915387167,207100
2013-08-19,8285.626953125,8319.437121430514,8104.319412897109,8110.708989791077,141400
2013-08-20,8234.4677734375,8357.637298795666,8192.748511956404,8269.728122546789,133500
2013-08-21,8235.998046875,8268.558230840354,8174.129107548235,8264.627610587802,132000
2013-08-22,8244.9482421875,8325.676835566132,8201.958486448037,8223.208249859303,109300
2013-08-23,8166.18798828125,8306.926152324271,8045.709362123887,8281.09734110583,138500
2013-08-26,8334.4765625,8346.606308871571,8180.1877706670675,8200.067918139837,119900
2013-08-27,8341.67578125,8352.306521148783,8280.626662678218,8325.876154130543,103400
2013-08-28,8259.287109375,8338.19637926712,8197.308313371792,8286.796565996714,133100
2013-08-29,8214.3984375,8306.227489424475,8177.198657899441,8287.147624519223,98800
2013-08-30,8202.388671875,8290.296867739617,8163.018507016692,8197.098692015208,131900
2013-09-02,8243.48828125,8269.728223425313,8148.079187445455,8214.858717247258,136500
2013-09-03,8367.9462890625,8374.215750072808,8244.917393975018,8257.367449803744,142300
2013-09-04,8344.8662109375,8400.715192879787,8330.425943478494,8354.396377308802,142000
2013-09-05,8285.966796875,8363.976665628674,8274.097789140786,8351.906488271847,107000
2013-09-06,8280.2373046875,8354.215968003236,8256.027615000214,8277.046910745812,102600
2013-09-09,8504.6455078125,8537.824825754153,8319.006950494497,8334.327092355477,227700
2013-09-10,8636.533203125,8636.533203125,8498.284750715551,8535.444490989372,234400
2013-09-11,8675.5322265625,8722.291465841468,8622.162710129709,8636.612742785213,308900
2013-09-12,8714.7822265625,8766.251376371154,8627.712889745506,8648.563242037786,213700
2013-09-13,8687.4423828125,8766.601649226715,8676.492310590658,8708.951906647184,155100
2013-09-16,8658.9033203125,8722.392845804718,8627.223986523355,8706.282674117925,147200
2013-09-17,8493.685546875,8652.403503321766,8493.565431027102,8652.403503321766,151000
2013-09-18,8480.6455078125,8524.24463019686,8405.136585602148,8462.925002620846,105000
2013-09-23,8719.1923828125,8722.492150542112,8503.824677775292,8503.824677775292,131800
2013-09-24,8664.7021484375,8718.171272371768,8564.733548579463,8718.061898604474,159800
2013-09-25,8613.61328125,8707.40226761956,8587.273733136592,8642.393231659693,150600
2013-09-26,8439.375,8612.233411337886,8415.345972835392,8578.043365411686,136900
2013-09-27,8472.1953125,8515.044442784201,8425.525912429759,8442.045258979,112400
2013-09-30,8514.4755859375,8544.645172165147,8461.566018325217,8485.555985803314,107000
2013-10-08,8681.4326171875,8706.951861375006,8461.47513052173,8505.014679813787,155300
2013-10-09,8667.671875,8675.492099391706,8601.87281165226,8645.532476000955,117400
2013-10-10,8685.6923828125,8727.041527284737,8605.323169243926,8684.542005121595,170500
2013-10-11,8737.8720703125,8773.081637740655,8661.303590120036,8722.322439410864,167300
2013-10-14,8760.001953125,8815.65172336796,8707.223244625526,8736.662369564006,153000
2013-10-15,8700.2421875,8765.451416493648,8626.99300968861,8756.722022289618,137200
2013-10-16,8542.7744140625,8690.282527181334,8499.494625480484,8664.652931492465,145300
2013-10-17,8521.10546875,8614.854426571079,8503.755075691593,8583.834263600385,113100
2013-10-18,8584.7734375,8629.452621833596,8493.844774017096,8529.463513512279,101700
2013-10-21,8739.421875,8741.942354648098,8571.694257038327,8608.833490473746,157900
2013-10-22,8619.54296875,8744.701721177418,8595.923116490692,8727.572030497278,183300
2013-10-23,8512.865234375,8719.53285656442,8492.595928670877,8640.703655608155,179500
2013-10-24,8486.4248046875,8550.764906827524,8423.856167149159,8486.015629567264,123800
2013-10-25,8379.5166015625,8570.184390247003,8325.776968426313,8488.244877298463,155300
2013-10-28,8336.5859375,8411.714975440587,8297.566845043524,8398.15555761202,145500
2013-10-29,8398.8251953125,8504.474394367819,8214.44739201411,8352.075722578724,226400
2013-10-30,8553.2744140625,8559.673756522356,8377.866220465803,8402.556373893623,178500
2013-10-31,8444.3154296875,8549.663857285896,8428.265805041328,8516.054859304599,182800
2013-11-01,8451.625,8493.284689324508,8370.776296784436,8433.665240357079,119200
2013-11-04,8416.8349609375,8524.384531779884,8395.205321553962,8493.213984148695,90400
2013-11-05,8451.6357421875,8460.084866239089,8269.637782034184,8357.476641279713,104500
2013-11-06,8287.767578125,8434.855775366752,8285.756858445537,8409.77597798551,106800
2013-11-07,8240.158203125,8300.667294667614,8186.9586004658395,8277.797432254578,94900
2013-11-08,8155.30859375,8249.947670869233,8126.708816303026,8185.518216454049,93100
2013-11-11,8168.578125,8208.817907168239,8082.149408768921,8142.29863516749,79500
2013-11-12,8279.216796875,8298.576931495936,8167.378694617205,8178.948389190801,98400
2013-11-13,8110.9091796875,8227.898104101996,8103.399498150684,8221.037829356075,87700
2013-11-14,8156.44873046875,8162.528740530162,8054.869789484504,8131.549106867587,91800
2013-11-15,8305.8173828125,8418.636435158222,8162.688610423321,8163.859007506594,135800
2013-11-18,8523.6552734375,8526.605435963744,8328.767790857335,8356.817283820352,153800
2013-11-19,8461.115234375,8521.154601265725,8430.636083417365,8517.024764688884,112800
2013-11-20,8510.5849609375,8564.11463856609,8435.68638052922,8546.305266479752,118100
2013-11-21,8471.9248046875,8501.555332756672,8353.576518592225,8469.43557470766,150600
2013-11-22,8413.2451171875,8508.50381027409,8405.36532309532,8496.384806099602,137300
2013-11-25,8379.4560546875,8479.475443475372,8340.236766913415,8351.736638251967,109000
2013-11-26,8365.255859375,8408.516116741808,8337.096995265834,8364.436532619751,85000
2013-11-27,8447.365234375,8478.214497814362,8347.715961191101,8352.986409902156,107500
2013-11-28,8548.2744140625,8630.283261548633,8463.79489111208,8471.174691303233,150500
2013-11-29,8542.5146484375,8573.253561877154,8520.014900505688,8552.083877169438,98200
2013-12-02,8376.5458984375,8593.894051822295,8355.896715479912,8461.395534740926,170600
2013-12-03,8492.4248046875,8514.824945455906,8340.116933253876,8353.696859905085,104900
2013-12-04,8600.7236328125,8647.912555492563,8459.964472881584,8482.305042066466,147000
2013-12-05,8560.6943359375,8629.103727413956,8544.944512010528,8598.323798076515,130700
2013-12-06,8526.5849609375,8586.055003376807,8491.52578011689,8555.294602923661,94700
2013-12-09,8519.5751953125,8593.57437253818,8487.795275226255,8562.244642758906,87200
2013-12-10,8554.07421875,8597.094245253726,8509.904791043293,8534.244362481762,135200
2013-12-11,8409.705078125,8497.764633100895,8365.535653772527,8496.344727219655,104000
2013-12-12,8400.5556640625,8443.694826053068,8360.685996454375,8391.665139314064,70600
2013-12-13,8429.7255859375,8467.185125934435,8317.246381139488,8323.306859911641,72900
2013-12-16,8272.5771484375,8446.245122699966,8271.767587203885,8441.01568915834,100800
2013-12-17,8213.337890625,8292.497162146545,8207.228583906042,8282.167199475005,66300
2013-12-18,8236.8583984375,8258.988034623027,8193.908681784409,8220.238466473265,61300
2013-12-19,8147.61865234375,8276.847672852167,8143.688520606634,8263.597821340378,70800
2013-12-20,7966.630859375,8175.308206304378,7966.630859375,8169.128588116322,106900
2013-12-23,7989.42041015625,8023.070424431948,7902.9916892944375,7991.250467813475,70900
2013-12-24,8027.33984375,8125.398798881734,7958.280562283579,8017.159782525456,70800
2013-12-25,8096.279296875,8119.859110492568,7997.2701536074765,8038.119793031386,97900
2013-12-26,7897.2412109375,8071.639150791565,7887.28136207759,8067.19925934715,86300
2013-12-27,8048.759765625,8092.679194587881,7893.671174168434,7911.141192944427,91400
2013-12-30,7999.21044921875,8080.609930567909,7988.810663046187,8074.599743798667,80500
2013-12-31,8121.69921875,8129.168861783759,7959.190782082557,7968.361089692507,83200
2014-01-02,8114.29931640625,8124.469124454398,8048.179939268169,8083.679541934415,72000
2014-01-03,8028.23974609375,8094.868879209539,7995.499880100699,8077.389095419566,90700
2014-01-06,7818.37255859375,8013.280535948601,7790.812808093119,8013.280535948601,100100
2014-01-07,7806.22265625,7848.271990132285,7752.473258054943,7760.873066350269,64900
2014-01-08,7802.052734375,7901.131702569789,7770.29283625839,7816.892411883801,81400
2014-01-09,7746.65380859375,7875.5019804701615,7740.763737587758,7774.563165190905,105100
2014-01-10,7647.9541015625,7731.953157693226,7644.834019434318,7723.653446266804,80600
2014-01-13,7572.47509765625,7697.433656595568,7521.105556819849,7646.374170874191,81800
2014-01-14,7665.68408203125,7666.434073623337,7543.285551857755,7568.5152494845415,101100
2014-01-15,7668.7138671875,7696.953785099011,7614.434690297101,7660.574309963887,82500
2014-01-16,7667.13427734375,7724.313323949233,7647.194071157157,7677.893922368671,85900
2014-01-17,7544.4853515625,7659.484063966826,7541.185583821211,7637.594660616427,71300
2014-01-20,7524.24560546875,7573.714776654338,7477.706088892727,7526.615696047888,66300
2014-01-21,7593.34521484375,7641.514597757881,7528.705801366867,7528.705801366867,62600
2014-01-22,7820.36279296875,7820.9926687416,7597.355031453397,7612.104866605525,121700
2014-01-23,7788.3828125,7855.141828945788,7764.392847343814,7818.672023371402,89300
2014-01-24,7855.05224609375,7908.801644688681,7760.113366964002,7771.493122447773,105600
2014-01-27,7752.45361328125,7815.6330847261115,7723.513994499202,7810.142911556574,212700
2014-01-28,7740.66357421875,7810.712596797398,7679.724313209366,7773.463012695127,139900
2014-01-29,7707.50341796875,7789.932669454275,7695.18373189311,7754.093227579124,103400
2014-01-30,7572.544921875,7705.543429684722,7560.455213766709,7704.40379403348,94400
2014-02-07,7616.48486328125,7616.48486328125,7479.476625966028,7515.006014796382,115600
2014-02-10,7812.07275390625,7827.302563982182,7651.404629604195,7655.484173805548,158400
2014-02-11,7838.0322265625,7877.001516148586,7781.162747072569,7814.112572907029,169200
2014-02-12,7901.9912109375,7904.741180010863,7809.852110431333,7834.971945116739,125200
2014-02-13,7857.02197265625,7936.661218510355,7846.9024569494495,7895.141663427296,148700
2014-02-14,7883.66162109375,7895.3016273235135,7821.542200289065,7840.872061718816,106800
2014-02-17,7943.87109375,7947.641071106939,7866.2118062656655,7922.651604567525,159100
2014-02-18,7832.38232421875,7947.330741362989,7808.062284624667,7947.330741362989,139900
2014-02-19,7953.85107421875,7966.980810334673,7815.9727319003305,7837.322591017801,191400
2014-02-20,7842.0322265625,7996.930392864334,7836.1821944712665,7956.830744630255,202700
2014-02-21,7750.4736328125,7859.112558095093,7718.443716541628,7825.452777186394,132800
2014-02-24,7542.4453125,7697.1237559386955,7465.826541696238,7697.1237559386955,197700
2014-02-25,7303.8681640625,7559.714899970033,7272.258167518392,7550.915194113844,209100
2014-02-26,7319.52783203125,7349.08755934388,7226.099191602638,7271.108452800843,188500
2014-02-27,7188.65966796875,7361.067403689722,7179.089462726164,7352.507441031161,143300
2014-02-28,7365.84765625,7366.607413363447,7174.249705064036,7181.349723178841,122400
2014-03-03,7391.8271484375,7410.576937883468,7335.347802213421,7349.86765869141,114900
2014-03-04,7347.02783203125,7390.587404272391,7272.5589369310355,7390.587404272391,130100
2014-03-05,7298.0478515625,7370.5470366598165,7279.217985088275,7352.637569996397,94800
2014-03-06,7351.94775390625,7374.757557993738,7186.620008749384,7282.658976232377,125100
2014-03-07,7328.39794921875,7382.057504824455,7305.968024509395,7338.667853792664,104800
2014-03-10,7118.3603515625,7269.4089556683375,7114.720255543386,7269.4089556683375,123800
2014-03-11,7212.4892578125,7258.608859825494,7091.220592901018,7103.220458857688,115100
2014-03-12,7216.939453125,7291.468406276221,7139.270398309598,7187.799641708949,147800
2014-03-13,7319.2080078125,7335.017889214356,7217.758949507318,7226.749083123889,117800
2014-03-14,7238.97900390625,7317.368262902204,7205.0995004418,7287.258248480868,108600
2014-03-17,7340.5380859375,7342.257793282098,7256.938922510293,7266.868987322073,85700
2014-03-18,7273.86865234375,7356.977583940729,7266.498617777277,7346.957676736635,76500
2014-03-19,7150.0400390625,7245.978905984616,7098.620693067466,7245.978905984616,118800
2014-03-20,6998.11181640625,7187.229822332227,6997.55176406477,7135.330499378277,108900
2014-03-21,7241.48876953125,7261.188744340018,6959.172105310357,6973.011794151375,159400
2014-03-24,7273.67822265625,7308.0679738420795,7180.039623972271,7237.178631841933,141500
2014-03-25,7252.26904296875,7318.668203205009,7220.639513662387,7247.02886716036,128900
2014-03-26,7244.10888671875,7292.478462696707,7228.829272526848,7269.938675832981,79400
2014-03-27,7172.939453125,7276.788384350774,7154.569542268212,7230.5486693399325,101800
2014-03-28,7165.4892578125,7234.368854446703,7143.989499548716,7165.389649557463,103400
2014-03-31,7189.49951171875,7279.488249387757,7146.06982261588,7219.129062498899,76200
2014-04-01,7281.0283203125,7302.658449162319,7177.7697111194175,7183.9893680256455,72900
2014-04-02,7333.5078125,7358.277554961533,7284.03863929044,7291.648417450132,101300
2014-04-03,7297.91796875,7396.76695530772,7280.358107535471,7355.127286633978,99300
2014-04-04,7367.71728515625,7367.71728515625,7260.04856918691,7281.258292572347,80500
2014-04-08,7508.576171875,7526.386031263219,7323.328243896525,7334.098142965091,130100
2014-04-09,7511.16552734375,7555.95506269068,7479.536000245707,7510.235362023397,95200
2014-04-10,7563.115234375,7607.394522115876,7467.106058996485,7533.935386388205,156100
2014-04-11,7586.7451171875,7611.064669061272,7528.575846726996,7543.625482879614,127800
2014-04-14,7583.19482421875,7618.4844679015605,7553.4153727068515,7588.524842627051,85000
2014-04-15,7449.62646484375,7568.0850980860705,7438.876585329382,7568.0850980860705,120400
2014-04-16,7468.37646484375,7510.916028315953,7430.157165571198,7430.52679034506,73900
2014-04-17,7450.95654296875,7512.1858372964825,7440.996693642223,7484.0762890133765,68900
2014-04-18,7455.65673828125,7475.636494996184,7380.647324407377,7425.756682507752,62000
2014-04-21,7353.517578125,7493.326067819116,7351.107448920931,7412.256665061841,89200
2014-04-22,7391.13720703125,7392.796856360938,7276.638492934559,7355.547274700662,89600
2014-04-23,7434.646484375,7470.066008464858,7379.807256506511,7388.17679141724,75800
2014-04-24,7419.35693359375,7471.956442766357,7392.077453640495,7426.196700820391,76400
2014-04-25,7323.56787109375,7458.926218226778,7323.56787109375,7423.816748206539,112800
2014-04-28,7240.37890625,7353.257525407474,7233.628981814141,7324.788117554669,135000
2014-04-29,7339.77783203125,7352.937841201593,7215.0394800454915,7234.569046934265,79800
2014-04-30,7312.77783203125,7335.387929964467,7279.258188507356,7320.707918856572,61600
2014-05-05,7309.47802734375,7334.307826814176,7213.97909908874,7289.158431163428,66100
2014-05-06,7311.80810546875,7381.13740578762,7282.838215638491,7282.838215638491,94000
2014-05-07,7234.60888671875,7291.928068748204,7232.3989505408035,7291.928068748204,82900
2014-05-08,7169.8994140625,7306.707935372354,7157.1793421510865,7185.11945788234,80100
2014-05-09,7162.359375,7182.339130724775,7093.1404270527,7175.1595239851895,85300
2014-05-12,7318.05810546875,7334.388000544957,7175.139785626456,7207.959241957852,140400
2014-05-13,7310.22802734375,7362.787496144827,7290.648168932862,7321.577997637044,108700
2014-05-14,7325.43798828125,7369.087401832936,7303.548096688481,7320.277889814734,101000
2014-05-15,7213.689453125,7309.798243011026,7205.629484549362,7309.798243011026,76900
2014-05-16,7242.0888671875,7261.26882830337,7187.719358512767,7203.7391987472465,80100
2014-05-19,7151.40966796875,7210.768862520727,7104.939976643607,7210.768862520727,68800
2014-05-20,7151.10009765625,7220.249225667039,7129.980216969488,7180.239419791189,64400
2014-05-21,7204.5693359375,7205.159661367328,7075.240704053435,7121.280228270587,65000
2014-05-22,7183.599609375,7294.958223733168,7180.95950226591,7201.639446114863,85300
2014-05-23,7240.8388671875,7246.869073122261,7161.669831538746,7188.479590021329,79300
2014-05-26,7275.0283203125,7306.527967245184,7233.088848989506,7289.5481770963115,74100
2014-05-27,7260.0390625,7305.878394476896,7253.818917101047,7265.159122524603,57600
2014-05-28,7380.607421875,7381.387686588681,7246.00882911017,7263.2288514239435,105900
2014-05-29,7341.47802734375,7432.267051959683,7340.8979557002785,7395.497443279893,94800
2014-05-30,7364.74755859375,7393.297043393829,7308.938125326019,7344.747782684544,79600
2014-06-03,7321.43798828125,7399.377056438393,7319.697773404059,7365.527338042982,70400
2014-06-04,7223.048828125,7314.888129565697,7177.5796118031485,7314.888129565697,67200
2014-06-05,7303.55810546875,7306.67769933671,7205.019173164308,7215.869148957069,59300
2014-06-06,7235.30908203125,7283.568307024695,7195.049279141772,7272.148513081732,67500
2014-06-09,7227.1591796875,7301.257958023198,7205.259034678981,7217.459093164285,90800
2014-06-10,7341.578125,7345.457964461047,7229.539337804824,7229.889431549295,94100
2014-06-11,7340.60791015625,7354.408048908531,7307.278204490514,7322.95820504785,78000
2014-06-12,7299.72802734375,7318.667755913357,7279.927956879801,7313.747889325733,79800
2014-06-13,7401.26708984375,7429.876632258924,7290.0583761510725,7293.418201750697,98300
2014-06-16,7416.9072265625,7433.456846031597,7372.84766107026,7396.967020039841,110000
2014-06-17,7331.2880859375,7399.9972780740945,7320.638302756306,7399.9972780740945,81400
2014-06-18,7297.31787109375,7351.88757016006,7291.658266746241,7329.857544368419,95900
2014-06-19,7180.2392578125,7324.557950973917,7147.939815543284,7301.308211849337,94900
2014-06-20,7195.609375,7207.549182720922,7134.460157319974,7181.069498734772,96300
2014-06-23,7192.78955078125,7253.898729578839,7184.079687402894,7205.809424476948,72800
2014-06-24,7240.76904296875,7243.238741884922,7185.329722161886,7200.579551452098,60200
2014-06-25,7217.5693359375,7238.739021505038,7174.520011789801,7238.739021505038,59700
2014-06-26,7291.7978515625,7306.6477821600365,7219.088708588142,7219.088708588142,67200
2014-06-27,7312.5380859375,7344.7076469378935,7270.438460550229,7291.098385039462,77700
2014-06-30,7343.19775390625,7362.347930603614,7312.598486357284,7312.598486357284,86100
2014-07-01,7297.41796875,7350.787486003628,7277.328350830077,7340.507328126756,85300
2014-07-02,7310.2978515625,7319.2679657496565,7258.22861162977,7297.938126973773,100100
2014-07-03,7335.4580078125,7362.3078052117735,7286.098696508509,7300.168363388432,84300
2014-07-04,7333.828125,7363.077797832907,7318.487964553427,7346.6077672118,81300
2014-07-07,7321.43798828125,7373.14736985371,7301.488016493298,7336.547682269652,80600
2014-07-08,7358.24755859375,7358.24755859375,7277.378348319108,7319.20795734332,89300
2014-07-09,7192.62939453125,7342.237582014493,7192.62939453125,7341.0876925509365,108200
2014-07-10,7159.54931640625,7218.018873292094,7149.299431748199,7193.1392704497575,112900
2014-07-11,7206.8896484375,7232.639360579372,7146.370305456914,7158.500052669982,110400
2014-07-14,7278.7783203125,7279.068356125776,7180.129523115168,7206.049154616755,100000
2014-07-15,7304.328125,7314.098034810287,7270.038471027426,7278.878215502684,119000
2014-07-16,7261.82861328125,7324.597927976771,7251.488397360135,7289.108092116626,102700
2014-07-17,7194.65966796875,7251.06870426435,7151.350094359261,7251.06870426435,82700
2014-07-18,7259.369140625,7312.748427429593,7159.759901252225,7166.5698838089265,93400
2014-07-21,7274.42822265625,7301.068060754762,7251.268814293733,7264.458607848511,80400
2014-07-22,7372.5673828125,7384.787460879594,7258.498835338008,7261.288843172561,109200
2014-07-23,7375.2275390625,7412.756904312298,7341.477916678377,7362.657855482718,115000
2014-07-24,7503.31591796875,7510.335858926026,7384.837263627787,7384.837263627787,201800
2014-07-25,7578.03515625,7578.03515625,7503.535991495383,7528.25544091644,170100
2014-07-28,7808.57275390625,7826.702433790947,7630.274456652922,7630.274456652922,269300
2014-07-29,7866.9521484375,7895.641769319529,7799.053004671922,7828.262639275539,226000
2014-07-30,7853.14208984375,7920.881566093552,7820.712277009775,7867.842120636765,192000
2014-07-31,7956.8212890625,7957.371087609476,7821.622603740797,7845.712178442055,192100
2014-08-01,7880.89208984375,8021.060448509343,7880.33203749591,7919.691461826295,197100
2014-08-04,8006.8203125,8006.8203125,7892.461244149455,7896.88160470527,164100
2014-08-05,8007.669921875,8032.189666301781,7950.430817987509,8007.38037434239,175900
2014-08-06,7995.41064453125,8022.450381401846,7882.991979029812,7962.471071252559,203800
2014-08-07,7872.8623046875,8027.4201495556745,7869.792026463302,7989.910802675448,190400
2014-08-08,7885.24169921875,7929.031247481788,7845.171835827457,7890.79144170395,150300
2014-08-11,8009.650390625,8017.039956174203,7902.151596432285,7902.151596432285,136700
2014-08-12,7966.80078125,8000.830184733181,7933.420784545586,8000.830184733181,126700
2014-08-13,7980.40087890625,8029.640073675399,7897.711375081935,7967.8209416371055,168000
2014-08-14,7893.81103515625,7998.820106888158,7887.861395105039,7977.240271705286,149900
2014-08-15,7981.98046875,8012.050444627178,7890.971721935965,7901.101491349254,168400
2014-08-18,8045.76953125,8058.459330184444,7985.800477976285,8018.090154513851,235200
2014-08-19,8043.15966796875,8073.129546223387,7994.410215469638,8064.5295451530055,191700
2014-08-20,8022.97998046875,8060.419502615937,8000.120373176278,8029.419849759401,178700
2014-08-21,8010.6201171875,8024.559902250977,7903.981176486311,8021.0599415050665,182800
2014-08-22,8059.3095703125,8074.3294214951275,7997.500204503351,8003.440079333059,141300
2014-08-25,7934.72119140625,8056.119734112176,7925.131455059255,8054.789670883601,139400
2014-08-26,7813.892578125,7946.301253316945,7786.1428885193245,7915.241542141786,131400
2014-08-27,7840.98193359375,7881.161658995034,7809.432482548305,7809.432482548305,99800
2014-08-28,7743.45361328125,7854.192123406822,7735.593837724067,7840.302629991924,108600
2014-08-29,7841.6123046875,7841.6123046875,7755.38329069371,7758.272906743717,86300
2014-09-01,7941.0712890625,7944.061001698881,7852.782238027858,7852.822276642292,132100
2014-09-02,8043.2197265625,8046.619590722955,7923.890988598238,7958.760714169788,177300
2014-09-03,8115.779296875,8136.469006751307,8050.999748358499,8050.999748358499,178900
2014-09-04,8176.47802734375,8180.328081775648,8103.109222145094,8141.298734799758,160700
2014-09-05,8214.4384765625,8237.327869209574,8158.738903696287,8202.568492022836,200200
2014-09-09,8201.41796875,8225.007548466427,8155.738792528129,8220.867946362687,189600
2014-09-10,8158.50830078125,8172.02816819136,8109.358951449952,8164.318294002851,162600
2014-09-11,8117.8291015625,8250.967260482415,8095.769289768599,8153.428800937906,206500
2014-09-12,8146.89892578125,8147.108884365582,8069.589733651375,8104.329090394302,183400
2014-09-15,8112.55908203125,8125.139019323521,8051.439649077412,8124.639024920972,190900
2014-09-16,7920.98095703125,8143.818788996978,7918.511258176833,8130.129001179399,304700
2014-09-17,7981.73046875,7986.400826621596,7893.011735393678,7951.330906729332,208000
2014-09-18,8004.48046875,8020.2703315473955,7942.761431168323,7964.381307009223,194800
2014-09-19,8047.15966796875,8060.649750913103,7971.1307362624275,8005.970188928039,155700
2014-09-22,7895.78125,8036.779663059834,7886.791116809142,8036.779663059834,168900
2014-09-23,7965.80078125,7974.730368583365,7906.381525903772,7906.381525903772,133500
2014-09-24,8100.12939453125,8103.208949846395,7925.2910228236915,7944.230751873814,201100
2014-09-25,8076.41943359375,8166.938440700393,8058.610062473068,8137.2390658466475,218800
2014-09-26,8072.78955078125,8077.979434114302,8021.180264992029,8050.550053540632,162600
2014-09-29,8082.759765625,8107.059298743599,8045.800217743329,8084.179671631287,171700
2014-09-30,8080.259765625,8100.199484118209,8060.259989209449,8095.179520706874,144800
2014-10-08,8183.55810546875,8183.55810546875,8073.629651061796,8134.278873089113,179100
2014-10-09,8203.91796875,8234.827779137937,8131.078940024631,8199.58793907541,208300
2014-10-10,8211.4482421875,8260.138127564278,8158.24864160043,8186.238563072366,315500
2014-10-13,8163.97802734375,8193.268225344545,8092.399242341557,8179.398264112769,266200
2014-10-14,8139.86865234375,8200.257623370808,8105.449116568274,8150.76843241973,258700
2014-10-15,8198.0283203125,8209.808461842651,8086.539334327979,8141.048977866134,246600
2014-10-16,8110.59912109375,8227.047524167032,8110.59912109375,8156.698702539258,215500
2014-10-17,8151.4287109375,8182.738418814155,8015.53033086554,8116.728904316438,194100
2014-10-20,8204.1083984375,8219.70783326832,8153.008872540734,8175.588698017023,141700
2014-10-21,8106.8291015625,8206.79770818279,8101.509336940749,8197.078090508576,134600
2014-10-22,8063.10986328125,8162.748395455775,8059.469767342951,8114.799225605089,130700
2014-10-23,7969.07080078125,8077.68921177273,7956.940565701204,8044.6197583546145,187900
2014-10-24,7921.041015625,8003.70024451038,7899.451414091543,7982.220505025616,122200
2014-10-27,7829.2421875,7880.921294853297,7803.372360725696,7880.921294853297,122700
2014-10-28,7988.25048828125,7988.25048828125,7846.7823441619075,7846.7823441619075,151900
2014-10-29,8090.58984375,8109.5495930005045,7961.940889500046,8010.320720429422,225800
2014-10-30,8090.45947265625,8105.629713432916,8033.990376585525,8088.88966596479,225600
2014-10-31,8225.5185546875,8230.497991304434,8088.169501566901,8109.459303034989,303900
2014-11-03,8240.05859375,8285.067857957474,8202.43889565791,8244.938422199659,292400
2014-11-04,8206.6982421875,8236.077796371947,8179.248353918574,8231.40792673226,269700
2014-11-05,8198.478515625,8248.467213723126,8189.748144627379,8221.85813666013,255100
2014-11-06,8211.8681640625,8223.207881050774,8137.328958241112,8206.45806828959,202200
2014-11-07,8234.7783203125,8348.786815032185,8182.96883926295,8226.217868864804,287500
2014-11-10,8410.125,8410.855460522534,8251.647292809565,8299.326443280444,282800
2014-11-11,8312.796875,8491.0253546639,8243.808387120804,8443.155771716058,366000
2014-11-12,8410.1953125,8410.325193849607,8271.74667657618,8287.476968151168,206300
2014-11-13,8304.9873046875,8416.715548779983,8287.966987005739,8416.575901902452,252900
2014-11-14,8326.806640625,8343.816214742303,8242.397434722881,8263.876685079413,215800
2014-11-17,8283.70703125,8389.30643452621,8278.02740735899,8358.03627692407,175900
2014-11-18,8196.498046875,8295.887558759796,8173.348403796228,8264.30783431267,140200
2014-11-19,8224.978515625,8265.487829135946,8202.68872533313,8206.688680690655,136000
2014-11-20,8205.2880859375,8236.228169482007,8190.308273055798,8210.728454760732,130200
2014-11-21,8332.2060546875,8335.496056732469,8194.427331470339,8209.888095013217,180100
2014-11-24,8577.8134765625,8645.292208203888,8464.514948851502,8497.963790602915,360600
2014-11-25,8693.33203125,8694.49217446757,8578.363596181509,8600.212960112422,281600
2014-11-26,8763.6826171875,8774.682494612684,8680.763619302874,8712.192956576679,286800
2014-11-27,8860.330078125,8860.330078125,8743.83138782358,8798.311244101542,342800
2014-11-28,9002.1298828125,9010.069247226447,8767.022158242855,8837.370981570282,436200
2014-12-01,9095.6572265625,9180.536152500166,9028.728293579723,9029.53785476571,457100
2014-12-02,9366.8447265625,9433.533428786395,9027.198160288157,9058.218318820036,413200
2014-12-03,9643.8115234375,9777.6596283321,9441.723951193639,9448.263916745573,604800
2014-12-04,10029.7177734375,10040.607299942867,9659.842032195129,9679.481460726154,501700
2014-12-05,10067.1669921875,10319.753993690889,9749.02994703893,10164.255743441954,635000
2014-12-08,10554.451171875,10587.500603494314,9919.538417014295,10047.00670469085,592700
2014-12-09,10116.376953125,11050.725865464978,10041.897318383673,10496.512344879247,771700
2014-12-10,10545.4013671875,10567.331785513756,10048.347366498949,10154.416490465846,514600
2014-12-11,10478.7626953125,10725.649582731552,10387.473677165553,10443.54336261955,437700
2014-12-12,10462.1923828125,10622.76089677716,10389.903153464997,10451.493283903601,322700
2014-12-15,10504.11328125,10531.542662738388,10298.264991826805,10477.333306579107,337300
2014-12-16,10668.5009765625,10668.5009765625,10429.443099369488,10486.573320741989,408200
2014-12-17,10786.599609375,10788.849584319776,10533.002823997713,10728.620762827111,491000
2014-12-18,10665.060546875,10812.029608191617,10656.230567390721,10744.149507113078,381400
2014-12-19,10626.9912109375,10684.47982423744,10382.173643120117,10646.540796451973,435500
2014-12-22,10608.400390625,10742.249473332722,10474.802281661148,10607.460948050675,519700
2014-12-23,10570.6708984375,10794.068771174805,10490.021416802076,10549.861562664255,413400
2014-12-24,10292.404296875,10626.97086354768,10179.145799298922,10614.001282193389,349300
2014-12-25,10493.6630859375,10514.52222799399,10295.885021177444,10350.824837327074,322600
2014-12-26,10802.5185546875,10816.708825305328,10487.792590505718,10505.592195663734,406300
2014-12-29,10780.2802734375,10965.167861800814,10665.140931355345,10918.838299893994,476000
2014-12-30,10722.1396484375,10866.238620073773,10660.080773353544,10756.459576460766,343300
2014-12-31,11014.4970703125,11037.487047858262,10711.210419373341,10722.970053627274,332600
2015-01-05,11520.4609375,11587.150620974562,11150.855698135341,11150.855698135341,516300
2015-01-06,11667.8388671875,11749.007878720298,11374.382197481293,11424.79178836802,454300
2015-01-07,11613.23046875,11714.649256353412,11504.901602179176,11612.600592982055,329900
2015-01-08,11465.01171875,11656.579893680728,11371.802797862734,11624.460134894145,320000
2015-01-09,11324.6328125,11738.118411555708,11313.123175902083,11424.402201862484,352800
2015-01-12,11285.0537109375,11375.962852356606,11115.935481639392,11279.604553017178,298800
2015-01-13,11355.681640625,11418.321559942544,11244.293247055577,11250.753135217923,217200
2015-01-14,11237.654296875,11429.18144668876,11153.044893802413,11366.822770743156,207200
2015-01-15,11483.55078125,11483.621092960731,11161.394241302332,11240.713663418388,225100
2015-01-16,11532.6708984375,11583.600993229657,11436.152446021004,11496.631262207475,242900
2015-01-19,10770.8095703125,11204.365282129153,10634.50152012154,10938.9180471118,363500
2015-01-20,10996.357421875,11025.92642694169,10750.729311025743,10761.15985837266,312900
2015-01-21,11372.0517578125,11394.97142185316,11000.616483141805,11051.82586800027,338100
2015-01-22,11471.08203125,11499.312185167035,11341.953588524955,11358.313757632886,257900
2015-01-23,11436.162109375,11554.390279012798,11379.83266137474,11507.311704090906,255900
2015-01-26,11686.8388671875,11711.758510033334,11511.880865282295,11564.090241623187,364400
2015-01-27,11551.740234375,11705.778541496844,11368.862407762344,11670.109020674638,380100
2015-01-28,11354.072265625,11529.959932284182,11309.082538162555,11484.860831054084,249600
2015-01-29,11248.9140625,11319.342961266926,11161.304692074636,11187.174519545999,251300
2015-01-30,11150.5654296875,11353.9625636287,11132.675005242627,11290.323628595997,240200
2015-02-02,10963.0166015625,11140.844683777925,10921.317850831581,10952.016725023084,230400
2015-02-03,11209.0654296875,11216.554603983066,10993.427209417645,11077.356937522007,235800
2015-02-04,11116.4248046875,11364.252096088174,11111.405329879599,11241.854058345398,236400
2015-02-05,11065.4560546875,11386.602845846848,11065.4560546875,11367.012245109,295000
2015-02-06,10790.9794921875,11054.817375652188,10715.310412604622,11022.367541547195,241300
2015-02-09,10868.017578125,10975.726329270483,10759.928948433839,10791.878784883604,216900
2015-02-10,11136.4951171875,11136.4951171875,10875.16797229174,10887.55748166496,204700
2015-02-11,11265.50390625,11318.333393608953,11166.995242198705,11174.184614928503,284900
2015-02-12,11302.603515625,11348.19284730642,11184.874369232544,11268.463274095086,274200
2015-02-13,11442.921875,11564.550398028774,11337.883010252006,11361.872976423752,269600
2015-02-16,11595.1201171875,11605.879762288267,11437.612115889387,11474.751348311538,261400
2015-02-17,11718.4287109375,11772.018932809448,11644.410006252363,11657.919621015863,21100
2015-02-25,11539.5712890625,11755.048374198446,11500.561959202947,11755.048374198446,20400
2015-02-26,11750.6494140625,11751.878892558094,11470.301950173205,11526.381403777636,239600
2015-02-27,11757.5478515625,11819.28739365961,11719.528746616046,11736.158442961807,263700
2015-03-02,11883.88671875,11955.686697574421,11781.478683559035,11869.82730556335,341600
2015-03-03,11526.0908203125,11800.858255162953,11515.421017767138,11800.858255162953,320200
2015-03-04,11654.94921875,11688.149041301715,11521.570833482603,11530.810964111315,293600
2015-03-05,11566.259765625,11628.019814280711,11484.670838074324,11597.360002323741,262300
2015-03-06,11392.2724609375,11625.979797455102,11381.782344361414,11600.529887932727,227900
2015-03-09,11533.1015625,11547.701008696009,11168.924968863721,11279.893455124005,252200
2015-03-10,11556.5205078125,11649.11907647957,11479.151260171804,11501.851200361487,243200
2015-03-11,11524.9609375,11682.409371757747,11491.561897004498,11554.530919260878,216800
2015-03-12,11635.458984375,11645.428598813216,11516.120482777618,11593.56004153323,273200
2015-03-13,11713.4794921875,11751.068916000067,11654.060234126098,11680.33923742019,244500
2015-03-16,12017.6357421875,12021.686478341759,11747.949291408235,11791.28865267294,327400
2015-03-17,12169.3828125,12190.14332145046,12046.66446463512,12083.304677995166,486500
2015-03-18,12496.1005859375,12505.200093622214,12190.113771075676,12206.583313585088,626900
2015-03-19,12428.970703125,12552.568923784973,12337.541066340318,12549.408803041204,537800
2015-03-20,12544.3095703125,12659.688159700756,12387.750778502614,12427.270843284823,519800
2015-03-23,12780.177734375,12813.68712616277,12644.049370236757,12644.049370236757,481900
2015-03-24,12801.056640625,12841.306189255121,12495.779790648861,12841.00638792968,599700
2015-03-25,12756.95703125,12841.756864734696,12656.378077245638,12775.857210637152,484000
2015-03-26,12712.837890625,12856.065776470661,12601.608669342635,12703.20713926164,424000
2015-03-27,12874.275390625,12930.095076473111,12717.286918659098,12779.18661437583,340800
2015-03-30,13193.1728515625,13242.161561825049,12894.34611344308,12916.99527435446,509200
2015-03-31,13160.5126953125,13538.138346904385,13106.822867208886,13420.76954481106,579800
2015-04-01,13394.580078125,13454.658505143607,13142.252833060227,13187.27185884911,455800
2015-04-02,13425.94921875,13537.228245696682,13235.132020249286,13486.749318948336,482600
2015-04-03,13494.4892578125,13502.319248675418,13296.802007831948,13336.721484820522,440200
2015-04-07,13768.576171875,13769.605457215364,13625.107076529395,13626.467412847353,539700
2015-04-08,13841.564453125,13846.394477067222,13512.998803007706,13814.825495267749,580400
2015-04-09,13796.5751953125,13913.85317228351,13505.6976096168,13898.333815695976,596800
2015-04-10,14013.18359375,14034.153086498161,13650.168110200433,13718.776720199729,443100
2015-04-13,14149.3515625,14175.201859406745,13972.253933243894,14100.19195590087,539800
2015-04-14,14042.3017578125,14221.349545315068,13919.902746157022,14132.45113279825,522100
2015-04-15,13646.45703125,14023.242837058597,13646.45703125,14023.242837058597,580400
2015-04-16,13967.6435546875,14024.522801216419,13492.6185951492,13549.718542334236,440800
2015-04-17,14149.181640625,14249.310403889836,14038.883069194597,14120.611647568365,677700
2015-04-20,13871.4443359375,14288.17013996431,13814.805321502794,14132.671880572474,778900
2015-04-21,14438.837890625,14438.837890625,13882.284568911717,13882.284568911717,691200
2015-04-22,14748.96484375,14755.985273004779,14510.767313837914,14529.07765582249,728300
2015-04-23,14743.0546875,14892.843049777639,14646.975684917948,14842.04381375508,729200
2015-04-24,14598.5361328125,14771.12403697056,14422.377956278176,14615.375787313675,665300
2015-04-27,14809.25390625,14910.142423700727,14643.8456042705,14748.854192721648,625600
2015-04-28,14707.0849609375,14979.641472692081,14580.256306050509,14946.78246642726,635800
2015-04-29,14871.783203125,14907.792564408306,14542.157021616933,14669.055010768076,514800
2015-04-30,14818.4736328125,15009.562312303526,14818.4736328125,14908.89254169844,489200
2015-05-04,14860.36328125,14958.621942700862,14714.744800438959,14846.313634444323,524400
2015-05-05,14232.9404296875,14831.744279604118,14145.34180000623,14831.744279604118,578300
2015-05-06,14136.01171875,14569.487336259164,14031.862493710683,14347.389235931767,458000
2015-05-07,14114.572265625,14225.920626952351,14027.442382844933,14080.2025336705,396600
2015-05-08,14481.087890625,14481.278318180748,14164.911742577155,14271.300200042922,424900
2015-05-11,14944.712890625,14946.483378654071,14447.618835777828,14572.65747765883,519400
2015-05-12,15066.12109375,15088.79076141663,14879.432757509056,14975.062544530783,470800
2015-05-13,15172.919921875,15245.63883405675,14962.212320656716,15074.85070765436,555900
2015-05-14,15024.30078125,15299.617997861953,15003.551014577051,15210.578960025952,623100
2015-05-15,14694.7861328125,14955.243185831854,14590.596866364218,14955.243185831854,517300
2015-05-18,14672.4658203125,14758.924814495065,14564.567612730894,14612.716488409116,384900
2015-05-19,15127.2099609375,15173.749477227995,14704.164908257062,14723.044578996809,452400
2015-05-20,15336.908203125,15617.954858227642,15206.389157990674,15206.389157990674,2117400
2015-05-21,15872.3525390625,15872.412108707955,15402.777719111229,15402.777719111229,1968200
2015-05-22,16045.6201171875,16190.969075429048,15730.833603274,16083.859923332546,2467400
2015-05-25,16350.8759765625,16368.726362069196,15809.972870337351,15893.961185097645,2433100
2015-05-26,16903.28125,16903.9609298821,16397.316217765467,16456.04602826776,2687300
2015-05-27,16963.330078125,17061.729369788107,16610.593783247317,16988.71065403977,2624000
2015-05-28,15912.7724609375,17153.609187609392,15908.92191800783,16953.41025181442,3152900
2015-05-29,16100.26953125,16385.876677962588,15299.478712382412,15920.151435200525,2319700
2015-06-01,16917.33984375,16920.88081972048,16245.367876811162,16247.207699957436,2057900
2015-06-02,17485.384765625,17485.384765625,16963.550750783394,17051.03024238371,2188200
2015-06-03,17538.3046875,17696.283396945597,17098.239275717446,17626.723624711773,2273500
2015-06-04,17500.85546875,17608.524189023912,16426.127228523503,17579.163188572635,2299700
2015-06-05,17648.890625,17901.657303047345,17302.36523966571,17727.65926711817,2606100
2015-06-08,17452.115234375,17648.523192557383,17145.50733760225,17648.523192557383,2506000
2015-06-09,17398.8046875,17609.081623884445,17184.127409887147,17410.44518182815,2097100
2015-06-10,17677.37109375,17852.1581864511,17165.70693817888,17296.84413217644,2138700
2015-06-11,17889.48828125,17889.708981893164,17606.231700917753,17692.701431668494,2069700
2015-06-12,18098.068359375,18197.86803128633,17921.71094470309,17977.850945670238,2264300
2015-06-15,17702.3515625,18211.554816402673,17668.471084409175,18182.436003475013,2467500
2015-06-16,17075.73828125,17502.172954361373,16911.720588515618,17502.172954361373,2117900
2015-06-17,17405.375,17473.883996858833,16564.18326746545,17072.888496585707,1828100
2015-06-18,16734.65234375,17442.57409948503,16709.412392170892,17366.936275078613,1641100
2015-06-19,15725.2939453125,16578.695538589567,15700.314732348861,16386.79729305092,1799300
2015-06-23,16045.810546875,16047.14061010541,14938.653023399376,15720.144271943143,1777300
2015-06-24,16312.126953125,16345.567008445083,15867.732514137966,16178.368684947807,2092300
2015-06-25,15692.2646484375,16399.156144059067,15499.046109703493,16369.816628963774,2028400
2015-06-26,14398.62890625,15228.82957654116,14320.889541844113,15196.389509885392,1870700
2015-06-29,13566.1171875,14711.9949446092,13250.200813278649,14703.80460689693,2293900
2015-06-30,14337.80859375,14351.88851364042,12723.017170972518,13274.501207596079,2371100
2015-07-01,13650.6669921875,14696.815398403553,13578.227376120652,14184.94028826058,2111500
2015-07-02,12924.0458984375,13732.336663906506,12727.088140103677,13655.577756686134,1992500
2015-07-03,12245.9228515625,13153.983026088132,11952.94663028755,12475.471070037454,1991000
2015-07-06,12075.6337890625,13139.991941801056,11584.33950701354,13139.991941801056,2515100
2015-07-07,11375.4716796875,11767.527817460126,11282.49323314487,11660.428435972937,1763200
2015-07-08,11040.7666015625,11112.496270901374,10850.258959102577,10870.018504511861,2179400
2015-07-09,11510.2109375,11513.23141148532,10932.877559476925,10953.207409921928,1225600
2015-07-10,12038.015625,12062.76534792677,11696.638587342073,11733.318840769014,1072200
2015-07-13,12614.0185546875,12657.92821801949,12261.112360067043,12367.481283185767,1498100
2015-07-14,12728.3671875,13091.783038534657,12635.058662392621,12796.34689476826,1707500
2015-07-15,12132.2841796875,12792.166445025423,12093.765079408853,12782.937056101036,2034400
2015-07-16,12357.4716796875,12600.50899145751,11637.33913580091,11963.215361727242,1769000
2015-07-17,13004.814453125,13097.303652660083,12435.460471930384,12460.370349469618,1755000
2015-07-20,13202.2529296875,13427.71037240587,12942.805632239622,13115.333978643013,2002100
2015-07-21,13315.41015625,13436.75938051104,12927.984816103428,13038.004089374417,1678100
2015-07-22,13416.3896484375,13481.888914225407,13098.662741237917,13307.780514325894,1815600
2015-07-23,13754.376953125,13792.216375078215,13355.910691711313,13432.46061965775,2044100
2015-07-24,13518.3681640625,13970.683411921109,13424.029376637993,13789.155171082435,2219800
2015-07-27,12492.91015625,13579.487854000725,12488.23052105997,13242.542401699482,2023500
2015-07-28,12316.6416015625,12676.126811965829,11718.868058399432,11986.11504949144,2137200
2015-07-29,12822.9267578125,12823.006835041022,12078.185095312872,12472.140645855849,1572900
2015-07-30,12395.78125,12988.414268639004,12382.161285179343,12766.19702802562,1593000
2015-07-31,12374.111328125,12580.818972569956,12213.323090954025,12228.273118727351,1273700
2015-08-03,12161.443359375,12305.472013644692,11908.875886234457,12178.433402748207,1371600
2015-08-04,12711.4169921875,12711.4169921875,12105.804644437998,12162.983690586903,1404700
2015-08-05,12524.55078125,12842.16638046877,12446.90125641532,12694.428769927046,1371100
2015-08-06,12421.7109375,12594.97951099942,12231.753097189041,12274.582697178543,999900
2015-08-07,12752.9072265625,12768.987124913452,12522.329726305203,12543.519919085315,1250200
2015-08-10,13302.810546875,13373.14960059317,12821.745637583756,12877.164937002122,1710800
2015-08-11,13322.9404296875,13508.148313556318,13239.94136050515,13316.740303908147,1839200
2015-08-12,13116.9521484375,13396.18924362564,13116.9521484375,13201.391628855323,1427300
2015-08-13,13395.029296875,13395.029296875,12961.854472778512,13069.833729208069,1458300
2015-08-14,13445.7197265625,13606.17789277243,13378.440205647692,13497.009191951376,1682300
2015-08-17,13573.748046875,13585.807481839509,13309.390662304017,13417.179491608209,1751600
2015-08-18,12683.71875,13652.3876232405,12634.809139778918,13608.36760686929,2080300
2015-08-19,12960.5146484375,13028.353730557526,12049.784638836367,12328.46119763218,1728200
2015-08-20,12584.4384765625,13040.213621565163,12582.098659140396,12864.695088707569,1493100
2015-08-21,11901.916015625,12511.279282979232,11891.706169456058,12355.130647616117,1444400
2015-08-24,10970.1669921875,11445.971225641948,10963.966866418708,11399.53229339922,1163900
2015-08-25,10197.826171875,10529.801944561408,10168.305994810524,10212.355305963632,1348200
2015-08-26,9899.6083984375,10559.121489557047,9776.100021751885,10199.785686793271,1786100
2015-08-27,10254.2353515625,10254.2353515625,9713.881997449489,10075.977572174721,1510400
2015-08-28,10799.87890625,10826.069042280338,10311.254502143507,10397.85314053041,1780400
2015-08-31,10549.0419921875,10706.11054529946,10398.213603551949,10706.11054529946,1504600
2015-09-01,10162.4052734375,10388.383201475628,9954.46815818816,10388.383201475628,1500700
2015-09-02,10054.6865234375,10319.3739710206,9682.600871795094,9694.371246996516,1548300
2015-09-07,9991.6484375,10404.103802811187,9933.42935962133,10121.71730075739,1279700
2015-09-08,10320.1142578125,10341.18335649878,9763.840248368066,9898.52818482271,1067800
2015-09-09,10620.0107421875,10702.059626409326,10334.903589100522,10367.233304534506,1680900
2015-09-10,10424.533203125,10618.750746388938,10405.902553186648,10449.812215825712,1140900
2015-09-11,10463.5732421875,10555.501900126244,10332.294439015883,10408.293587858247,945200
2015-09-14,9778.12109375,10544.162329740162,9739.310980992766,10517.562041345156,1254300
2015-09-15,9290.7060546875,9719.55186249064,9259.547222166944,9533.343976252912,1049600
2015-09-16,9890.318359375,9933.718261478847,9297.095544665543,9330.644971711527,1212500
2015-09-17,9739.7802734375,10147.055973283152,9739.7802734375,9871.929180067353,1423500
2015-09-18,9850.6591796875,9914.469011735751,9690.951007873547,9806.60986846041,957300
2015-09-21,10176.6162109375,10176.6162109375,9701.221157803639,9732.010851175297,1180700
2015-09-22,10238.576171875,10357.304339110628,10121.627281658457,10200.435972502126,1342100
2015-09-23,10132.1865234375,10250.335593116199,10040.83793537041,10071.217478529408,1167000
2015-09-24,10237.92578125,10288.064870122727,10124.016896251649,10177.986020505223,1065900
2015-09-25,9904.6484375,10249.125034337345,9835.729290275356,10184.765406176262,1111900
2015-09-28,10115.4365234375,10124.196190964301,9796.819974388742,9919.448483903034,769600
2015-09-29,9949.80859375,10070.137325520247,9873.669797227327,9962.468608347457,856000
2015-09-30,9988.138671875,10048.74834788004,9890.599719984893,10004.688292099883,718700
2015-10-08,10394.6142578125,10477.092827896331,10264.88523942232,10332.1247220654,1159600
2015-10-09,10540.0732421875,10589.401795301266,10363.865240380144,10386.694088125092,1179900
2015-10-12,10961.2373046875,11069.555424685064,10593.421121158592,10599.760893740604,1724200
2015-10-13,11042.0068359375,11072.876609126923,10850.598812647519,10884.989054419013,1402100
2015-10-14,10901.3583984375,11095.215602679633,10879.988520543819,10996.956937327237,1420800
2015-10-15,11229.25390625,11229.25390625,10861.988495205527,10861.988495205527,1526800
2015-10-16,11374.7021484375,11384.112198853976,11171.914390100614,11301.813319770483,1802800
2015-10-19,11390.8818359375,11498.111100407928,11244.883475628341,11426.391202760875,1782300
2015-10-20,11596.9501953125,11597.030272540656,11335.653317081773,11372.05232348491,1629100
2015-10-21,10915.8681640625,11641.759460605066,10872.448727739733,11592.070563142626,2103400
2015-10-22,11304.97265625,11319.882645063091,10910.757356665408,10921.057045688967,1598300
2015-10-23,11603.330078125,11652.959405407615,11345.403277749474,11397.072621259504,1916900
2015-10-26,11687.638671875,11788.88753825308,11534.700931100777,11765.518659275192,1923000
2015-10-27,11758.2783203125,11820.587192006691,11228.973708096288,11588.810493853838,1869800
2015-10-28,11494.220703125,11833.93759636746,11446.301318659913,11689.158946604439,1727200
2015-10-29,11566.5302734375,11694.648951955502,11405.971529507786,11565.580088794808,1382900
2015-10-30,11545.919921875,11710.908300256302,11369.272494961622,11541.879928259354,1420100
2015-11-02,11304.7529296875,11637.859540440673,11265.913522106623,11306.07322736047,1336600
2015-11-03,11288.013671875,11416.712430882786,11200.474609766503,11341.173234853306,1052600
2015-11-04,11884.767578125,11884.767578125,11351.123150986456,11351.123150986456,1719400
2015-11-05,11939.67578125,12091.394784300093,11853.327139447658,11908.556989324083,2368500
2015-11-06,12273.212890625,12292.282990691609,11952.376620864481,11952.376620864481,2004600
2015-11-09,12453.1005859375,12538.209006535993,12144.92337775856,12227.273040231128,2243500
2015-11-10,12500.390625,12597.019428321322,12348.892317467265,12390.39185385412,2092500
2015-11-11,12677.3984375,12687.058485851052,12445.151031612326,12509.390548457148,1975700
2015-11-12,12635.248046875,12758.526938742178,12483.19994617056,12735.357276526534,2013200
2015-11-13,12401.9013671875,12574.819355579806,12272.242660716482,12492.800741421039,1777700
2015-11-16,12620.23828125,12620.23828125,12171.52358935484,12180.853562795697,1401600
2015-11-17,12511.41015625,12827.05702372363,12478.830441769558,12744.64778729969,2080400
2015-11-18,12283.623046875,12580.770130203966,12256.903617704153,12516.000343289874,1575200
2015-11-19,12609.6982421875,12609.6982421875,12309.651806894195,12326.021740254288,1492700
2015-11-20,12701.8876953125,12766.116466534897,12565.658755726294,12650.108003099744,1865700
2015-11-23,12586.548828125,12806.17624007872,12539.839392679367,12699.007523876367,1674400
2015-11-24,12694.7177734375,12694.7177734375,12438.780218260279,12580.578430370175,1332600
2015-11-25,12893.0859375,12904.645378231387,12666.048443523523,12695.98756103158,1537400
2015-11-26,12767.357421875,12970.324881819677,12747.747289306599,12951.855361513608,1714200
2015-11-27,11961.56640625,12733.307774391042,11880.187433654111,12697.367746689573,1869000
2015-11-30,12037.7255859375,12121.084027716981,11455.371753985168,11991.565946457267,1574600
2015-12-01,12081.0341796875,12206.032775206515,11938.495742183197,12022.704756950385,1280700
2015-12-02,12186.1328125,12187.873027351168,11830.857501532357,12068.845065875541,1403100
2015-12-03,12447.240234375,12447.240234375,12205.303495593655,12205.303495593655,1305900
2015-12-04,12329.041015625,12474.319655029383,12268.352245101802,12384.360705912359,1289300
2015-12-07,12442.91015625,12467.709682609113,12261.992264840585,12351.271536284934,1137500
2015-12-08,12164.8330078125,12370.971316054694,12151.013827186716,12370.971316054694,1176700
2015-12-09,12179.693359375,12257.442486630245,12091.624035465395,12112.064235708807,1085300
2015-12-10,12180.8935546875,12317.901782527642,12158.513923064722,12180.632815426547,1106700
2015-12-11,12133.8837890625,12228.15324227929,12051.305611304997,12120.46401731496,976100
2015-12-14,12400.451171875,12400.451171875,12004.35599195668,12023.675111852155,1117600
2015-12-15,12495.1103515625,12553.649736374386,12412.331003287429,12412.331003287429,1149100
2015-12-16,12510.890625,12594.979530137029,12470.95064112859,12532.970456666608,1143400
2015-12-17,12825.3359375,12825.3359375,12602.527901492871,12602.527901492871,1698600
2015-12-18,12830.10546875,12903.934715187896,12763.285908972925,12824.875058920612,1508700
2015-12-21,13028.1640625,13046.984164803696,12816.576581909636,12824.286456737764,1620800
2015-12-22,13138.982421875,13138.982421875,12980.234203532083,13064.543804186716,1537700
2015-12-23,13007.724609375,13186.902292546532,12974.484746829803,13142.383259298093,1625200
2015-12-24,12932.2255859375,13003.634944112664,12770.217630922134,12977.104967175617,1182300
2015-12-25,12980.4248046875,13012.594365948533,12898.32513906986,12960.114485486876,1043300
2015-12-28,12686.1982421875,13064.354177514077,12686.1982421875,13025.514767284118,1356400
2015-12-29,12806.0166015625,12806.0166015625,12597.969129074841,12676.468249104357,1012200
2015-12-30,12889.685546875,12899.795785072021,12768.026754777542,12826.336647827302,1091500
2015-12-31,12664.748046875,12921.56548795973,12664.388675893042,12892.97596386246,1023900
2016-01-04,11625.9091796875,12659.267665557094,11625.27930396478,12650.57733368658,1058400
2016-01-05,11467.931640625,11687.350091355736,11063.516230177056,11116.7763782248,1518000
2016-01-06,11724.7490234375,11730.349546867821,11413.85307927008,11520.640949915654,1340400
2016-01-07,10760.1494140625,11504.771961102544,10745.349774585631,11504.771961102544,379100
2016-01-08,10888.7880859375,11121.655592530591,10376.173715486542,11008.766233092863,1492800
2016-01-11,10212.345703125,10809.4493741695,10212.345703125,10656.750887278904,1418200
2016-01-12,10293.5849609375,10414.823838070462,10064.977168587964,10243.455639311513,1137600
2016-01-13,9978.708984375,10435.123814227845,9978.708984375,10346.964641531471,1084200
2016-01-14,10344.82421875,10357.833838228478,9668.791774051842,9678.111005299637,1186500
2016-01-15,9997.80859375,10363.704910027061,9940.778955351934,10268.835849230525,1143700
2016-01-18,10155.845703125,10273.474262563526,9807.139665286595,9807.139665286595,973900
2016-01-19,10501.6728515625,10519.55253485675,10105.437038757755,10137.2667616969,1175800
2016-01-20,10366.7333984375,10553.921729746404,10297.704875371286,10434.243383839,1130700
2016-01-21,9975.8583984375,10475.392862818297,9975.8583984375,10207.306010851597,1019400
2016-01-22,10111.45703125,10171.805964520401,9837.630020879322,10095.306821559947,858200
2016-01-25,10192.416015625,10291.384632741252,10103.537129152046,10194.635717304463,785200
2016-01-26,9483.443359375,10104.356311917158,9463.203352180552,10079.106595328347,1086800
2016-01-27,9422.32421875,9556.723104981582,8986.418941804046,9525.50372787306,1137900
2016-01-28,9082.4873046875,9430.453102801159,9045.397879668046,9309.765012215214,861100
2016-01-29,9418.0947265625,9490.953285654254,9055.938625925906,9077.00870247217,914500
2016-02-01,9321.9052734375,9457.323677364739,9196.047309219268,9389.51486714266,758100
2016-02-02,9610.8212890625,9646.84139061183,9332.585169416834,9332.585169416834,834200
2016-02-03,9638.76171875,9679.431183252307,9453.053846301022,9509.393056454868,786100
2016-02-04,9792.9609375,9843.909587217959,9667.80217911519,9667.80217911519,888800
2016-02-05,9673.3720703125,9829.969924874118,9669.91117159484,9802.140158605538,717300
2016-02-15,9668.7314453125,9725.070657430253,9385.414309147995,9385.414309147995,688100
2016-02-16,10045.2578125,10070.906939808563,9727.651011740592,9727.651011740592,1039300
2016-02-17,10161.6552734375,10178.435358199462,9982.05768346064,10043.577499543357,1203600
2016-02-18,10116.287109375,10273.514840940865,10098.986521855384,10231.145198204715,1183600
2016-02-19,10162.2060546875,10225.875260703742,10065.92686375607,10091.556458404622,941200
2016-02-22,10370.8740234375,10371.023435825758,10239.465339688883,10289.93450071867,1230300
2016-02-23,10299.5546875,10397.403202117725,10171.556119584728,10374.244281538877,1139300
2016-02-24,10307.513671875,10355.203563888019,10100.38612429942,10256.274015195915,1079900
2016-02-25,9550.9736328125,10290.845269777965,9509.993620783496,10290.845269777965,1372300
2016-02-26,9573.5927734375,9676.13166194765,9392.564531253434,9625.262115549214,1016000
2016-02-29,9097.2578125,9528.6123255198,9000.788196725074,9528.6123255198,1111500
2016-03-01,9321.8955078125,9384.204379684395,9011.40875378547,9116.457380948417,1093100
2016-03-02,9766.2607421875,9781.800607214842,9308.385987238431,9308.385987238431,1472300
2016-03-03,9761.900390625,9946.82898269701,9748.890770763335,9770.630761557537,1589200
2016-03-04,9536.603515625,9797.450213490863,9447.004906328482,9721.12196388623,1424800
2016-03-07,9703.7216796875,9805.260584478121,9614.583027001012,9642.142289454208,1045300
2016-03-08,9732.6220703125,9732.6220703125,9348.6556436672,9690.462383621898,1182600
2016-03-09,9523.033203125,9672.382119689753,9466.384422263818,9525.143531098953,905200
2016-03-10,9390.244140625,9600.12264269992,9382.054779480748,9526.083435226306,736700
2016-03-11,9363.3046875,9430.843965796565,9254.135995306815,9286.425670656736,624000
2016-03-14,9665.021484375,9763.260616945054,9466.31375205207,9466.31375205207,1049000
2016-03-15,9574.0830078125,9677.371887966605,9536.162534845336,9636.521760370368,842600
2016-03-16,9468.923828125,9661.821073724857,9418.44392684697,9629.712059679714,748100
2016-03-17,9791.740234375,9820.8805338741,9511.603715098514,9515.52359318797,1156800
2016-03-18,10126.4765625,10170.576655105631,9833.000353325266,9840.929952119697,1659800
2016-03-21,10394.0234375,10394.0234375,10234.535962845779,10255.785725261669,1799200
2016-03-22,10343.9638671875,10435.012648972714,10254.575223001202,10308.794340430246,1393400
2016-03-23,10442.2626953125,10442.2626953125,10277.134665636771,10317.813896617192,1207800
2016-03-24,10283.564453125,10473.102368285492,10263.444561394652,10346.44363133329,1324500
2016-03-25,10339.5634765625,10371.402962454404,10223.045254912446,10256.294881205156,1031500
2016-03-28,10276.724609375,10494.082523672285,10248.154617234386,10399.053315810812,1172400
2016-03-29,10094.5966796875,10278.88465067612,10023.94708189009,10259.594828083409,1007200
2016-03-30,10445.5732421875,10445.5732421875,10187.525355942491,10187.525355942491,1120700
2016-03-31,10455.2529296875,10552.461801061248,10426.333331957252,10494.40190494947,1212400
2016-04-01,10379.5341796875,10442.182892324916,10224.255644773502,10410.56312915738,1026800
2016-04-05,10640.150390625,10656.031072179738,10373.423885045904,10393.53401142991,1302800
2016-04-06,10683.740234375,10695.910019425226,10570.020809796384,10604.111246830433,1242500
2016-04-07,10504.7626953125,10743.110622322949,10504.7626953125,10719.1499521199,1279800
2016-04-08,10413.4228515625,10456.892088943745,10288.684020936482,10424.892449051835,1058700
2016-04-11,10609.48046875,10666.920253409511,10513.75205155797,10513.75205155797,1208400
2016-04-12,10533.29296875,10624.471641847307,10430.193529838936,10600.681867456473,1015600
2016-04-13,10684.7998046875,10810.288628332788,10599.100572795083,10599.100572795083,1666400
2016-04-14,10771.490234375,10771.83983985141,10651.801139388377,10741.530607529257,1229700
2016-04-15,10733.51953125,10784.478921908696,10680.620709170187,10774.36966003991,1027100
2016-04-18,10568.810546875,10665.320201123563,10508.862003915983,10665.320201123563,974800
2016-04-19,10602.3408203125,10649.130333591878,10531.421695369896,10618.720519063048,858300
2016-04-20,10164.6259765625,10646.970164036895,10011.457776409829,10631.950801615487,1476300
2016-04-21,10058.6865234375,10242.245003071019,10049.236434552204,10119.996379838933,1063400
2016-04-22,10151.6455078125,10151.6455078125,9975.937524486393,9995.007622350484,828700
2016-04-25,10106.6767578125,10137.63637173744,9986.277716686867,10122.016429626934,731700
2016-04-26,10209.7861328125,10209.7861328125,10076.627466742382,10095.84697821915,696600
2016-04-27,10174.0458984375,10278.974407556545,10159.385906823927,10221.715284969934,746200
2016-04-28,10149.7958984375,10198.835385454957,9990.557456634115,10178.125657650047,764000
2016-04-29,10141.42578125,10196.805040135143,10100.065895666363,10111.496430947369,625900
2016-05-03,10441.802734375,10441.802734375,10105.686389393812,10144.036544930645,968500
2016-05-04,10422.6826171875,10498.202275894224,10389.65271512192,10401.552971946305,932200
2016-05-05,10473.892578125,10480.10246958292,10372.10367793104,10403.433405522326,805700
2016-05-06,10100.4267578125,10501.322652193023,10100.4267578125,10473.18234280042,1193100
2016-05-09,9790.37109375,10018.397843180632,9747.761218211861,10018.397843180632,955800
2016-05-10,9793.1005859375,9836.870604901163,9738.410767057465,9770.190685558491,642100
2016-05-11,9781.041015625,9904.419518776198,9742.971128835705,9848.210186390988,725800
2016-05-12,9796.470703125,9801.090768730692,9544.01356080461,9664.172375513277,728700
2016-05-13,9759.16015625,9880.579693887828,9710.061097148744,9769.020397304645,649300
2016-05-16,9909.96875,9909.96875,9690.22121863348,9729.680736284607,698200
2016-05-17,9908.6787109375,10007.267447002061,9839.749797882496,9918.328993137568,840200
2016-05-18,9694.671875,9835.470105388918,9591.072447432398,9835.470105388918,853600
2016-05-19,9733.6318359375,9847.110064376498,9684.012271337499,9684.012271337499,748400
2016-05-20,9816.6396484375,9816.6396484375,9628.872227933029,9657.641435780402,695300
2016-05-23,9918.048828125,9937.71852921152,9839.64931751891,9839.669825101217,771900
2016-05-24,9821.58984375,9903.058654960632,9765.540668809224,9903.058654960632,713400
2016-05-25,9784.490234375,9930.69856093653,9756.410470136992,9883.829944227935,704700
2016-05-26,9826.029296875,9826.029296875,9605.342322182716,9765.97040105601,776300
2016-05-27,9813.51953125,9878.629150664547,9775.109806911618,9798.229664119774,765800
2016-05-30,9768.73046875,9847.58993736723,9681.131840167749,9756.76087620432,631400
2016-05-31,10159.8154296875,10159.8154296875,9785.889947372913,9785.889947372913,1277200
2016-06-01,10209.025390625,10284.245251901099,10177.105825988767,10184.116489714017,1302100
2016-06-02,10273.9150390625,10273.9150390625,10181.065494544866,10192.395445590771,1064600
2016-06-03,10344.7939453125,10412.833220038085,10257.904296410004,10275.824993530687,1220300
2016-06-06,10362.9638671875,10403.692902637,10296.064226779334,10383.333755945769,989700
2016-06-07,10347.7236328125,10371.753636379124,10297.304277176105,10365.693157566815,919000
2016-06-08,10316.7041015625,10372.863625212125,10232.014625846663,10330.063326079557,948500
2016-06-13,9862.4697265625,10256.505356744803,9862.4697265625,10190.666249671167,1103100
2016-06-14,9895.0390625,9927.478150655965,9795.830217751592,9830.439203369251,769400
2016-06-15,10173.7353515625,10215.495624754365,9779.00052688454,9790.769925956363,1080800
2016-06-16,10115.0068359375,10199.405304794109,10090.117466244143,10154.065968814071,1061000
2016-06-17,10182.416015625,10261.854577362703,10113.836707034634,10135.266154072868,1021800
2016-06-20,10221.7353515625,10241.795674204677,10101.516968792317,10183.655699089079,877600
2016-06-21,10131.7470703125,10357.063887023014,10093.037542179303,10284.92504515699,1097400
2016-06-22,10297.865234375,10297.865234375,10104.76680923256,10108.846841701497,875500
2016-06-23,10255.1552734375,10312.495454894368,10182.896312885709,10288.355098854145,976200
2016-06-24,10147.5859375,10315.23346391752,9901.788900390124,10234.934563363948,1266900
2016-06-27,10377.4541015625,10377.4541015625,10089.936813485136,10089.936813485136,1091300
2016-06-28,10463.3330078125,10475.642440261508,10309.115008464625,10330.004422944336,1236400
2016-06-29,10460.8525390625,10527.572494758475,10434.123346308268,10499.79253252547,1138500
2016-06-30,10489.873046875,10509.872823447718,10435.41369432955,10474.823410314348,993300
2016-07-01,10458.3125,10555.831915087792,10436.482666482685,10506.102003571477,954100
2016-07-04,10609.7412109375,10631.450928088727,10362.733242491899,10369.573985987214,1288700
2016-07-05,10602.650390625,10625.900129370662,10546.58168472437,10598.300830125454,1259500
2016-07-06,10641.53125,10641.53125,10537.981628072506,10567.551609512437,1231900
2016-07-07,10620.4609375,10662.58058218816,10526.691481595853,10612.1114217901,1357300
2016-07-08,10611.6806640625,10672.800095043222,10560.191007777816,10613.590798866824,1108200
2016-07-11,10594.701171875,10734.219134203238,10587.840897458365,10633.51030576703,1318500
2016-07-12,10757.7294921875,10757.7294921875,10487.432705542964,10583.051755080332,1463500
2016-07-13,10853.4375,10889.897050871217,10772.708915779538,10794.378593932272,1545300
2016-07-14,10854.017578125,10866.318221035135,10786.368924876842,10834.77853668545,1206800
2016-07-15,10823.087890625,10868.947724948393,10774.418517677037,10854.377576780658,1146100
2016-07-18,10761.8798828125,10835.178869383815,10708.620711632144,10793.05922230875,1125100
2016-07-19,10778.1298828125,10783.099553990352,10661.270833589133,10753.750271699299,1021500
2016-07-20,10759.740234375,10818.82941847835,10740.469941687894,10775.439277867521,955800
2016-07-21,10787.08984375,10872.218778628592,10746.760214706419,10758.22004803555,1044000
2016-07-22,10708.9501953125,10801.34857298646,10699.990334873482,10782.119296484585,1041000
2016-07-25,10718.240234375,10778.60967501418,10668.520088453792,10684.430066403831,935200
2016-07-26,10852.087890625,10852.087890625,10713.579683017255,10714.629475896101,910700
2016-07-27,10405.7333984375,10873.138334722336,10289.845044237876,10858.578927008892,1628000
2016-07-28,10396.193359375,10481.57326435463,10262.18509172391,10386.713973150167,1109800
2016-07-29,10329.32421875,10411.012752831224,10294.384182158343,10384.28356136276,851700
2016-08-01,10185.3662109375,10289.93437384604,10086.537241460106,10289.774219392626,861700
2016-08-02,10250.435546875,10250.435546875,10157.736384845763,10173.226446558774,614300
2016-08-03,10281.134765625,10295.644368621548,10205.866078011464,10229.355072551507,710700
2016-08-04,10366.3837890625,10376.093641149022,10235.585450672008,10272.604566924232,829800
2016-08-05,10342.1640625,10420.302832922056,10333.204202241019,10368.68329576353,811300
2016-08-08,10468.7626953125,10468.7626953125,10259.184963204045,10314.884535014631,888600
2016-08-09,10564.6611328125,10564.6611328125,10457.702378078657,10465.922011946057,919700
2016-08-10,10511.04296875,10594.65141160041,10510.792971537216,10558.372519198374,924000
2016-08-11,10390.84375,10526.231884259982,10390.84375,10496.32303907226,891900
2016-08-12,10527.982421875,10527.982421875,10364.354360414653,10372.934343035437,912000
2016-08-15,10821.98828125,10862.837429853078,10552.831161049655,10556.281317444937,1615600
2016-08-16,10882.828125,10913.09731672707,10844.948667073128,10845.498465593659,1413600
2016-08-17,10890.568359375,10936.45749344991,10832.658852221668,10879.868283997614,1244000
2016-08-18,10879.078125,10946.61740622796,10833.88820237274,10873.528382584209,1315900
2016-08-19,10872.587890625,10911.64702240709,10819.678328408992,10865.257894796403,1079800
2016-08-22,10731.2802734375,10894.717897175215,10731.080080365798,10868.937912297812,1029100
2016-08-23,10750.169921875,10793.249518649469,10679.980276452574,10720.380215668236,904400
2016-08-24,10760.3203125,10815.13903649745,10732.800111894812,10751.229593666967,877800
2016-08-25,10679.0302734375,10699.129656735662,10564.241525512978,10694.219555714228,972100
2016-08-26,10693.6298828125,10784.88862336525,10675.479696061153,10703.200087814286,877900
2016-08-29,10724.2802734375,10757.13928040054,10682.140120427837,10690.830452779363,765400
2016-08-30,10729.0,10787.199543735884,10713.630054887677,10732.649373205715,723000
2016-08-31,10757.759765625,10776.199989415747,10679.531146909474,10730.42999265419,791100
2016-09-01,10669.390625,10765.3895530201,10669.390625,10759.63961722723,829100
2016-09-02,10640.30078125,10727.759762899606,10591.961478760517,10665.980181214918,759800
2016-09-05,10695.330078125,10756.308885471286,10674.840073869282,10682.589986831506,734400
2016-09-06,10861.3779296875,10861.3779296875,10623.87083338914,10714.419620404777,1021100
2016-09-07,10838.59765625,10903.516846968983,10827.128058864482,10859.997805854618,1051200
2016-09-08,10851.068359375,10863.83774697434,10795.74866920007,10829.927972196161,790100
2016-09-09,10762.669921875,10876.968450929415,10762.669921875,10855.16888953675,849700
2016-09-12,10461.462890625,10619.770687600907,10460.392590114321,10578.661773095866,1031700
2016-09-13,10514.462890625,10545.082666543998,10460.0133021729,10518.902294271236,741100
2016-09-14,10454.123046875,10519.842036747861,10425.573562218431,10466.71274949831,663300
2016-09-19,10557.130859375,10570.46078706747,10476.511652001243,10476.511652001243,579200
2016-09-20,10544.412109375,10563.612089526368,10519.962188056157,10562.921667575958,547100
2016-09-21,10583.28125,10600.571094423161,10538.821789562087,10543.27095822585,602500
2016-09-22,10662.0908203125,10697.270114711073,10634.34113039384,10644.59101585929,756600
2016-09-23,10609.5810546875,10679.700384467775,10607.74123159785,10670.47001937045,686200
2016-09-26,10392.583984375,10588.391365149333,10392.583984375,10588.231210690197,790000
2016-09-27,10476.8525390625,10476.8525390625,10351.903741348866,10375.233558521168,618400
2016-09-28,10467.04296875,10492.812211491284,10436.0032772034,10489.932360921175,513500
2016-09-29,10512.1328125,10552.901889263145,10476.923244072885,10476.923244072885,555200
2016-09-30,10567.4609375,10590.250719623875,10499.351353824735,10504.171611979744,509700
2016-10-10,10741.5703125,10741.5703125,10584.581833642489,10612.091291644057,817200
2016-10-11,10782.189453125,10782.189453125,10727.330689269931,10743.290472410123,857700
2016-10-12,10788.4697265625,10791.999960694908,10733.190068600337,10751.309984043444,786800
2016-10-13,10787.3701171875,10817.919581707218,10757.370451233282,10784.620147808362,813900
2016-10-14,10759.5595703125,10774.249836001336,10691.950950079205,10774.249836001336,739300
2016-10-17,10651.380859375,10783.549302884783,10624.701470296315,10770.21937386121,799700
2016-10-18,10796.8994140625,10796.8994140625,10637.572085041349,10637.572085041349,829000
2016-10-19,10757.7998046875,10824.28929666806,10733.570583033568,10811.148818389258,833900
2016-10-20,10784.2099609375,10802.539834899848,10752.800154537661,10763.340076203918,757300
2016-10-21,10748.7802734375,10802.419322460784,10678.000790957873,10783.43906581439,835800
2016-10-24,10842.517578125,10871.03776484343,10740.05877071836,10755.369145221752,931900
2016-10-25,10871.3876953125,10871.538084248845,10841.078465329798,10846.637973216886,865700
2016-10-26,10817.3876953125,10871.117557740412,10793.50808197281,10871.117557740412,883100
2016-10-27,10788.849609375,10808.019317824886,10745.16064265921,10805.679500125145,722100
2016-10-28,10710.919921875,10836.648004089899,10710.809571550019,10783.159346123835,769100
2016-10-31,10704.1796875,10718.919756468991,10630.180517883307,10685.240446902104,664800
2016-11-01,10796.01953125,10796.939442890005,10706.75099320733,10714.701100066444,669100
2016-11-02,10692.5302734375,10784.989195714794,10686.82037664354,10771.228608110263,799000
2016-11-03,10743.83984375,10804.138974287282,10655.020524258738,10662.040953582147,882900
2016-11-04,10702.4501953125,10784.718803234326,10684.349812521667,10737.789642436035,743900
2016-11-07,10695.0595703125,10729.869726231469,10663.439808249424,10704.13954645946,867500
2016-11-08,10763.009765625,10785.75951173361,10722.24068936546,10733.950519619082,803500
2016-11-09,10696.990234375,10784.968738646248,10575.041408433666,10768.739428698707,1049400
2016-11-10,10821.5380859375,10848.858090259362,10776.978041713646,10776.978041713646,1009900
2016-11-11,10878.017578125,10878.017578125,10792.708965123791,10823.808225510898,1260100
2016-11-14,10907.408203125,10952.487776741731,10847.698910424342,10855.858975350937,1326200
2016-11-15,10957.9765625,10957.9765625,10877.278249909557,10910.027882164664,1063900
2016-11-16,10967.95703125,10998.796529019082,10956.747196072947,10970.577119043364,1092200
2016-11-17,10945.296875,10961.676573672155,10887.397135283067,10941.976599826487,853000
2016-11-18,10888.98828125,10963.537250211013,10876.788222705483,10946.757164885594,789400
2016-11-21,10899.7978515625,10955.317737590089,10861.687926805203,10876.95826360033,823000
2016-11-22,10985.4765625,10985.4765625,10910.297717068339,10910.297717068339,957800
2016-11-23,10973.6767578125,11041.39572504816,10951.877197561556,11010.87653600715,1080100
2016-11-24,10967.3466796875,11029.996367421589,10947.146711006208,10960.527420257891,1027500
2016-11-25,11036.4072265625,11036.4072265625,10830.279641903251,10966.238087015769,1028300
2016-11-28,11068.74609375,11108.745645561752,11045.55592390445,11078.645396892474,1113300
2016-11-29,11034.5771484375,11124.685518636572,11026.176851484444,11039.497015450926,1133700
2016-11-30,11012.0673828125,11071.935854477886,10983.056964782232,11023.536981215755,978300
2016-12-01,11088.03515625,11090.804656278282,11036.48593269819,11036.985927061545,954100
2016-12-02,10912.5078125,11078.166115650678,10905.267659115347,11074.41615759874,1011000
2016-12-05,10784.2099609375,10893.958738528576,10762.729731439587,10776.00009144355,913800
2016-12-06,10779.6494140625,10833.688850965791,10774.240294648594,10798.679475448813,698300
2016-12-07,10855.59765625,10855.59765625,10751.07930030041,10780.088739716624,745200
2016-12-08,10812.177734375,10865.097058786785,10804.618249409663,10865.097058786785,783800
2016-12-09,10789.5,10835.78952373117,10766.439709850261,10802.059430491057,775900
2016-12-12,10302.7333984375,10775.448769511837,10292.423944411743,10774.468311821029,1151300
2016-12-13,10332.1640625,10363.943001941618,10192.015248197733,10280.324801811694,818100
2016-12-14,10232.7060546875,10333.544772478126,10213.8361482003,10317.955102801488,792200
2016-12-15,10255.99609375,10331.865365709305,10194.886422985079,10202.126576700519,755900
2016-12-16,10334.6435546875,10346.413930144552,10239.094824425785,10258.524293445409,679900
2016-12-19,10283.044921875,10330.494585454695,10262.575424698809,10330.494585454695,655600
2016-12-20,10245.2158203125,10276.5152759388,10203.905734140346,10275.3258360788,635800
2016-12-21,10313.4541015625,10320.22355653498,10266.07475261562,10266.07475261562,624900
2016-12-22,10306.8037109375,10322.953919466194,10257.204660800095,10310.603472782048,586600
2016-12-23,10199.74609375,10311.274141285005,10196.605503930967,10304.524216897828,632900
2016-12-26,10233.3056640625,10233.3056640625,10062.257769174135,10163.396288370866,614000
2016-12-27,10230.4560546875,10270.865759625804,10221.555763464501,10229.795905810306,525900
2016-12-28,10187.0458984375,10246.6546048668,10169.685741586358,10228.895038432933,519500
2016-12-29,10159.3359375,10222.40456413097,10151.166107507668,10176.91581791142,493500
2016-12-30,10177.025390625,10203.975283370131,10144.996453339974,10175.385760595682,504400
2017-01-03,10262.7353515625,10275.015488281912,10205.026033118475,10205.026033118475,621900
2017-01-04,10384.75390625,10384.75390625,10255.63523396934,10264.314824340094,723000
2017-01-05,10371.353515625,10396.783894740294,10365.324286307468,10382.483273728645,680900
2017-01-06,10289.2451171875,10363.004056749442,10286.404328690403,10362.73355196646,618600
2017-01-09,10331.673828125,10337.583917898155,10258.254732069912,10281.193927174247,619300
2017-01-10,10306.2236328125,10357.022864697918,10301.574271175281,10326.89332162018,646100
2017-01-11,10215.3662109375,10331.25456317579,10213.74611187064,10294.184665298755,619900
2017-01-12,10131.1171875,10235.97539002632,10127.306683232215,10207.315554236735,624200
2017-01-13,10008.1875,10155.105773263724,9997.288208241518,10135.56595346304,597900
2017-01-16,9712.69140625,9993.448038492194,9482.734011750701,9993.448038492194,827000
2017-01-17,9826.6796875,9827.799792108959,9611.08249923644,9684.421519404545,577000
2017-01-18,9804.650390625,9858.680061338793,9774.650725283887,9800.970744173004,463900
2017-01-19,9768.4609375,9821.109762066855,9746.190679041982,9781.530127105072,454800
2017-01-20,9906.0283203125,9925.058379882163,9762.670556427525,9762.930319133202,529000
2017-01-23,9976.0791015625,10009.968371812449,9919.29946175779,9919.29946175779,568200
2017-01-24,9941.4384765625,9978.157791927713,9927.968900837588,9972.498675613217,510800
2017-01-25,9977.8486328125,9991.38852080332,9922.379525148119,9931.509306094833,432900
2017-01-26,10051.9375,10053.248032233154,9989.238005193962,9989.737999607803,451700
2017-02-03,10004.728515625,10066.588178840955,9985.188693992859,10061.178082792074,451400
2017-02-06,10078.6171875,10080.466776086065,9984.52742473396,10004.107282786032,518600
2017-02-07,10055.45703125,10093.556211413008,10011.65674343867,10072.396293543216,534700
2017-02-08,10130.0068359375,10130.0068359375,10003.79828635761,10043.498037718045,575200
2017-02-09,10182.6162109375,10194.305532898139,10116.336681213985,10124.336591448033,689800
2017-02-10,10186.265625,10212.36591817443,10155.246441687523,10184.45607498495,756000
2017-02-13,10270.7158203125,10279.00576715249,10186.976517505438,10188.59661666995,779900
2017-02-14,10264.8056640625,10286.25562061499,10234.256199421867,10272.975494998906,651000
2017-02-15,10177.1357421875,10294.653954070818,10159.996286173173,10259.835009042567,789300
2017-02-16,10253.845703125,10253.845703125,10163.126987434158,10175.006737871514,692900
2017-02-17,10197.8056640625,10296.024290168123,10183.256022391464,10260.974878179728,749400
2017-02-20,10328.8837890625,10334.473569921514,10202.90473771093,10202.90473771093,763000
2017-02-21,10405.6337890625,10407.02342198047,10330.164905342435,10338.754653161455,819700
2017-02-22,10444.2626953125,10444.2626953125,10384.98308700851,10403.803188341797,809700
2017-02-23,10432.5224609375,10454.042727014965,10378.933219150189,10439.712809856517,866500
2017-02-24,10443.61328125,10446.382781423514,10396.633339660644,10423.522686373517,765700
2017-02-27,10353.43359375,10447.562420024198,10345.3536063179,10443.182586372643,740800
2017-02-28,10391.2236328125,10402.16394014835,10339.97420596386,10354.75431410704,643600
2017-03-01,10418.5029296875,10446.262383073692,10378.003385227072,10387.513043887267,750700
2017-03-02,10367.193359375,10443.75304805503,10361.883848579402,10429.863555311644,722200
2017-03-03,10396.93359375,10404.753818840027,10308.10450850537,10339.774076396174,698300
2017-03-06,10522.1630859375,10522.1630859375,10406.11457370621,10406.11457370621,782500
2017-03-07,10552.0205078125,10552.0205078125,10495.381498874034,10527.711211971102,756400
2017-03-08,10498.1923828125,10549.872469988999,10473.762968009165,10549.872469988999,637700
2017-03-09,10420.9423828125,10484.56178457539,10402.243374340032,10484.162375004404,674100
2017-03-10,10450.892578125,10476.472369419784,10415.263094831493,10415.263094831493,615400
2017-03-13,10559.7607421875,10559.7607421875,10402.602359078808,10450.532482369128,764200
2017-03-14,10531.61328125,10577.362772185688,10515.40252413054,10561.382481251783,720400
2017-03-15,10542.8916015625,10551.591699364853,10499.73192904338,10515.471987004807,696000
2017-03-16,10624.30078125,10628.060504713561,10573.650958610759,10573.650958610759,858600
2017-03-17,10515.29296875,10650.341268394068,10514.552742624437,10631.931317313449,878800
2017-03-20,10532.212890625,10533.993144254368,10459.623854542653,10512.772677240571,698400
2017-03-21,10586.5009765625,10586.5009765625,10513.511563611339,10527.291681967201,667300
2017-03-22,10553.4111328125,10586.360956144557,10488.511474859213,10535.550982878593,788500
2017-03-23,10582.9208984375,10607.611050167701,10477.452359220895,10558.220981192238,765500
2017-03-24,10646.6005859375,10666.000759465147,10579.991956320377,10583.971403975926,834300
2017-03-27,10581.80078125,10660.110446435518,10578.630895064787,10643.330361925195,746800
2017-03-28,10563.1708984375,10605.970220397037,10537.900675644541,10580.040825351298,654300
2017-03-29,10520.703125,10585.761970638172,10496.892843341817,10573.00234713945,781100
2017-03-30,10348.1533203125,10513.771577588153,10328.834201330901,10505.271673043047,850200
2017-03-31,10428.6025390625,10428.6025390625,10351.213760252303,10351.213760252303,636800
2017-04-05,10627.0107421875,10628.480452272914,10496.6625941604,10496.6625941604,959200
2017-04-06,10656.05078125,10661.650328018926,10608.011279296077,10649.720773898032,883200
2017-04-07,10669.361328125,10702.760369233345,10634.961321631547,10652.281440724486,1044900
2017-04-10,10603.1611328125,10663.979785371506,10593.640731974372,10663.740530247356,1231900
2017-04-11,10655.6708984375,10662.380784352037,10476.543018446575,10600.88147197336,1370100
2017-04-12,10587.1904296875,10667.479565233825,10584.571318536093,10643.36069602523,1391900
2017-04-13,10653.970703125,10678.660856708837,10571.581976019528,10578.461781896922,1094500
2017-04-14,10519.7431640625,10662.41149664535,10515.252979707113,10662.140991846212,1115100
2017-04-17,10450.7431640625,10505.51208117125,10406.402840952116,10483.842402285236,886200
2017-04-18,10411.3232421875,10522.731167892582,10405.232490431124,10448.89215525781,872500
2017-04-19,10348.2939453125,10393.613748872873,10234.88506263983,10377.163738293351,924500
2017-04-20,10358.9736328125,10411.633198307307,10306.274028704362,10346.874159174035,845500
2017-04-21,10314.2333984375,10407.652267757845,10300.284336852214,10357.74365039301,710300
2017-04-24,10091.7763671875,10284.924589703409,10059.997427034443,10284.924589703409,760900
2017-04-25,10165.10546875,10213.375433998464,10104.436228809354,10106.786788326097,747100
2017-04-26,10204.7255859375,10251.585412831182,10161.306150210776,10162.605940345098,844300
2017-04-27,10229.076171875,10243.965653998395,10015.777773147922,10174.136355860044,963200
2017-04-28,10234.5361328125,10235.116204461612,10175.966474181028,10208.015921070222,809700
2017-05-02,10223.85546875,10228.585884634722,10166.276034110255,10205.546103055814,773300
2017-05-03,10184.025390625,10244.234676055421,10146.145932794157,10208.485077141515,760500
2017-05-04,10147.326171875,10241.434487225388,10115.895861714447,10164.695116927527,797500
2017-05-05,10024.328125,10132.806401882212,10024.328125,10119.426668965716,775200
2017-05-08,9833.0595703125,10018.457880303995,9833.0595703125,10000.837960856134,823200
2017-05-09,9885.228515625,9887.039042109725,9736.030000596462,9794.699261734198,644800
2017-05-10,9756.7001953125,9945.498860083204,9756.7001953125,9875.629526148059,747900
2017-05-11,9776.3408203125,9776.400389958551,9566.312896609383,9704.771308512423,821600
2017-05-12,9787.880859375,9794.880781154141,9702.99118297751,9755.761101110806,639900
2017-05-15,9845.4892578125,9865.95973149753,9812.269903583721,9812.269903583721,617000
2017-05-16,10046.5478515625,10046.5478515625,9761.240493977404,9819.600193169768,900700
2017-05-17,10029.998046875,10091.356734849116,10019.248167240115,10030.248044075812,910800
2017-05-18,9974.23828125,10045.567563228467,9936.19866676919,9955.74922980428,704900
2017-05-19,9970.8486328125,10005.598244820536,9922.648975666574,9978.388587688682,639700
2017-05-22,9899.5390625,10014.827805049656,9864.839257414178,9958.178051495817,722600
2017-05-23,9763.6708984375,9914.388936620127,9761.200222989602,9878.269224054373,805000
2017-05-24,9812.349609375,9812.349609375,9609.302088198801,9721.930704368318,659800
2017-05-25,9893.6689453125,9917.697971801814,9727.40030843137,9791.989425394842,830100
2017-05-26,9859.1201171875,9913.36950998268,9838.590073539512,9871.569196596936,722500
2017-05-31,9864.7294921875,9976.53878831046,9855.189559843226,9944.008878768022,746700
2017-06-01,9730.2216796875,9854.440022409559,9729.951174888527,9833.710761154056,701700
2017-06-02,9794.7802734375,9811.470516750695,9637.432421112773,9708.611313782141,646500
2017-06-05,9842.4892578125,9866.22922602083,9799.540520593151,9799.699698495988,580400
2017-06-06,9915.80859375,9915.80859375,9821.019618915268,9834.429624606613,538900
2017-06-07,10109.7666015625,10116.946208614068,9910.419225900778,9915.068587866572,889500
2017-06-08,10148.60546875,10162.366056014283,10097.546473283881,10104.476082767053,778100
2017-06-09,10177.3359375,10182.496035819167,10124.82676137933,10146.905615069347,712700
2017-06-12,10119.876953125,10196.985464977291,10108.867310741227,10144.006565832171,729700
2017-06-13,10224.7060546875,10237.28599223573,10102.387109062505,10104.597045304678,731100
2017-06-14,10151.416015625,10226.035292945886,10138.70619774104,10208.72494090508,736500
2017-06-15,10221.576171875,10224.935509323986,10134.29687405432,10139.966732551069,787200
2017-06-16,10191.1259765625,10233.685069723711,10176.746254968253,10212.865967199587,684600
2017-06-19,10262.685546875,10262.685546875,10191.756649049465,10191.866999383397,657300
2017-06-20,10288.4150390625,10322.88437955456,10272.94450921364,10281.45515607848,799700
2017-06-21,10367.0537109375,10367.0537109375,10269.205198409078,10327.014120704383,775600
2017-06-22,10265.0859375,10418.494386203285,10265.0859375,10361.22451584576,921400
2017-06-23,10366.6640625,10366.6640625,10196.275347567906,10249.675139577974,840700
2017-06-26,10537.47265625,10537.47265625,10377.104322522797,10377.104322522797,991800
2017-06-27,10535.2431640625,10548.682467697035,10479.23304489677,10532.453156034315,808500
2017-06-28,10451.453125,10517.822498017209,10435.963064308167,10506.93199512758,773200
2017-06-29,10511.7431640625,10523.402213772044,10459.823820997115,10460.263269223038,787000
2017-06-30,10529.4931640625,10537.382724693505,10454.763527012488,10475.10314439367,749500
2017-07-03,10534.9326171875,10541.743088304818,10464.563282767833,10531.61331817291,860300
2017-07-04,10474.712890625,10527.651751488158,10437.283621870838,10527.651751488158,869400
2017-07-05,10560.970703125,10560.970703125,10434.56197291959,10442.912464653362,875000
2017-07-06,10561.9404296875,10573.99107500401,10467.792077635677,10547.390789122614,1047600
2017-07-07,10563.6005859375,10564.190423035076,10503.98114116258,10526.661549426122,988200
2017-07-10,10505.482421875,10574.092008105119,10497.272552517688,10542.432205016737,1112100
2017-07-11,10467.5927734375,10568.251802782752,10467.012701806556,10488.77222382789,960200
2017-07-12,10453.0732421875,10494.132352193797,10359.98346548753,10465.752787539426,960500
2017-07-13,10465.982421875,10491.272177768358,10431.38319990714,10444.663324647217,877200
2017-07-14,10427.6728515625,10452.82295954742,10382.253440116563,10445.452925185295,832500
2017-07-17,10055.6865234375,10383.932825614249,10006.267158291017,10383.1027568403,1270900
2017-07-18,10103.646484375,10103.646484375,9960.447894593264,10012.797893586898,912800
2017-07-19,10295.455078125,10296.174796631876,10064.196924350408,10079.566869506072,1215200
2017-07-20,10366.8642578125,10391.94307824532,10282.165011965386,10288.774312876149,1108500
2017-07-21,10364.7041015625,10406.133324550558,10342.60376341799,10354.423943387994,929700
2017-07-24,10404.103515625,10413.953991535429,10341.124726893022,10352.733972220987,1010200
2017-07-25,10353.09375,10421.092986725249,10317.804107055084,10398.133283504785,956600
2017-07-26,10297.224609375,10380.584028077348,10247.425361981856,10365.494353193166,1060800
2017-07-27,10395.07421875,10416.43335496717,10215.905323317469,10284.80494368443,1306400
2017-07-28,10437.8232421875,10456.292761389066,10371.273208107857,10381.193018611188,1082200
2017-07-31,10504.9228515625,10517.212753525195,10418.713852328121,10438.114026534786,1319500
2017-08-01,10525.232421875,10529.783152457354,10472.59335951863,10496.593092306604,1248900
2017-08-02,10469.22265625,10557.351552589542,10461.833090527785,10525.882178280253,1332600
2017-08-03,10436.052734375,10507.112483312836,10403.47302209091,10453.892377801825,1220000
2017-08-04,10361.1142578125,10450.57321537246,10360.713871678257,10426.413330101319,1289000
2017-08-07,10450.962890625,10450.962890625,10347.383973938848,10353.034301206268,1007400
2017-08-08,10496.1328125,10516.49293674525,10437.73307389794,10448.753458669757,1233200
2017-08-09,10544.4716796875,10547.941367367786,10455.152368122684,10487.652003923406,1168700
2017-08-10,10480.5224609375,10582.041833615609,10416.973366821396,10525.032705435662,1140300
2017-08-11,10291.234375,10459.793034467613,10281.514757271294,10407.213545092649,1214500
2017-08-14,10519.6826171875,10519.6826171875,10308.854887648047,10308.854887648047,1097800
2017-08-15,10559.6611328125,10559.6611328125,10502.401036668803,10527.42126218765,993000
2017-08-16,10600.6611328125,10625.220427103566,10503.95225878416,10550.301347242654,1153200
2017-08-17,10653.611328125,10658.040966087823,10583.282036500981,10601.531832411305,1155700
2017-08-18,10613.9609375,10636.031002265781,10563.141195446402,10586.230780018179,960800
2017-08-21,10689.6494140625,10689.6494140625,10624.690183057275,10624.690183057275,974300
2017-08-22,10653.861328125,10698.930160064125,10631.131113563775,10689.530851112768,972900
2017-08-23,10619.220703125,10662.71044957384,10583.060952563459,10642.100329243245,858900
2017-08-24,10552.8408203125,10627.219863392284,10537.661304187874,10617.620362394788,758000
2017-08-25,10658.890625,10671.590678356612,10556.422043788478,10556.422043788478,85600
2017-08-29,10762.25,10818.098986045945,10742.0099915232,10796.419540509663,101500
2017-08-30,10813.8076171875,10825.767443118004,10762.118747545828,10762.118747545828,99400
2017-08-31,10816.517578125,10837.267343952552,10759.66861032167,10823.187424727135,94300
2017-09-01,10880.4375,10880.4375,10807.648277577744,10822.368815549396,120500
2017-09-05,10986.8271484375,10995.407130471065,10928.737955256913,10958.077470419268,113900
2017-09-06,11024.466796875,11036.766464282788,10939.137671130053,10959.187252039086,121300
2017-09-07,10969.0068359375,11059.345666294863,10966.417021239227,11030.475872959641,122200
2017-09-08,10970.646484375,11010.986852229551,10911.69792679258,10961.577250158118,100800
2017-09-11,11053.6865234375,11053.6865234375,10963.576530118542,10979.676075487787,114900
2017-09-12,11043.5673828125,11131.906882847668,11019.827240806586,11063.806561877598,157300
2017-09-13,11091.4462890625,11091.4462890625,11015.696589189656,11040.055867675994,110300
2017-09-14,11070.4462890625,11124.495879194412,11033.776512752072,11091.936438130071,119900
2017-09-15,11063.0556640625,11104.975419421413,11022.206216952047,11058.055683923712,119100
2017-09-18,11153.486328125,11154.706049881734,11062.386101127102,11062.386101127102,109300
2017-09-19,11083.8564453125,11181.135356495735,11055.196402693937,11160.3756731788,110300
2017-09-20,11191.0859375,11191.0859375,11083.166439404793,11083.806085330521,114800
2017-09-21,11098.2958984375,11199.146085044056,11098.2958984375,11187.83558295463,112000
2017-09-22,11069.7763671875,11085.385680220925,11025.845877522299,11067.066417008087,95200
2017-09-25,10930.626953125,11056.616692229085,10910.987381891473,11054.216311040083,92900
2017-09-26,10950.7265625,10951.09667823523,10890.877187963555,10915.617325262552,86500
2017-09-27,11036.7373046875,11063.08681147735,10951.847010186428,10951.917322412684,89400
2017-09-28,11031.376953125,11072.516441318463,11015.437562086148,11029.426765408753,97300
2017-09-29,11087.146484375,11121.396348621316,11042.675957514579,11042.675957514579,98600
2017-10-09,11264.2255859375,11305.415854928711,11214.856637916406,11248.305726170916,122700
2017-10-10,11329.46484375,11329.46484375,11228.975007822051,11260.724881932267,111400
2017-10-11,11312.455078125,11344.544794446409,11285.875105549343,11319.415011424533,112600
2017-10-12,11307.275390625,11337.075076923433,11240.61549920337,11309.315421582805,95400
2017-10-13,11399.044921875,11400.004879029457,11307.9954759993,11312.22495151909,96800
2017-10-16,11271.15625,11422.895892754595,11267.225601262777,11401.825662405694,124200
2017-10-17,11275.2958984375,11317.955888420769,11214.77660306063,11254.366292510354,82400
2017-10-18,11282.7060546875,11323.215662530549,11240.586101554129,11277.496114042337,93000
2017-10-19,11189.505859375,11290.67538392,11179.146525059923,11275.265288191124,96000
2017-10-20,11238.8359375,11238.8359375,11140.296283740383,11154.886070442415,72200
2017-10-23,11306.2646484375,11306.2646484375,11228.635074061618,11239.645772501583,78900
2017-10-24,11339.0849609375,11339.0849609375,11260.635076418677,11288.974807895607,80000
2017-10-25,11437.1650390625,11437.1650390625,11324.125443986823,11330.705496267281,87200
2017-10-26,11461.2353515625,11508.974422263533,11413.88495121309,11429.95520072636,100700
2017-10-27,11444.474609375,11484.86507583426,11415.325309729391,11456.525343323436,95700
2017-10-30,11312.5654296875,11472.234717520307,11192.135243849836,11446.7445843659,124700
2017-10-31,11367.5751953125,11368.145505558774,11274.125369290841,11293.2952154113,85000
2017-11-01,11350.275390625,11424.435253366695,11341.025427234306,11370.474529431285,87400
2017-11-02,11292.3759765625,11336.965646787725,11251.765783038278,11336.436351972525,100600
2017-11-03,11215.146484375,11334.635273983879,11165.015821431465,11287.505575843894,102200
2017-11-06,11373.6953125,11373.6953125,11181.245877291338,11217.995732143052,103600
2017-11-07,11467.9248046875,11467.9248046875,11370.94569238421,11374.045289617545,111900
2017-11-08,11447.35546875,11563.77493377008,11441.754904790314,11460.105418716466,120500
2017-11-09,11553.1943359375,11553.1943359375,11414.154849249953,11443.494576439321,103600
2017-11-10,11645.00390625,11659.60443463995,11531.544392509808,11540.504318132027,113800
2017-11-13,11694.9541015625,11714.934491896742,11631.144781678353,11657.584131038531,120000
2017-11-14,11582.8740234375,11700.684103476844,11538.29412196536,11689.894107170914,122600
2017-11-15,11462.0654296875,11583.924327100787,11390.255164249715,11547.954741509497,99800
2017-11-16,11537.9150390625,11549.035112954953,11415.715319524046,11442.805057802492,103300
2017-11-17,11292.8857421875,11555.825148668475,11292.8857421875,11519.875093252584,129500
2017-11-20,11437.5048828125,11437.5048828125,11087.486726291694,11229.535973067432,104900
2017-11-21,11602.0537109375,11602.0537109375,11407.355262426528,11419.044669307516,122800
2017-11-22,11560.75390625,11666.0835661958,11454.214290170461,11597.993992774627,119000
2017-11-23,11175.42578125,11519.994738795762,11162.486379006827,11519.994738795762,117300
2017-11-24,11168.345703125,11225.156026462202,11058.946719526657,11135.026498292224,93700
2017-11-27,10954.13671875,11126.736627646258,10936.096750451168,11126.736627646258,100800
2017-11-28,11091.095703125,11091.095703125,10936.357058420374,10938.357050495973,84200
2017-11-29,11082.0859375,11108.406145628876,10936.946864602336,11095.866156292912,98100
2017-11-30,10944.056640625,11079.886185453623,10908.657365547764,11036.706667485816,81700
2017-12-01,11013.107421875,11077.386467958815,10926.726899522326,10941.827426543596,81700
2017-12-04,11014.5068359375,11099.78677668898,10993.466878954086,11007.147489647085,87900
2017-12-05,10854.716796875,11044.135968928038,10801.357633098987,10988.026816037947,97000
2017-12-06,10911.287109375,10911.287109375,10716.24783837896,10837.997358928218,89100
2017-12-07,10801.20703125,10925.156733472815,10795.796896522292,10886.216458695311,73200
2017-12-08,10935.0166015625,10964.746953488164,10789.127526390814,10789.127526390814,79900
2017-12-11,11143.2158203125,11143.2158203125,10962.136456307137,10962.136456307137,89600
2017-12-12,11043.1669921875,11176.536590436463,11043.1669921875,11145.706632270236,82500
2017-12-13,11143.845703125,11143.845703125,11019.546388606905,11029.97603497801,73400
2017-12-14,11110.1357421875,11165.566186999014,11070.93667848647,11138.415903764933,79900
2017-12-15,10998.0771484375,11104.776926881119,10970.687607009102,11092.107054506461,87600
2017-12-18,10960.0771484375,11046.056303545547,10916.147633162233,10991.06726131642,72000
2017-12-19,11074.9462890625,11077.1357334998,10963.746534989878,10964.096142977636,71200
2017-12-20,11003.287109375,11079.086618059122,10988.846736078356,11072.36691773761,74300
2017-12-21,11118.2060546875,11148.995972051182,10935.176504684225,10988.726097714052,85100
2017-12-22,11094.1162109375,11154.705814683788,11078.215883295874,11112.686449878242,69300
2017-12-25,11005.45703125,11132.546378803398,10967.32729730792,11102.116810109961,81700
2017-12-26,11021.787109375,11025.056627878688,10900.597152149989,11002.296950982936,75800
2017-12-27,10911.1669921875,11026.68704507595,10911.1669921875,11007.39708197834,86900
2017-12-28,10973.966796875,11029.04665933388,10891.707353338223,10907.787368501655,89700
2017-12-29,11040.4072265625,11040.577147776175,10971.596947493897,10984.817599164739,76200
2018-01-02,11178.005859375,11178.005859375,11072.826585377741,11079.59609001405,97900
2018-01-03,11280.255859375,11316.4158747538,11171.076597212585,11181.136128335438,115500
2018-01-04,11341.3046875,11341.3046875,11259.415363418655,11270.865513378154,99200
2018-01-05,11342.8046875,11372.245000592522,11310.245246135428,11339.525403612226,107700
2018-01-08,11382.6748046875,11385.995104083895,11287.555062891306,11343.775544141441,122800
2018-01-09,11447.044921875,11449.554677650915,11358.085310043543,11371.885060576398,107900
2018-01-10,11437.03515625,11446.365197728881,11345.05504877535,11439.174796283518,113800
2018-01-11,11464.1552734375,11482.764575517627,11372.315789557173,11411.535362439205,106500
2018-01-12,11461.9453125,11496.485216193048,11420.215007300209,11459.415048979157,102200
2018-01-15,11307.4150390625,11476.53448437561,11277.2647682179,11453.284576742384,133200
2018-01-16,11386.865234375,11402.414977717817,11283.245525973543,11283.555095064774,117000
2018-01-17,11303.9248046875,11367.114983256795,11185.875469128872,11366.554438609404,133200
2018-01-18,11319.865234375,11375.065210631321,11279.375160681244,11287.594854624622,89600
2018-01-19,11296.224609375,11392.994732360221,11276.525468962882,11314.414966724618,112000
2018-01-22,11513.03515625,11513.03515625,11273.646441865923,11289.816300648927,107800
2018-01-23,11555.2041015625,11564.904258344997,11493.69458025953,11514.513833500852,101600
2018-01-24,11607.5244140625,11613.914037234172,11456.214465496836,11548.164297221592,127800
2018-01-25,11552.513671875,11633.41374108192,11548.633804477315,11588.333842060532,123900
2018-01-26,11557.7744140625,11605.083796499146,11512.894709477074,11524.65442840167,100800
2018-01-29,11352.6748046875,11556.604661811396,11323.645622679287,11547.633994182808,122400
2018-01-30,11278.736328125,11369.955699269689,11260.265696967075,11319.925620764261,93800
2018-01-31,11159.6357421875,11244.135409437904,11119.276526117272,11210.015426610822,107200
2018-02-01,10864.296875,11171.316168538311,10836.306751327113,11145.366075859518,129200
2018-02-02,10925.1171875,10933.107390449339,10663.498099266699,10794.087429405707,107000
2018-02-05,10836.20703125,10873.197118948416,10741.807014948847,10761.03740744468,91100
2018-02-06,10377.5693359375,10685.11792509011,10377.5693359375,10603.498130491338,117900
2018-02-07,10246.9296875,10599.498622364938,10173.620403637695,10563.268295182059,112700
2018-02-08,10372.548828125,10411.159027013218,10219.169551812116,10219.34923860159,86200
2018-02-09,10001.19140625,10172.740540903522,9868.791532750396,10096.430292079922,113500
2018-02-12,10291.83984375,10325.639516944273,10059.821215138256,10059.821215138256,81000
2018-02-13,10362.388671875,10486.768062378382,10350.128954775488,10367.638651094929,77200
2018-02-14,10431.869140625,10433.048823486768,10319.1098183428,10381.119340161129,53400
2018-02-22,10658.8984375,10667.757777597419,10526.938996434757,10547.768015938487,78400
2018-02-23,10662.748046875,10700.068212400189,10578.748377683703,10667.767558357089,75900
2018-02-26,10895.5166015625,10920.166894973909,10670.127841992744,10731.267249314196,111800
2018-02-27,10807.4873046875,10915.316954099968,10791.907288506021,10898.246709468387,104000
2018-02-28,10828.6875,10875.666805771367,10656.318066782656,10705.767089316569,100900
2018-03-01,10943.0869140625,10943.0869140625,10732.887544111642,10754.577888630578,97800
2018-03-02,10856.20703125,10947.346318959184,10839.966861153418,10857.827142025119,91600
2018-03-05,10875.63671875,10912.987157118978,10813.42700359799,10882.827120028815,80000
2018-03-06,11007.9072265625,11007.9072265625,10873.807164077092,10909.237689838517,112200
2018-03-07,10904.947265625,11031.437001592652,10897.537138573114,10993.906876035058,91800
2018-03-08,11019.037109375,11019.037109375,10892.137213596314,10902.307095813845,83200
2018-03-09,11194.8662109375,11203.675746668274,11030.506504567049,11040.326778517681,120300
2018-03-12,11326.224609375,11328.724599459583,11260.415300074237,11266.275628393605,134100
2018-03-13,11241.3662109375,11335.255492338312,11236.33595716452,11310.995821550434,108900
2018-03-14,11139.5859375,11242.255454347018,11138.345708017665,11198.725352634387,93900
2018-03-15,11163.6064453125,11195.89635726641,11051.576612878185,11100.486576595094,90300
2018-03-16,11051.076171875,11192.315844601391,11051.076171875,11166.385283653428,81700
2018-03-19,11068.4462890625,11120.705847200148,10994.636035238087,11045.986417297958,80600
2018-03-20,11077.755859375,11081.986311342853,10951.946788145438,10982.686900574816,80300
2018-03-21,10980.5068359375,11170.515858022125,10973.53713664872,11100.866716509572,94100
2018-03-22,10877.20703125,11035.536483918608,10858.39753524155,10988.786668596635,82700
2018-03-23,10439.94921875,10664.887788154609,10256.459705253705,10511.118861019486,148400
2018-03-26,10564.337890625,10564.337890625,10217.179114296447,10303.709043786122,101900
2018-03-27,10775.66796875,10799.328032798028,10675.458398323704,10683.118524722611,114100
2018-03-28,10630.6484375,10768.4379322794,10613.017647768487,10633.658191236154,99500
2018-03-29,10755.8779296875,10778.757723174647,10564.248795017234,10676.517887955752,95800
2018-03-30,10868.607421875,10883.006779010026,10766.487708415067,10776.667355670103,99700
2018-04-02,10852.9072265625,10950.176372705217,10835.667060444637,10887.426621143568,116500
2018-04-03,10754.248046875,10783.88757957881,10667.288425489342,10718.387835336118,100200
2018-04-04,10684.517578125,10829.777749412382,10678.898459584205,10778.81798875644,89000
2018-04-09,10653.337890625,10725.068076636628,10571.118488146145,10655.02831364937,85300
2018-04-10,10765.578125,10765.578125,10628.198778049042,10671.648803880478,92300
2018-04-11,10808.3271484375,10856.39726983364,10786.79696059375,10796.457078439733,89900
2018-04-12,10726.908203125,10825.617777648178,10720.788109895579,10797.307341598882,75300
2018-04-13,10686.9775390625,10825.62738489265,10670.608462756276,10789.727135329986,72500
2018-04-16,10621.748046875,10704.347329700682,10540.648758119216,10660.648283711185,95000
2018-04-17,10395.119140625,10669.108293931451,10390.00880922614,10636.83791344696,95400
2018-04-18,10491.109375,10514.699126524443,10249.830044858598,10477.47856891546,111000
2018-04-19,10598.3076171875,10646.658011553016,10485.36861154488,10502.318739698265,101000
2018-04-20,10408.869140625,10619.12807773524,10392.649477975265,10571.948576143692,97100
2018-04-23,10330.5888671875,10471.168387168434,10228.049235238974,10416.738915770227,94900
2018-04-24,10556.7783203125,10556.7783203125,10325.468693528548,10325.468693528548,97600
2018-04-25,10547.05859375,10579.138547121798,10488.829328005702,10503.89958190018,86900
2018-04-26,10292.080078125,10507.968886694813,10290.330084932963,10494.989445000961,91500
2018-04-27,10324.4287109375,10382.728284019602,10239.92904662741,10352.978402206285,82700
2018-05-02,10342.80859375,10433.238899200478,10283.478750904476,10356.149361158115,77300
2018-05-03,10458.5791015625,10459.348629794626,10228.219653405391,10329.119648328804,91300
2018-05-04,10426.1494140625,10490.018303432476,10411.789118992234,10428.808583289045,70100
2018-05-07,10626.4677734375,10626.4677734375,10450.448937754089,10456.388367408483,81900
2018-05-08,10707.7578125,10721.938420950974,10630.53838876584,10632.068656202151,85200
2018-05-09,10689.0283203125,10705.10833526665,10639.878122775614,10693.17771807396,68800
2018-05-10,10729.7275390625,10742.597605881316,10651.82842986832,10706.688566728522,76200
2018-05-11,10634.2578125,10752.777852304687,10634.18847683629,10748.847203763396,80400
2018-05-14,10671.41796875,10723.747840956179,10641.248165593623,10649.068447320698,82700
2018-05-15,10747.9482421875,10747.9482421875,10632.5082635235,10692.778535860305,75500
2018-05-16,10701.2783203125,10776.387400581862,10691.097696199122,10713.547803416623,74400
2018-05-17,10635.4580078125,10713.667659953297,10615.878006995601,10702.028057472668,64600
2018-05-18,10672.4775390625,10679.467745933664,10557.708459385689,10623.868355321367,69100
2018-05-21,10765.3076171875,10789.717678221285,10731.568490981059,10741.148531737237,87400
2018-05-22,10765.767578125,10765.767578125,10689.468071045932,10754.65824645727,74800
2018-05-23,10631.078125,10746.77786330475,10631.078125,10746.77786330475,80900
2018-05-24,10564.087890625,10657.40783217878,10552.307664013832,10632.457736042765,70600
2018-05-25,10448.1787109375,10576.768049894057,10435.909227852882,10550.588465165272,77800
2018-05-28,10465.4990234375,10536.529018499392,10382.679035519592,10439.609476464435,75000
2018-05-29,10349.029296875,10517.09796671703,10347.899418540472,10446.948830671972,73500
2018-05-30,10105.75,10252.109771683912,10097.440462609953,10203.619729426848,90300
2018-05-31,10295.6904296875,10295.6904296875,10115.620817462874,10178.920375983786,82600
2018-06-01,10169.3095703125,10280.699756742053,10122.950377839996,10247.119810829525,71700
2018-06-04,10204.2802734375,10237.559439733313,10148.650608901993,10192.000048184555,68900
2018-06-05,10385.5693359375,10385.5693359375,10215.979185385682,10216.589534537738,72000
2018-06-06,10365.0888671875,10403.888518341155,10337.669053815263,10375.218709915265,64500
2018-06-07,10313.80859375,10411.51816611919,10308.01857771305,10397.60904174505,64400
2018-06-08,10205.4794921875,10291.86001266661,10136.540309530952,10290.589509838663,68500
2018-06-11,10175.3095703125,10242.71946130975,10141.229626289465,10191.269468449025,58300
2018-06-12,10315.2392578125,10322.958953679818,10124.940209795222,10187.269063524704,64400
2018-06-13,10161.6103515625,10287.959463093182,10161.34961040238,10280.039572424359,62900
2018-06-14,10084.1396484375,10213.749485384322,10054.330196483386,10124.719565439995,58700
2018-06-15,9943.0908203125,10108.490561146857,9902.590979420474,10077.39009739087,72200
2018-06-19,9414.72265625,9814.971078617886,9336.663393618412,9775.93119343626,108000
2018-06-20,9501.302734375,9549.49297584518,9310.154066884605,9367.703646799882,77500
2018-06-21,9316.642578125,9573.45210209493,9313.052748673748,9493.462186329962,81000
2018-06-22,9409.9130859375,9416.05271016249,9172.263632518041,9246.983064413482,69400
2018-06-25,9324.79296875,9494.40264532603,9320.623063469748,9472.872457571055,69900
2018-06-26,9339.3330078125,9364.472556359255,9175.353190628144,9200.96344042959,75500
2018-06-27,9168.6240234375,9378.043120008624,9139.784293342565,9337.972965421892,69700
2018-06-28,9071.6943359375,9230.852881692057,9065.164088510159,9130.48316427995,68000
2018-06-29,9379.4326171875,9380.993157888279,9078.204316798525,9100.563603334842,79900
2018-07-02,9179.763671875,9393.062636988434,9107.51395625982,9369.203355901845,76700
2018-07-03,9221.50390625,9232.98335345734,8945.384870985517,9184.273583380356,87900
2018-07-04,9035.455078125,9200.23373385912,9008.054794112366,9182.924230896544,76600
2018-07-05,8862.14453125,9096.50395310543,8844.634835086206,9036.084270916146,73200
2018-07-06,8911.3046875,9035.414549433037,8736.325885626513,8873.865382077904,86400
2018-07-09,9160.583984375,9160.583984375,8954.274251263721,8954.274251263721,74200
2018-07-10,9205.3935546875,9213.833951244938,9123.183916437501,9176.254020627872,70100
2018-07-11,9023.78515625,9092.844457510653,8916.945728741473,9024.684566808439,77100
2018-07-12,9273.57421875,9312.33383335514,9019.924816424234,9019.924816424234,102200
2018-07-13,9326.9326171875,9344.613210903637,9270.163311807411,9288.432770368114,84000
2018-07-16,9317.3232421875,9366.172657003268,9278.033359610177,9322.932594846365,74500
2018-07-17,9285.1240234375,9307.623935879692,9175.624449552171,9307.623935879692,69100
2018-07-18,9195.2041015625,9335.053161396696,9195.2041015625,9293.163677565099,74800
2018-07-19,9148.744140625,9266.893088060202,9116.4141901866,9214.86399667323,69100
2018-07-20,9251.4443359375,9277.913959119178,9055.824982768801,9141.474062316816,84100
2018-07-23,9314.2626953125,9314.2626953125,9160.01330986445,9188.433118510804,98900
2018-07-24,9465.7626953125,9491.20302526427,9313.133410864604,9316.613865969903,122900
2018-07-25,9463.72265625,9514.903119622446,9436.953229968913,9475.68257029,99600
2018-07-26,9352.212890625,9488.351998865513,9331.413168470339,9467.522003393477,95600
2018-07-27,9295.8935546875,9363.133527703081,9270.31357599098,9344.713677425394,74700
2018-07-30,9181.904296875,9309.403795136437,9139.704267628895,9289.323796030649,74800
2018-07-31,9178.744140625,9216.694186544306,9132.044129150587,9168.793984482034,64500
2018-08-01,9005.3349609375,9235.704178778351,9005.3349609375,9205.714061482846,80600
2018-08-02,8780.525390625,8971.675037167512,8613.806313044846,8971.675037167512,98700
2018-08-03,8602.0859375,8807.915197779208,8602.0859375,8767.524733267426,67200
2018-08-06,8422.806640625,8638.336064434732,8374.367378449993,8582.395855266335,70400
2018-08-07,8673.99609375,8673.99609375,8379.667175421517,8453.51649379493,77900
2018-08-08,8499.1865234375,8665.35579615165,8498.176761757259,8654.515994748679,72300
2018-08-09,8752.166015625,8797.545721216895,8460.396647254533,8475.756938830742,93500
2018-08-10,8813.455078125,8839.254779899311,8742.365517946237,8752.905514965432,70200
2018-08-13,8844.8251953125,8855.58491816995,8676.175475033335,8712.085488548868,75200
2018-08-14,8784.8662109375,8843.535904543594,8752.725710988037,8832.235167261899,64100
2018-08-15,8581.1455078125,8786.314612475408,8567.196344623619,8786.314612475408,71300
2018-08-16,8500.38671875,8628.876451234817,8407.967157872486,8470.877068391828,70900
2018-08-17,8357.0068359375,8597.755879420323,8341.06646958248,8573.53624908455,68700
2018-08-20,8414.1171875,8414.1171875,8241.107128031139,8354.96703028868,71400
2018-08-21,8549.0263671875,8561.756786494478,8396.547467204979,8419.757337998852,71300
2018-08-22,8454.716796875,8533.396175387566,8440.546930647499,8533.396175387566,56800
2018-08-23,8501.3564453125,8543.386554596082,8411.70738138578,8446.947478126116,66100
2018-08-24,8484.70703125,8544.2165639969,8438.04705759404,8480.186541127492,61300
2018-08-27,8728.525390625,8728.525390625,8511.336787980263,8511.336787980263,85600
2018-08-28,8733.7158203125,8758.675683568745,8693.485509005162,8731.6054770089,74600
2018-08-29,8678.2255859375,8724.775207286655,8649.696401426323,8716.78598094018,74700
2018-08-30,8552.7666015625,8701.006260448872,8543.756870914629,8666.866744546101,76400
2018-08-31,8465.4365234375,8536.026090321186,8425.31656360846,8509.236156334133,66200
2018-09-03,8455.5166015625,8459.916974908114,8344.896918756402,8440.917049517026,72100
2018-09-04,8554.4072265625,8573.166919373522,8420.847198088157,8454.106834619013,78600
2018-09-05,8402.4765625,8536.80610980998,8402.4765625,8519.536646801784,78900
2018-09-06,8324.126953125,8450.85593981824,8295.447380021555,8369.266421511016,65500
2018-09-07,8322.3271484375,8462.355886647643,8270.367394800935,8344.537020765509,73400
2018-09-10,8158.4580078125,8311.877323668916,8155.317883497492,8310.42713408478,71000
2018-09-11,8168.06787109375,8216.587699193282,8111.9679947757895,8155.9180166864335,61900
2018-09-12,8111.12841796875,8196.82827794366,8094.978090538858,8162.137983996867,57300
2018-09-13,8163.7275390625,8227.167718317965,8038.088386589372,8196.177606277373,74000
2018-09-14,8113.84814453125,8180.668195656679,8090.368255906875,8173.5280868673135,73500
2018-09-17,7999.31884765625,8074.758494351287,7977.408776999751,8068.028540173659,63600
2018-09-18,8133.18798828125,8133.867673088099,7958.488485189864,7970.418613699733,71200
2018-09-19,8248.087890625,8313.58763470731,8097.198343455184,8111.208542621406,89000
2018-09-20,8233.857421875,8295.09741656228,8218.347716953562,8241.667938180355,70900
2018-09-21,8409.146484375,8419.436482807918,8216.647244449323,8257.986924971512,87900
2018-09-25,8353.3466796875,8390.617039356692,8311.896649131786,8336.71686297568,64000
2018-09-26,8420.5068359375,8485.646227522127,8344.686822405416,8369.486529304531,83300
2018-09-27,8334.716796875,8434.836515214212,8331.747082142994,8411.146179902225,78000
2018-09-28,8401.056640625,8405.947246296075,8317.447596069333,8351.596875165147,68100
2018-10-08,8060.79833984375,8249.357167731883,8055.948261284016,8225.807455768125,77400
2018-10-09,8046.3583984375,8132.117825790615,8013.158334080264,8083.198096875963,59100
2018-10-10,8010.658203125,8090.188161464274,7952.098376545673,8062.4280175439,61500
2018-10-11,7524.06005859375,7803.25914865344,7481.86051861591,7752.999093709397,112000
2018-10-12,7558.25,7595.900242254895,7331.781165894035,7484.830367453248,98500
2018-10-15,7444.45068359375,7621.999789554885,7430.930717268946,7571.6801633638825,72600
2018-10-16,7298.951171875,7493.120327374094,7263.261371334601,7444.910556718138,73000
2018-10-17,7365.18115234375,7419.180941125866,7206.3116565675455,7390.6610331490265,81200
2018-10-18,7187.4619140625,7316.161113988237,7182.361836501771,7308.971200911958,74200
2018-10-19,7387.7109375,7390.890612390608,7084.411847301039,7097.0118949902535,90800
2018-10-22,7748.78955078125,7816.789285115795,7464.890757590397,7464.890757590397,126500
2018-10-23,7574.96044921875,7769.489469476319,7523.040243215572,7752.149693907259,101600
2018-10-24,7545.080078125,7653.210022362143,7484.600336407667,7531.570365831295,84700
2018-10-25,7529.38037109375,7543.080023931125,7305.741119060026,7334.491005329571,89800
2018-10-26,7504.69091796875,7621.3501305222935,7476.100697548241,7582.740417965962,87300
2018-10-29,7322.21142578125,7450.350570066611,7290.791139245341,7449.610826883315,74300
2018-10-30,7375.201171875,7451.631049110186,7189.322015133151,7271.931555729685,94700
2018-10-31,7482.80078125,7526.570629412292,7373.72113019676,7385.951062782529,88200
2018-11-01,7567.76025390625,7689.5395597640645,7558.370154145012,7568.170408541965,113500
2018-11-02,7867.50927734375,7867.50927734375,7709.409797851591,7763.459879486189,130500
2018-11-05,7839.04931640625,7895.509055786448,7733.109790724122,7831.789090990319,113100
2018-11-06,7791.21923828125,7807.059019491758,7701.479358222162,7807.059019491758,88600
2018-11-07,7752.009765625,7871.1391832088575,7745.359889250595,7783.099487962258,96700
2018-11-08,7697.98974609375,7823.569330359207,7692.30959265051,7813.5991547245885,84500
2018-11-09,7648.51953125,7705.229267725936,7626.139737018473,7650.139642024976,82800
2018-11-12,7832.25927734375,7832.789060419242,7622.440277203065,7634.7898380743445,107300
2018-11-13,7963.62890625,8008.078438857264,7718.6498871010745,7733.079517977899,156000
2018-11-14,7908.5185546875,7990.418621689678,7894.178767600242,7942.048695632815,127600
2018-11-15,8002.06884765625,8002.06884765625,7884.309053630267,7889.889109963808,115300
2018-11-16,8062.25830078125,8116.698027877402,7959.108804500864,8003.4387081145915,137700
2018-11-19,8108.818359375,8108.818359375,8014.538454953303,8050.518294595336,127300
2018-11-20,7879.4892578125,8054.208790546922,7870.37943009624,8031.328508778351,124700
2018-11-21,7908.43896484375,7919.038532334823,7776.529329831394,7786.749016011058,101500
2018-11-22,7893.958984375,7950.938739276662,7857.778951820491,7929.758647341538,88200
2018-11-23,7636.669921875,7889.098608692222,7616.44002160202,7882.818848430322,107100
2018-11-26,7615.88037109375,7682.170150901725,7586.570427129067,7627.370072252112,70700
2018-11-27,7635.1298828125,7682.7293034548775,7588.969909587686,7657.769441483712,69500
2018-11-28,7757.03955078125,7757.03955078125,7572.620348640004,7633.3403265115885,91700
2018-11-29,7596.97998046875,7820.419534126297,7596.97998046875,7800.539240976366,91000
2018-11-30,7681.7197265625,7688.849581276447,7537.8902152654855,7583.809956172102,77200
2018-12-03,7938.47021484375,7968.08984375,7835.22998046875,7901.830078125,120600
2018-12-04,7953.72021484375,7954.31005859375,7890.66015625,7916.5498046875,86600
2018-12-05,7928.509765625,7972.97998046875,7808.740234375,7825.1201171875,89800
2018-12-06,7735.0498046875,7872.4501953125,7725.990234375,7854.58984375,84100
2018-12-07,7733.89013671875,7765.14013671875,7712.27001953125,7741.72998046875,63400
2018-12-10,7624.85986328125,7698.52978515625,7606.0,7663.259765625,68600
2018-12-11,7685.39990234375,7685.39990234375,7628.14990234375,7642.16015625,61500
2018-12-12,7698.02001953125,7737.240234375,7675.259765625,7721.81982421875,60200
2018-12-13,7808.0400390625,7849.66015625,7679.02001953125,7717.47021484375,81700
2018-12-14,7629.64990234375,7792.740234375,7624.72021484375,7785.2900390625,81300
2018-12-17,7592.64990234375,7618.68017578125,7515.4599609375,7599.009765625,65300
2018-12-18,7530.31982421875,7609.39013671875,7473.4501953125,7540.9599609375,63300
2018-12-19,7418.68994140625,7548.72021484375,7407.4599609375,7541.5,56800
2018-12-20,7426.43994140625,7445.0498046875,7363.77001953125,7402.2001953125,61700
2018-12-21,7337.60009765625,7405.27001953125,7283.759765625,7399.14990234375,72300
2018-12-24,7392.56005859375,7393.7099609375,7293.14990234375,7315.259765625,57700
2018-12-25,7332.35009765625,7362.06982421875,7180.080078125,7308.60986328125,80000
2018-12-26,7289.5498046875,7369.83984375,7277.56005859375,7323.990234375,60800
2018-12-27,7215.33984375,7415.919921875,7215.33984375,7402.60009765625,74000
2018-12-28,7239.7900390625,7282.5,7174.89990234375,7229.8701171875,67400
2019-01-02,7149.27001953125,7266.47021484375,7136.9501953125,7259.490234375,62800
2019-01-03,7089.43994140625,7217.830078125,7081.830078125,7134.14990234375,72000
2019-01-04,7284.83984375,7284.83984375,7011.330078125,7022.1201171875,104000
2019-01-07,7400.2001953125,7409.3798828125,7303.4599609375,7333.31982421875,105700
2019-01-08,7391.64990234375,7412.18994140625,7361.41015625,7381.60986328125,92400
2019-01-09,7447.93017578125,7552.2001953125,7404.490234375,7425.64013671875,109600
2019-01-10,7428.60986328125,7491.68994140625,7415.27978515625,7442.7001953125,87800
2019-01-11,7474.009765625,7490.169921875,7404.31005859375,7441.18017578125,82100
2019-01-14,7409.2001953125,7488.35986328125,7394.9599609375,7473.8798828125,83000
2019-01-15,7547.35009765625,7549.66015625,7386.14990234375,7403.7900390625,90600
2019-01-16,7540.4501953125,7586.66015625,7518.7099609375,7545.35009765625,89100
2019-01-17,7470.35986328125,7545.81005859375,7463.990234375,7534.0400390625,85100
2019-01-18,7581.39013671875,7584.759765625,7479.66015625,7486.9501953125,96400
2019-01-21,7626.240234375,7661.6201171875,7578.490234375,7591.18994140625,90400
2019-01-22,7516.7900390625,7615.7998046875,7493.77978515625,7615.7998046875,77600
2019-01-23,7523.77001953125,7542.64990234375,7489.31982421875,7493.06982421875,65000
2019-01-24,7573.52001953125,7604.990234375,7485.240234375,7537.5,82000
2019-01-25,7595.4501953125,7657.02978515625,7554.5498046875,7581.2900390625,89000
2019-01-28,7589.580078125,7704.85009765625,7569.77001953125,7641.2900390625,84200
2019-01-29,7551.2998046875,7578.1298828125,7428.39990234375,7575.43017578125,88100
2019-01-30,7470.47021484375,7580.22021484375,7470.35986328125,7518.02978515625,70200
2019-01-31,7479.22021484375,7552.56005859375,7428.85986328125,7485.7900390625,89900
2019-02-01,7684.0,7684.10986328125,7517.830078125,7524.669921875,89500
2019-02-11,7919.0498046875,7922.5400390625,7695.169921875,7695.169921875,105000
2019-02-12,8010.06982421875,8027.6298828125,7903.89990234375,7915.06005859375,131700
2019-02-13,8171.2099609375,8191.97998046875,8016.77978515625,8029.97021484375,159300
2019-02-14,8219.9599609375,8260.330078125,8141.10009765625,8182.31982421875,159700
2019-02-15,8125.6298828125,8223.6396484375,8117.509765625,8198.4501953125,153800
2019-02-18,8446.919921875,8446.919921875,8187.89013671875,8187.89013671875,194400
2019-02-19,8440.8701171875,8537.349609375,8350.8603515625,8480.759765625,204000
2019-02-20,8473.4296875,8488.4697265625,8372.9599609375,8443.98046875,168300
2019-02-21,8451.7099609375,8619.6201171875,8416.169921875,8467.150390625,198600
2019-02-22,8651.2001953125,8651.2001953125,8393.8603515625,8431.5595703125,195800
2019-02-25,9134.580078125,9134.580078125,8785.419921875,8804.9697265625,315600
2019-02-26,9089.0400390625,9276.4501953125,9036.75,9162.919921875,342700
2019-02-27,9005.76953125,9158.2001953125,8901.7197265625,9062.9697265625,258600
2019-02-28,9031.9296875,9097.400390625,8970.650390625,9001.1796875,188200
2019-03-01,9167.650390625,9167.650390625,9005.490234375,9111.9599609375,189700
2019-03-04,9384.419921875,9567.150390625,9260.73046875,9280.650390625,295500
2019-03-05,9595.740234375,9595.740234375,9328.0,9366.76953125,256600
2019-03-06,9700.490234375,9707.919921875,9518.7099609375,9640.9501953125,323200
2019-03-07,9678.1103515625,9782.2197265625,9546.5595703125,9685.2998046875,313300
2019-03-08,9363.7197265625,9726.2998046875,9346.73046875,9447.599609375,343000
2019-03-11,9704.330078125,9704.330078125,9370.3798828125,9425.7998046875,263400
2019-03-12,9841.240234375,9928.2001953125,9683.0703125,9766.5,304000
2019-03-13,9592.0595703125,9828.150390625,9534.330078125,9828.150390625,269300
2019-03-14,9417.9296875,9620.4599609375,9323.0595703125,9521.6201171875,213600
2019-03-15,9550.5400390625,9650.5400390625,9452.91015625,9485.330078125,180200
2019-03-18,9843.4296875,9843.4296875,9510.66015625,9583.4501953125,199900
2019-03-19,9839.740234375,9908.169921875,9774.75,9844.4599609375,193500
2019-03-20,9800.599609375,9848.76953125,9642.669921875,9828.0703125,204100
2019-03-21,9869.7998046875,9934.8603515625,9771.8603515625,9808.740234375,234300
2019-03-22,9879.2197265625,9891.830078125,9692.25,9871.990234375,203100
2019-03-25,9701.7001953125,9858.080078125,9680.9404296875,9705.01953125,205800
2019-03-26,9513.0,9780.080078125,9487.099609375,9753.169921875,195600
2019-03-27,9609.4404296875,9609.4404296875,9446.349609375,9582.0302734375,161600
2019-03-28,9546.509765625,9695.51953125,9537.6103515625,9586.3798828125,154100
2019-03-29,9906.8603515625,9906.8603515625,9554.0703125,9556.2998046875,202700
2019-04-01,10267.7001953125,10277.5498046875,9976.98046875,9976.98046875,253500
2019-04-02,10260.3603515625,10334.9501953125,10220.8095703125,10314.7900390625,249900
2019-04-03,10340.509765625,10350.5703125,10166.669921875,10199.9697265625,210400
2019-04-04,10415.7998046875,10453.5,10309.5302734375,10379.2001953125,222800
2019-04-08,10351.8701171875,10541.1904296875,10226.25,10510.4296875,248100
2019-04-09,10436.6201171875,10438.990234375,10304.73046875,10368.0302734375,189900
2019-04-10,10435.080078125,10529.740234375,10328.6103515625,10403.240234375,206500
2019-04-11,10158.400390625,10437.4501953125,10149.3798828125,10420.650390625,179500
2019-04-12,10132.33984375,10186.4697265625,10053.8095703125,10138.08984375,143400
2019-04-15,10053.759765625,10365.3095703125,10048.830078125,10294.8203125,168100
2019-04-16,10287.6396484375,10287.6396484375,9928.2802734375,9993.25,175500
2019-04-17,10344.4296875,10410.650390625,10257.5595703125,10288.4501953125,188300
2019-04-18,10287.669921875,10363.849609375,10267.3095703125,10338.5,157300
2019-04-19,10418.240234375,10418.240234375,10208.6103515625,10280.33984375,156700
2019-04-22,10224.3095703125,10418.7099609375,10192.51953125,10418.7099609375,174500
2019-04-23,10124.66015625,10247.3896484375,10091.919921875,10206.01953125,159000
2019-04-24,10236.26953125,10239.3701171875,10023.91015625,10162.3798828125,161300
2019-04-25,9907.6201171875,10209.1396484375,9902.01953125,10186.23046875,172800
2019-04-26,9780.8203125,9927.740234375,9774.75,9852.9404296875,140600
2019-05-06,8943.51953125,9333.919921875,8893.150390625,9289.740234375,167900
2019-05-07,9089.4599609375,9160.51953125,8928.5703125,9011.51953125,130700
2019-05-08,9002.5302734375,9167.8095703125,8873.4404296875,8899.91015625,121100
2019-05-09,8877.3095703125,9012.240234375,8860.169921875,8919.5,101700
2019-05-10,9235.3896484375,9238.5498046875,8820.58984375,8988.919921875,145100
2019-05-13,9103.3603515625,9191.0703125,9059.3203125,9112.51953125,106400
2019-05-14,9038.3603515625,9142.4599609375,8996.919921875,8998.9697265625,100800
2019-05-15,9259.0302734375,9282.9599609375,9123.900390625,9125.26953125,110600
2019-05-16,9293.3203125,9307.2197265625,9211.75,9247.990234375,117300
2019-05-17,9000.1904296875,9303.0498046875,8964.3701171875,9299.4599609375,135800
2019-05-20,8916.1103515625,8994.1796875,8792.83984375,8980.7998046875,113900
2019-05-21,9087.51953125,9120.6904296875,8892.150390625,8920.4599609375,118300
2019-05-22,9041.2197265625,9132.3701171875,8986.5302734375,9068.990234375,111500
2019-05-23,8809.5302734375,8997.25,8789.41015625,8997.25,111300
2019-05-24,8776.76953125,8880.8095703125,8745.599609375,8788.169921875,93000
2019-05-27,8979.830078125,9003.8701171875,8732.98046875,8795.1396484375,117200
2019-05-28,9035.6904296875,9082.7001953125,8946.7001953125,8979.580078125,109700
2019-05-29,9010.3603515625,9077.509765625,8956.7197265625,8971.2197265625,96400
2019-05-30,8943.349609375,8974.400390625,8845.830078125,8974.400390625,105900
2019-05-31,8922.6904296875,9016.16015625,8892.1201171875,8939.41015625,95700
2019-06-03,8856.990234375,9012.080078125,8826.75,8953.3701171875,107300
2019-06-04,8748.26953125,8868.08984375,8697.490234375,8854.5,95400
2019-06-05,8746.0498046875,8851.1201171875,8729.2099609375,8831.1298828125,87600
2019-06-06,8584.9404296875,8741.830078125,8557.580078125,8741.830078125,93000
2019-06-10,8711.7900390625,8748.9697265625,8582.48046875,8621.73046875,86800
2019-06-11,9037.669921875,9045.1201171875,8718.4697265625,8721.26953125,134600
2019-06-12,8954.7197265625,9038.8701171875,8930.91015625,9008.5595703125,114800
2019-06-13,8951.6103515625,8974.7998046875,8866.2197265625,8948.580078125,97300
2019-06-14,8810.1298828125,8994.16015625,8801.330078125,8956.919921875,104500
2019-06-17,8780.8701171875,8864.76953125,8753.419921875,8807.83984375,76400
2019-06-18,8804.3203125,8839.23046875,8722.9296875,8785.76953125,70500
2019-06-19,8925.73046875,9084.1796875,8923.4404296875,9051.849609375,112500
2019-06-20,9134.9599609375,9183.150390625,8900.75,8923.5703125,134900
2019-06-21,9214.26953125,9252.5498046875,9158.3203125,9181.6396484375,143100
2019-06-24,9212.1201171875,9251.48046875,9171.349609375,9220.23046875,104900
2019-06-25,9118.099609375,9206.1796875,9004.759765625,9206.1796875,105700
2019-06-26,9122.4296875,9164.2802734375,9040.3203125,9064.1298828125,77200
2019-06-27,9239.48046875,9274.419921875,9152.6298828125,9154.0400390625,96500
2019-06-28,9178.3095703125,9236.0595703125,9126.8896484375,9236.0595703125,86400
2019-07-01,9530.4599609375,9530.4599609375,9339.76953125,9384.7900390625,153600
2019-07-02,9545.51953125,9560.51953125,9483.16015625,9516.419921875,131300
2019-07-03,9419.83984375,9520.3798828125,9376.3095703125,9519.7998046875,104300
2019-07-04,9368.2998046875,9466.01953125,9323.0703125,9435.0400390625,90900
2019-07-05,9443.2197265625,9464.3896484375,9345.7900390625,9379.9404296875,74500
2019-07-08,9186.2900390625,9420.240234375,9124.16015625,9419.6904296875,104100
2019-07-09,9198.7900390625,9221.7197265625,9119.650390625,9178.91015625,71800
2019-07-10,9166.150390625,9239.2802734375,9130.5302734375,9231.8603515625,74900
2019-07-11,9152.76953125,9282.9501953125,9121.4599609375,9216.9501953125,74700
2019-07-12,9213.3798828125,9236.419921875,9122.41015625,9161.26953125,75200
2019-07-15,9309.419921875,9358.080078125,9066.7099609375,9181.0302734375,106400
2019-07-16,9283.41015625,9324.91015625,9255.4296875,9294.5595703125,91200
2019-07-17,9302.0,9354.8095703125,9242.25,9274.6904296875,110100
2019-07-18,9154.650390625,9258.1201171875,9153.009765625,9258.1201171875,96600
2019-07-19,9228.5498046875,9298.2099609375,9198.8203125,9198.8203125,87800
2019-07-22,9122.6396484375,9254.650390625,9073.490234375,9247.2802734375,92900
2019-07-23,9175.830078125,9175.830078125,9104.759765625,9125.4599609375,70800
2019-07-24,9266.2998046875,9312.669921875,9203.23046875,9203.23046875,93600
2019-07-25,9344.8203125,9344.8203125,9247.9697265625,9265.3095703125,99000
2019-07-26,9349.0,9363.26953125,9294.6103515625,9310.650390625,81700
2019-07-29,9354.2802734375,9376.419921875,9310.6298828125,9350.2099609375,85500
2019-07-30,9399.099609375,9469.080078125,9362.23046875,9362.23046875,100300
2019-07-31,9326.6103515625,9374.4404296875,9318.58984375,9374.4404296875,82200
2019-08-01,9268.0498046875,9327.9404296875,9223.3095703125,9278.830078125,83100
2019-08-02,9136.4599609375,9150.73046875,9020.259765625,9049.349609375,103200
2019-08-05,8984.73046875,9168.099609375,8984.73046875,9093.0703125,94000
2019-08-06,8859.4697265625,8898.3798828125,8669.900390625,8805.150390625,123300
2019-08-07,8814.740234375,8933.990234375,8814.740234375,8919.8896484375,81400
2019-08-08,8919.2802734375,8936.48046875,8859.48046875,8870.1796875,78400
2019-08-09,8795.1796875,8970.51953125,8780.7197265625,8963.4697265625,86100
2019-08-12,8978.51953125,8978.51953125,8798.5,8816.8896484375,85000
2019-08-13,8902.6298828125,8960.01953125,8869.4599609375,8910.150390625,75300
2019-08-14,8966.4697265625,9060.400390625,8956.080078125,9034.0498046875,98800
2019-08-15,9009.6796875,9011.76953125,8758.0400390625,8779.5302734375,99000
2019-08-16,9060.919921875,9136.2099609375,8995.5703125,9007.150390625,105200
2019-08-19,9328.9697265625,9328.9697265625,9141.8896484375,9165.7998046875,147200
2019-08-20,9328.73046875,9389.3896484375,9301.919921875,9340.66015625,135500
2019-08-21,9322.75,9361.740234375,9287.3095703125,9304.51953125,112800
2019-08-22,9350.5595703125,9363.7900390625,9282.759765625,9350.650390625,116400
2019-08-23,9362.5498046875,9397.759765625,9311.259765625,9357.0,112100
2019-08-26,9270.3896484375,9298.099609375,9173.009765625,9181.7099609375,117100
2019-08-27,9443.1796875,9517.650390625,9333.099609375,9333.099609375,145800
2019-08-28,9414.0,9453.759765625,9375.5703125,9449.400390625,121000
2019-08-29,9398.4697265625,9440.669921875,9363.150390625,9429.0,112400
2019-08-30,9365.6796875,9492.0400390625,9310.1103515625,9458.3896484375,125500
2019-09-02,9569.4697265625,9586.51953125,9389.48046875,9393.0302734375,130900
2019-09-03,9633.6904296875,9633.6904296875,9547.759765625,9591.419921875,134200
2019-09-04,9700.3203125,9700.3203125,9590.98046875,9612.6201171875,149700
2019-09-05,9783.5,9900.759765625,9751.9501953125,9752.33984375,198800
2019-09-06,9823.419921875,9837.23046875,9742.26953125,9829.9697265625,144100
2019-09-09,10001.9296875,10001.9296875,9853.6904296875,9907.1298828125,178100
2019-09-10,9964.9296875,10005.8095703125,9903.419921875,10005.8095703125,165800
2019-09-11,9853.7197265625,10000.25,9835.9697265625,9985.1103515625,151200
2019-09-12,9919.7998046875,9941.169921875,9837.26953125,9886.25,119700
2019-09-16,9918.08984375,9962.150390625,9877.1103515625,9952.330078125,129600
2019-09-17,9722.7998046875,9890.580078125,9684.150390625,9890.580078125,134600
2019-09-18,9753.3095703125,9785.6201171875,9701.6396484375,9747.98046875,104800
2019-09-19,9852.2001953125,9852.2001953125,9733.9697265625,9786.400390625,112600
2019-09-20,9881.25,9903.6904296875,9832.3896484375,9873.9404296875,122100
2019-09-23,9781.1396484375,9853.4697265625,9703.66015625,9853.4697265625,120500
2019-09-24,9811.3798828125,9896.1796875,9761.0302734375,9783.3896484375,125900
2019-09-25,9671.0595703125,9768.3798828125,9656.0498046875,9768.3798828125,122300
2019-09-26,9464.83984375,9707.919921875,9464.83984375,9698.2802734375,120600
2019-09-27,9548.9599609375,9574.5,9467.150390625,9470.5400390625,92800
2019-09-30,9446.240234375,9581.6396484375,9446.0400390625,9544.01953125,81800
2019-10-08,9474.75,9556.9599609375,9468.740234375,9474.5703125,86200
2019-10-09,9506.5595703125,9507.0400390625,9380.5703125,9443.4501953125,82100
2019-10-10,9638.099609375,9643.51953125,9480.169921875,9504.0302734375,97800
2019-10-11,9666.580078125,9704.6796875,9583.51953125,9656.98046875,100700
2019-10-14,9786.6396484375,9840.58984375,9725.6796875,9753.580078125,124500
2019-10-15,9671.73046875,9759.9501953125,9658.509765625,9759.9501953125,107200
2019-10-16,9642.0595703125,9722.1201171875,9635.4501953125,9678.3095703125,93400
2019-10-17,9645.3896484375,9670.7001953125,9617.009765625,9657.08984375,81000
2019-10-18,9533.509765625,9706.3798828125,9516.75,9665.8095703125,96900
2019-10-21,9553.5703125,9560.98046875,9476.4501953125,9533.08984375,82600
2019-10-22,9642.08984375,9642.9296875,9558.3603515625,9582.1103515625,81800
2019-10-23,9567.75,9652.0703125,9547.5,9641.8896484375,82200
2019-10-24,9555.759765625,9598.330078125,9495.009765625,9570.330078125,79800
2019-10-25,9660.4404296875,9665.599609375,9509.33984375,9562.2998046875,90400
2019-10-28,9801.8701171875,9802.150390625,9704.5302734375,9721.6396484375,129600
2019-10-29,9746.0302734375,9818.740234375,9746.0302734375,9812.48046875,136400
2019-10-30,9681.5400390625,9726.9501953125,9647.0,9707.1796875,110300
2019-10-31,9635.330078125,9720.9697265625,9626.9296875,9709.099609375,101000
2019-11-01,9802.330078125,9814.669921875,9604.3095703125,9621.8896484375,97200
2019-11-04,9868.1298828125,9908.2001953125,9828.599609375,9828.599609375,107600
2019-11-05,9938.6103515625,9982.33984375,9847.2001953125,9885.01953125,111600
2019-11-06,9860.9697265625,9947.3095703125,9829.75,9947.3095703125,104600
2019-11-07,9917.490234375,9939.5302734375,9835.8896484375,9849.9599609375,97000
2019-11-08,9895.33984375,10008.509765625,9891.0,9985.2001953125,107700
2019-11-11,9680.5703125,9821.41015625,9664.0595703125,9821.41015625,99900
2019-11-12,9670.1396484375,9699.419921875,9570.4404296875,9675.5595703125,89000
2019-11-13,9687.849609375,9702.509765625,9622.3095703125,9678.650390625,76500
2019-11-14,9746.5595703125,9768.669921875,9677.759765625,9689.9296875,95400
2019-11-15,9647.990234375,9777.6904296875,9647.990234375,9741.9296875,95400
2019-11-18,9715.26953125,9725.7802734375,9624.9501953125,9635.8095703125,86100
2019-11-19,9889.75,9889.75,9711.2900390625,9721.009765625,99200
2019-11-20,9809.0498046875,9908.6298828125,9796.9501953125,9885.900390625,100800
2019-11-21,9774.4404296875,9818.490234375,9733.4404296875,9772.0302734375,81400
2019-11-22,9626.900390625,9875.7099609375,9573.4697265625,9794.3203125,110800
2019-11-25,9626.3603515625,9643.23046875,9515.330078125,9626.41015625,107200
2019-11-26,9677.23046875,9698.599609375,9609.73046875,9662.41015625,112200
2019-11-27,9648.3896484375,9694.2197265625,9589.2099609375,9643.1103515625,96800
2019-11-28,9622.1396484375,9679.9599609375,9594.3701171875,9650.26953125,79400
2019-11-29,9582.16015625,9633.1396484375,9490.849609375,9614.7099609375,84800
2019-12-02,9605.1904296875,9647.9501953125,9582.3203125,9603.01953125,86100
2019-12-03,9657.650390625,9657.650390625,9531.259765625,9585.75,85700
2019-12-04,9687.9501953125,9703.400390625,9614.0400390625,9624.1904296875,94100
2019-12-05,9799.0703125,9817.2099609375,9703.91015625,9719.2998046875,107700
2019-12-06,9878.6201171875,9878.6201171875,9791.5595703125,9804.0400390625,100600
2019-12-09,9876.26953125,9917.6103515625,9853.2001953125,9908.9697265625,118600
2019-12-10,9915.8701171875,9915.8701171875,9826.830078125,9850.0400390625,115200
2019-12-11,9852.7099609375,9921.650390625,9829.1103515625,9905.91015625,119000
2019-12-12,9836.23046875,9887.5595703125,9824.41015625,9862.4296875,107300
2019-12-13,10004.6201171875,10014.2099609375,9907.759765625,9923.7900390625,144500
2019-12-16,10158.240234375,10158.240234375,10015.4501953125,10040.259765625,172800
2019-12-17,10306.0302734375,10350.650390625,10148.6904296875,10157.4296875,209600
2019-12-18,10294.66015625,10365.16015625,10266.6396484375,10299.0498046875,172900
2019-12-19,10296.2900390625,10316.76953125,10254.9501953125,10298.509765625,143600
2019-12-20,10229.490234375,10343.0703125,10229.099609375,10305.099609375,147300
2019-12-23,10056.2099609375,10248.7998046875,10050.41015625,10202.23046875,137000
2019-12-24,10189.2900390625,10190.0400390625,10065.5498046875,10080.3701171875,112600
2019-12-25,10229.580078125,10255.2001953125,10170.2099609375,10176.7197265625,122500
2019-12-26,10303.7197265625,10303.7197265625,10221.33984375,10239.759765625,125900
2019-12-27,10233.76953125,10377.9404296875,10226.6201171875,10326.51953125,164800
2019-12-30,10365.9599609375,10365.9599609375,10133.8798828125,10203.8203125,152000
2019-12-31,10430.76953125,10433.2900390625,10352.8896484375,10360.7802734375,128700
2020-01-02,10638.8203125,10663.5498046875,10479.76953125,10509.1201171875,183700
2020-01-03,10656.41015625,10689.58984375,10594.3603515625,10666.66015625,159000
2020-01-06,10698.26953125,10799.580078125,10577.7802734375,10599.41015625,187700
2020-01-07,10829.0498046875,10829.0498046875,10723.8603515625,10725.1796875,171800
2020-01-08,10706.8701171875,10851.2802734375,10681.01953125,10776.7099609375,202900
2020-01-09,10898.169921875,10899.48046875,10807.0400390625,10807.0400390625,170000
2020-01-10,10879.83984375,10933.8095703125,10833.51953125,10927.98046875,145700
2020-01-13,11040.2001953125,11040.2001953125,10851.7197265625,10894.0,151200
2020-01-14,10988.76953125,11086.8095703125,10983.419921875,11074.8896484375,164700
2020-01-15,10972.3203125,11001.8095703125,10882.7900390625,10978.2802734375,139100
2020-01-16,10967.4404296875,11008.2099609375,10934.7197265625,10986.650390625,140500
2020-01-17,10954.3896484375,11045.25,10927.83984375,11001.6796875,132800
2020-01-20,11115.8798828125,11115.8798828125,10936.7998046875,10981.5,151900
2020-01-21,10953.41015625,11078.0400390625,10948.580078125,11077.66015625,100
2020-01-22,11072.0595703125,11105.6904296875,10761.6796875,10896.5498046875,159200
2020-01-23,10681.900390625,11026.0,10572.26953125,10947.8603515625,1860300
2020-02-03,9779.669921875,9779.669921875,9779.669921875,9779.669921875,0
2020-02-04,10089.669921875,10095.6904296875,9578.8701171875,9578.8701171875,2393200
2020-02-05,10305.5,10305.5,10305.5,10305.5,0
2020-02-06,10601.33984375,10633.169921875,10214.8095703125,10306.1201171875,2280800
2020-02-07,10611.5498046875,10629.150390625,10441.900390625,10569.650390625,2161300
2020-02-10,10728.4599609375,10728.4599609375,10728.4599609375,10728.4599609375,0
2020-02-11,10768.6298828125,10839.1904296875,10678.1103515625,10749.9697265625,1810500
2020-02-12,10940.7998046875,10940.7998046875,10940.7998046875,10940.7998046875,0
2020-02-13,10864.3203125,10864.3203125,10864.3203125,10864.3203125,0
2020-02-14,10916.3095703125,11017.650390625,10822.1298828125,10854.4599609375,1870400
2020-02-17,11241.5,11241.5,10974.9296875,10974.9296875,2168300
2020-02-18,11306.490234375,11306.490234375,11306.490234375,11306.490234375,0
2020-02-19,11235.599609375,11387.990234375,11229.5498046875,11300.16015625,2339600
2020-02-20,11509.08984375,11509.08984375,11509.08984375,11509.08984375,0
2020-02-21,11629.7001953125,11727.8896484375,11493.6298828125,11506.669921875,2674700
2020-02-24,11772.3798828125,11809.75,11548.41015625,11620.6298828125,2774300
2020-02-25,11856.080078125,11856.080078125,11856.080078125,11856.080078125,0
2020-02-26,11497.5498046875,11497.5498046875,11497.5498046875,11497.5498046875,0
2020-02-27,11534.01953125,11684.5,11401.3203125,11555.8203125,2464500
2020-02-28,10980.76953125,11338.349609375,10962.240234375,11150.66015625,2800200
2020-03-02,11381.759765625,11381.759765625,11381.759765625,11381.759765625,0
2020-03-03,11484.2099609375,11734.1796875,11378.759765625,11597.66015625,2659900
2020-03-04,11493.01953125,11493.01953125,11493.01953125,11493.01953125,0
2020-03-05,11711.3701171875,11739.83984375,11521.2900390625,11644.41015625,2529900
2020-03-06,11582.8203125,11690.2001953125,11541.7802734375,11555.4599609375,2136600
2020-03-09,11108.5498046875,11407.4697265625,11100.91015625,11363.7900390625,2489100
2020-03-10,11403.4697265625,11406.2998046875,10916.9501953125,11016.919921875,2412300
2020-03-11,11200.0498046875,11444.7802734375,11197.08984375,11436.4404296875,2046700
2020-03-12,10941.009765625,11070.41015625,10842.3798828125,11022.400390625,1869800
2020-03-13,10831.1298828125,10956.509765625,10380.169921875,10382.2197265625,2245600
2020-03-16,10253.2802734375,10867.66015625,10217.9296875,10867.66015625,2261500
2020-03-17,10202.75,10449.330078125,9885.8603515625,10337.919921875,1957500
2020-03-18,10029.5703125,10479.7802734375,10029.5703125,10294.9599609375,1974900
2020-03-19,10019.8603515625,10101.7998046875,9719.490234375,10023.1201171875,1933200
2020-03-20,10150.1298828125,10174.509765625,9964.2900390625,10150.7802734375,1583700
2020-03-23,9691.5302734375,9929.9599609375,9659.349609375,9828.900390625,1634700
2020-03-24,9921.6796875,9945.919921875,9634.9697265625,9900.2197265625,1692200
2020-03-25,10241.080078125,10255.580078125,10111.3603515625,10171.4697265625,1809200
2020-03-26,10155.3603515625,10281.5703125,10112.6201171875,10161.9404296875,1555200
2020-03-27,10109.91015625,10310.5302734375,10105.7197265625,10300.6201171875,1423400
2020-03-30,9904.9501953125,9985.3798828125,9791.01953125,9953.0400390625,1502800
2020-03-31,9962.2998046875,10047.98046875,9925.6796875,10008.0302734375,1317900
2020-04-01,9951.83984375,10127.099609375,9927.919921875,9967.1201171875,1488300
2020-04-02,10179.2001953125,10179.2001953125,9896.650390625,9910.3798828125,1445500
2020-04-03,10110.1103515625,10212.91015625,10069.6396484375,10155.5595703125,1321800
2020-04-07,10428.91015625,10441.740234375,10296.7197265625,10312.7099609375,1706400
2020-04-08,10386.5498046875,10426.400390625,10344.4404296875,10372.759765625,1538400
2020-04-09,10463.0498046875,10485.2998046875,10401.169921875,10453.8603515625,1386700
2020-04-10,10298.41015625,10509.0,10265.8798828125,10459.7001953125,1449200
2020-04-13,10223.16015625,10295.169921875,10173.1201171875,10225.5302734375,1145300
2020-04-14,10475.7099609375,10475.7099609375,10276.3701171875,10300.9599609375,1383600
2020-04-15,10417.3701171875,10528.73046875,10404.509765625,10468.4599609375,1547600
2020-04-16,10470.7900390625,10489.1298828125,10346.1103515625,10361.76953125,1383300
2020-04-17,10527.990234375,10624.5400390625,10507.7998046875,10562.900390625,1711500
2020-04-20,10621.5,10621.5,10523.58984375,10553.5498046875,1421200
2020-04-21,10506.8603515625,10577.7197265625,10394.4404296875,10577.7197265625,1464300
2020-04-22,10617.1904296875,10617.1904296875,10409.849609375,10424.4501953125,1297100
2020-04-23,10564.0498046875,10667.009765625,10557.9404296875,10657.400390625,1421400
2020-04-24,10423.4599609375,10577.0302734375,10388.66015625,10565.08984375,1352700
2020-04-27,10452.169921875,10531.3896484375,10367.2900390625,10449.1298828125,1236200
2020-04-28,10501.150390625,10547.75,10194.150390625,10477.759765625,1590300
2020-04-29,10514.169921875,10586.5703125,10449.3701171875,10460.990234375,1186200
2020-04-30,10721.7802734375,10751.75,10575.51953125,10575.51953125,1596700
2020-05-06,10883.2197265625,10884.33984375,10613.8896484375,10618.169921875,1680000
2020-05-07,10863.2900390625,10926.830078125,10832.08984375,10899.919921875,1485300
2020-05-08,11001.580078125,11054.3095703125,10904.8798828125,10923.6103515625,1546500
2020-05-11,10969.2802734375,11096.2802734375,10902.599609375,11053.8203125,1568100
2020-05-12,11015.5595703125,11018.9296875,10871.6103515625,10972.0498046875,1328100
2020-05-13,11074.58984375,11096.6201171875,10954.6904296875,10978.3095703125,1274100
2020-05-14,10962.150390625,11047.3798828125,10955.5400390625,11026.7099609375,1367700
2020-05-15,10964.8896484375,11039.6796875,10919.5400390625,11013.16015625,1373500
2020-05-18,10921.150390625,11017.5,10858.4599609375,10969.080078125,1617400
2020-05-19,11052.849609375,11052.849609375,10978.7197265625,11023.4296875,1311500
2020-05-20,10948.48046875,11056.98046875,10914.75,11056.98046875,1491700
2020-05-21,10845.400390625,11007.1396484375,10818.7900390625,10999.0703125,1365000
2020-05-22,10604.9697265625,10832.91015625,10559.2998046875,10832.91015625,1273400
2020-05-25,10592.83984375,10629.6103515625,10532.8603515625,10602.4697265625,980400
2020-05-26,10815.4296875,10816.7099609375,10647.25,10655.98046875,1065600
2020-05-27,10682.7001953125,10823.240234375,10657.8095703125,10823.240234375,1129900
2020-05-28,10653.490234375,10727.990234375,10505.7900390625,10680.8701171875,1156400
2020-05-29,10746.080078125,10764.8701171875,10588.740234375,10615.1396484375,1210300
2020-06-01,11102.150390625,11123.1904296875,10837.490234375,10837.490234375,1744300
2020-06-02,11112.5,11146.849609375,11059.1904296875,11133.6201171875,1908300
2020-06-03,11108.3603515625,11204.51953125,11100.6904296875,11154.6396484375,1847200
2020-06-04,11139.259765625,11165.1396484375,11080.509765625,11146.2900390625,1479200
2020-06-05,11180.599609375,11180.599609375,11087.25,11153.26953125,1361300
2020-06-08,11215.759765625,11340.0302734375,11195.849609375,11266.9296875,1603200
2020-06-09,11284.240234375,11303.5400390625,11195.0,11238.4404296875,1426600
2020-06-10,11335.8603515625,11338.240234375,11249.4296875,11296.1298828125,1381900
2020-06-11,11243.6201171875,11405.009765625,11180.75,11328.099609375,1582200
2020-06-12,11251.7099609375,11306.1396484375,11003.3203125,11017.150390625,1552800
2020-06-15,11192.26953125,11353.16015625,11192.26953125,11241.259765625,1689200
2020-06-16,11398.9697265625,11398.9697265625,11293.900390625,11312.8095703125,1528000
2020-06-17,11420.83984375,11421.0302734375,11330.3701171875,11421.0302734375,1563000
2020-06-18,11494.5498046875,11503.3798828125,11397.5703125,11416.080078125,1735900
2020-06-19,11668.1298828125,11694.8896484375,11500.5302734375,11505.6904296875,1643900
2020-06-22,11702.4404296875,11756.8603515625,11658.8095703125,11680.41015625,1746900
2020-06-23,11794.009765625,11796.41015625,11651.830078125,11711.2802734375,1582600
2020-06-24,11813.5302734375,11854.990234375,11760.4697265625,11813.3603515625,1425100
2020-06-29,11752.3603515625,11814.6396484375,11695.4501953125,11780.650390625,1495700
2020-06-30,11992.349609375,12013.599609375,11827.759765625,11828.5302734375,1509600
2020-07-01,12112.9599609375,12130.2998046875,11945.8896484375,12024.83984375,1819600
2020-07-02,12269.490234375,12278.830078125,12055.9501953125,12095.849609375,2386700
2020-07-03,12433.259765625,12433.6796875,12232.7001953125,12295.6201171875,2558700
2020-07-06,12941.7197265625,12945.7099609375,12519.5,12519.5,3341900
2020-07-07,13163.98046875,13407.1904296875,12997.169921875,13084.650390625,3635400
2020-07-08,13406.3701171875,13428.9404296875,13059.240234375,13170.2001953125,3144100
2020-07-09,13754.740234375,13792.6298828125,13385.4296875,13399.4697265625,3517800
2020-07-10,13671.240234375,13831.6103515625,13599.0302734375,13662.3798828125,3203400
2020-07-13,14149.1396484375,14149.1396484375,13699.2197265625,13699.2197265625,3305000
2020-07-14,13996.4599609375,14151.0,13698.26953125,14121.330078125,3314700
2020-07-15,13734.1298828125,14077.5595703125,13646.66015625,14017.9296875,2945000
2020-07-16,12996.33984375,13853.4404296875,12966.3203125,13731.2802734375,2913100
2020-07-17,13114.9404296875,13315.4404296875,12916.080078125,13002.83984375,2248500
2020-07-20,13448.849609375,13448.849609375,13032.400390625,13303.7998046875,2345500
2020-07-21,13536.169921875,13572.9296875,13396.580078125,13480.3896484375,2158000
2020-07-22,13657.0302734375,13816.669921875,13459.8798828125,13507.349609375,2307800
2020-07-23,13661.5,13661.5,13661.5,13661.5,0
2020-07-24,12935.7001953125,13602.7900390625,12868.9501953125,13547.8095703125,2458100
2020-07-27,12976.8701171875,13093.83984375,12838.8701171875,13013.76953125,1670800
2020-07-28,13147.349609375,13196.6201171875,13022.8203125,13107.4296875,1602100
2020-07-29,13557.4404296875,13557.4404296875,13085.9501953125,13117.1904296875,1885100
2020-07-30,13466.849609375,13619.490234375,13432.1298828125,13595.76953125,1941900
2020-07-31,13637.8798828125,13748.0302734375,13399.8603515625,13464.2099609375,2078900
2020-08-03,13964.5595703125,13964.5595703125,13712.98046875,13771.740234375,2403100
2020-08-04,13860.4599609375,14012.7099609375,13779.2197265625,13966.73046875,2299300
2020-08-05,13960.9296875,13993.669921875,13726.6201171875,13859.3203125,2032000
2020-08-06,13863.1298828125,13972.2998046875,13661.83984375,13972.2998046875,2358400
2020-08-07,13648.5,13847.2001953125,13411.669921875,13813.759765625,2192900
2020-08-10,13657.3095703125,13752.2900390625,13453.9501953125,13576.3203125,1878100
2020-08-11,13466.26953125,13811.51953125,13450.23046875,13668.3095703125,1890000
2020-08-12,13308.51953125,13471.8203125,13026.009765625,13437.5703125,1863600
2020-08-13,13291.3203125,13392.349609375,13254.3896484375,13373.16015625,1556700
2020-08-14,13489.009765625,13495.9697265625,13242.7802734375,13272.7099609375,1554000
2020-08-17,13742.23046875,13756.6103515625,13490.6396484375,13542.009765625,2271300
2020-08-18,13768.169921875,13813.01953125,13692.0703125,13748.51953125,1959000
2020-08-19,13480.849609375,13741.26953125,13472.9599609375,13741.26953125,1947600
2020-08-20,13320.919921875,13476.0703125,13270.1201171875,13387.8203125,1570000
2020-08-21,13478.0,13547.7900390625,13373.7197265625,13445.9599609375,1568900
2020-08-24,13666.6904296875,13708.1201171875,13418.9599609375,13565.2802734375,1735200
2020-08-25,13669.41015625,13788.490234375,13620.6201171875,13692.4697265625,1678700
2020-08-26,13428.400390625,13717.900390625,13376.66015625,13680.58984375,1705100
2020-08-27,13535.08984375,13548.66015625,13348.4501953125,13465.8896484375,1363300
2020-08-28,13851.3203125,13868.2998046875,13483.2802734375,13509.3701171875,1648300
2020-08-31,13758.23046875,13994.1396484375,13755.3603515625,13929.75,1847100
2020-09-01,13849.66015625,13849.66015625,13662.6904296875,13729.3896484375,1455500
2020-09-02,13887.4296875,13944.16015625,13737.830078125,13881.0703125,1800200
2020-09-03,13772.3701171875,13933.419921875,13722.580078125,13871.26953125,1622300
2020-09-04,13656.66015625,13680.0595703125,13487.6904296875,13501.91015625,1409300
2020-09-07,13284.0302734375,13714.3203125,13232.240234375,13633.509765625,1802400
2020-09-08,13293.330078125,13351.5703125,13118.9404296875,13315.150390625,1637100
2020-09-09,12861.75,13122.759765625,12778.4296875,13107.98046875,1951400
2020-09-10,12742.849609375,13068.23046875,12709.75,13001.3798828125,1696400
2020-09-11,12942.9501953125,12952.4697265625,12702.6201171875,12711.08984375,1282500
2020-09-14,13021.990234375,13107.2802734375,12921.759765625,13024.5595703125,1370500
2020-09-15,13143.4599609375,13148.169921875,12976.0302734375,13032.2802734375,1212700
2020-09-16,13011.2802734375,13137.7197265625,12947.0498046875,13123.5,1192800
2020-09-17,13015.1904296875,13113.76953125,12870.990234375,12970.33984375,1221700
2020-09-18,13245.08984375,13253.6796875,12987.58984375,13026.1103515625,1489800
2020-09-21,13149.5,13289.599609375,13135.240234375,13280.009765625,1346100
2020-09-22,13023.4296875,13212.240234375,12981.9697265625,13052.080078125,1275000
2020-09-23,13110.0703125,13148.9404296875,12991.66015625,13044.8095703125,1099100
2020-09-24,12816.6103515625,13044.3798828125,12816.6103515625,13018.2998046875,1251500
2020-09-25,12814.169921875,12919.6103515625,12764.259765625,12876.080078125,988200
2020-09-28,12760.9296875,12890.900390625,12752.3896484375,12860.08984375,903400
2020-09-29,12900.7001953125,12966.849609375,12798.650390625,12843.23046875,959500
2020-09-30,12907.4501953125,13040.0400390625,12834.76953125,12948.9697265625,965000
2020-10-09,13289.259765625,13323.8095703125,13145.75,13161.3603515625,1245300
2020-10-12,13708.0703125,13708.0703125,13382.7001953125,13386.33984375,1720200
2020-10-13,13798.580078125,13820.5595703125,13622.9501953125,13678.6201171875,1303600
2020-10-14,13691.0400390625,13781.7802734375,13664.73046875,13781.5595703125,1378500
2020-10-15,13624.8896484375,13737.080078125,13617.080078125,13702.830078125,1258800
2020-10-16,13532.73046875,13665.580078125,13439.8798828125,13611.91015625,1134800
2020-10-19,13421.1904296875,13660.5400390625,13393.01953125,13638.7802734375,1173900
2020-10-20,13603.8798828125,13603.8798828125,13371.5498046875,13417.2197265625,1040400
2020-10-21,13467.91015625,13613.8701171875,13396.5400390625,13613.8701171875,1011600
2020-10-22,13396.1796875,13435.41015625,13252.0595703125,13419.3896484375,1000000
2020-10-23,13128.4599609375,13487.1103515625,13110.01953125,13405.5302734375,947400
2020-10-26,13191.25,13242.6298828125,12922.58984375,13056.2998046875,899800
2020-10-27,13269.650390625,13291.7998046875,13146.5498046875,13159.3701171875,927600
2020-10-28,13388.099609375,13438.4697265625,13188.66015625,13273.5,1089100
2020-10-29,13519.66015625,13582.3095703125,13200.7802734375,13219.8896484375,1181300
2020-10-30,13236.599609375,13550.3603515625,13204.25,13544.2900390625,1317700
2020-11-02,13420.9599609375,13462.419921875,13258.16015625,13269.9697265625,1354400
2020-11-03,13580.0400390625,13592.919921875,13414.0,13476.580078125,1286400
2020-11-04,13659.5,13691.6904296875,13544.830078125,13586.330078125,1112100
2020-11-05,13894.259765625,13894.259765625,13728.6396484375,13802.1796875,1401600
2020-11-06,13838.419921875,13932.41015625,13708.75,13932.41015625,1483100
2020-11-09,14141.150390625,14197.849609375,13934.3701171875,13934.3701171875,1902600
2020-11-10,13993.33984375,14121.6904296875,13908.2099609375,14121.6904296875,1648600
2020-11-11,13720.169921875,13981.990234375,13715.4404296875,13925.4404296875,1509200
2020-11-12,13792.0703125,13846.8701171875,13724.33984375,13789.2998046875,1202800
2020-11-13,13754.5498046875,13802.7099609375,13620.8896484375,13755.2900390625,1241600
2020-11-16,13850.830078125,13850.830078125,13669.25,13811.849609375,1416300
2020-11-17,13732.51953125,13843.009765625,13628.8203125,13843.009765625,1530800
2020-11-18,13658.2001953125,13773.580078125,13602.6904296875,13710.01953125,1457000
2020-11-19,13777.4501953125,13812.7802734375,13578.330078125,13633.9697265625,1342200
2020-11-20,13852.419921875,13865.7197265625,13773.2099609375,13789.98046875,1311700
2020-11-23,13955.2802734375,14021.5,13795.919921875,13871.7099609375,1795400
2020-11-24,13902.5400390625,13962.33984375,13848.91015625,13958.009765625,1545700
2020-11-25,13656.08984375,13933.7900390625,13656.08984375,13923.66015625,1566300
2020-11-26,13599.990234375,13692.73046875,13452.6796875,13651.4296875,1305000
2020-11-27,13690.8798828125,13690.8798828125,13542.6796875,13627.8603515625,1288200
2020-11-30,13670.1103515625,13815.490234375,13634.16015625,13720.6796875,1868100
2020-12-01,13930.3701171875,13940.900390625,13646.6904296875,13650.3896484375,1788300
2020-12-02,13961.580078125,13991.4501953125,13858.4501953125,13950.740234375,1850300
2020-12-03,13970.6796875,14009.509765625,13889.6201171875,13955.98046875,1781000
2020-12-04,14026.66015625,14049.2099609375,13903.83984375,13933.8798828125,1424800
2020-12-07,13973.48046875,14054.8798828125,13958.740234375,14021.16015625,1400600
2020-12-08,13973.8896484375,14040.5,13942.66015625,14000.8701171875,1233800
2020-12-09,13716.5302734375,14017.349609375,13710.8603515625,13998.6201171875,1412600
2020-12-10,13731.33984375,13814.7998046875,13621.1298828125,13672.0498046875,1206600
2020-12-11,13555.1396484375,13771.9599609375,13431.5498046875,13767.48046875,1488200
2020-12-14,13692.1298828125,13695.3203125,13511.7802734375,13583.1904296875,1132700
2020-12-15,13763.3095703125,13783.0400390625,13641.7197265625,13682.2802734375,1081800
2020-12-16,13751.08984375,13807.1796875,13709.7998046875,13791.41015625,1106100
2020-12-17,13889.8701171875,13901.830078125,13688.830078125,13746.2802734375,1297300
2020-12-18,13854.1201171875,13939.9296875,13806.6201171875,13911.830078125,1220400
2020-12-21,14134.849609375,14134.849609375,13819.7001953125,13858.66015625,1468600
2020-12-22,13882.2998046875,14172.76953125,13872.5,14085.2900390625,1618600
2020-12-23,14015.01953125,14078.1298828125,13897.1103515625,13912.51953125,1544300
2020-12-24,13915.5703125,14048.6201171875,13867.66015625,13998.3603515625,1360400
2020-12-25,14017.0595703125,14017.0595703125,13835.51953125,13879.240234375,1320000
2020-12-28,14044.099609375,14112.58984375,13959.1396484375,14020.9501953125,1494900
2020-12-29,13970.2099609375,14082.5,13915.8896484375,14042.7900390625,1521700
2020-12-30,14201.5703125,14208.6796875,13968.08984375,13970.4501953125,1531700
2020-12-31,14470.6796875,14476.5498046875,14226.2802734375,14226.2802734375,1683400
2021-01-04,14827.4697265625,14859.08984375,14486.25,14516.1201171875,2007300
2021-01-05,15147.5703125,15149.099609375,14716.7900390625,14760.25,2173300
2021-01-06,15187.6103515625,15295.0703125,14987.3701171875,15221.4404296875,1891600
2021-01-07,15356.400390625,15356.400390625,15101.669921875,15178.349609375,2066500
2021-01-08,15319.2900390625,15453.1796875,15162.7099609375,15402.740234375,2017900
2021-01-11,15115.3798828125,15420.6796875,15011.58984375,15353.080078125,2163300
2021-01-12,15460.0302734375,15460.0302734375,15020.259765625,15053.8701171875,2029700
2021-01-13,15365.4296875,15597.9697265625,15240.900390625,15491.0703125,2193700
2021-01-14,15070.1298828125,15354.1201171875,15033.4697265625,15283.5595703125,2011400
2021-01-15,15031.7001953125,15120.26953125,14772.0595703125,15030.5400390625,1787000
2021-01-18,15269.26953125,15309.7900390625,14898.8798828125,14980.5,1757500
2021-01-19,15003.990234375,15314.0498046875,14954.349609375,15278.5302734375,1810700
2021-01-20,15223.3603515625,15246.7802734375,14958.2197265625,15023.740234375,1481300
2021-01-21,15520.599609375,15608.3798828125,15251.669921875,15251.669921875,1873400
2021-01-22,15628.73046875,15632.330078125,15381.599609375,15508.9404296875,1835100
2021-01-25,15710.1904296875,15895.8798828125,15534.25,15594.8095703125,1883900
2021-01-26,15352.419921875,15637.3896484375,15328.41015625,15637.3896484375,1679300
2021-01-27,15413.83984375,15446.8203125,15107.0400390625,15328.8701171875,1606600
2021-01-28,14913.2099609375,15228.5,14881.7998046875,15169.099609375,1705800
2021-01-29,14821.990234375,15096.25,14609.6396484375,15039.8896484375,1712900
2021-02-01,15024.240234375,15036.3798828125,14797.41015625,14841.7099609375,1585900
2021-02-02,15335.66015625,15341.48046875,14981.330078125,15057.4404296875,1609500
2021-02-03,15233.150390625,15435.5302734375,15218.5703125,15360.419921875,1699600
2021-02-04,15105.9404296875,15285.8798828125,14908.759765625,15135.849609375,1667200
2021-02-05,15007.2998046875,15250.099609375,14996.2900390625,15167.6396484375,1577200
2021-02-08,15269.6298828125,15299.650390625,14945.83984375,15066.4599609375,1377900
2021-02-09,15630.5703125,15635.3798828125,15275.3896484375,15330.2998046875,1451900
2021-02-10,15962.25,16010.400390625,15632.1396484375,15702.2001953125,1411900
2021-02-18,15767.4404296875,16293.08984375,15697.7197265625,16275.98046875,1853300
2021-02-19,15823.1103515625,15840.16015625,15443.240234375,15660.490234375,1869600
2021-02-22,15336.9501953125,15818.76953125,15336.9501953125,15818.76953125,2345500
2021-02-23,15243.25,15411.0302734375,15146.8896484375,15174.7197265625,1938200
2021-02-24,14870.66015625,15318.849609375,14709.1298828125,15281.400390625,1865700
2021-02-25,14828.7998046875,15036.419921875,14794.73046875,15016.6298828125,1684700
2021-02-26,14507.4501953125,14713.1201171875,14396.4501953125,14480.740234375,1591000
2021-03-01,14857.33984375,14864.580078125,14614.009765625,14670.1103515625,1529400
2021-03-02,14751.1201171875,14987.0703125,14616.16015625,14958.2197265625,1608500
2021-03-03,14932.3896484375,14932.3896484375,14612.849609375,14679.83984375,1571000
2021-03-04,14416.0595703125,14780.900390625,14357.1904296875,14780.900390625,1725100
2021-03-05,14412.3095703125,14531.990234375,14122.58984375,14156.009765625,1566300
2021-03-08,13863.8095703125,14597.75,13859.9501953125,14513.7900390625,1691700
2021-03-09,13475.7197265625,13844.23046875,13289.3798828125,13803.25,1866800
2021-03-10,13563.33984375,13750.259765625,13480.419921875,13721.240234375,1417400
2021-03-11,13866.3701171875,13904.4697265625,13535.240234375,13598.2001953125,1612100
2021-03-12,13897.0302734375,13934.23046875,13716.009765625,13934.23046875,1661000
2021-03-15,13520.0703125,13793.51953125,13389.98046875,13793.51953125,1559800
2021-03-16,13642.9501953125,13652.5498046875,13439.73046875,13574.5595703125,1405800
2021-03-17,13809.76953125,13842.8798828125,13490.419921875,13605.7802734375,100
2021-03-18,13963.919921875,14003.76953125,13832.7001953125,13850.599609375,100
2021-03-19,13606.0,13837.23046875,13522.9404296875,13738.2099609375,1422500
2021-03-22,13760.9697265625,13797.2998046875,13565.169921875,13605.7001953125,1489100
2021-03-23,13607.26953125,13794.4697265625,13506.169921875,13754.8798828125,1474000
2021-03-24,13407.349609375,13651.900390625,13378.8798828125,13529.9296875,1421100
2021-03-25,13421.16015625,13489.2900390625,13252.240234375,13318.9697265625,1275400
2021-03-26,13769.6796875,13810.9697265625,13493.3603515625,13493.3603515625,1319600
2021-03-29,13771.259765625,13895.6103515625,13684.4296875,13802.509765625,1355200
2021-03-30,13888.4404296875,13933.3203125,13717.58984375,13751.2099609375,1276200
2021-03-31,13778.669921875,13870.7099609375,13678.669921875,13870.7099609375,1150700
2021-04-01,13979.6904296875,13992.75,13808.3203125,13812.6396484375,1136600
2021-04-02,14122.6103515625,14178.099609375,14008.849609375,14042.1298828125,1227400
2021-04-06,14083.33984375,14194.3603515625,14045.919921875,14176.2099609375,1097700
2021-04-07,13979.3095703125,14100.849609375,13856.9697265625,14100.849609375,1432800
2021-04-08,13989.9404296875,14037.4501953125,13845.1201171875,13906.8203125,1419500
2021-04-09,13813.3095703125,13977.2802734375,13769.1904296875,13965.2099609375,1321700
2021-04-12,13495.7197265625,13867.16015625,13454.26953125,13811.58984375,1479600
2021-04-13,13528.3095703125,13671.3603515625,13484.0,13490.3896484375,1290200
2021-04-14,13738.0,13756.740234375,13550.8701171875,13550.8701171875,1236300
2021-04-15,13680.26953125,13705.1298828125,13539.0703125,13705.1298828125,1184400
2021-04-16,13720.740234375,13755.4501953125,13575.6201171875,13718.23046875,1205900
2021-04-19,14117.7998046875,14121.2099609375,13667.75,13714.3896484375,1524000
2021-04-20,14101.900390625,14215.2802734375,14035.23046875,14062.5,1388500
2021-04-21,14151.150390625,14176.9501953125,13978.5703125,14010.58984375,1258600
2021-04-22,14209.4404296875,14244.490234375,14091.1103515625,14219.240234375,1243000
2021-04-23,14351.8603515625,14386.6201171875,14208.400390625,14213.3603515625,1307200
2021-04-26,14224.4501953125,14529.4296875,14212.2197265625,14419.849609375,1586600
2021-04-27,14264.080078125,14266.599609375,14106.830078125,14211.580078125,1285100
2021-04-28,14398.3798828125,14398.9599609375,14190.6396484375,14238.5595703125,1250800
2021-04-29,14464.080078125,14516.2197265625,14330.08984375,14416.849609375,1225200
2021-04-30,14438.5703125,14522.4599609375,14343.0595703125,14437.169921875,1342800
2021-05-06,14210.599609375,14398.580078125,14088.0400390625,14355.400390625,1432900
2021-05-07,13933.8095703125,14280.0400390625,13933.8095703125,14243.7099609375,1578100
2021-05-10,13917.9697265625,14035.599609375,13828.8203125,13945.7802734375,1538200
2021-05-11,13966.7900390625,13996.7001953125,13696.73046875,13814.2802734375,1533800
2021-05-12,14064.8701171875,14078.330078125,13872.099609375,13922.150390625,1262800
2021-05-13,13917.650390625,14027.5498046875,13866.1103515625,13907.1796875,1367600
2021-05-14,14208.7802734375,14214.1396484375,13872.6298828125,13960.330078125,1530900
2021-05-17,14456.5400390625,14538.759765625,14234.7001953125,14234.7001953125,1463900
2021-05-18,14450.599609375,14497.900390625,14345.990234375,14462.41015625,1186900
2021-05-19,14484.4501953125,14544.2001953125,14359.01953125,14399.759765625,1243900
2021-05-20,14535.099609375,14582.400390625,14431.7998046875,14455.6103515625,1438500
2021-05-21,14417.4599609375,14634.599609375,14386.1201171875,14582.0703125,1287800
2021-05-24,14506.6103515625,14506.6103515625,14295.48046875,14436.3603515625,1306300
2021-05-25,14846.4501953125,14862.1904296875,14509.7802734375,14533.9501953125,1531600
2021-05-26,14793.6796875,14860.6396484375,14762.2001953125,14850.2802734375,1546400
2021-05-27,14897.1904296875,14955.2998046875,14720.669921875,14796.0498046875,1502100
2021-05-28,14852.8798828125,14977.25,14778.8203125,14899.330078125,1651600
2021-05-31,14996.3798828125,14996.3798828125,14836.150390625,14874.8896484375,1460400
2021-06-01,15034.7802734375,15039.01953125,14820.740234375,14963.9501953125,1515600
2021-06-02,14857.91015625,15051.2099609375,14793.740234375,15044.9404296875,1470800
2021-06-03,14761.1298828125,14947.599609375,14759.8203125,14850.509765625,1330600
2021-06-04,14870.91015625,14989.2099609375,14667.5302734375,14704.1904296875,1314900
2021-06-07,14862.599609375,14883.5498046875,14760.2001953125,14879.490234375,1363100
2021-06-08,14716.98046875,14973.8095703125,14625.2900390625,14867.9501953125,1355400
2021-06-09,14718.400390625,14762.6396484375,14641.830078125,14698.349609375,1275500
2021-06-10,14893.58984375,14940.2998046875,14699.3095703125,14715.1396484375,1501700
2021-06-11,14801.240234375,14920.8701171875,14738.6201171875,14918.490234375,1709000
2021-06-15,14673.33984375,14829.9697265625,14564.5595703125,14806.6904296875,1419800
2021-06-16,14295.9296875,14667.240234375,14290.23046875,14663.48046875,1235700
2021-06-17,14472.3701171875,14489.509765625,14291.9404296875,14291.9404296875,1208500
2021-06-18,14583.669921875,14635.5,14449.0595703125,14510.5595703125,1459800
2021-06-21,14641.2900390625,14721.6904296875,14468.740234375,14563.0498046875,1430700
2021-06-22,14696.2900390625,14706.5,14564.5,14678.3701171875,1388500
2021-06-23,14843.830078125,14882.1396484375,14641.4697265625,14713.83984375,1475500
2021-06-24,14784.7998046875,14877.6396484375,14718.8896484375,14876.73046875,1380400
2021-06-25,15003.849609375,15036.76953125,14797.33984375,14799.5302734375,1446900
2021-06-28,15150.169921875,15166.5595703125,15031.2099609375,15049.76953125,1413000
2021-06-29,14999.7998046875,15187.8095703125,14991.1796875,15187.8095703125,1323400
2021-06-30,15161.7001953125,15175.75,14978.2998046875,15015.2900390625,1177700
2021-07-01,15038.8798828125,15206.150390625,15001.8896484375,15203.0703125,1360000
2021-07-02,14670.7099609375,14937.73046875,14652.740234375,14937.73046875,1299900
2021-07-05,14718.66015625,14782.5703125,14597.8701171875,14666.6796875,1285800
2021-07-06,14667.650390625,14779.2998046875,14480.8701171875,14745.4501953125,1425400
2021-07-07,14940.0498046875,14966.23046875,14545.2900390625,14592.75,1359500
2021-07-08,14882.900390625,15033.33984375,14856.9296875,14984.25,1581600
2021-07-09,14844.3603515625,14887.599609375,14583.5498046875,14805.8095703125,1520600
2021-07-12,15161.51953125,15222.169921875,14870.830078125,14970.1298828125,1863200
2021-07-13,15189.2900390625,15232.150390625,15077.33984375,15151.08984375,1744800
2021-07-14,15056.3203125,15215.6298828125,15021.990234375,15141.0400390625,1737700
2021-07-15,15169.330078125,15170.6396484375,14899.3095703125,15014.91015625,1677200
2021-07-16,14972.2099609375,15165.75,14962.9697265625,15144.080078125,1695800
2021-07-19,14992.900390625,15033.599609375,14856.6396484375,14958.6201171875,1574500
2021-07-20,15011.349609375,15031.8798828125,14859.7099609375,14879.26953125,1312500
2021-07-21,15212.599609375,15264.099609375,15061.08984375,15070.169921875,1624000
2021-07-22,15262.1904296875,15290.0595703125,15172.099609375,15258.73046875,1789900
2021-07-23,15028.5703125,15248.25,14989.5,15248.25,2051400
2021-07-26,14630.849609375,14982.900390625,14376.330078125,14982.900390625,2014900
2021-07-27,14093.6396484375,14741.8701171875,14093.6396484375,14640.259765625,2182900
2021-07-28,14086.419921875,14207.3896484375,13727.48046875,13967.4404296875,1857900
2021-07-29,14515.3203125,14544.1103515625,14277.9697265625,14390.2900390625,1676200
2021-07-30,14473.2099609375,14522.1201171875,14294.48046875,14482.7802734375,1820100
2021-08-02,14798.16015625,14806.8603515625,14395.330078125,14463.2099609375,2047700
2021-08-03,14736.919921875,14844.51953125,14656.2001953125,14745.91015625,1882300
2021-08-04,14990.1103515625,14990.1103515625,14683.349609375,14715.75,1652700
2021-08-05,14872.23046875,14990.650390625,14800.419921875,14901.9599609375,1684400
2021-08-06,14827.41015625,14915.73046875,14722.1298828125,14902.6904296875,1597100
2021-08-09,14941.4404296875,14980.150390625,14682.9404296875,14738.3701171875,1764000
2021-08-10,15057.58984375,15057.58984375,14863.080078125,14919.51953125,1724000
2021-08-11,15021.169921875,15101.1298828125,14969.080078125,15048.8701171875,1771500
2021-08-12,14901.9697265625,15037.580078125,14857.91015625,14972.490234375,1784900
2021-08-13,14799.0302734375,14994.6103515625,14717.669921875,14839.509765625,1668400
2021-08-16,14693.740234375,14800.2197265625,14660.080078125,14756.48046875,1597600
2021-08-17,14350.650390625,14750.9296875,14308.6298828125,14696.1904296875,1761200
2021-08-18,14454.1103515625,14500.1396484375,14284.849609375,14371.8203125,1633200
2021-08-19,14487.3603515625,14570.6298828125,14357.73046875,14456.1796875,1657800
2021-08-20,14253.5302734375,14448.919921875,14100.919921875,14376.900390625,1658000
2021-08-23,14535.8798828125,14558.4697265625,14260.080078125,14296.9501953125,1662000
2021-08-24,14663.5498046875,14710.009765625,14496.8896484375,14558.9599609375,1749300
2021-08-25,14697.5,14697.5,14562.8203125,14657.650390625,1651400
2021-08-26,14415.4599609375,14701.919921875,14409.8798828125,14701.919921875,1781300
2021-08-27,14436.900390625,14537.150390625,14366.150390625,14382.1796875,1825900
2021-08-30,14423.3701171875,14546.740234375,14339.3798828125,14482.9697265625,2089400
2021-08-31,14328.3798828125,14418.259765625,14157.5498046875,14407.9404296875,2032200
2021-09-01,14314.08984375,14418.6103515625,14058.25,14336.0703125,2409600
2021-09-02,14277.33984375,14348.8203125,14226.419921875,14294.5400390625,2082200
2021-09-03,14179.8603515625,14302.900390625,14118.73046875,14295.5595703125,2317100
2021-09-06,14546.599609375,14567.1396484375,14145.6298828125,14184.419921875,2199600
2021-09-07,14702.900390625,14724.6298828125,14483.5498046875,14543.83984375,2161200
2021-09-08,14688.080078125,14789.08984375,14630.5,14706.8798828125,2452200
2021-09-09,14698.5302734375,14716.73046875,14547.0703125,14666.0498046875,2262500
2021-09-10,14771.8701171875,14811.509765625,14645.259765625,14673.4501953125,2373800
2021-09-13,14705.830078125,14833.8798828125,14648.7802734375,14776.8203125,2191600
2021-09-14,14626.080078125,14844.259765625,14589.7197265625,14699.2197265625,2208300
2021-09-15,14536.3095703125,14602.33984375,14476.1904296875,14590.7998046875,1896100
2021-09-16,14258.1298828125,14550.3095703125,14258.1298828125,14527.099609375,2086800
2021-09-17,14359.3603515625,14383.6201171875,14136.4697265625,14224.6103515625,1887500
2021-09-22,14277.080078125,14311.9599609375,14117.6298828125,14139.900390625,1613600
2021-09-23,14387.3603515625,14416.3701171875,14338.990234375,14380.08984375,1930100
2021-09-24,14357.849609375,14514.3896484375,14307.6796875,14359.1103515625,1827100
2021-09-27,14344.2900390625,14527.76953125,14253.150390625,14430.0400390625,1976100
2021-09-28,14313.8203125,14425.16015625,14243.2001953125,14307.5302734375,1490100
2021-09-29,14079.01953125,14235.8798828125,14020.5595703125,14202.400390625,1640200
2021-09-30,14309.009765625,14337.5,14124.080078125,14124.080078125,1380500
2021-10-08,14414.16015625,14489.330078125,14348.98046875,14457.9404296875,1607800
2021-10-11,14367.599609375,14484.3896484375,14338.4697265625,14440.8203125,1487600
2021-10-12,14135.3798828125,14335.5400390625,14006.650390625,14335.5400390625,1557500
2021-10-13,14353.080078125,14358.5,14112.91015625,14140.419921875,1293500
2021-10-14,14341.3798828125,14399.919921875,14293.5302734375,14350.6298828125,1238400
2021-10-15,14415.990234375,14440.580078125,14232.0302734375,14294.1796875,1497500
2021-10-18,14350.01953125,14393.1796875,14218.6103515625,14393.1796875,1421100
2021-10-19,14499.76953125,14504.240234375,14352.9296875,14352.9296875,1344400
2021-10-20,14452.25,14552.5703125,14431.6298828125,14500.4599609375,1411800
2021-10-21,14444.8603515625,14501.4501953125,14348.1201171875,14466.419921875,1352300
2021-10-22,14492.8203125,14582.7900390625,14454.8603515625,14467.3701171875,1415100
2021-10-25,14596.7197265625,14599.0,14452.8798828125,14491.349609375,1403400
2021-10-26,14552.8203125,14682.4296875,14531.48046875,14658.990234375,1481200
2021-10-27,14393.509765625,14510.4501953125,14348.0498046875,14510.4501953125,1532000
2021-10-28,14244.8203125,14407.66015625,14188.2900390625,14350.91015625,1539200
2021-10-29,14451.3798828125,14457.4404296875,14199.58984375,14242.6796875,1508900
2021-11-01,14476.5302734375,14569.23046875,14344.48046875,14393.580078125,1684200
2021-11-02,14377.26953125,14558.3603515625,14248.0,14476.900390625,1745600
2021-11-03,14367.7802734375,14458.6201171875,14287.33984375,14365.2099609375,1463600
2021-11-04,14555.26953125,14557.9404296875,14420.1396484375,14440.2197265625,1465300
2021-11-05,14462.6201171875,14623.48046875,14462.58984375,14536.599609375,1710200
2021-11-08,14508.8603515625,14532.7197265625,14400.83984375,14451.58984375,1465200
2021-11-09,14571.9296875,14581.419921875,14463.76953125,14538.6201171875,1354200
2021-11-10,14515.8798828125,14536.6298828125,14302.7998046875,14521.7197265625,1556900
2021-11-11,14699.740234375,14708.1201171875,14479.3701171875,14497.98046875,1704900
2021-11-12,14705.3701171875,14732.349609375,14646.490234375,14708.599609375,1659600
2021-11-15,14636.3896484375,14732.0498046875,14578.23046875,14724.33984375,1595500
2021-11-16,14613.9697265625,14736.3701171875,14597.0400390625,14626.8701171875,1583000
2021-11-17,14711.1796875,14711.1796875,14596.8896484375,14646.66015625,1380000
2021-11-18,14579.169921875,14685.7900390625,14555.2197265625,14685.7900390625,1549400
2021-11-19,14752.490234375,14761.5302734375,14552.669921875,14569.9296875,1673700
2021-11-22,14960.66015625,14961.7900390625,14776.0400390625,14778.580078125,1734600
2021-11-23,14905.1298828125,14954.849609375,14874.4296875,14929.240234375,1704500
2021-11-24,14887.599609375,14942.9599609375,14864.8896484375,14908.9697265625,1655100
2021-11-25,14827.9501953125,14897.1796875,14819.6796875,14884.849609375,1451200
2021-11-26,14777.169921875,14862.9296875,14745.58984375,14802.01953125,1426700
2021-11-29,14810.2001953125,14825.4296875,14633.0595703125,14635.48046875,1419300
2021-11-30,14795.73046875,14870.23046875,14712.8203125,14854.51953125,1504600
2021-12-01,14794.25,14824.8095703125,14724.7197265625,14794.3701171875,1496600
2021-12-02,14765.5595703125,14834.7900390625,14740.240234375,14769.6904296875,1582800
2021-12-03,14892.0498046875,14892.0498046875,14767.4501953125,14772.669921875,1481500
2021-12-06,14752.9599609375,14942.240234375,14742.099609375,14872.5498046875,1708900
2021-12-07,14697.169921875,14861.3798828125,14602.73046875,14845.01953125,1649900
2021-12-08,14964.4599609375,14964.4599609375,14733.8896484375,14748.650390625,1496500
2021-12-09,15147.8701171875,15193.6796875,14957.33984375,14965.4404296875,1918800
2021-12-10,15111.5595703125,15148.7802734375,15026.3701171875,15044.6796875,1751700
2021-12-13,15212.490234375,15288.650390625,15151.7998046875,15166.16015625,1876000
2021-12-14,15136.7802734375,15185.25,15109.0595703125,15171.0498046875,1599000
2021-12-15,15026.2099609375,15187.259765625,15012.75,15112.1796875,1500000
2021-12-16,15112.8095703125,15112.8095703125,14977.4501953125,15047.4697265625,1570800
2021-12-17,14867.5498046875,15075.23046875,14867.25,15075.23046875,1683000
2021-12-20,14569.1796875,14902.1298828125,14551.3603515625,14818.419921875,1623600
2021-12-21,14688.98046875,14702.3798828125,14547.599609375,14559.7197265625,1412100
2021-12-22,14791.330078125,14813.0400390625,14709.400390625,14723.41015625,1551600
2021-12-23,14863.9296875,14878.9501953125,14790.4501953125,14818.990234375,1541400
2021-12-24,14710.330078125,14887.4599609375,14674.1396484375,14872.419921875,1511200
2021-12-27,14715.650390625,14802.349609375,14652.419921875,14704.2900390625,1402200
2021-12-28,14837.8701171875,14841.8798828125,14696.4501953125,14736.73046875,1424300
2021-12-29,14653.8203125,14828.1904296875,14645.2001953125,14828.1904296875,1293300
2021-12-30,14796.23046875,14846.8203125,14652.080078125,14652.080078125,1434200
2021-12-31,14857.349609375,14871.98046875,14797.1103515625,14842.0703125,1441000
2022-01-04,14791.3095703125,14941.1904296875,14681.7099609375,14935.23046875,1880700
2022-01-05,14525.759765625,14767.2197265625,14469.3701171875,14752.080078125,1949700
2022-01-06,14429.509765625,14497.76953125,14298.48046875,14432.4599609375,1728500
2022-01-07,14343.650390625,14495.669921875,14331.98046875,14449.5400390625,1912400
2022-01-10,14406.9697265625,14430.08984375,14194.349609375,14304.8603515625,1667500
2022-01-11,14223.349609375,14433.5595703125,14201.900390625,14402.2197265625,1619100
2022-01-12,14421.2001953125,14426.1201171875,14293.41015625,14316.5302734375,1529700
2022-01-13,14138.33984375,14440.98046875,14138.33984375,14440.98046875,1550300
2022-01-14,14150.5703125,14219.4404296875,14039.8701171875,14054.669921875,1609600
2022-01-17,14363.5703125,14374.4697265625,14159.26953125,14163.0,1603700
2022-01-18,14391.3896484375,14444.5400390625,14285.6298828125,14365.1904296875,1685600
2022-01-19,14207.1904296875,14413.3798828125,14120.240234375,14376.3603515625,1584200
2022-01-20,14198.2998046875,14312.0,14149.5,14188.509765625,1690700
2022-01-21,14029.5498046875,14181.6201171875,13991.6396484375,14144.2197265625,1451900
2022-01-24,14081.7998046875,14133.0400390625,13918.990234375,13941.900390625,1213000
2022-01-25,13683.8896484375,14091.8798828125,13682.7197265625,14018.9296875,1447300
2022-01-26,13780.2998046875,13820.9404296875,13580.400390625,13742.0302734375,1140700
2022-01-27,13398.83984375,13773.5,13395.3603515625,13756.8701171875,1209100
2022-01-28,13328.0595703125,13553.2197265625,13227.830078125,13515.4697265625,1186400
2022-02-07,13456.650390625,13632.4501953125,13412.2001953125,13558.9404296875,1282800
2022-02-08,13325.41015625,13432.330078125,13051.7998046875,13432.080078125,1334300
2022-02-09,13531.3095703125,13541.8701171875,13283.2001953125,13321.8095703125,1469300
2022-02-10,13432.0703125,13537.3095703125,13339.5,13537.3095703125,1392700
2022-02-11,13224.3798828125,13452.7197265625,13206.6298828125,13360.400390625,1482600
2022-02-14,13123.2099609375,13280.080078125,13049.4501953125,13140.349609375,1304800
2022-02-15,13345.6298828125,13346.669921875,13138.4404296875,13143.099609375,1097700
2022-02-16,13376.3603515625,13446.0595703125,13339.7998046875,13403.6396484375,1013700
2022-02-17,13422.900390625,13490.8603515625,13322.6904296875,13360.4599609375,1144300
2022-02-18,13459.6796875,13460.2099609375,13316.4697265625,13334.900390625,1156800
2022-02-21,13471.16015625,13503.08984375,13404.73046875,13464.849609375,1346000
2022-02-22,13297.1103515625,13384.0302734375,13216.6298828125,13384.0302734375,1371600
2022-02-23,13549.990234375,13553.26953125,13319.8701171875,13319.8701171875,1370400
2022-02-24,13252.240234375,13538.7099609375,13093.9697265625,13459.009765625,1929100
2022-02-25,13412.919921875,13540.990234375,13383.240234375,13383.240234375,1367900
2022-02-28,13455.73046875,13457.6103515625,13279.3203125,13397.9296875,1246000
2022-03-01,13488.6396484375,13517.25,13393.849609375,13493.2802734375,1258000
2022-03-02,13346.9599609375,13412.900390625,13267.5498046875,13412.900390625,1174200
2022-03-03,13201.8203125,13407.0400390625,13187.740234375,13397.9697265625,1404300
2022-03-04,13020.4599609375,13204.240234375,12972.240234375,13089.419921875,1373900
2022-03-07,12573.4296875,12930.73046875,12523.4501953125,12930.73046875,1452300
2022-03-08,12244.5,12653.4599609375,12178.1796875,12594.599609375,1616300
2022-03-09,12107.169921875,12337.76953125,11598.3896484375,12282.150390625,1766900
2022-03-10,12370.9501953125,12486.91015625,12331.509765625,12421.759765625,1440100
2022-03-11,12447.3701171875,12464.5,12043.3798828125,12181.48046875,1416400
2022-03-14,12063.6298828125,12389.41015625,12063.6298828125,12315.76953125,1288500
2022-03-15,11537.240234375,12086.0400390625,11537.240234375,11948.6298828125,1712900
2022-03-16,12000.9599609375,12034.4599609375,11331.23046875,11765.3095703125,1734900
2022-03-17,12289.9697265625,12497.8603515625,12218.169921875,12228.83984375,1735600
2022-03-18,12328.650390625,12368.58984375,12141.75,12222.2197265625,1376600
2022-03-21,12379.6396484375,12469.98046875,12257.669921875,12385.8701171875,1456600
2022-03-22,12318.7802734375,12410.4697265625,12269.169921875,12350.73046875,1320000
2022-03-23,12408.650390625,12436.2099609375,12291.3701171875,12373.509765625,1258600
2022-03-24,12305.5,12384.7802734375,12188.580078125,12339.1396484375,1253200
2022-03-25,12072.73046875,12330.9501953125,12072.73046875,12315.349609375,1214600
2022-03-28,11949.9404296875,12053.2001953125,11835.330078125,11969.0,1219000
2022-03-29,11895.080078125,12050.849609375,11857.3701171875,11983.5400390625,1199300
2022-03-30,12263.7998046875,12263.7998046875,11961.0595703125,11969.3603515625,1494700
2022-03-31,12118.25,12220.0595703125,12090.2900390625,12208.990234375,1469400
2022-04-01,12227.9296875,12275.080078125,12009.2099609375,12040.009765625,1418400
2022-04-06,12172.91015625,12238.01953125,12091.98046875,12220.7802734375,1540100
2022-04-07,11972.01953125,12205.099609375,11971.330078125,12101.3701171875,1499100
2022-04-08,11959.26953125,12001.58984375,11799.01953125,11988.0498046875,1474600
2022-04-11,11520.2099609375,11876.1796875,11482.73046875,11876.1796875,1472900
2022-04-12,11756.3798828125,11756.3798828125,11439.58984375,11523.2802734375,1443500
2022-04-13,11568.169921875,11744.25,11568.169921875,11669.080078125,1344700
2022-04-14,11714.6201171875,11787.1201171875,11587.8701171875,11662.58984375,1324400
2022-04-15,11648.5703125,11737.7900390625,11552.7802734375,11626.0498046875,1434800
2022-04-18,11691.4697265625,11710.83984375,11459.83984375,11557.51953125,1225400
2022-04-19,11633.3203125,11771.5498046875,11584.240234375,11691.759765625,1200600
2022-04-20,11392.23046875,11641.4501953125,11360.080078125,11619.740234375,1283300
2022-04-21,11084.2802734375,11429.7802734375,11038.3798828125,11328.7099609375,1367900
2022-04-22,11051.7001953125,11151.66015625,10896.919921875,11016.6796875,1221300
2022-04-25,10379.2802734375,10866.6396484375,10379.0595703125,10840.3603515625,1598100
2022-04-26,10206.6396484375,10548.9599609375,10181.169921875,10401.990234375,1514400
2022-04-27,10652.900390625,10652.9296875,10087.5302734375,10090.98046875,1651000
2022-04-28,10628.919921875,10743.169921875,10498.66015625,10607.7900390625,1417900
2022-04-29,11021.4404296875,11029.9404296875,10631.1396484375,10719.4501953125,1673800
2022-05-05,11046.3798828125,11146.01953125,10897.259765625,10928.6796875,1474400
2022-05-06,10809.8798828125,10913.6904296875,10748.8701171875,10775.3095703125,1260100
2022-05-09,10765.6298828125,10867.6103515625,10698.669921875,10743.0302734375,1062700
2022-05-10,10912.740234375,10938.580078125,10560.7802734375,10601.400390625,1379600
2022-05-11,11109.48046875,11334.759765625,10917.099609375,10921.0302734375,1710200
2022-05-12,11094.8701171875,11173.01953125,11006.3203125,11029.33984375,1223700
2022-05-13,11159.7900390625,11204.5498046875,11044.4599609375,11167.58984375,1175000
2022-05-16,11093.3701171875,11296.0,11067.0595703125,11251.26953125,1265700
2022-05-17,11230.16015625,11230.740234375,11059.830078125,11095.400390625,1152800
2022-05-18,11208.080078125,11300.2197265625,11151.2197265625,11249.2802734375,1161000
2022-05-19,11250.0595703125,11250.0595703125,11019.080078125,11035.9599609375,1260600
2022-05-20,11454.5302734375,11454.5302734375,11292.1396484375,11311.8095703125,1549800
2022-05-23,11447.9501953125,11475.1796875,11343.2099609375,11468.8095703125,1394600
2022-05-24,11065.919921875,11429.9296875,11065.919921875,11429.9296875,1516100
2022-05-25,11143.1796875,11143.9697265625,11009.73046875,11062.6298828125,1115700
2022-05-26,11206.8203125,11276.2001953125,10984.75,11149.3095703125,1304200
2022-05-27,11193.58984375,11379.9296875,11126.75,11290.0,1177900
2022-05-30,11310.2802734375,11327.0498046875,11185.9501953125,11248.509765625,1126700
2022-05-31,11527.6201171875,11543.1796875,11241.0302734375,11313.41015625,1430900
2022-06-01,11551.26953125,11592.4697265625,11467.8603515625,11507.490234375,1289400
2022-06-02,11628.3095703125,11637.5302734375,11470.8896484375,11492.9697265625,1287400
2022-06-06,11938.1201171875,11941.169921875,11602.400390625,11636.6796875,1668800
2022-06-07,11935.5703125,12004.580078125,11857.4501953125,11937.2802734375,1472100
2022-06-08,12033.259765625,12040.349609375,11815.2900390625,11947.75,1572200
2022-06-09,11810.580078125,12006.01953125,11761.2099609375,12002.8095703125,1466300
2022-06-10,12035.150390625,12039.4697265625,11724.240234375,11733.349609375,1626400
2022-06-13,11999.3095703125,12056.5302734375,11881.080078125,11922.5595703125,1625200
2022-06-14,12023.7900390625,12028.1396484375,11644.349609375,11854.169921875,1736700
2022-06-15,12137.759765625,12356.3095703125,12038.7998046875,12052.740234375,2264400
2022-06-16,12150.9599609375,12274.1796875,12101.490234375,12146.849609375,1895300
2022-06-17,12331.1396484375,12355.33984375,12036.26953125,12045.83984375,1661900
2022-06-20,12487.1298828125,12587.9501953125,12372.0703125,12405.1201171875,1699900
2022-06-21,12423.8603515625,12542.7197265625,12299.9501953125,12477.73046875,1646300
2022-06-22,12246.5498046875,12445.16015625,12240.7802734375,12437.6904296875,1497200
2022-06-23,12514.73046875,12514.73046875,12177.259765625,12273.3798828125,1598800
2022-06-24,12686.0302734375,12690.5400390625,12516.7099609375,12553.5595703125,1605100
2022-06-27,12825.5703125,12911.240234375,12742.5498046875,12742.5498046875,1704000
2022-06-28,12982.6904296875,13001.5400390625,12718.25,12823.650390625,1746000
2022-06-29,12696.5,12998.6298828125,12682.9296875,12930.4296875,1958300
2022-06-30,12896.2001953125,12970.650390625,12710.25,12710.25,1642800
2022-07-01,12860.3603515625,12941.0595703125,12805.73046875,12899.4697265625,1478600
2022-07-04,13026.25,13026.25,12751.080078125,12813.490234375,1583000
2022-07-05,12973.1103515625,13121.3896484375,12798.009765625,13057.240234375,1714400
2022-07-06,12811.330078125,12997.41015625,12700.48046875,12935.419921875,1615900
2022-07-07,12935.849609375,12962.990234375,12732.7001953125,12826.08984375,1561600
2022-07-08,12857.1298828125,13034.4599609375,12848.6298828125,12998.5595703125,1473800
2022-07-11,12617.23046875,12798.419921875,12514.98046875,12798.419921875,1470400
2022-07-12,12439.26953125,12657.490234375,12396.91015625,12616.83984375,1376200
2022-07-13,12508.8896484375,12562.9501953125,12323.2001953125,12441.7197265625,1406000
2022-07-14,12602.7802734375,12695.2001953125,12452.1298828125,12479.2197265625,1426000
2022-07-15,12411.009765625,12687.669921875,12411.009765625,12557.150390625,1603100
2022-07-18,12532.650390625,12559.0703125,12304.1201171875,12456.2197265625,1495200
2022-07-19,12494.76953125,12569.9501953125,12402.1103515625,12524.509765625,1372800
2022-07-20,12573.1201171875,12625.6298828125,12518.419921875,12551.4296875,1362600
2022-07-21,12455.1904296875,12601.0,12455.1904296875,12543.580078125,1472500
2022-07-22,12394.01953125,12553.26953125,12289.2001953125,12501.33984375,1300400
2022-07-25,12291.58984375,12414.0703125,12251.080078125,12386.5498046875,1255600
2022-07-26,12408.5595703125,12453.1103515625,12266.83984375,12308.740234375,1148400
2022-07-27,12399.6904296875,12439.2197265625,12331.7001953125,12383.0498046875,1196400
2022-07-28,12428.7197265625,12550.900390625,12407.0703125,12467.759765625,1518700
2022-07-29,12266.919921875,12460.1904296875,12245.2099609375,12439.41015625,1447600
2022-08-01,12413.8701171875,12420.23046875,12158.849609375,12243.330078125,1339100
2022-08-02,12120.01953125,12273.3701171875,12008.169921875,12260.4501953125,1822800
2022-08-03,11982.259765625,12294.8798828125,11946.4599609375,12148.240234375,1514000
2022-08-04,12065.2197265625,12103.3798828125,11926.509765625,12055.349609375,1137100
2022-08-05,12269.2099609375,12275.9599609375,12051.400390625,12088.650390625,1338200
2022-08-08,12302.150390625,12304.23046875,12219.01953125,12239.8701171875,1212100
2022-08-09,12331.08984375,12333.3798828125,12235.830078125,12277.4404296875,1167800
2022-08-10,12223.509765625,12347.150390625,12166.23046875,12302.5703125,1182200
2022-08-11,12474.0302734375,12475.169921875,12231.080078125,12287.7998046875,1520400
2022-08-12,12419.3896484375,12493.7802734375,12417.490234375,12453.400390625,1406500
2022-08-15,12460.2197265625,12531.76953125,12386.16015625,12392.5,1321300
2022-08-16,12470.1103515625,12553.6904296875,12441.9599609375,12470.650390625,1330400
2022-08-17,12595.4599609375,12611.490234375,12391.4501953125,12481.7099609375,1545000
2022-08-18,12517.3203125,12576.6201171875,12496.7900390625,12557.33984375,1402300
2022-08-19,12358.5498046875,12521.759765625,12358.5498046875,12504.48046875,1521400
2022-08-22,12505.6796875,12509.91015625,12291.8203125,12320.8798828125,1404500
2022-08-23,12455.150390625,12525.009765625,12405.580078125,12481.240234375,1281000
2022-08-24,12096.3896484375,12491.169921875,12082.4404296875,12484.4404296875,1563400
2022-08-25,12104.0302734375,12159.7998046875,11949.759765625,12130.759765625,1317400
2022-08-26,12059.7099609375,12210.009765625,12039.740234375,12142.0498046875,1210900
2022-08-29,12018.16015625,12044.51953125,11890.490234375,11911.169921875,1146800
2022-08-30,11970.7900390625,12039.1904296875,11905.0,12013.919921875,1195600
2022-08-31,11815.7900390625,11968.4599609375,11743.6904296875,11909.3095703125,1414700
2022-09-01,11712.3896484375,11888.0595703125,11696.580078125,11789.8203125,1133400
2022-09-02,11702.3896484375,11765.009765625,11644.0302734375,11753.599609375,984400
2022-09-05,11678.6904296875,11714.41015625,11597.73046875,11667.0498046875,990200
2022-09-06,11799.8095703125,11802.7099609375,11624.8203125,11702.169921875,1142100
2022-09-07,11849.080078125,11894.5595703125,11724.2802734375,11743.4697265625,1126700
2022-09-08,11746.919921875,11865.9697265625,11739.5703125,11858.5302734375,1065000
2022-09-09,11877.7900390625,11885.4599609375,11750.4404296875,11780.8203125,1143500
2022-09-13,11923.4697265625,11966.169921875,11874.1904296875,11936.580078125,1087600
2022-09-14,11774.7802734375,11841.1796875,11703.759765625,11751.1103515625,1005500
2022-09-15,11526.9599609375,11832.4599609375,11427.509765625,11823.7998046875,1331600
2022-09-16,11261.5,11509.98046875,11261.5,11492.6904296875,1272600
2022-09-19,11207.0400390625,11318.009765625,11149.98046875,11241.7802734375,955800
2022-09-20,11283.919921875,11364.16015625,11229.91015625,11274.8603515625,868400
2022-09-21,11208.509765625,11259.3095703125,11117.3701171875,11245.83984375,939100
2022-09-22,11114.4296875,11241.1201171875,11094.740234375,11122.1103515625,911600
2022-09-23,11006.41015625,11146.7900390625,10899.58984375,11105.759765625,956500
2022-09-26,10962.5595703125,11141.58984375,10908.9599609375,10921.6396484375,930800
2022-09-27,11175.1201171875,11175.1201171875,10959.8203125,10999.099609375,929100
2022-09-28,10899.7001953125,11136.1796875,10899.7001953125,11136.1796875,884600
2022-09-29,10919.4404296875,11045.98046875,10864.490234375,11023.830078125,843800
2022-09-30,10778.6103515625,10962.2197265625,10777.91015625,10925.009765625,797500
2022-10-10,10522.1201171875,10801.33984375,10500.76953125,10788.6904296875,891300
2022-10-11,10577.8095703125,10617.919921875,10487.66015625,10555.0595703125,792800
2022-10-12,10838.48046875,10838.6298828125,10402.0595703125,10568.009765625,1091100
2022-10-13,10817.669921875,10923.919921875,10737.2998046875,10762.669921875,1045500
2022-10-14,11121.7197265625,11177.23046875,10890.1904296875,10914.1796875,1229700
2022-10-17,11162.259765625,11173.3896484375,11041.580078125,11059.23046875,1132300
2022-10-18,11187.7001953125,11270.48046875,11135.4697265625,11223.150390625,1067200
2022-10-19,11027.240234375,11197.150390625,11027.240234375,11154.1298828125,954400
2022-10-20,10965.330078125,11126.16015625,10832.08984375,10948.4296875,1029300
2022-10-21,10918.9697265625,11000.3896484375,10875.1796875,10955.83984375,904400
2022-10-24,10694.6103515625,11043.0302734375,10635.349609375,10908.740234375,1178200
2022-10-25,10639.8203125,10760.669921875,10510.91015625,10644.669921875,1097800
2022-10-26,10818.330078125,10928.4501953125,10657.01953125,10664.4296875,1268300
2022-10-27,10750.1396484375,10886.099609375,10750.1396484375,10843.33984375,1273100
2022-10-28,10401.83984375,10698.6904296875,10368.91015625,10659.7001953125,1323900
2022-10-31,10397.0400390625,10518.3896484375,10301.7099609375,10304.2001953125,1323400
2022-11-01,10734.25,10734.25,10395.5595703125,10420.9501953125,1370500
2022-11-02,10877.509765625,10951.4501953125,10687.2099609375,10704.25,1436500
2022-11-03,10840.0595703125,10877.740234375,10754.2900390625,10766.2197265625,1124600
2022-11-04,11187.4296875,11226.2099609375,10848.2998046875,10848.2998046875,1514700
2022-11-07,11207.73046875,11272.7998046875,11127.25,11184.16015625,1369900
2022-11-08,11142.9296875,11212.5400390625,11055.080078125,11202.4404296875,1084200
2022-11-09,11055.2900390625,11185.509765625,11049.330078125,11149.3701171875,1050400
2022-11-10,10908.5498046875,10979.7099609375,10848.48046875,10964.9404296875,1144800
2022-11-11,11139.76953125,11272.16015625,11085.9296875,11217.1103515625,1829200
2022-11-14,11113.4599609375,11260.8603515625,11067.8896484375,11177.0703125,1661200
2022-11-15,11351.330078125,11351.330078125,11069.150390625,11100.23046875,1611200
2022-11-16,11235.5595703125,11385.8701171875,11220.330078125,11336.0703125,1339200
2022-11-17,11221.4501953125,11221.4501953125,11077.599609375,11199.6201171875,1247900
2022-11-18,11180.4296875,11310.2197265625,11171.1904296875,11229.1103515625,1394600
2022-11-21,11134.4697265625,11137.6298828125,11014.9599609375,11086.6904296875,1156700
2022-11-22,11002.9296875,11152.0,10960.8798828125,11113.3203125,1132000
2022-11-23,10972.8095703125,11025.48046875,10842.58984375,10971.0,1044000
2022-11-24,10956.6796875,11061.3603515625,10927.849609375,11019.4697265625,957800
2022-11-25,10904.26953125,10962.1396484375,10881.080078125,10928.150390625,1031700
2022-11-28,10829.080078125,10833.26953125,10657.8896484375,10708.5595703125,1100600
2022-11-29,11089.009765625,11112.73046875,10888.5400390625,10891.7197265625,1532700
2022-11-30,11108.5,11140.5,11044.0302734375,11071.3095703125,1534800
2022-12-01,11264.16015625,11350.48046875,11262.8095703125,11282.4599609375,1568500
2022-12-02,11219.7900390625,11312.3203125,11206.7802734375,11238.4404296875,1167000
2022-12-05,11323.349609375,11338.8603515625,11250.6201171875,11292.33984375,1576000
2022-12-06,11398.8203125,11465.41015625,11264.4697265625,11278.48046875,1350100
2022-12-07,11418.759765625,11504.3896484375,11358.6796875,11365.98046875,1300100
2022-12-08,11389.7900390625,11429.76953125,11343.5703125,11403.1904296875,1159500
2022-12-09,11501.580078125,11511.3203125,11360.150390625,11397.099609375,1485100
2022-12-12,11399.1298828125,11457.08984375,11392.8896484375,11453.259765625,1201800
2022-12-13,11323.7001953125,11400.009765625,11312.099609375,11398.83984375,1005100
2022-12-14,11321.8095703125,11375.2197265625,11298.4296875,11341.9599609375,989000
2022-12-15,11358.1103515625,11371.1796875,11269.6103515625,11306.7900390625,922300
2022-12-16,11295.0302734375,11327.26953125,11234.6201171875,11289.51953125,907500
2022-12-19,11124.7001953125,11329.5595703125,11083.849609375,11286.66015625,1008100
2022-12-20,10949.1201171875,11092.8603515625,10908.5302734375,11092.8603515625,786400
2022-12-21,10912.08984375,11001.150390625,10872.26953125,10966.3095703125,701500
2022-12-22,10876.3095703125,11034.669921875,10840.2998046875,10976.5703125,835300
2022-12-23,10849.6396484375,10918.1796875,10794.1396484375,10811.5703125,684000
2022-12-26,10978.990234375,10996.6396484375,10858.330078125,10858.330078125,771800
2022-12-27,11106.5,11115.76953125,11000.1103515625,11010.9296875,822700
2022-12-28,11010.5302734375,11061.1904296875,10975.1298828125,11055.0595703125,914100
2022-12-29,10996.41015625,11064.01953125,10956.9501953125,10971.26953125,785400
2022-12-30,11015.990234375,11071.9296875,11013.3203125,11046.0703125,745500
2023-01-03,11117.1298828125,11134.9599609375,10921.419921875,11003.0498046875,1047000
2023-01-04,11095.3701171875,11149.150390625,11035.76953125,11099.150390625,1041800
2023-01-05,11332.009765625,11346.2197265625,11136.76953125,11136.76953125,1172300
2023-01-06,11367.73046875,11443.4501953125,11314.349609375,11327.0302734375,1172700
2023-01-09,11450.150390625,11490.58984375,11408.669921875,11411.3701171875,1103500
2023-01-10,11506.7900390625,11526.2802734375,11413.990234375,11455.599609375,1028000
2023-01-11,11439.4404296875,11563.7802734375,11424.25,11498.9697265625,1027500
2023-01-12,11465.73046875,11528.9296875,11425.1103515625,11470.6103515625,983900
2023-01-13,11602.2998046875,11602.2998046875,11489.1904296875,11509.2099609375,962100
2023-01-16,11785.76953125,11886.9501953125,11612.3603515625,11612.3603515625,1436300
2023-01-17,11800.5498046875,11830.580078125,11746.759765625,11794.9599609375,1020500
2023-01-18,11810.66015625,11855.4404296875,11793.3203125,11813.3798828125,961600
2023-01-19,11913.259765625,11913.259765625,11763.8203125,11796.400390625,1013800
2023-01-20,11980.6201171875,11997.5302734375,11931.8798828125,11942.150390625,1096000
2023-01-30,12097.759765625,12246.009765625,12088.240234375,12229.3798828125,1558800
2023-01-31,12001.259765625,12115.4501953125,11987.009765625,12076.1396484375,1359700
2023-02-01,12158.1904296875,12158.1904296875,11984.4501953125,12034.8798828125,1490400
2023-02-02,12131.2001953125,12208.8798828125,12107.51953125,12187.5498046875,1399700
2023-02-03,12054.2998046875,12095.3896484375,11904.2802734375,12086.2802734375,1213000
2023-02-06,11912.5595703125,11977.240234375,11841.669921875,11957.26953125,1154500
2023-02-07,11926.8798828125,11958.2197265625,11864.7197265625,11936.3603515625,1132200
2023-02-08,11853.4599609375,11957.009765625,11843.2900390625,11939.8603515625,1076400
2023-02-09,12048.26953125,12048.26953125,11811.98046875,11821.9599609375,1207500
2023-02-10,11976.849609375,12062.16015625,11917.740234375,12031.7197265625,1271200
2023-02-13,12113.6103515625,12116.0400390625,11952.599609375,11964.75,1453700
2023-02-14,12094.9404296875,12143.2900390625,12035.5498046875,12142.830078125,1269000
2023-02-15,12064.3798828125,12132.7998046875,12036.23046875,12103.7197265625,1368400
2023-02-16,11907.400390625,12163.9697265625,11826.7197265625,12064.0400390625,1823700
2023-02-17,11715.76953125,11927.1103515625,11713.7998046875,11894.8798828125,1323700
2023-02-20,11954.1298828125,11956.8896484375,11681.5302734375,11717.6796875,1541100
2023-02-21,11968.599609375,12005.0,11886.240234375,11947.650390625,1432000
2023-02-22,11900.1201171875,11963.2099609375,11868.7900390625,11892.1396484375,1105400
2023-02-23,11884.2998046875,11963.1396484375,11829.8701171875,11895.4599609375,1146800
2023-02-24,11787.4501953125,11889.240234375,11742.73046875,11887.76953125,996600
2023-02-27,11701.9501953125,11781.2802734375,11678.7998046875,11728.08984375,988600
2023-02-28,11783.7998046875,11792.6796875,11666.3701171875,11745.16015625,1015100
2023-03-01,11914.3203125,11931.099609375,11751.3603515625,11783.759765625,1275600
2023-03-02,11849.509765625,11929.150390625,11837.1201171875,11902.169921875,1275500
2023-03-03,11851.919921875,11895.9697265625,11770.33984375,11862.16015625,1156200
2023-03-06,11842.8798828125,11862.3701171875,11742.1298828125,11850.8203125,1284700
2023-03-07,11608.580078125,11839.6103515625,11606.1904296875,11824.169921875,1338300
2023-03-08,11598.2900390625,11617.9404296875,11534.669921875,11566.5703125,963000
2023-03-09,11579.990234375,11637.0302734375,11525.23046875,11605.9404296875,912500
2023-03-10,11442.5400390625,11535.5400390625,11437.990234375,11513.66015625,1066400
2023-03-13,11505.01953125,11511.1201171875,11396.6103515625,11405.1396484375,1182100
2023-03-14,11416.5703125,11486.5595703125,11282.580078125,11483.650390625,1295700
2023-03-15,11413.4296875,11537.7197265625,11408.1904296875,11485.9501953125,1117900
2023-03-16,11237.7001953125,11381.73046875,11223.099609375,11336.75,1230400
2023-03-17,11278.0498046875,11388.51953125,11245.150390625,11328.3701171875,1469900
2023-03-20,11247.1298828125,11342.0302734375,11231.009765625,11289.9599609375,1546600
2023-03-21,11427.25,11427.25,11270.0703125,11270.0703125,1255400
2023-03-22,11496.9296875,11521.419921875,11448.1904296875,11459.830078125,1546700
2023-03-23,11605.2900390625,11605.2900390625,11442.9501953125,11457.7900390625,1543300
2023-03-24,11634.2197265625,11648.5400390625,11581.419921875,11616.4599609375,1622300
2023-03-27,11647.9404296875,11659.0,11558.3798828125,11621.919921875,1688200
2023-03-28,11564.4501953125,11649.150390625,11548.419921875,11637.509765625,1467700
2023-03-29,11579.91015625,11623.4296875,11538.169921875,11584.91015625,1387500
2023-03-30,11651.830078125,11656.48046875,11505.5498046875,11578.330078125,1352200
2023-03-31,11726.400390625,11737.2802734375,11657.5703125,11666.3095703125,1438400
2023-04-03,11889.419921875,11898.759765625,11751.6796875,11751.6796875,1895100
2023-04-04,11859.48046875,11885.3798828125,11792.240234375,11878.16015625,1827300
2023-04-06,11866.3095703125,11874.7998046875,11778.7998046875,11787.349609375,1637000
2023-04-07,11967.740234375,11979.58984375,11858.5,11867.8701171875,1482500
2023-04-10,11871.9296875,11992.3203125,11845.8798828125,11987.6796875,1592500
2023-04-11,11877.150390625,11914.3203125,11819.759765625,11866.349609375,1515500
2023-04-12,11883.509765625,11912.9501953125,11842.259765625,11873.259765625,1590600
2023-04-13,11739.83984375,11844.400390625,11727.8896484375,11836.8203125,1577500
2023-04-14,11800.08984375,11816.6796875,11737.2998046875,11760.4296875,1472800
2023-04-17,11855.48046875,11855.48046875,11781.2900390625,11783.6796875,1544500
2023-04-18,11860.400390625,11891.1103515625,11818.25,11834.76953125,1466600
2023-04-19,11760.26953125,11844.3203125,11743.849609375,11844.3203125,1473800
2023-04-20,11717.259765625,11751.3798828125,11659.650390625,11751.3798828125,1554800
2023-04-21,11450.4296875,11751.41015625,11450.1298828125,11729.7998046875,1695800
2023-04-24,11317.009765625,11452.91015625,11265.76953125,11442.3798828125,1587200
2023-04-25,11149.009765625,11320.4501953125,11034.1796875,11307.08984375,1733200
2023-04-26,11185.6796875,11244.0400390625,11088.2001953125,11101.1796875,1591200
2023-04-27,11217.0,11258.759765625,11128.1103515625,11140.8896484375,1489500
2023-04-28,11338.669921875,11340.4599609375,11228.4599609375,11228.4599609375,1618500
2023-05-04,11273.8701171875,11329.0,11242.1201171875,11310.349609375,1865600
2023-05-05,11180.8701171875,11262.330078125,11124.91015625,11260.6201171875,1698700
2023-05-08,11225.76953125,11234.919921875,11158.830078125,11206.330078125,1711400
2023-05-09,11125.01953125,11265.330078125,11121.9697265625,11208.740234375,1907500
2023-05-10,11140.1904296875,11177.8095703125,11043.3603515625,11101.009765625,1471000
2023-05-11,11142.5302734375,11200.91015625,11136.259765625,11158.7197265625,1309300
2023-05-12,11005.6396484375,11172.7099609375,11004.259765625,11131.2998046875,1263800
2023-05-15,11178.6201171875,11178.6201171875,10995.7001953125,11019.7001953125,1393000
2023-05-16,11099.259765625,11182.3603515625,11069.4404296875,11182.3603515625,1171500
2023-05-17,11091.080078125,11120.9697265625,11036.76953125,11084.5595703125,997700
2023-05-18,11078.2802734375,11144.48046875,11024.08984375,11108.330078125,1179800
2023-05-19,11091.3603515625,11145.509765625,11034.6298828125,11061.75,1162900
2023-05-22,11127.0400390625,11159.3095703125,11037.2099609375,11083.3798828125,1055500
2023-05-23,11012.580078125,11137.6298828125,11012.580078125,11124.259765625,1054500
2023-05-24,10920.330078125,11028.5703125,10920.330078125,10976.73046875,1075700
2023-05-25,10896.580078125,10954.240234375,10801.2197265625,10915.1201171875,1162500
2023-05-26,10909.650390625,10926.83984375,10798.650390625,10889.26953125,1118800
2023-05-29,10822.08984375,10961.7900390625,10790.5,10942.669921875,1407400
2023-05-30,10869.5498046875,10869.5498046875,10697.8701171875,10799.400390625,1402000
2023-05-31,10793.849609375,10849.8095703125,10732.419921875,10849.8095703125,1282600
2023-06-01,10835.900390625,10913.6396484375,10735.509765625,10758.8896484375,1363100
2023-06-02,10998.0703125,11012.5498046875,10875.3095703125,10875.3095703125,1308700
2023-06-05,10946.080078125,10990.73046875,10903.0498046875,10990.73046875,1208600
2023-06-06,10773.4501953125,10933.6103515625,10752.2197265625,10928.509765625,1287700
2023-06-07,10708.8203125,10799.4599609375,10681.48046875,10783.3095703125,981900
2023-06-08,10722.8701171875,10775.33984375,10648.1396484375,10710.91015625,1081100
2023-06-09,10793.9296875,10793.9296875,10697.3603515625,10733.51953125,1346500
2023-06-12,10873.740234375,10914.6201171875,10752.009765625,10769.01953125,1257200
2023-06-13,10955.9599609375,10963.650390625,10853.5703125,10855.4404296875,1198800
2023-06-14,10984.5595703125,11034.1796875,10962.4501953125,10976.509765625,1268800
2023-06-15,11182.9404296875,11185.6796875,11011.849609375,11011.9501953125,1340000
2023-06-16,11306.5302734375,11316.240234375,11183.7900390625,11194.5498046875,1307100
2023-06-19,11274.0498046875,11307.75,11244.419921875,11305.7900390625,1309700
2023-06-20,11305.349609375,11338.150390625,11248.1396484375,11260.150390625,1230800
2023-06-21,11058.6298828125,11278.9697265625,11058.6298828125,11262.83984375,1208000
2023-06-26,10872.2998046875,11002.3701171875,10848.7197265625,10963.6201171875,1328900
2023-06-27,10978.080078125,10987.1904296875,10863.66015625,10879.490234375,1043400
2023-06-28,10926.3203125,10951.41015625,10792.349609375,10947.8896484375,1101000
2023-06-29,10915.5,10965.1103515625,10880.8798828125,10909.080078125,1074000
2023-06-30,11026.58984375,11067.3896484375,10883.5703125,10897.419921875,1125300
2023-07-03,11091.5595703125,11128.9296875,11028.240234375,11059.3095703125,1321600
2023-07-04,11130.2998046875,11133.4501953125,11055.259765625,11080.6396484375,1127200
2023-07-05,11029.2998046875,11129.1201171875,11014.3896484375,11129.1201171875,1054800
2023-07-06,10968.3701171875,11072.0703125,10954.150390625,11001.8701171875,1067100
2023-07-07,10888.5498046875,10949.98046875,10852.9599609375,10939.2900390625,1032300
2023-07-10,10942.830078125,10995.7998046875,10901.83984375,10926.3603515625,958400
2023-07-11,11028.6796875,11030.1904296875,10933.23046875,10953.8798828125,910200
2023-07-12,10919.259765625,11029.2900390625,10905.849609375,11020.3603515625,1146900
2023-07-13,11095.4404296875,11103.080078125,10963.23046875,10963.23046875,1168300
2023-07-14,11080.3203125,11120.1904296875,11069.3203125,11108.919921875,1183600
2023-07-17,11010.3603515625,11039.1298828125,10963.4697265625,11039.1298828125,948900
2023-07-18,10972.9599609375,11032.1201171875,10947.509765625,11030.98046875,923200
2023-07-19,10932.650390625,10992.6904296875,10876.9599609375,10959.0400390625,791300
2023-07-20,10816.26953125,10998.0703125,10804.349609375,10947.6298828125,981100
2023-07-21,10810.1796875,10886.73046875,10775.349609375,10801.33984375,834100
2023-07-24,10747.7900390625,10837.98046875,10730.9404296875,10771.6396484375,766900
2023-07-25,11021.2900390625,11021.9296875,10909.1904296875,10909.1904296875,1392100
2023-07-26,10968.98046875,11001.8603515625,10942.41015625,11001.8603515625,1082800
2023-07-27,10923.76953125,11024.009765625,10904.740234375,10985.580078125,1050100
2023-07-28,11100.400390625,11120.58984375,10877.400390625,10895.48046875,1470400
2023-07-31,11183.91015625,11289.16015625,11153.7197265625,11158.7197265625,1733700
2023-08-01,11143.23046875,11211.6796875,11102.83984375,11168.5,1329900
2023-08-02,11104.16015625,11176.9404296875,11073.23046875,11120.8603515625,1117200
2023-08-03,11163.419921875,11164.759765625,11067.2900390625,11067.75,1140100
2023-08-04,11238.0595703125,11305.5,11185.900390625,11229.4599609375,1566700
2023-08-07,11145.0302734375,11207.580078125,11113.1396484375,11207.580078125,1272100
2023-08-08,11098.4501953125,11156.2099609375,11075.4501953125,11126.6904296875,1057100
2023-08-09,11039.4501953125,11096.9296875,11023.3701171875,11068.5302734375,936000
2023-08-10,11050.2197265625,11060.4697265625,10974.5,11023.240234375,847800
2023-08-11,10808.8701171875,11060.849609375,10808.8701171875,11060.849609375,1036300
2023-08-14,10755.1396484375,10763.2998046875,10607.7099609375,10697.8095703125,980000
2023-08-15,10679.73046875,10780.51953125,10589.849609375,10764.7998046875,881200
2023-08-16,10579.5595703125,10686.919921875,10579.4697265625,10640.1298828125,870600
2023-08-17,10644.51953125,10656.830078125,10469.7900390625,10540.4404296875,908800
2023-08-18,10458.509765625,10655.6103515625,10458.509765625,10637.6796875,887800
2023-08-21,10320.3896484375,10482.1103515625,10320.3896484375,10432.9501953125,849300
2023-08-22,10374.73046875,10409.4296875,10198.009765625,10376.8603515625,1035500
2023-08-23,10152.599609375,10351.7001953125,10151.8203125,10351.7001953125,885200
2023-08-24,10256.1904296875,10341.8603515625,10153.4404296875,10203.1396484375,1041100
2023-08-25,10130.4697265625,10212.650390625,10091.8603515625,10197.9599609375,1042800
2023-08-28,10233.150390625,10714.6904296875,10204.98046875,10714.6904296875,1720100
2023-08-29,10454.98046875,10496.6201171875,10200.849609375,10204.25,1534200
2023-08-30,10482.5,10569.5498046875,10446.4599609375,10477.6396484375,1342800
2023-08-31,10418.2099609375,10483.080078125,10405.9599609375,10471.990234375,1124200
2023-09-01,10463.740234375,10513.419921875,10429.58984375,10449.599609375,952000
2023-09-04,10611.740234375,10611.740234375,10473.1904296875,10520.4599609375,1225500
2023-09-05,10540.7099609375,10611.4404296875,10522.8896484375,10593.6796875,989500
2023-09-06,10515.2099609375,10531.2900390625,10449.16015625,10503.150390625,875600
2023-09-07,10321.4404296875,10493.3701171875,10321.3798828125,10493.3701171875,910700
2023-09-08,10281.8798828125,10319.83984375,10233.7099609375,10284.48046875,752300
2023-09-11,10382.3798828125,10443.0,10256.23046875,10290.8095703125,1057500
2023-09-12,10373.990234375,10421.5595703125,10349.330078125,10376.16015625,833400
2023-09-13,10255.8701171875,10373.150390625,10200.7001953125,10351.7900390625,808400
2023-09-14,10197.58984375,10252.01953125,10154.6396484375,10243.240234375,748400
2023-09-15,10144.58984375,10241.8798828125,10115.2802734375,10213.6103515625,828500
2023-09-18,10200.0400390625,10253.490234375,10093.4697265625,10111.669921875,813200
2023-09-19,10125.73046875,10185.0703125,10082.669921875,10185.0703125,742500
2023-09-20,10072.4599609375,10123.6904296875,10072.4599609375,10110.41015625,711500
2023-09-21,9981.669921875,10087.0302734375,9981.51953125,10050.48046875,739200
2023-09-22,10178.740234375,10183.9296875,9962.9404296875,9975.3701171875,1013800
2023-09-25,10120.6201171875,10181.1796875,10105.2099609375,10181.1796875,896800
2023-09-26,10060.150390625,10146.8896484375,10060.150390625,10110.0595703125,753000
2023-09-27,10104.3203125,10185.01953125,10057.169921875,10057.990234375,862000
2023-09-28,10109.5302734375,10155.0302734375,10085.08984375,10131.66015625,890200
2023-10-09,10106.9599609375,10139.490234375,9991.169921875,10095.7099609375,998400
2023-10-10,10050.0400390625,10159.4697265625,10044.669921875,10133.01953125,906300
2023-10-11,10084.8896484375,10164.0703125,10058.330078125,10088.1396484375,1016200
2023-10-12,10168.490234375,10174.23046875,10097.1103515625,10145.490234375,1158900
2023-10-13,10068.2802734375,10110.3798828125,10028.740234375,10110.3798828125,1051900
2023-10-16,9924.919921875,10065.9697265625,9889.66015625,10065.0703125,1052700
2023-10-17,9940.2197265625,9958.98046875,9888.08984375,9944.6796875,919100
2023-10-18,9816.6796875,9914.01953125,9809.3701171875,9914.01953125,1010200
2023-10-19,9655.08984375,9784.5302734375,9654.9697265625,9757.1904296875,1101000
2023-10-20,9570.3603515625,9665.8095703125,9554.6298828125,9605.2900390625,1008900
2023-10-23,9425.98046875,9552.5498046875,9373.759765625,9552.5498046875,1073900
2023-10-24,9483.900390625,9523.900390625,9380.7900390625,9458.330078125,1169300
2023-10-25,9528.3095703125,9617.669921875,9524.8203125,9573.669921875,1238800
2023-10-26,9566.099609375,9571.16015625,9432.83984375,9470.490234375,1169200
2023-10-27,9770.83984375,9805.7001953125,9513.3203125,9535.650390625,1337500
2023-10-30,9927.990234375,9952.4296875,9759.169921875,9759.2197265625,1439200
2023-10-31,9863.7998046875,9927.4501953125,9814.98046875,9924.7197265625,1162600
2023-11-01,9826.73046875,9901.3701171875,9808.400390625,9897.9296875,1033900
2023-11-02,9734.76953125,9879.26953125,9733.3896484375,9842.5595703125,999200
2023-11-03,9853.8896484375,9886.8603515625,9747.8203125,9747.8203125,1140600
2023-11-06,10071.5595703125,10080.0,9922.4501953125,9922.4501953125,1592400
2023-11-07,10056.490234375,10088.080078125,10000.5498046875,10047.1396484375,1342000
2023-11-08,10052.08984375,10101.5498046875,9986.83984375,10032.240234375,1327000
2023-11-09,10032.08984375,10100.0,10004.0595703125,10037.5595703125,1163100
2023-11-10,9978.5400390625,9997.7802734375,9939.099609375,9987.4599609375,1008400
2023-11-13,9988.830078125,10033.509765625,9936.7099609375,10012.849609375,1063900
2023-11-14,10005.5595703125,10056.8603515625,9963.5498046875,9988.509765625,1059900
2023-11-15,10077.9599609375,10122.2001953125,10048.4599609375,10111.830078125,1225800
2023-11-16,9954.400390625,10064.91015625,9954.400390625,10053.7998046875,959000
2023-11-17,9979.6904296875,9980.3798828125,9914.48046875,9924.16015625,942000
2023-11-20,10022.7001953125,10050.830078125,9924.4404296875,9986.919921875,1118500
2023-11-21,9997.08984375,10113.1904296875,9981.1103515625,10050.48046875,1234500
2023-11-22,9855.66015625,9975.08984375,9855.66015625,9957.5400390625,1104400
2023-11-23,9933.01953125,9938.83984375,9814.169921875,9846.6796875,1041500
2023-11-24,9839.51953125,9932.9697265625,9816.2802734375,9932.9697265625,987100
2023-11-27,9785.5703125,9829.5498046875,9736.7802734375,9829.5498046875,970500
2023-11-28,9833.4599609375,9835.1396484375,9742.009765625,9781.5400390625,946300
2023-11-29,9744.3896484375,9827.740234375,9733.3203125,9826.009765625,1003800
2023-11-30,9726.919921875,9768.900390625,9677.76953125,9728.3798828125,937500
2023-12-01,9720.5703125,9752.01953125,9624.919921875,9723.9296875,1126000
2023-12-04,9660.4404296875,9736.1103515625,9660.4404296875,9715.4697265625,1123300
2023-12-05,9470.3603515625,9628.2802734375,9470.3603515625,9628.2802734375,1044700
2023-12-06,9533.25,9599.580078125,9446.8798828125,9451.16015625,1094900
2023-12-07,9519.91015625,9561.98046875,9456.98046875,9518.4501953125,1040800
2023-12-08,9553.919921875,9592.919921875,9500.8095703125,9531.0498046875,1285200
2023-12-11,9632.6103515625,9649.8701171875,9406.7001953125,9496.4599609375,1329700
2023-12-12,9625.259765625,9648.9697265625,9593.349609375,9616.1298828125,1007400
2023-12-13,9476.6201171875,9606.48046875,9476.6201171875,9606.48046875,923500
2023-12-14,9417.9697265625,9578.599609375,9413.8095703125,9527.419921875,912300
2023-12-15,9385.330078125,9507.4296875,9368.4697265625,9449.8896484375,959800
2023-12-18,9279.3896484375,9376.669921875,9258.9599609375,9346.9501953125,845100
2023-12-19,9289.33984375,9331.990234375,9225.009765625,9270.2001953125,788400
2023-12-20,9158.4404296875,9310.8603515625,9158.4404296875,9303.08984375,824800
2023-12-21,9257.08984375,9286.0703125,9106.150390625,9122.41015625,934800
2023-12-22,9221.3095703125,9331.1201171875,9186.0302734375,9247.0703125,1085600
2023-12-25,9256.2802734375,9268.26953125,9200.650390625,9200.650390625,801500
2023-12-26,9157.25,9248.490234375,9124.8095703125,9248.0703125,777900
2023-12-27,9191.740234375,9211.419921875,9121.169921875,9170.259765625,881300
2023-12-28,9441.0498046875,9476.7998046875,9166.580078125,9182.849609375,1260700
2023-12-29,9524.6904296875,9534.6796875,9427.919921875,9434.580078125,1149100
2024-01-02,9401.349609375,9527.1103515625,9401.349609375,9527.1103515625,1066900
2024-01-03,9330.8603515625,9405.08984375,9280.8203125,9378.6904296875,1001200
2024-01-04,9215.25,9317.400390625,9171.1298828125,9317.400390625,893300
2024-01-05,9116.4404296875,9275.23046875,9074.9296875,9205.3896484375,995700
2024-01-08,8947.7197265625,9119.1201171875,8947.7197265625,9095.7099609375,997600
2024-01-09,8971.7197265625,9042.4501953125,8912.0302734375,8960.9697265625,945900
2024-01-10,8922.7900390625,9035.1904296875,8857.9697265625,8938.4501953125,871400
2024-01-11,9053.8798828125,9099.2197265625,8898.2001953125,8918.23046875,995900
2024-01-12,8996.259765625,9095.6103515625,8995.41015625,9026.740234375,902300
2024-01-15,8963.9296875,9045.5498046875,8912.4501953125,8957.7197265625,818700
2024-01-16,8992.0703125,9002.33984375,8871.1904296875,8946.9296875,980700
2024-01-17,8759.759765625,8968.5302734375,8759.759765625,8968.5302734375,918900
2024-01-18,8847.0,8858.400390625,8585.2001953125,8706.1396484375,1339000
2024-01-19,8787.01953125,8890.1201171875,8771.580078125,8821.76953125,972200
2024-01-22,8479.5498046875,8769.3896484375,8430.6103515625,8769.3896484375,1246800
2024-01-23,8596.2802734375,8638.900390625,8402.0595703125,8465.0,1158200
2024-01-24,8682.1904296875,8693.080078125,8404.0703125,8633.169921875,1248100
2024-01-25,8856.2197265625,8858.2099609375,8621.1796875,8661.4501953125,1403900
2024-01-26,8762.330078125,8859.6298828125,8746.099609375,8809.759765625,1270400
2024-01-29,8581.759765625,8800.6396484375,8581.759765625,8775.3798828125,1214400
2024-01-30,8375.98046875,8579.58984375,8370.0595703125,8523.740234375,1063900
2024-01-31,8212.83984375,8408.669921875,8208.4501953125,8340.7197265625,1298100
2024-02-01,8240.48046875,8371.3798828125,8134.81005859375,8172.81005859375,1233400
2024-02-02,8055.77001953125,8300.75,7840.6201171875,8239.5,1447900
2024-02-05,7964.7099609375,8171.77001953125,7683.6298828125,7987.33984375,1723400
2024-02-06,8460.3798828125,8471.2802734375,7880.39990234375,7886.31982421875,1854000
2024-02-07,8708.240234375,8724.169921875,8445.7099609375,8464.8701171875,2101200
2024-02-08,8820.599609375,8975.0498046875,8742.9501953125,8750.5400390625,1974300
2024-02-19,8902.330078125,8957.2802734375,8797.4599609375,8957.2802734375,1716900
2024-02-20,8905.9599609375,8919.8095703125,8798.4296875,8857.5,1292800
2024-02-21,8975.9697265625,9130.0302734375,8798.3701171875,8829.7001953125,1639500
2024-02-22,9043.75,9050.26953125,8946.240234375,8971.4404296875,1275200
2024-02-23,9069.419921875,9077.5595703125,8971.33984375,9074.6103515625,1464100
2024-02-26,9066.08984375,9154.599609375,9023.330078125,9070.2197265625,1505000
2024-02-27,9269.5703125,9269.5703125,9016.6103515625,9032.259765625,1566800
2024-02-28,9047.099609375,9391.51953125,9047.099609375,9293.150390625,2177700
2024-02-29,9330.4404296875,9334.9404296875,9001.2802734375,9001.2802734375,1739600
2024-03-01,9434.75,9452.6298828125,9298.16015625,9345.740234375,1751500
2024-03-04,9438.240234375,9486.7001953125,9359.83984375,9456.3701171875,1666600
2024-03-05,9416.7998046875,9448.73046875,9344.4501953125,9371.9404296875,1650200
2024-03-06,9395.650390625,9487.1904296875,9309.83984375,9366.7099609375,1397900
2024-03-07,9267.1201171875,9454.5400390625,9267.1201171875,9398.0498046875,1528000
2024-03-08,9369.0498046875,9386.75,9230.0595703125,9281.6103515625,1321100
2024-03-11,9581.5302734375,9581.66015625,9363.41015625,9369.650390625,1600700
2024-03-12,9630.5498046875,9649.740234375,9535.2099609375,9603.4501953125,1735600
2024-03-13,9604.990234375,9674.1396484375,9568.8798828125,9640.08984375,1592800
2024-03-14,9555.419921875,9675.4697265625,9489.01953125,9598.419921875,1526300
2024-03-15,9612.75,9616.490234375,9455.509765625,9532.419921875,1495900
2024-03-18,9752.830078125,9752.830078125,9646.2099609375,9665.0703125,1763300
2024-03-19,9696.6904296875,9785.099609375,9696.6904296875,9723.400390625,1610800
2024-03-20,9717.3701171875,9725.3095703125,9654.5302734375,9669.7001953125,1474800
2024-03-21,9682.509765625,9758.330078125,9663.490234375,9736.23046875,1559800
2024-03-22,9565.5595703125,9680.2099609375,9505.990234375,9659.8798828125,1578500
2024-03-25,9422.6103515625,9601.83984375,9421.080078125,9538.349609375,1501600
2024-03-26,9449.4296875,9490.75,9366.0,9413.259765625,1364800
2024-03-27,9222.4697265625,9437.669921875,9222.4697265625,9437.5595703125,1320900
2024-03-28,9342.919921875,9440.3095703125,9221.5302734375,9221.5302734375,1370500
2024-03-29,9400.849609375,9400.849609375,9304.759765625,9335.1103515625,1231700
2024-04-01,9647.0703125,9647.0703125,9451.73046875,9451.73046875,1656600
2024-04-02,9586.9501953125,9633.9697265625,9546.4697265625,9633.9697265625,1550500
2024-04-03,9544.76953125,9575.5595703125,9508.650390625,9564.650390625,1508700
2024-04-08,9394.6103515625,9525.9501953125,9393.6103515625,9512.599609375,1536400
2024-04-09,9448.98046875,9449.650390625,9352.349609375,9386.7998046875,1256700
2024-04-10,9297.9599609375,9425.7998046875,9243.7998046875,9425.7998046875,1273100
2024-04-11,9300.76953125,9378.4296875,9233.26953125,9234.919921875,1304900
2024-04-12,9228.23046875,9343.1796875,9212.599609375,9301.080078125,1274900
2024-04-15,9369.7001953125,9407.0703125,9189.9599609375,9228.1396484375,1594400
2024-04-16,9155.0703125,9341.9697265625,9148.8203125,9312.490234375,1625700
2024-04-17,9381.76953125,9381.76953125,9180.509765625,9180.509765625,1531800
2024-04-18,9376.8095703125,9477.1298828125,9299.330078125,9336.73046875,1593900
2024-04-19,9279.4599609375,9351.9599609375,9220.6396484375,9316.98046875,1426400
2024-04-22,9239.1396484375,9327.58984375,9212.2802734375,9228.1796875,1365600
2024-04-23,9183.1396484375,9269.7099609375,9147.9501953125,9231.900390625,1306300
2024-04-24,9251.1298828125,9254.650390625,9135.580078125,9186.1904296875,1262100
2024-04-25,9264.48046875,9329.41015625,9198.3203125,9204.7900390625,1264900
2024-04-26,9463.91015625,9471.2900390625,9258.490234375,9258.490234375,1872700
2024-04-29,9673.759765625,9718.3603515625,9479.599609375,9479.599609375,2057100
2024-04-30,9587.1201171875,9662.5595703125,9587.080078125,9647.0595703125,1816800
2024-05-06,9779.2099609375,9804.2001953125,9732.6904296875,9735.8798828125,1901100
2024-05-07,9770.9404296875,9804.759765625,9743.1904296875,9778.16015625,1567300
2024-05-08,9638.8203125,9743.8701171875,9633.7001953125,9743.8701171875,1390500
2024-05-09,9788.0703125,9805.1201171875,9648.2197265625,9648.2197265625,1445700
2024-05-10,9731.240234375,9805.919921875,9670.8896484375,9788.830078125,1401100
2024-05-13,9673.3203125,9720.48046875,9605.1796875,9659.6396484375,1379400
2024-05-14,9668.73046875,9736.2802734375,9633.7998046875,9689.5498046875,1340800
2024-05-15,9583.5400390625,9659.0302734375,9577.2099609375,9648.4296875,1266900
2024-05-16,9604.1298828125,9668.849609375,9582.2197265625,9614.73046875,1420900
2024-05-17,9709.419921875,9709.419921875,9563.4697265625,9590.3896484375,1526600
2024-05-20,9750.8203125,9779.3603515625,9701.849609375,9710.2001953125,1704000
2024-05-21,9681.66015625,9730.2802734375,9649.150390625,9721.7197265625,1268100
2024-05-22,9693.0498046875,9709.0,9643.8701171875,9674.5,1334400
2024-05-23,9541.6396484375,9672.1796875,9520.2099609375,9667.1796875,1398800
2024-05-24,9424.580078125,9578.73046875,9421.5498046875,9508.849609375,1216100
2024-05-27,9507.75,9511.1396484375,9375.51953125,9444.23046875,1272100
2024-05-28,9391.0498046875,9494.76953125,9385.4404296875,9489.080078125,1238300
2024-05-29,9414.98046875,9460.6298828125,9379.2998046875,9387.650390625,1188400
2024-05-30,9384.7197265625,9441.490234375,9366.1298828125,9395.7900390625,1193300
2024-05-31,9364.3798828125,9455.330078125,9364.3798828125,9388.26953125,1160500
2024-06-03,9370.5,9422.0703125,9307.919921875,9358.58984375,1353500
2024-06-04,9469.3203125,9486.740234375,9327.830078125,9350.830078125,1201600
2024-06-05,9393.6103515625,9509.7802734375,9393.6103515625,9450.0703125,1140200
2024-06-06,9340.009765625,9446.8798828125,9313.8798828125,9417.9296875,1420900
2024-06-07,9255.6796875,9366.33984375,9181.8896484375,9343.7998046875,1212800
2024-06-11,9262.349609375,9282.7099609375,9166.4697265625,9198.5400390625,1166800
2024-06-12,9269.9404296875,9299.3603515625,9243.73046875,9244.3095703125,1152300
2024-06-13,9206.240234375,9296.3701171875,9190.8798828125,9281.0498046875,1294600
2024-06-14,9252.25,9265.9697265625,9138.3203125,9177.41015625,1505600
2024-06-17,9281.25,9298.009765625,9202.169921875,9209.4599609375,1338800
2024-06-18,9318.4697265625,9329.990234375,9276.4404296875,9278.2802734375,1209300
2024-06-19,9219.0703125,9325.849609375,9218.91015625,9324.8798828125,1044800
2024-06-20,9068.849609375,9225.01953125,9066.0498046875,9201.349609375,1135200
2024-06-21,9064.83984375,9100.830078125,9008.33984375,9041.4404296875,989300
2024-06-24,8924.169921875,9030.7099609375,8916.4599609375,9004.849609375,1147200
2024-06-25,8850.2900390625,8948.2197265625,8797.0498046875,8911.900390625,1089200
2024-06-26,8987.2998046875,9001.0302734375,8811.3603515625,8838.0,1147900
2024-06-27,8849.7001953125,8947.9599609375,8844.8701171875,8944.73046875,1081600
2024-06-28,8848.7001953125,8960.9599609375,8814.9296875,8814.9296875,1229000
2024-07-01,8899.169921875,8914.2001953125,8771.009765625,8835.16015625,1108200
2024-07-02,8812.669921875,8895.5498046875,8789.2802734375,8886.08984375,1106600
2024-07-03,8760.4296875,8827.08984375,8734.7197265625,8808.3701171875,966000
2024-07-04,8673.830078125,8821.0,8670.33984375,8775.83984375,995000
2024-07-05,8695.5498046875,8719.7099609375,8573.759765625,8664.7998046875,931100
2024-07-08,8561.9501953125,8675.9697265625,8539.419921875,8675.9697265625,1046100
2024-07-09,8705.9404296875,8733.8701171875,8513.169921875,8548.16015625,1331100
2024-07-10,8697.2197265625,8762.76953125,8664.919921875,8672.330078125,1206900
2024-07-11,8870.3603515625,8890.759765625,8746.900390625,8800.3896484375,1456300
2024-07-12,8854.080078125,8885.3603515625,8814.08984375,8831.6796875,1188000
2024-07-15,8801.6201171875,8834.0302734375,8780.75,8825.4697265625,1122800
2024-07-16,8877.01953125,8881.76953125,8780.08984375,8783.349609375,1165900
2024-07-17,8835.1396484375,8884.7900390625,8809.1298828125,8860.75,1215100
2024-07-18,8879.330078125,8880.4404296875,8730.98046875,8760.66015625,1186200
2024-07-19,8903.23046875,8932.080078125,8820.08984375,8826.6396484375,1120800
2024-07-22,8869.8203125,8925.4404296875,8823.7802734375,8908.2099609375,1077700
2024-07-23,8606.580078125,8862.9404296875,8606.580078125,8862.9404296875,1096200
2024-07-24,8493.099609375,8640.330078125,8469.8798828125,8582.6298828125,1094200
2024-07-25,8474.7001953125,8524.8095703125,8428.75,8443.4404296875,1012500
2024-07-26,8597.169921875,8617.650390625,8512.7900390625,8512.7900390625,1007800
2024-07-29,8514.650390625,8589.2802734375,8510.490234375,8589.2802734375,918400
2024-07-30,8468.580078125,8488.51953125,8416.599609375,8482.169921875,943500
2024-07-31,8754.08984375,8754.9296875,8444.150390625,8446.5,1602300
2024-08-01,8673.580078125,8799.08984375,8656.9501953125,8767.330078125,1205900
2024-08-02,8553.5498046875,8697.490234375,8542.3896484375,8599.0595703125,1110100
2024-08-05,8395.0498046875,8646.8603515625,8395.0400390625,8475.4501953125,1290700
2024-08-06,8463.8603515625,8525.7197265625,8388.259765625,8481.73046875,1199600
2024-08-07,8449.580078125,8505.1298828125,8416.25,8450.490234375,1020400
2024-08-08,8446.2099609375,8514.669921875,8361.580078125,8415.080078125,1055600
2024-08-09,8393.7001953125,8527.6396484375,8393.7001953125,8486.419921875,1020700
2024-08-12,8373.4697265625,8419.7001953125,8354.419921875,8386.830078125,886100
2024-08-13,8409.2197265625,8409.240234375,8327.349609375,8372.7099609375,835200
2024-08-14,8311.0,8403.48046875,8311.0,8403.48046875,788100
2024-08-15,8370.1201171875,8439.6904296875,8288.7099609375,8292.2001953125,1060000
2024-08-16,8349.8701171875,8408.3896484375,8339.580078125,8377.9501953125,969400
2024-08-19,8356.900390625,8437.8798828125,8341.099609375,8341.830078125,939300
2024-08-20,8252.8701171875,8367.3798828125,8233.0703125,8363.8701171875,993300
2024-08-21,8229.75,8297.099609375,8213.08984375,8221.349609375,924600
2024-08-22,8162.18017578125,8247.9501953125,8151.6298828125,8234.2802734375,977300
2024-08-23,8181.919921875,8207.58984375,8133.56982421875,8134.39990234375,883300
2024-08-26,8194.650390625,8225.990234375,8163.8798828125,8194.9404296875,962500
2024-08-27,8103.759765625,8168.0400390625,8084.0400390625,8161.68017578125,968100
2024-08-28,8078.81982421875,8098.31005859375,8036.39990234375,8071.85986328125,940400
2024-08-29,8154.43994140625,8191.3701171875,8028.3701171875,8030.740234375,1216200
2024-08-30,8348.48046875,8453.66015625,8152.81005859375,8152.81005859375,1719900
2024-09-02,8172.2099609375,8340.3798828125,8172.2099609375,8331.4599609375,1347400
2024-09-03,8268.0498046875,8294.76953125,8157.43994140625,8157.43994140625,1133200
2024-09-04,8226.240234375,8297.8203125,8189.52978515625,8207.2802734375,1045600
2024-09-05,8249.66015625,8297.9404296875,8220.5498046875,8224.509765625,954400
2024-09-06,8130.77001953125,8260.6904296875,8128.77001953125,8252.009765625,964900
2024-09-09,8063.27001953125,8129.5400390625,8023.3701171875,8086.27978515625,991400
2024-09-10,8073.830078125,8113.68994140625,7973.7900390625,8064.39990234375,1023800
2024-09-11,8105.3798828125,8139.7001953125,8031.9501953125,8052.25,946100
2024-09-12,8054.240234375,8176.0498046875,8053.8798828125,8122.77001953125,980100
2024-09-13,7983.5498046875,8084.35009765625,7983.5498046875,8054.43017578125,930600
2024-09-18,7992.25,8017.3798828125,7908.52001953125,7975.18994140625,908300
2024-09-19,8087.60009765625,8161.22021484375,7950.7001953125,8015.39013671875,1246500
2024-09-20,8075.14013671875,8092.5,8014.5,8079.759765625,1060500
2024-09-23,8083.3798828125,8163.10009765625,8054.58984375,8071.990234375,1007700
2024-09-24,8435.7001953125,8435.7099609375,8083.2998046875,8148.169921875,1975300
2024-09-25,8537.73046875,8738.41015625,8525.75,8555.7197265625,2353900
2024-09-26,8916.650390625,8916.7998046875,8505.6396484375,8524.1904296875,2450700
2024-09-27,9514.8603515625,9619.76953125,9100.76953125,9100.76953125,3344300
2024-09-30,10529.759765625,10556.9296875,9829.4296875,9950.650390625,4444500
2024-10-08,11495.099609375,11864.1103515625,10834.5,11864.1103515625,5537200
2024-10-09,10557.8095703125,11295.099609375,10516.669921875,11158.990234375,4908400
2024-10-10,10471.080078125,10823.3701171875,10310.3896484375,10609.4697265625,3539300
2024-10-11,10060.740234375,10378.4599609375,9935.8203125,10366.5703125,2635200
2024-10-14,10327.400390625,10361.6904296875,9966.990234375,10118.3798828125,2744800
2024-10-15,10066.51953125,10424.1396484375,10066.51953125,10286.240234375,2639500
2024-10-16,9965.01953125,10112.7900390625,9890.900390625,9898.1298828125,2255500
2024-10-17,9891.759765625,10123.2197265625,9887.9404296875,10034.41015625,2367700
2024-10-18,10357.6796875,10607.8095703125,9865.8701171875,9868.849609375,3433900
2024-10-21,10470.91015625,10636.16015625,10331.7900390625,10441.8701171875,3212800
2024-10-22,10559.509765625,10604.7802734375,10409.6796875,10459.16015625,2952400
2024-10-23,10576.41015625,10721.3701171875,10479.2197265625,10536.900390625,3027700
2024-10-24,10441.75,10533.83984375,10404.830078125,10508.650390625,2194400
2024-10-25,10619.849609375,10733.0703125,10460.9296875,10470.0703125,2719600
2024-10-28,10685.8896484375,10685.8896484375,10519.48046875,10617.900390625,2801500
2024-10-29,10543.330078125,10729.5703125,10536.8095703125,10706.01953125,3007900
2024-10-30,10530.849609375,10596.2197265625,10426.740234375,10488.23046875,2863700
2024-10-31,10591.2197265625,10693.83984375,10458.849609375,10535.41015625,3738800
2024-11-01,10455.5,10629.8095703125,10417.98046875,10563.83984375,4103700
2024-11-04,10663.099609375,10663.099609375,10457.8896484375,10457.8896484375,2992400
2024-11-05,11006.9404296875,11030.6201171875,10609.8095703125,10653.2001953125,3962500
2024-11-06,10968.1396484375,11177.6904296875,10896.3203125,11024.0,4203300
2024-11-07,11235.919921875,11235.919921875,10839.9404296875,10852.1201171875,4071500
2024-11-08,11161.7001953125,11410.98046875,11135.330078125,11374.2001953125,4000500
2024-11-11,11388.5703125,11390.48046875,11071.650390625,11087.41015625,3751300
2024-11-12,11314.4599609375,11560.349609375,11210.9501953125,11430.2197265625,3793200
2024-11-13,11359.2900390625,11380.5,11143.33984375,11231.73046875,2868100
2024-11-14,11037.7802734375,11335.3603515625,11023.740234375,11333.400390625,2692500
2024-11-15,10748.9697265625,11065.419921875,10748.9697265625,10983.5400390625,2777000
2024-11-18,10544.01953125,10816.509765625,10478.26953125,10774.4404296875,2941100
2024-11-19,10743.83984375,10748.599609375,10427.9404296875,10559.330078125,2497000
2024-11-20,10827.1904296875,10875.4501953125,10692.5595703125,10709.919921875,2456100
2024-11-21,10819.8798828125,10867.41015625,10739.2802734375,10787.9296875,2432400
2024-11-22,10438.7197265625,10836.6904296875,10438.7197265625,10785.51953125,2741000
2024-11-25,10420.51953125,10505.240234375,10282.5,10462.4404296875,2301000
2024-11-26,10333.23046875,10480.9599609375,10330.4501953125,10387.0,1901600
2024-11-27,10566.099609375,10566.099609375,10202.23046875,10284.7197265625,2244600
2024-11-28,10432.5400390625,10581.58984375,10416.330078125,10560.41015625,2181100
2024-11-29,10611.7197265625,10727.080078125,10406.080078125,10406.080078125,2330400
2024-12-02,10756.5498046875,10777.6904296875,10583.7197265625,10595.4697265625,2431900
2024-12-03,10713.580078125,10761.4404296875,10625.48046875,10757.490234375,2229100
2024-12-04,10604.009765625,10717.5595703125,10556.599609375,10700.0595703125,2370900
2024-12-05,10634.490234375,10674.76953125,10565.0302734375,10565.0302734375,2102100
2024-12-06,10791.33984375,10860.25,10618.759765625,10642.8896484375,2753400
2024-12-09,10731.66015625,10821.509765625,10668.330078125,10780.98046875,2528400
2024-12-10,10812.580078125,11134.5498046875,10792.009765625,11124.7802734375,3428700
2024-12-11,10848.419921875,10884.0595703125,10781.080078125,10781.099609375,2556800
2024-12-12,10957.1298828125,10967.2802734375,10813.7900390625,10846.5400390625,2496700
2024-12-13,10713.0703125,10876.1904296875,10709.1396484375,10876.1904296875,2885700
2024-12-16,10573.919921875,10721.7099609375,10535.5302734375,10705.51953125,2239500
2024-12-17,10537.4296875,10677.740234375,10526.259765625,10557.23046875,2090200
2024-12-18,10584.26953125,10639.76953125,10535.759765625,10561.9404296875,1964200
2024-12-19,10649.0302734375,10673.9599609375,10460.2001953125,10483.5,2125300
2024-12-20,10646.6201171875,10731.080078125,10618.7900390625,10631.4404296875,2058800
2024-12-23,10537.400390625,10708.8203125,10527.150390625,10650.580078125,2163600
2024-12-24,10671.4296875,10673.33984375,10548.150390625,10548.150390625,1895200
2024-12-25,10603.099609375,10677.650390625,10544.8798828125,10675.73046875,1835300
2024-12-26,10673.9697265625,10692.8896484375,10570.08984375,10586.9599609375,1686800
2024-12-27,10659.98046875,10780.5302734375,10632.5302734375,10679.33984375,1986000
2024-12-30,10671.16015625,10726.66015625,10632.740234375,10644.150390625,1741500
2024-12-31,10414.6103515625,10678.76953125,10414.6103515625,10668.169921875,2011100
2025-01-02,10088.0595703125,10409.6103515625,10006.5595703125,10400.66015625,2127800
2025-01-03,9897.1201171875,10139.990234375,9891.83984375,10097.9296875,1934100
2025-01-06,9885.650390625,9975.990234375,9817.75,9890.98046875,1599600
2025-01-07,9998.759765625,10000.33984375,9822.0,9860.580078125,1717200
2025-01-08,9944.6396484375,10016.2197265625,9731.4404296875,9940.2001953125,1972400
2025-01-09,9976.0,10021.9404296875,9901.6298828125,9906.91015625,1655600
2025-01-10,9795.9404296875,10004.0595703125,9795.9404296875,9957.830078125,1726200
2025-01-13,9796.1796875,9866.3603515625,9693.7998046875,9697.4501953125,1464800
2025-01-14,10165.169921875,10178.669921875,9788.759765625,9822.349609375,2075800
2025-01-15,10060.1298828125,10147.259765625,10038.2998046875,10139.7802734375,1638100
2025-01-16,10101.099609375,10249.6201171875,10011.169921875,10110.41015625,1909700
2025-01-17,10161.3203125,10227.7099609375,10059.16015625,10059.990234375,1576900
2025-01-20,10256.400390625,10333.16015625,10225.33984375,10240.7099609375,1700800
2025-01-21,10305.6904296875,10325.6904296875,10205.990234375,10323.1201171875,1777500
2025-01-22,10225.8701171875,10272.58984375,10162.0,10263.0400390625,1599100
2025-01-23,10176.169921875,10411.4697265625,10176.169921875,10323.4501953125,2013400
2025-01-24,10292.73046875,10315.3701171875,10141.41015625,10141.41015625,1815200
2025-01-27,10156.0703125,10329.6103515625,10156.0703125,10299.9697265625,1608100
2025-02-05,10164.2197265625,10241.3701171875,10124.2001953125,10237.7099609375,1953000
2025-02-06,10393.6298828125,10393.6298828125,10135.150390625,10142.849609375,2312500
2025-02-07,10576.0,10666.740234375,10384.25,10410.0302734375,2922000
2025-02-10,10631.25,10645.9599609375,10532.1201171875,10608.6103515625,2562000
2025-02-11,10557.6201171875,10640.83984375,10524.009765625,10640.83984375,2338600
2025-02-12,10708.8798828125,10709.26953125,10513.23046875,10529.41015625,2395600
2025-02-13,10626.6201171875,10739.509765625,10621.08984375,10691.4599609375,2615300
2025-02-14,10749.4599609375,10760.8603515625,10616.01953125,10616.01953125,2463900
2025-02-17,10791.0595703125,10829.8203125,10711.4296875,10820.9599609375,2733800
2025-02-18,10617.259765625,10817.650390625,10577.080078125,10781.2001953125,2598400
2025-02-19,10772.650390625,10774.01953125,10588.490234375,10592.0302734375,2368000
2025-02-20,10794.5498046875,10826.3798828125,10726.5302734375,10765.9501953125,2340900
2025-02-21,10991.3701171875,11003.9501953125,10806.509765625,10821.8095703125,3017400
2025-02-24,10983.0400390625,11045.9599609375,10909.3701171875,10995.259765625,2859700
2025-02-25,10854.5,10964.669921875,10815.33984375,10835.91015625,2447300
2025-02-26,10955.650390625,10955.650390625,10831.1103515625,10870.73046875,2509300
2025-02-27,10927.509765625,10999.48046875,10792.080078125,10969.919921875,2650000
2025-02-28,10611.240234375,10883.830078125,10583.7099609375,10861.8203125,2417200
2025-03-03,10649.58984375,10803.669921875,10586.2001953125,10642.1796875,2173500
2025-03-04,10679.4404296875,10688.5302734375,10540.419921875,10558.75,1810500
2025-03-05,10709.4599609375,10718.6904296875,10626.7099609375,10686.4697265625,1851400
2025-03-06,10898.75,10924.2197265625,10759.400390625,10774.080078125,2471600
2025-03-07,10843.73046875,10931.9501953125,10798.1904296875,10858.7802734375,2532400
2025-03-10,10825.7001953125,10896.1103515625,10747.1396484375,10862.9296875,2090400
2025-03-11,10861.16015625,10861.16015625,10692.7197265625,10698.8095703125,2085700
2025-03-12,10843.23046875,10939.5703125,10828.419921875,10897.419921875,2242900
2025-03-13,10736.1904296875,10865.3203125,10677.83984375,10830.1103515625,2045700
2025-03-14,10978.2998046875,10985.9501953125,10737.6298828125,10741.51953125,2376000
2025-03-17,10957.8203125,11015.4697265625,10940.76953125,11009.5703125,1940400
2025-03-18,11014.75,11041.41015625,10958.8701171875,10999.3203125,1824900
2025-03-19,10979.0498046875,11030.1904296875,10916.2802734375,11003.73046875,1724400
2025-03-20,10879.490234375,10973.1396484375,10869.16015625,10971.41015625,1573900
2025-03-21,10687.5498046875,10898.259765625,10656.8798828125,10843.98046875,1855700
2025-03-24,10695.490234375,10723.75,10563.8798828125,10695.01953125,1811800
2025-03-25,10649.080078125,10735.5498046875,10618.0498046875,10702.6904296875,1552300
2025-03-26,10643.8203125,10703.0400390625,10635.7802734375,10636.1201171875,1413300
2025-03-27,10668.099609375,10745.08984375,10556.6201171875,10610.8896484375,1421800
2025-03-28,10607.330078125,10688.0498046875,10593.849609375,10658.150390625,1352700
2025-03-31,10504.330078125,10609.76953125,10427.9599609375,10559.66015625,1573900
2025-04-01,10503.66015625,10581.98046875,10491.7001953125,10523.650390625,1317200
2025-04-02,10513.1201171875,10573.009765625,10490.849609375,10500.5302734375,1164500
2025-04-03,10365.73046875,10481.599609375,10328.01953125,10384.9501953125,1465200
2025-04-07,9364.5,9831.6298828125,9220.1201171875,9747.66015625,2468600
2025-04-08,9424.6796875,9505.6396484375,9296.1201171875,9356.6904296875,2556700
2025-04-09,9539.8896484375,9591.8095703125,9119.599609375,9271.240234375,2628600
2025-04-10,9754.6396484375,9884.240234375,9713.6396484375,9757.98046875,2406000
2025-04-11,9834.4404296875,9909.5595703125,9679.2802734375,9681.4501953125,1852900
2025-04-14,9884.2998046875,9964.73046875,9862.33984375,9955.66015625,1816300
2025-04-15,9858.099609375,9895.4501953125,9804.599609375,9886.099609375,1388300
2025-04-16,9774.73046875,9814.5,9650.7900390625,9813.1298828125,1470600
2025-04-17,9759.0498046875,9828.919921875,9712.0,9715.2900390625,1223300
2025-04-18,9781.650390625,9798.4296875,9719.9501953125,9745.75,1124400
2025-04-21,9905.5302734375,9913.08984375,9733.4296875,9768.650390625,1396400
2025-04-22,9870.0498046875,9914.4697265625,9857.76953125,9882.9599609375,1500800
2025-04-23,9935.7998046875,9990.0302734375,9892.7001953125,9956.3701171875,1635700
2025-04-24,9878.3203125,9969.9697265625,9846.23046875,9933.8896484375,1417500
2025-04-25,9917.0595703125,9976.76953125,9878.669921875,9900.099609375,1529900
2025-04-28,9855.2001953125,9926.900390625,9848.669921875,9925.7099609375,1402700
2025-04-29,9849.7998046875,9882.5400390625,9799.650390625,9828.4599609375,1341100
2025-04-30,9899.8203125,9925.8701171875,9845.3603515625,9863.5,1559000
2025-05-06,10082.33984375,10082.33984375,9960.51953125,9974.5302734375,1757100
2025-05-07,10104.1298828125,10248.98046875,10048.0,10218.330078125,1881800
2025-05-08,10197.66015625,10222.8095703125,10067.2998046875,10081.26953125,1603500
2025-05-09,10126.830078125,10190.1298828125,10087.5498046875,10190.1298828125,1402100
2025-05-12,10301.16015625,10302.0498046875,10200.2099609375,10220.330078125,1629000
2025-05-13,10288.080078125,10401.9501953125,10274.33984375,10401.9501953125,1621700
2025-05-14,10354.2197265625,10418.4404296875,10240.1298828125,10278.91015625,1749800
2025-05-15,10186.4501953125,10324.83984375,10186.4501953125,10324.83984375,1433300
2025-05-16,10179.599609375,10217.91015625,10152.76953125,10157.6796875,1191800
2025-05-19,10171.08984375,10184.400390625,10090.2998046875,10171.2900390625,1153000
2025-05-20,10249.169921875,10273.58984375,10151.8603515625,10182.25,1299800
2025-05-21,10294.2197265625,10325.919921875,10243.1796875,10246.51953125,1307500
2025-05-22,10219.6201171875,10283.2900390625,10214.5,10274.6796875,1290400
2025-05-23,10132.41015625,10294.5703125,10132.41015625,10210.6201171875,1358300
2025-05-26,10091.16015625,10142.9404296875,10044.080078125,10114.6904296875,1146200
2025-05-27,10029.1103515625,10076.8798828125,9996.830078125,10074.0302734375,1099600
2025-05-28,10003.26953125,10058.1298828125,9987.41015625,10039.25,1071000
2025-05-29,10127.2001953125,10139.1796875,10002.08984375,10006.4296875,1318300
2025-05-30,10040.6298828125,10099.150390625,10022.8095703125,10091.1904296875,1331300
2025-06-03,10057.169921875,10088.1904296875,10004.9404296875,10006.1298828125,1415300
2025-06-04,10144.580078125,10158.01953125,10070.849609375,10070.849609375,1369500
2025-06-05,10203.5,10220.2998046875,10113.0498046875,10152.5498046875,1462900
2025-06-06,10183.7001953125,10223.5595703125,10166.7001953125,10205.51953125,1220400
2025-06-09,10250.1396484375,10280.830078125,10190.25,10200.4501953125,1412300
2025-06-10,10162.1796875,10256.849609375,10095.009765625,10248.2900390625,1539700
2025-06-11,10246.01953125,10295.400390625,10176.5,10176.5,1427300
2025-06-12,10234.330078125,10263.4599609375,10182.41015625,10208.2998046875,1423000
2025-06-13,10122.1103515625,10215.5400390625,10089.58984375,10193.9296875,1778700
2025-06-16,10163.5498046875,10173.0595703125,10096.5703125,10096.5703125,1410300
2025-06-17,10151.4296875,10198.98046875,10129.41015625,10177.669921875,1431400
2025-06-18,10175.58984375,10190.0400390625,10118.6796875,10142.580078125,1363500
2025-06-19,10051.9697265625,10181.9697265625,10027.330078125,10156.169921875,1459900
2025-06-20,10005.0302734375,10084.099609375,9998.5,10039.0,1234400
2025-06-23,10048.3896484375,10064.75,9950.1396484375,9950.1396484375,1292100
2025-06-24,10217.6298828125,10224.1201171875,10074.26953125,10074.26953125,1675900
2025-06-25,10393.7197265625,10403.509765625,10233.150390625,10240.1298828125,2026200
2025-06-26,10343.48046875,10440.73046875,10340.6904296875,10389.23046875,1938200
2025-06-27,10378.5498046875,10455.509765625,10343.2998046875,10371.8095703125,2041400
2025-06-30,10465.1201171875,10470.240234375,10399.919921875,10405.9599609375,1849800
2025-07-01,10476.2900390625,10483.330078125,10407.169921875,10458.3896484375,1747000
2025-07-02,10412.6298828125,10455.830078125,10386.490234375,10455.830078125,1735700
2025-07-03,10534.580078125,10546.740234375,10431.0302734375,10431.0302734375,1588200
2025-07-04,10508.759765625,10610.5,10480.7197265625,10534.990234375,1722700
2025-07-07,10435.509765625,10501.3095703125,10426.5498046875,10488.1103515625,1450700
2025-07-08,10588.3896484375,10593.83984375,10431.7802734375,10431.7802734375,1761500
2025-07-09,10581.7998046875,10656.580078125,10557.8095703125,10592.509765625,1840100
2025-07-10,10631.1298828125,10667.41015625,10562.16015625,10593.7001953125,1967300
2025-07-11,10696.099609375,10757.240234375,10610.7998046875,10637.4501953125,2289100
2025-07-14,10684.51953125,10715.0703125,10663.8701171875,10705.4404296875,1785500
2025-07-15,10744.5595703125,10784.9697265625,10651.150390625,10700.3701171875,2062700
2025-07-16,10720.8095703125,10804.1796875,10697.400390625,10749.7099609375,1780900
2025-07-17,10873.6201171875,10873.6201171875,10718.849609375,10718.849609375,1827400
2025-07-18,10913.83984375,10946.400390625,10865.8896484375,10902.7197265625,1876400
2025-07-21,11007.490234375,11008.48046875,10922.51953125,10937.599609375,2237100
2025-07-22,11099.830078125,11099.830078125,10970.2197265625,11004.009765625,2451300
2025-07-23,11059.0400390625,11158.2197265625,11042.2001953125,11101.3203125,2492100
2025-07-24,11193.0595703125,11193.0595703125,11069.599609375,11069.599609375,2439100
2025-07-25,11168.1396484375,11210.91015625,11139.3203125,11196.2001953125,2298800
2025-07-28,11217.580078125,11226.1796875,11114.919921875,11176.3896484375,2168100
2025-07-29,11289.41015625,11289.419921875,11136.2802734375,11199.6298828125,2081000
2025-07-30,11203.0302734375,11307.6201171875,11127.0,11262.98046875,2205800
2025-07-31,11009.76953125,11223.6396484375,10976.2099609375,11208.4599609375,2458200
2025-08-01,10991.3203125,11068.3095703125,10919.8896484375,11001.25,1910900
2025-08-04,11041.5595703125,11041.5595703125,10928.490234375,10932.6201171875,1705300
2025-08-05,11106.9599609375,11106.9599609375,11041.4697265625,11078.580078125,1736200
2025-08-06,11177.7802734375,11177.8798828125,11086.7197265625,11091.830078125,1869000
2025-08-07,11157.9404296875,11229.58984375,11089.580078125,11189.490234375,1935100
2025-08-08,11128.669921875,11184.5498046875,11108.4599609375,11136.33984375,1784100
2025-08-11,11291.4296875,11311.8798828125,11159.0302734375,11159.0302734375,2056300
2025-08-12,11351.6298828125,11351.6298828125,11255.48046875,11292.4599609375,1976400
2025-08-13,11551.3701171875,11558.58984375,11362.900390625,11371.080078125,2387800
2025-08-14,11451.4296875,11607.41015625,11417.9296875,11557.0,2615000
2025-08-15,11634.669921875,11647.3896484375,11419.2802734375,11419.2802734375,2572300
2025-08-18,11835.5703125,11919.5703125,11642.58984375,11690.9404296875,3295400
2025-08-19,11821.6298828125,11908.6796875,11774.919921875,11827.900390625,2819500
2025-08-20,11926.740234375,11926.740234375,11677.849609375,11749.990234375,2869200
2025-08-21,11919.759765625,12011.7802734375,11865.4599609375,11965.7998046875,2837600
2025-08-22,12166.0595703125,12167.2802734375,11902.0400390625,11902.0400390625,3050600
2025-08-25,12441.0703125,12477.9697265625,12246.5595703125,12291.1201171875,3789400
2025-08-26,12473.169921875,12561.490234375,12361.490234375,12398.8095703125,3222700
2025-08-27,12295.0703125,12665.3603515625,12295.0703125,12483.1904296875,3952400
2025-08-28,12571.3701171875,12571.3701171875,12199.9404296875,12254.26953125,3538700
2025-08-29,12696.150390625,12791.1796875,12508.9697265625,12568.6298828125,3342100
2025-09-01,12828.9501953125,12830.1796875,12663.33984375,12773.2197265625,3174600
2025-09-02,12553.83984375,12857.16015625,12450.4599609375,12817.0302734375,3373700
2025-09-03,12472.0,12669.7998046875,12393.08984375,12599.9599609375,2915300
2025-09-04,12118.7001953125,12580.08984375,11967.5703125,12526.2998046875,3055500
2025-09-05,12590.5595703125,12597.8896484375,12085.5400390625,12140.759765625,2758300
2025-09-08,12666.83984375,12689.169921875,12511.419921875,12631.98046875,2889300
2025-09-09,12510.599609375,12653.8701171875,12434.83984375,12598.2900390625,2543600
2025-09-10,12557.6796875,12621.1904296875,12415.1904296875,12511.080078125,2285300
2025-09-11,12979.8896484375,12979.8896484375,12516.33984375,12570.8701171875,2934900
2025-09-12,12924.1298828125,13048.51953125,12905.4697265625,12941.259765625,2953100
2025-09-15,13005.76953125,13098.7802734375,12943.400390625,12971.4296875,2714300
2025-09-16,13063.9697265625,13071.2099609375,12863.8203125,13017.580078125,2894400
2025-09-17,13215.4599609375,13226.2001953125,13004.3798828125,13062.6396484375,2792700
2025-09-18,13075.66015625,13328.099609375,12915.9697265625,13161.150390625,3690600
2025-09-19,13070.8603515625,13182.599609375,13016.0595703125,13074.91015625,2689600
2025-09-22,13157.9697265625,13157.9697265625,13006.3603515625,13119.830078125,2459300
2025-09-23,13119.8203125,13267.900390625,12875.330078125,13246.9296875,2853900
2025-09-24,13356.1396484375,13356.1396484375,13009.6396484375,13037.080078125,2646000
2025-09-25,13445.900390625,13529.330078125,13295.5302734375,13333.01953125,2709900
2025-09-26,13209.0,13453.8603515625,13205.6298828125,13394.7900390625,2424400
2025-09-29,13479.4296875,13531.98046875,13239.73046875,13248.2001953125,2626100
2025-09-30,13526.509765625,13598.1796875,13460.3203125,13504.650390625,2532900
2025-10-09,13725.5595703125,13806.6904296875,13565.2900390625,13598.349609375,3242100
2025-10-10,13355.419921875,13644.509765625,13304.599609375,13633.1904296875,2962000
2025-10-13,13231.4697265625,13256.509765625,12837.25,12837.25,2782000
2025-10-14,12895.1103515625,13405.509765625,12844.01953125,13369.5595703125,2980900
2025-10-15,13118.75,13123.2802734375,12817.8896484375,12919.26953125,2324800
2025-10-16,13086.41015625,13218.169921875,13033.3701171875,13064.259765625,2130400
2025-10-17,12688.9404296875,13091.759765625,12677.4404296875,13060.240234375,2224700
2025-10-20,12813.2099609375,12948.3203125,12742.83984375,12877.7001953125,1865000
2025-10-21,13077.3203125,13100.080078125,12848.3203125,12880.169921875,1925300
2025-10-22,12996.6103515625,13078.6396484375,12932.009765625,12985.9599609375,1615300
2025-10-23,13025.4501953125,13042.33984375,12803.8603515625,12959.419921875,1819900
2025-10-24,13289.1796875,13289.1796875,13091.33984375,13091.33984375,2055300
2025-10-27,13489.400390625,13510.7099609375,13346.8095703125,13448.919921875,2495700
2025-10-28,13430.099609375,13572.900390625,13375.3203125,13411.669921875,2206500
2025-10-29,13691.3798828125,13691.3798828125,13475.650390625,13484.009765625,2415200
2025-10-30,13532.1298828125,13700.25,13509.240234375,13661.6103515625,2648700
2025-10-31,13378.2099609375,13618.150390625,13378.2099609375,13517.169921875,2674400
2025-11-03,13404.0595703125,13404.0595703125,13158.3095703125,13364.419921875,2340000
2025-11-04,13175.2197265625,13399.919921875,13094.2099609375,13373.5498046875,2076800
2025-11-05,13223.5595703125,13273.240234375,12953.83984375,12953.83984375,2016600
2025-11-06,13452.419921875,13468.400390625,13272.4697265625,13272.4697265625,2167200
2025-11-07,13404.0595703125,13496.7001953125,13322.6103515625,13380.349609375,2182700
2025-11-10,13427.6103515625,13502.16015625,13306.66015625,13453.3701171875,2396800
2025-11-11,13289.0,13493.169921875,13271.669921875,13476.25,2140500
2025-11-12,13240.6201171875,13312.5302734375,13120.7099609375,13240.7001953125,2127000
2025-11-13,13476.51953125,13488.6298828125,13222.7802734375,13228.5,2156400
2025-11-14,13216.0302734375,13394.0595703125,13216.0302734375,13323.4501953125,2105400
2025-11-17,13202.0,13251.7802734375,13137.2802734375,13200.5400390625,2054200
2025-11-18,13080.490234375,13223.1201171875,13022.4404296875,13161.7001953125,2263600
2025-11-19,13080.08984375,13164.9697265625,13009.009765625,13071.9404296875,1868900
2025-11-20,12980.8203125,13226.0400390625,12970.5595703125,13215.0703125,1902100
2025-11-21,12538.0703125,12812.3798828125,12538.0703125,12752.7197265625,2332900
2025-11-24,12585.080078125,12655.2900390625,12448.3203125,12605.1298828125,1976300
2025-11-25,12777.3095703125,12882.8095703125,12684.2900390625,12692.08984375,2029400
2025-11-26,12907.830078125,13012.330078125,12749.01953125,12769.9296875,1870600
2025-11-27,12875.2001953125,13082.76953125,12863.259765625,12903.91015625,1741500
2025-11-28,12984.080078125,13000.0703125,12834.080078125,12869.66015625,1594200
2025-12-01,13146.7197265625,13149.400390625,12993.8896484375,13038.16015625,1962300
2025-12-02,13056.7001953125,13132.8095703125,13011.1103515625,13130.0703125,1670100
2025-12-03,12955.25,13126.669921875,12922.669921875,13071.16015625,1880600
2025-12-04,13006.7197265625,13042.9599609375,12881.5595703125,12957.7998046875,1640200
2025-12-05,13147.6796875,13164.48046875,12938.349609375,13020.2900390625,1979100
2025-12-08,13329.990234375,13389.669921875,13178.9599609375,13178.9599609375,2118700
2025-12-09,13277.3603515625,13398.25,13227.76953125,13295.6201171875,1861900
2025-12-10,13316.419921875,13344.849609375,13126.2099609375,13251.26953125,1708100
2025-12-11,13147.38671875,13388.2646484375,13147.38671875,13333.2919921875,1700083391
