净值日期,单位净值,累计净值,日增长率,申购状态,赎回状态,分红送配
2012-08-21,1.0,1.0,,封闭期,封闭期,
2012-08-24,1.0,1.0,0.00%,封闭期,封闭期,
2012-08-31,1.001,1.001,0.10%,封闭期,封闭期,
2012-09-07,1.001,1.001,0.00%,封闭期,封闭期,
2012-09-14,1.002,1.002,0.10%,封闭期,封闭期,
2012-09-21,1.002,1.002,0.00%,封闭期,封闭期,
2012-09-28,1.003,1.003,0.10%,封闭期,封闭期,
2012-10-12,1.004,1.004,0.10%,封闭期,封闭期,
2012-10-19,1.005,1.005,0.10%,封闭期,封闭期,
2012-10-26,1.007,1.007,0.20%,封闭期,封闭期,
2012-10-29,1.007,1.007,0.00%,封闭期,封闭期,
2012-10-30,1.007,1.007,0.00%,开放申购,开放赎回,
2012-10-31,1.007,1.007,0.00%,开放申购,开放赎回,
2012-11-01,1.008,1.008,0.10%,开放申购,开放赎回,
2012-11-02,1.008,1.008,0.00%,开放申购,开放赎回,
2012-11-05,1.008,1.008,0.00%,开放申购,开放赎回,
2012-11-06,1.007,1.007,-0.10%,开放申购,开放赎回,
2012-11-07,1.007,1.007,0.00%,开放申购,开放赎回,
2012-11-08,1.007,1.007,0.00%,开放申购,开放赎回,
2012-11-12,1.006,1.006,-0.10%,开放申购,开放赎回,
2012-11-13,1.005,1.005,-0.10%,开放申购,开放赎回,
2012-11-14,1.005,1.005,0.00%,开放申购,开放赎回,
2012-11-15,1.004,1.004,-0.10%,开放申购,开放赎回,
2012-11-16,1.005,1.005,0.10%,开放申购,开放赎回,
2012-11-19,1.006,1.006,0.10%,开放申购,开放赎回,
2012-11-20,1.005,1.005,-0.10%,开放申购,开放赎回,
2012-11-21,1.006,1.006,0.10%,开放申购,开放赎回,
2012-11-22,1.007,1.007,0.10%,开放申购,开放赎回,
2012-11-23,1.007,1.007,0.00%,开放申购,开放赎回,
2012-11-26,1.007,1.007,0.00%,开放申购,开放赎回,
2012-11-27,1.007,1.007,0.00%,开放申购,开放赎回,
2012-11-28,1.005,1.005,-0.20%,开放申购,开放赎回,
2012-11-29,1.007,1.007,0.20%,开放申购,开放赎回,
2012-11-30,1.008,1.008,0.10%,开放申购,开放赎回,
2012-12-03,1.006,1.006,-0.20%,开放申购,开放赎回,
2012-12-04,1.002,1.002,-0.40%,开放申购,开放赎回,
2012-12-05,1.013,1.013,1.10%,开放申购,开放赎回,
2012-12-06,1.015,1.015,0.20%,开放申购,开放赎回,
2012-12-07,1.015,1.015,0.00%,开放申购,开放赎回,
2012-12-10,1.017,1.017,0.20%,开放申购,开放赎回,
2012-12-11,1.017,1.017,0.00%,开放申购,开放赎回,
2012-12-12,1.022,1.022,0.49%,开放申购,开放赎回,
2012-12-13,1.021,1.021,-0.10%,开放申购,开放赎回,
2012-12-14,1.026,1.026,0.49%,开放申购,开放赎回,
2012-12-17,1.025,1.025,-0.10%,开放申购,开放赎回,
2012-12-18,1.025,1.025,0.00%,开放申购,开放赎回,
2012-12-19,1.028,1.028,0.29%,开放申购,开放赎回,
2012-12-20,1.029,1.029,0.10%,开放申购,开放赎回,
2012-12-21,1.025,1.025,-0.39%,开放申购,开放赎回,
2012-12-24,1.027,1.027,0.20%,开放申购,开放赎回,
2012-12-27,1.031,1.031,0.39%,开放申购,开放赎回,
2012-12-28,1.031,1.031,0.00%,开放申购,开放赎回,
2012-12-31,1.03,1.03,-0.10%,开放申购,开放赎回,
2013-01-04,1.05,1.05,1.94%,开放申购,开放赎回,
2013-01-07,1.05,1.05,0.00%,开放申购,开放赎回,
2013-01-08,1.043,1.043,-0.67%,开放申购,开放赎回,
2013-01-09,1.046,1.046,0.29%,开放申购,开放赎回,
2013-01-10,1.049,1.049,0.29%,开放申购,开放赎回,
2013-01-11,1.045,1.045,-0.38%,开放申购,开放赎回,
2013-01-14,1.049,1.049,0.38%,开放申购,开放赎回,
2013-01-15,1.048,1.048,-0.10%,开放申购,开放赎回,
2013-01-16,1.049,1.049,0.10%,开放申购,开放赎回,
2013-01-17,1.048,1.048,-0.10%,开放申购,开放赎回,
2013-01-18,1.056,1.056,0.76%,开放申购,开放赎回,
2013-01-21,1.057,1.057,0.09%,开放申购,开放赎回,
2013-01-22,1.059,1.059,0.19%,开放申购,开放赎回,
2013-01-23,1.057,1.057,-0.19%,开放申购,开放赎回,
2013-01-24,1.056,1.056,-0.09%,开放申购,开放赎回,
2013-01-25,1.056,1.056,0.00%,开放申购,开放赎回,
2013-01-28,1.06,1.06,0.38%,开放申购,开放赎回,
2013-01-29,1.059,1.059,-0.09%,开放申购,开放赎回,
2013-01-30,1.064,1.064,0.47%,开放申购,开放赎回,
2013-01-31,1.061,1.061,-0.28%,开放申购,开放赎回,
2013-02-01,1.061,1.061,0.00%,开放申购,开放赎回,
2013-02-04,1.059,1.059,-0.19%,开放申购,开放赎回,
2013-02-05,1.038,1.038,-1.98%,开放申购,开放赎回,
2013-02-06,1.043,1.043,0.48%,开放申购,开放赎回,
2013-02-07,1.039,1.039,-0.38%,开放申购,开放赎回,
2013-02-08,1.039,1.039,0.00%,开放申购,开放赎回,
2013-02-18,1.046,1.046,0.67%,开放申购,开放赎回,
2013-02-19,1.037,1.037,-0.86%,开放申购,开放赎回,
2013-02-20,1.043,1.043,0.58%,开放申购,开放赎回,
2013-02-21,1.027,1.027,-1.53%,开放申购,开放赎回,
2013-02-22,1.022,1.022,-0.49%,开放申购,开放赎回,
2013-02-25,1.024,1.024,0.20%,开放申购,开放赎回,
2013-02-26,1.011,1.011,-1.27%,开放申购,开放赎回,
2013-02-27,1.013,1.013,0.20%,开放申购,开放赎回,
2013-02-28,1.03,1.03,1.68%,开放申购,开放赎回,
2013-03-01,1.025,1.025,-0.49%,开放申购,开放赎回,
2013-03-04,1.011,1.011,-1.37%,开放申购,开放赎回,
2013-03-05,1.011,1.011,0.00%,开放申购,开放赎回,
2013-03-06,1.02,1.02,0.89%,开放申购,开放赎回,
2013-03-07,1.02,1.02,0.00%,开放申购,开放赎回,
2013-03-08,1.033,1.033,1.27%,开放申购,开放赎回,
2013-03-11,1.033,1.033,0.00%,开放申购,开放赎回,
2013-03-12,1.025,1.025,-0.77%,开放申购,开放赎回,
2013-03-13,1.01,1.01,-1.46%,开放申购,开放赎回,
2013-03-14,1.013,1.013,0.30%,开放申购,开放赎回,
2013-03-15,1.009,1.009,-0.39%,开放申购,开放赎回,
2013-03-18,0.991,0.991,-1.78%,开放申购,开放赎回,
2013-03-19,0.989,0.989,-0.20%,开放申购,开放赎回,
2013-03-20,0.999,0.999,1.01%,开放申购,开放赎回,
2013-03-21,0.998,0.998,-0.10%,开放申购,开放赎回,
2013-03-22,0.993,0.993,-0.50%,开放申购,开放赎回,
2013-03-25,0.999,0.999,0.60%,开放申购,开放赎回,
2013-03-26,1.002,1.002,0.30%,开放申购,开放赎回,
2013-03-27,1.008,1.008,0.60%,开放申购,开放赎回,
2013-03-28,1.001,1.001,-0.69%,开放申购,开放赎回,
2013-04-02,1.002,1.002,0.10%,开放申购,开放赎回,
2013-04-03,1.001,1.001,-0.10%,开放申购,开放赎回,
2013-04-08,0.975,0.975,-2.60%,开放申购,开放赎回,
2013-04-09,0.981,0.981,0.62%,开放申购,开放赎回,
2013-04-10,0.987,0.987,0.61%,开放申购,开放赎回,
2013-04-11,0.991,0.991,0.41%,开放申购,开放赎回,
2013-04-12,0.989,0.989,-0.20%,开放申购,开放赎回,
2013-04-15,0.975,0.975,-1.42%,开放申购,开放赎回,
2013-04-16,0.97,0.97,-0.51%,开放申购,开放赎回,
2013-04-17,0.964,0.964,-0.62%,开放申购,开放赎回,
2013-04-18,0.963,0.963,-0.10%,开放申购,开放赎回,
2013-04-19,0.984,0.984,2.18%,开放申购,开放赎回,
2013-04-22,0.985,0.985,0.10%,开放申购,开放赎回,
2013-04-23,0.974,0.974,-1.12%,开放申购,开放赎回,
2013-04-24,0.991,0.991,1.75%,开放申购,开放赎回,
2013-04-25,0.999,0.999,0.81%,开放申购,开放赎回,
2013-04-26,1.004,1.004,0.50%,开放申购,开放赎回,
2013-05-02,1.007,1.007,0.30%,开放申购,开放赎回,
2013-05-03,1.009,1.009,0.20%,开放申购,开放赎回,
2013-05-06,1.018,1.018,0.89%,开放申购,开放赎回,
2013-05-07,1.023,1.023,0.49%,开放申购,开放赎回,
2013-05-08,1.029,1.029,0.59%,开放申购,开放赎回,
2013-05-09,1.027,1.027,-0.19%,开放申购,开放赎回,
2013-05-10,1.033,1.033,0.58%,开放申购,开放赎回,
2013-05-13,1.02,1.02,-1.26%,开放申购,开放赎回,
2013-05-14,1.018,1.018,-0.20%,开放申购,开放赎回,
2013-05-15,1.023,1.023,0.49%,开放申购,开放赎回,
2013-05-16,1.025,1.025,0.20%,开放申购,开放赎回,
2013-05-20,1.04,1.04,1.46%,开放申购,开放赎回,
2013-05-21,1.034,1.034,-0.58%,开放申购,开放赎回,
2013-05-22,1.031,1.031,-0.29%,开放申购,开放赎回,
2013-05-23,1.008,1.008,-2.23%,开放申购,开放赎回,
2013-05-24,1.005,1.005,-0.30%,开放申购,开放赎回,
2013-05-27,1.007,1.007,0.20%,开放申购,开放赎回,
2013-05-28,1.017,1.017,0.99%,开放申购,开放赎回,
2013-05-29,1.002,1.002,-1.47%,开放申购,开放赎回,
2013-05-30,1.0,1.0,-0.20%,开放申购,开放赎回,
2013-05-31,0.996,0.996,-0.40%,开放申购,开放赎回,
2013-06-03,0.992,0.992,-0.40%,开放申购,开放赎回,
2013-06-04,0.992,0.992,0.00%,开放申购,开放赎回,
2013-06-05,0.984,0.984,-0.81%,开放申购,开放赎回,
2013-06-06,0.974,0.974,-1.02%,开放申购,开放赎回,
2013-06-07,0.964,0.964,-1.03%,开放申购,开放赎回,
2013-06-13,0.939,0.939,-2.59%,开放申购,开放赎回,
2013-06-14,0.942,0.942,0.32%,开放申购,开放赎回,
2013-06-17,0.956,0.956,1.49%,开放申购,开放赎回,
2013-06-18,0.956,0.956,0.00%,开放申购,开放赎回,
2013-06-19,0.947,0.947,-0.94%,开放申购,开放赎回,
2013-06-20,0.922,0.922,-2.64%,开放申购,开放赎回,
2013-06-21,0.919,0.919,-0.33%,开放申购,开放赎回,
2013-06-24,0.9,0.9,-2.07%,开放申购,开放赎回,
2013-06-25,0.901,0.901,0.11%,开放申购,开放赎回,
2013-06-26,0.922,0.922,2.33%,开放申购,开放赎回,
2013-06-27,0.927,0.927,0.54%,开放申购,开放赎回,
2013-06-28,0.942,0.942,1.62%,开放申购,开放赎回,
2013-06-30,0.942,0.942,0.00%,开放申购,开放赎回,
2013-07-02,0.936,0.936,-0.64%,开放申购,开放赎回,
2013-07-03,0.915,0.915,-2.24%,开放申购,开放赎回,
2013-07-04,0.928,0.928,1.42%,开放申购,开放赎回,
2013-07-05,0.945,0.945,1.83%,开放申购,开放赎回,
2013-07-08,0.934,0.934,-1.16%,开放申购,开放赎回,
2013-07-09,0.937,0.937,0.32%,开放申购,开放赎回,
2013-07-10,0.945,0.945,0.85%,开放申购,开放赎回,
2013-07-11,0.966,0.966,2.22%,开放申购,开放赎回,
2013-07-12,0.96,0.96,-0.62%,开放申购,开放赎回,
2013-07-15,0.961,0.961,0.10%,开放申购,开放赎回,
2013-07-16,0.962,0.962,0.10%,开放申购,开放赎回,
2013-07-17,0.964,0.964,0.21%,开放申购,开放赎回,
2013-07-18,0.964,0.964,0.00%,开放申购,开放赎回,
2013-07-19,0.965,0.965,0.10%,开放申购,开放赎回,
2013-07-22,0.967,0.967,0.21%,开放申购,开放赎回,
2013-07-23,0.987,0.987,2.07%,开放申购,开放赎回,
2013-07-24,0.989,0.989,0.20%,开放申购,开放赎回,
2013-07-25,0.988,0.988,-0.10%,开放申购,开放赎回,
2013-07-26,0.99,0.99,0.20%,开放申购,开放赎回,
2013-07-29,0.985,0.985,-0.51%,开放申购,开放赎回,
2013-07-30,0.99,0.99,0.51%,开放申购,开放赎回,
2013-07-31,0.987,0.987,-0.30%,开放申购,开放赎回,
2013-08-01,0.996,0.996,0.91%,开放申购,开放赎回,
2013-08-02,1.001,1.001,0.50%,开放申购,开放赎回,
2013-08-05,1.002,1.002,0.10%,开放申购,开放赎回,
2013-08-06,0.988,0.988,-1.40%,开放申购,开放赎回,
2013-08-07,0.973,0.973,-1.52%,开放申购,开放赎回,
2013-08-08,0.976,0.976,0.31%,开放申购,开放赎回,
2013-08-09,0.982,0.982,0.61%,开放申购,开放赎回,
2013-08-12,1.001,1.001,1.93%,开放申购,开放赎回,
2013-08-13,1.013,1.013,1.20%,开放申购,开放赎回,
2013-08-14,1.013,1.013,0.00%,开放申购,开放赎回,
2013-08-15,1.013,1.013,0.00%,开放申购,开放赎回,
2013-08-16,1.011,1.011,-0.20%,开放申购,开放赎回,
2013-08-19,1.01,1.01,-0.10%,开放申购,开放赎回,
2013-08-20,0.989,0.989,-2.08%,开放申购,开放赎回,
2013-08-21,0.983,0.983,-0.61%,开放申购,开放赎回,
2013-08-22,0.987,0.987,0.41%,开放申购,开放赎回,
2013-08-23,0.985,0.985,-0.20%,开放申购,开放赎回,
2013-08-26,0.991,0.991,0.61%,开放申购,开放赎回,
2013-08-27,0.985,0.985,-0.61%,开放申购,开放赎回,
2013-08-28,0.97,0.97,-1.52%,开放申购,开放赎回,
2013-08-29,0.978,0.978,0.82%,开放申购,开放赎回,
2013-08-30,0.979,0.979,0.10%,开放申购,开放赎回,
2013-09-02,0.998,0.998,1.94%,开放申购,开放赎回,
2013-09-03,1.007,1.007,0.90%,开放申购,开放赎回,
2013-09-04,1.005,1.005,-0.20%,开放申购,开放赎回,
2013-09-05,1.018,1.018,1.29%,开放申购,开放赎回,
2013-09-06,1.02,1.02,0.20%,开放申购,开放赎回,
2013-09-09,1.023,1.023,0.29%,开放申购,开放赎回,
2013-09-10,1.032,1.032,0.88%,开放申购,开放赎回,
2013-09-11,1.031,1.031,-0.10%,开放申购,开放赎回,
2013-09-12,1.031,1.031,0.00%,开放申购,开放赎回,
2013-09-13,1.03,1.03,-0.10%,开放申购,开放赎回,
2013-09-16,1.043,1.043,1.26%,开放申购,开放赎回,
2013-09-17,1.04,1.04,-0.29%,开放申购,开放赎回,
2013-09-18,1.037,1.037,-0.29%,开放申购,开放赎回,
2013-09-23,1.046,1.046,0.87%,开放申购,开放赎回,
2013-09-24,1.038,1.038,-0.76%,开放申购,开放赎回,
2013-09-25,1.04,1.04,0.19%,开放申购,开放赎回,
2013-09-26,1.036,1.036,-0.38%,开放申购,开放赎回,
2013-09-27,1.039,1.039,0.29%,开放申购,开放赎回,
2013-09-30,1.024,1.024,-1.44%,开放申购,开放赎回,
2013-10-08,1.035,1.035,1.07%,开放申购,开放赎回,
2013-10-09,1.029,1.029,-0.58%,开放申购,开放赎回,
2013-10-10,1.026,1.026,-0.29%,开放申购,开放赎回,
2013-10-11,1.038,1.038,1.17%,开放申购,开放赎回,
2013-10-14,1.038,1.038,0.00%,开放申购,开放赎回,
2013-10-15,1.041,1.041,0.29%,开放申购,开放赎回,
2013-10-16,1.037,1.037,-0.38%,开放申购,开放赎回,
2013-10-17,1.032,1.032,-0.48%,开放申购,开放赎回,
2013-10-18,1.04,1.04,0.78%,开放申购,开放赎回,
2013-10-21,1.043,1.043,0.29%,开放申购,开放赎回,
2013-10-22,1.04,1.04,-0.29%,开放申购,开放赎回,
2013-10-23,1.027,1.027,-1.25%,开放申购,开放赎回,
2013-10-24,1.02,1.02,-0.68%,开放申购,开放赎回,
2013-10-25,1.014,1.014,-0.59%,开放申购,开放赎回,
2013-10-28,1.019,1.019,0.49%,开放申购,开放赎回,
2013-10-29,1.022,1.022,0.29%,开放申购,开放赎回,
2013-10-30,1.041,1.041,1.86%,开放申购,开放赎回,
2013-10-31,1.037,1.037,-0.38%,开放申购,开放赎回,
2013-11-01,1.039,1.039,0.19%,开放申购,开放赎回,
2013-11-04,1.037,1.037,-0.19%,开放申购,开放赎回,
2013-11-05,1.031,1.031,-0.58%,开放申购,开放赎回,
2013-11-06,1.031,1.031,0.00%,开放申购,开放赎回,
2013-11-07,1.024,1.024,-0.68%,开放申购,开放赎回,
2013-11-08,1.016,1.016,-0.78%,开放申购,开放赎回,
2013-11-11,1.031,1.031,1.48%,开放申购,开放赎回,
2013-11-12,1.023,1.023,-0.78%,开放申购,开放赎回,
2013-11-13,1.004,1.004,-1.86%,开放申购,开放赎回,
2013-11-14,1.011,1.011,0.70%,开放申购,开放赎回,
2013-11-15,1.028,1.028,1.68%,开放申购,开放赎回,
2013-11-18,1.054,1.054,2.53%,开放申购,开放赎回,
2013-11-19,1.054,1.054,0.00%,开放申购,开放赎回,
2013-11-20,1.056,1.056,0.19%,开放申购,开放赎回,
2013-11-21,1.052,1.052,-0.38%,开放申购,开放赎回,
2013-11-22,1.057,1.057,0.48%,开放申购,开放赎回,
2013-11-25,1.056,1.056,-0.09%,开放申购,开放赎回,
2013-11-26,1.056,1.056,0.00%,开放申购,开放赎回,
2013-11-27,1.06,1.06,0.38%,开放申购,开放赎回,
2013-11-28,1.06,1.06,0.00%,开放申购,开放赎回,
2013-11-29,1.063,1.063,0.28%,开放申购,开放赎回,
2013-12-02,1.07,1.07,0.66%,开放申购,开放赎回,
2013-12-03,1.065,1.065,-0.47%,开放申购,开放赎回,
2013-12-04,1.056,1.056,-0.85%,开放申购,开放赎回,
2013-12-05,1.055,1.055,-0.09%,开放申购,开放赎回,
2013-12-06,1.054,1.054,-0.09%,开放申购,开放赎回,
2013-12-09,1.055,1.055,0.09%,开放申购,开放赎回,
2013-12-10,1.052,1.052,-0.28%,开放申购,开放赎回,
2013-12-11,1.035,1.035,-1.62%,开放申购,开放赎回,
2013-12-12,1.029,1.029,-0.58%,开放申购,开放赎回,
2013-12-13,1.03,1.03,0.10%,开放申购,开放赎回,
2013-12-16,1.023,1.023,-0.68%,开放申购,开放赎回,
2013-12-17,1.021,1.021,-0.20%,开放申购,开放赎回,
2013-12-18,1.024,1.024,0.29%,开放申购,开放赎回,
2013-12-19,1.015,1.015,-0.88%,开放申购,开放赎回,
2013-12-20,1.013,1.013,-0.20%,开放申购,开放赎回,
2013-12-23,1.016,1.016,0.30%,开放申购,开放赎回,
2013-12-24,1.026,1.026,0.98%,开放申购,开放赎回,
2013-12-27,1.028,1.028,0.19%,开放申购,开放赎回,
2013-12-30,1.027,1.027,-0.10%,开放申购,开放赎回,
2013-12-31,1.029,1.029,0.19%,开放申购,开放赎回,
2014-01-02,1.03,1.03,0.10%,开放申购,开放赎回,
2014-01-03,1.009,1.009,-2.04%,开放申购,开放赎回,
2014-01-06,1.003,1.003,-0.59%,开放申购,开放赎回,
2014-01-07,1.003,1.003,0.00%,开放申购,开放赎回,
2014-01-08,1.016,1.016,1.30%,开放申购,开放赎回,
2014-01-09,1.008,1.008,-0.79%,开放申购,开放赎回,
2014-01-10,1.009,1.009,0.10%,开放申购,开放赎回,
2014-01-13,1.009,1.009,0.00%,开放申购,开放赎回,
2014-01-14,1.004,1.004,-0.50%,开放申购,开放赎回,
2014-01-15,1.01,1.01,0.60%,开放申购,开放赎回,
2014-01-16,1.014,1.014,0.40%,开放申购,开放赎回,
2014-01-17,1.019,1.019,0.49%,开放申购,开放赎回,
2014-01-20,1.012,1.012,-0.69%,开放申购,开放赎回,
2014-01-21,1.015,1.015,0.30%,开放申购,开放赎回,
2014-01-22,1.018,1.018,0.30%,开放申购,开放赎回,
2014-01-23,1.004,1.004,-1.38%,开放申购,开放赎回,
2014-01-24,0.991,0.991,-1.29%,开放申购,开放赎回,
2014-01-27,0.971,0.971,-2.02%,开放申购,开放赎回,
2014-01-28,0.971,0.971,0.00%,开放申购,开放赎回,
2014-01-29,0.978,0.978,0.72%,开放申购,开放赎回,
2014-01-30,0.974,0.974,-0.41%,开放申购,开放赎回,
2014-02-07,0.957,0.957,-1.75%,开放申购,开放赎回,
2014-02-10,0.955,0.955,-0.21%,开放申购,开放赎回,
2014-02-11,0.971,0.971,1.68%,开放申购,开放赎回,
2014-02-12,0.984,0.984,1.34%,开放申购,开放赎回,
2014-02-13,0.98,0.98,-0.41%,开放申购,开放赎回,
2014-02-14,0.985,0.985,0.51%,开放申购,开放赎回,
2014-02-17,0.995,0.995,1.02%,开放申购,开放赎回,
2014-02-18,0.998,0.998,0.30%,开放申购,开放赎回,
2014-02-19,1.001,1.001,0.30%,开放申购,开放赎回,
2014-02-20,0.99,0.99,-1.10%,开放申购,开放赎回,
2014-02-21,0.998,0.998,0.81%,开放申购,开放赎回,
2014-02-24,0.991,0.991,-0.70%,开放申购,开放赎回,
2014-02-25,0.987,0.987,-0.40%,开放申购,开放赎回,
2014-02-26,0.992,0.992,0.51%,开放申购,开放赎回,
2014-02-27,1.009,1.009,1.71%,开放申购,开放赎回,
2014-02-28,1.009,1.009,0.00%,开放申购,开放赎回,
2014-03-03,0.994,0.994,-1.49%,开放申购,开放赎回,
2014-03-04,1.002,1.002,0.80%,开放申购,开放赎回,
2014-03-05,0.999,0.999,-0.30%,开放申购,开放赎回,
2014-03-06,1.005,1.005,0.60%,开放申购,开放赎回,
2014-03-07,1.002,1.002,-0.30%,开放申购,开放赎回,
2014-03-10,0.987,0.987,-1.50%,开放申购,开放赎回,
2014-03-11,0.988,0.988,0.10%,开放申购,开放赎回,
2014-03-12,0.976,0.976,-1.21%,开放申购,开放赎回,
2014-03-13,0.969,0.969,-0.72%,开放申购,开放赎回,
2014-03-14,0.959,0.959,-1.03%,开放申购,开放赎回,
2014-03-17,0.955,0.955,-0.42%,开放申购,开放赎回,
2014-03-18,0.961,0.961,0.63%,开放申购,开放赎回,
2014-03-19,0.96,0.96,-0.10%,开放申购,开放赎回,
2014-03-20,0.946,0.946,-1.46%,开放申购,开放赎回,
2014-03-21,0.957,0.957,1.16%,开放申购,开放赎回,
2014-03-24,0.974,0.974,1.78%,开放申购,开放赎回,
2014-03-25,0.969,0.969,-0.51%,开放申购,开放赎回,
2014-03-26,0.975,0.975,0.62%,开放申购,开放赎回,
2014-03-27,0.971,0.971,-0.41%,开放申购,开放赎回,
2014-03-28,0.982,0.982,1.13%,开放申购,开放赎回,
2014-03-31,0.986,0.986,0.41%,开放申购,开放赎回,
2014-04-01,0.999,0.999,1.32%,开放申购,开放赎回,
2014-04-02,1.002,1.002,0.30%,开放申购,开放赎回,
2014-04-03,1.003,1.003,0.10%,开放申购,开放赎回,
2014-04-04,1.001,1.001,-0.20%,开放申购,开放赎回,
2014-04-08,1.003,1.003,0.20%,开放申购,开放赎回,
2014-04-09,1.014,1.014,1.10%,开放申购,开放赎回,
2014-04-10,1.03,1.03,1.58%,开放申购,开放赎回,
2014-04-11,1.02,1.02,-0.97%,开放申购,开放赎回,
2014-04-14,1.022,1.022,0.20%,开放申购,开放赎回,
2014-04-15,1.007,1.007,-1.47%,开放申购,开放赎回,
2014-04-16,1.008,1.008,0.10%,开放申购,开放赎回,
2014-04-17,1.01,1.01,0.20%,开放申购,开放赎回,
2014-04-22,1.009,1.009,-0.10%,开放申购,开放赎回,
2014-04-23,1.001,1.001,-0.79%,开放申购,开放赎回,
2014-04-24,1.003,1.003,0.20%,开放申购,开放赎回,
2014-04-25,0.989,0.989,-1.40%,开放申购,开放赎回,
2014-04-28,0.985,0.985,-0.40%,开放申购,开放赎回,
2014-04-29,0.997,0.997,1.22%,开放申购,开放赎回,
2014-04-30,0.984,0.984,-1.30%,开放申购,开放赎回,
2014-05-05,0.98,0.98,-0.41%,开放申购,开放赎回,
2014-05-07,0.97,0.97,-1.02%,开放申购,开放赎回,
2014-05-08,0.974,0.974,0.41%,开放申购,开放赎回,
2014-05-09,0.975,0.975,0.10%,开放申购,开放赎回,
2014-05-12,0.993,0.993,1.85%,开放申购,开放赎回,
2014-05-13,0.997,0.997,0.40%,开放申购,开放赎回,
2014-05-14,1.007,1.007,1.00%,开放申购,开放赎回,
2014-05-15,1.014,1.014,0.70%,开放申购,开放赎回,
2014-05-16,1.013,1.013,-0.10%,开放申购,开放赎回,
2014-05-19,1.013,1.013,0.00%,开放申购,开放赎回,
2014-05-20,1.019,1.019,0.59%,开放申购,开放赎回,
2014-05-21,1.022,1.022,0.29%,开放申购,开放赎回,
2014-05-22,1.028,1.028,0.59%,开放申购,开放赎回,
2014-05-23,1.028,1.028,0.00%,开放申购,开放赎回,
2014-05-26,1.029,1.029,0.10%,开放申购,开放赎回,
2014-05-27,1.029,1.029,0.00%,开放申购,开放赎回,
2014-05-28,1.036,1.036,0.68%,开放申购,开放赎回,
2014-05-29,1.032,1.032,-0.39%,开放申购,开放赎回,
2014-05-30,1.035,1.035,0.29%,开放申购,开放赎回,
2014-06-03,1.045,1.045,0.97%,开放申购,开放赎回,
2014-06-04,1.038,1.038,-0.67%,开放申购,开放赎回,
2014-06-05,1.037,1.037,-0.10%,开放申购,开放赎回,
2014-06-06,1.029,1.029,-0.77%,开放申购,开放赎回,
2014-06-09,1.035,1.035,0.58%,开放申购,开放赎回,
2014-06-10,1.043,1.043,0.77%,开放申购,开放赎回,
2014-06-11,1.042,1.042,-0.10%,开放申购,开放赎回,
2014-06-12,1.041,1.041,-0.10%,开放申购,开放赎回,
2014-06-13,1.047,1.047,0.58%,开放申购,开放赎回,
2014-06-16,1.047,1.047,0.00%,开放申购,开放赎回,
2014-06-17,1.043,1.043,-0.38%,开放申购,开放赎回,
2014-06-18,1.043,1.043,0.00%,开放申购,开放赎回,
2014-06-19,1.044,1.044,0.10%,开放申购,开放赎回,
2014-06-20,1.045,1.045,0.10%,开放申购,开放赎回,
2014-06-23,1.029,1.029,-1.53%,开放申购,开放赎回,
2014-06-24,1.032,1.032,0.29%,开放申购,开放赎回,
2014-06-25,1.032,1.032,0.00%,开放申购,开放赎回,
2014-06-26,1.046,1.046,1.36%,开放申购,开放赎回,
2014-06-27,1.047,1.047,0.10%,开放申购,开放赎回,
2014-06-30,1.045,1.045,-0.19%,开放申购,开放赎回,
2014-07-02,1.065,1.065,,开放申购,开放赎回,
2014-07-03,1.065,1.065,0.00%,开放申购,开放赎回,
2014-07-04,1.067,1.067,0.19%,开放申购,开放赎回,
2014-07-07,1.067,1.067,0.00%,开放申购,开放赎回,
2014-07-08,1.067,1.067,0.00%,开放申购,开放赎回,
2014-07-09,1.051,1.051,-1.50%,开放申购,开放赎回,
2014-07-10,1.052,1.052,0.10%,开放申购,开放赎回,
2014-07-11,1.052,1.052,0.00%,开放申购,开放赎回,
2014-07-14,1.057,1.057,0.48%,开放申购,开放赎回,
2014-07-15,1.062,1.062,0.47%,开放申购,开放赎回,
2014-07-16,1.066,1.066,0.38%,开放申购,开放赎回,
2014-07-17,1.066,1.066,0.00%,开放申购,开放赎回,
2014-07-18,1.063,1.063,-0.28%,开放申购,开放赎回,
2014-07-21,1.059,1.059,-0.38%,开放申购,开放赎回,
2014-07-22,1.075,1.075,1.51%,开放申购,开放赎回,
2014-07-23,1.084,1.084,0.84%,开放申购,开放赎回,
2014-07-24,1.091,1.091,0.65%,开放申购,开放赎回,
2014-07-25,1.095,1.095,0.37%,开放申购,开放赎回,
2014-07-28,1.104,1.104,0.82%,开放申购,开放赎回,
2014-07-29,1.114,1.114,0.91%,开放申购,开放赎回,
2014-07-30,1.118,1.118,0.36%,开放申购,开放赎回,
2014-07-31,1.12,1.12,0.18%,开放申购,开放赎回,
2014-08-01,1.11,1.11,-0.89%,开放申购,开放赎回,
2014-08-04,1.112,1.112,0.18%,开放申购,开放赎回,
2014-08-05,1.115,1.115,0.27%,开放申购,开放赎回,
2014-08-06,1.113,1.113,-0.18%,开放申购,开放赎回,
2014-08-07,1.104,1.104,-0.81%,开放申购,开放赎回,
2014-08-08,1.1,1.1,-0.36%,开放申购,开放赎回,
2014-08-11,1.113,1.113,1.18%,开放申购,开放赎回,
2014-08-12,1.115,1.115,0.18%,开放申购,开放赎回,
2014-08-13,1.124,1.124,0.81%,开放申购,开放赎回,
2014-08-14,1.12,1.12,-0.36%,开放申购,开放赎回,
2014-08-15,1.127,1.127,0.63%,开放申购,开放赎回,
2014-08-18,1.127,1.127,0.00%,开放申购,开放赎回,
2014-08-19,1.135,1.135,0.71%,开放申购,开放赎回,
2014-08-20,1.138,1.138,0.26%,开放申购,开放赎回,
2014-08-21,1.132,1.132,-0.53%,开放申购,开放赎回,
2014-08-22,1.136,1.136,0.35%,开放申购,开放赎回,
2014-08-25,1.139,1.139,0.26%,开放申购,开放赎回,
2014-08-26,1.135,1.135,-0.35%,开放申购,开放赎回,
2014-08-27,1.129,1.129,-0.53%,开放申购,开放赎回,
2014-08-28,1.121,1.121,-0.71%,开放申购,开放赎回,
2014-08-29,1.122,1.122,0.09%,开放申购,开放赎回,
2014-09-01,1.122,1.122,0.00%,开放申购,开放赎回,
2014-09-02,1.122,1.122,0.00%,开放申购,开放赎回,
2014-09-03,1.147,1.147,2.23%,开放申购,开放赎回,
2014-09-04,1.146,1.146,-0.09%,开放申购,开放赎回,
2014-09-05,1.144,1.144,-0.17%,开放申购,开放赎回,
2014-09-10,1.117,1.117,,开放申购,开放赎回,
2014-09-11,1.117,1.117,0.00%,开放申购,开放赎回,
2014-09-12,1.115,1.115,-0.18%,开放申购,开放赎回,
2014-09-15,1.105,1.105,-0.90%,开放申购,开放赎回,
2014-09-16,1.096,1.096,-0.81%,开放申购,开放赎回,
2014-09-17,1.106,1.106,0.91%,开放申购,开放赎回,
2014-09-18,1.098,1.098,-0.72%,开放申购,开放赎回,
2014-09-19,1.104,1.104,0.55%,开放申购,开放赎回,
2014-09-22,1.09,1.09,-1.27%,开放申购,开放赎回,
2014-09-23,1.084,1.084,-0.55%,开放申购,开放赎回,
2014-09-24,1.087,1.087,0.28%,开放申购,开放赎回,
2014-09-25,1.082,1.082,-0.46%,开放申购,开放赎回,
2014-09-26,1.078,1.078,-0.37%,开放申购,开放赎回,
2014-09-29,1.058,1.058,-1.86%,开放申购,开放赎回,
2014-09-30,1.046,1.046,-1.13%,开放申购,开放赎回,
2014-10-08,1.06,1.06,1.34%,开放申购,开放赎回,
2014-10-09,1.071,1.071,1.04%,开放申购,开放赎回,
2014-10-10,1.051,1.051,-1.87%,开放申购,开放赎回,
2014-10-13,1.053,1.053,0.19%,开放申购,开放赎回,
2014-10-14,1.048,1.048,-0.47%,开放申购,开放赎回,
2014-10-15,1.053,1.053,0.48%,开放申购,开放赎回,
2014-10-16,1.042,1.042,-1.04%,开放申购,开放赎回,
2014-10-17,1.047,1.047,0.48%,开放申购,开放赎回,
2014-10-20,1.049,1.049,0.19%,开放申购,开放赎回,
2014-10-21,1.05,1.05,0.10%,开放申购,开放赎回,
2014-10-22,1.065,1.065,1.43%,开放申购,开放赎回,
2014-10-23,1.063,1.063,-0.19%,开放申购,开放赎回,
2014-10-24,1.062,1.062,-0.09%,开放申购,开放赎回,
2014-10-27,1.055,1.055,-0.66%,开放申购,开放赎回,
2014-10-28,1.071,1.071,1.52%,开放申购,开放赎回,
2014-10-29,1.083,1.083,1.12%,开放申购,开放赎回,
2014-10-30,1.079,1.079,-0.37%,开放申购,开放赎回,
2014-10-31,1.092,1.092,1.20%,开放申购,开放赎回,
2014-11-03,1.089,1.089,-0.27%,开放申购,开放赎回,
2014-11-04,1.087,1.087,-0.18%,开放申购,开放赎回,
2014-11-05,1.081,1.081,-0.55%,开放申购,开放赎回,
2014-11-06,1.079,1.079,-0.19%,开放申购,开放赎回,
2014-11-07,1.075,1.075,-0.37%,开放申购,开放赎回,
2014-11-10,1.08,1.08,0.47%,开放申购,开放赎回,
2014-11-11,1.084,1.084,0.37%,开放申购,开放赎回,
2014-11-12,1.09,1.09,0.55%,开放申购,开放赎回,
2014-11-13,1.093,1.093,0.28%,开放申购,开放赎回,
2014-11-14,1.096,1.096,0.27%,开放申购,开放赎回,
2014-11-17,1.083,1.083,-1.19%,开放申购,开放赎回,
2014-11-18,1.072,1.072,-1.02%,开放申购,开放赎回,
2014-11-19,1.065,1.065,-0.65%,开放申购,开放赎回,
2014-11-20,1.064,1.064,-0.09%,开放申购,开放赎回,
2014-11-21,1.068,1.068,0.38%,开放申购,开放赎回,
2014-11-24,1.087,1.087,1.78%,开放申购,开放赎回,
2014-11-25,1.085,1.085,-0.18%,开放申购,开放赎回,
2014-11-26,1.096,1.096,1.01%,开放申购,开放赎回,
2014-11-27,1.091,1.091,-0.46%,开放申购,开放赎回,
2014-11-28,1.09,1.09,-0.09%,开放申购,开放赎回,
2014-12-01,1.064,1.064,-2.39%,开放申购,开放赎回,
2014-12-02,1.075,1.075,1.03%,开放申购,开放赎回,
2014-12-03,1.066,1.066,-0.84%,开放申购,开放赎回,
2014-12-04,1.084,1.084,1.69%,开放申购,开放赎回,
2014-12-05,1.091,1.091,0.65%,开放申购,开放赎回,
2014-12-08,1.092,1.092,0.09%,开放申购,开放赎回,
2014-12-09,1.067,1.067,-2.29%,开放申购,开放赎回,
2014-12-10,1.068,1.068,0.09%,开放申购,开放赎回,
2014-12-11,1.058,1.058,-0.94%,开放申购,开放赎回,
2014-12-12,1.056,1.056,-0.19%,开放申购,开放赎回,
2014-12-15,1.046,1.046,-0.95%,开放申购,开放赎回,
2014-12-16,1.03,1.03,-1.53%,开放申购,开放赎回,
2014-12-17,1.025,1.025,-0.49%,开放申购,开放赎回,
2014-12-18,1.038,1.038,1.27%,开放申购,开放赎回,
2014-12-19,1.05,1.05,1.16%,开放申购,开放赎回,
2014-12-22,1.062,1.062,1.14%,开放申购,开放赎回,
2014-12-23,1.059,1.059,-0.28%,开放申购,开放赎回,
2014-12-24,1.059,1.059,0.00%,开放申购,开放赎回,
2014-12-29,1.076,1.076,,开放申购,开放赎回,
2014-12-30,1.065,1.065,-1.02%,开放申购,开放赎回,
2014-12-31,1.069,1.069,0.38%,开放申购,开放赎回,
2015-01-05,1.074,1.074,0.47%,开放申购,开放赎回,
2015-01-06,1.065,1.065,-0.84%,开放申购,开放赎回,
2015-01-07,1.075,1.075,0.94%,开放申购,开放赎回,
2015-01-08,1.082,1.082,0.65%,开放申购,开放赎回,
2015-01-09,1.085,1.085,0.28%,开放申购,开放赎回,
2015-01-12,1.088,1.088,0.28%,开放申购,开放赎回,
2015-01-13,1.095,1.095,0.64%,开放申购,开放赎回,
2015-01-14,1.091,1.091,-0.37%,开放申购,开放赎回,
2015-01-15,1.1,1.1,0.82%,开放申购,开放赎回,
2015-01-16,1.089,1.089,-1.00%,开放申购,开放赎回,
2015-01-19,1.076,1.076,-1.19%,开放申购,开放赎回,
2015-01-20,1.084,1.084,0.74%,开放申购,开放赎回,
2015-01-21,1.101,1.101,1.57%,开放申购,开放赎回,
2015-01-22,1.108,1.108,0.64%,开放申购,开放赎回,
2015-01-23,1.124,1.124,1.44%,开放申购,开放赎回,
2015-01-26,1.127,1.127,0.27%,开放申购,开放赎回,
2015-01-27,1.122,1.122,-0.44%,开放申购,开放赎回,
2015-01-28,1.123,1.123,0.09%,开放申购,开放赎回,
2015-01-29,1.113,1.113,-0.89%,开放申购,开放赎回,
2015-01-30,1.109,1.109,-0.36%,开放申购,开放赎回,
2015-02-02,1.109,1.109,0.00%,开放申购,开放赎回,
2015-02-03,1.111,1.111,0.18%,开放申购,开放赎回,
2015-02-04,1.116,1.116,0.45%,开放申购,开放赎回,
2015-02-05,1.12,1.12,0.36%,开放申购,开放赎回,
2015-02-06,1.115,1.115,-0.45%,开放申购,开放赎回,
2015-02-09,1.109,1.109,-0.54%,开放申购,开放赎回,
2015-02-10,1.109,1.109,0.00%,开放申购,开放赎回,
2015-02-11,1.1,1.1,-0.81%,开放申购,开放赎回,
2015-02-12,1.105,1.105,0.45%,开放申购,开放赎回,
2015-02-13,1.115,1.115,0.91%,开放申购,开放赎回,
2015-02-16,1.116,1.116,0.09%,开放申购,开放赎回,
2015-02-17,1.119,1.119,0.27%,开放申购,开放赎回,
2015-02-25,1.12,1.12,0.09%,开放申购,开放赎回,
2015-02-26,1.125,1.125,0.45%,开放申购,开放赎回,
2015-02-27,1.123,1.123,-0.18%,开放申购,开放赎回,
2015-03-02,1.126,1.126,0.27%,开放申购,开放赎回,
2015-03-03,1.119,1.119,-0.62%,开放申购,开放赎回,
2015-03-04,1.109,1.109,-0.89%,开放申购,开放赎回,
2015-03-05,1.1,1.1,-0.81%,开放申购,开放赎回,
2015-03-06,1.099,1.099,-0.09%,开放申购,开放赎回,
2015-03-09,1.097,1.097,-0.18%,开放申购,开放赎回,
2015-03-10,1.088,1.088,-0.82%,开放申购,开放赎回,
2015-03-11,1.081,1.081,-0.64%,开放申购,开放赎回,
2015-03-12,1.085,1.085,0.37%,开放申购,开放赎回,
2015-03-13,1.086,1.086,0.09%,开放申购,开放赎回,
2015-03-16,1.092,1.092,0.55%,开放申购,开放赎回,
2015-03-17,1.089,1.089,-0.27%,开放申购,开放赎回,
2015-03-18,1.099,1.099,0.92%,开放申购,开放赎回,
2015-03-19,1.113,1.113,1.27%,开放申购,开放赎回,
2015-03-20,1.109,1.109,-0.36%,开放申购,开放赎回,
2015-03-23,1.114,1.114,0.45%,开放申购,开放赎回,
2015-03-24,1.109,1.109,-0.45%,开放申购,开放赎回,
2015-03-25,1.115,1.115,0.54%,开放申购,开放赎回,
2015-03-26,1.113,1.113,-0.18%,开放申购,开放赎回,
2015-03-27,1.113,1.113,0.00%,开放申购,开放赎回,
2015-03-30,1.13,1.13,1.53%,开放申购,开放赎回,
2015-03-31,1.13,1.13,0.00%,开放申购,开放赎回,
2015-04-01,1.138,1.138,0.71%,开放申购,开放赎回,
2015-04-02,1.146,1.146,0.70%,开放申购,开放赎回,
2015-04-08,1.199,1.199,,开放申购,开放赎回,
2015-04-09,1.213,1.213,1.17%,暂停申购,开放赎回,
2015-04-10,1.21,1.21,-0.25%,暂停申购,开放赎回,
2015-04-13,1.246,1.246,2.98%,暂停申购,开放赎回,
2015-04-14,1.227,1.227,-1.52%,暂停申购,开放赎回,
2015-04-15,1.228,1.228,0.08%,暂停申购,开放赎回,
2015-04-16,1.233,1.233,0.41%,暂停申购,开放赎回,
2015-04-17,1.228,1.228,-0.41%,暂停申购,开放赎回,
2015-04-20,1.205,1.205,-1.87%,暂停申购,开放赎回,
2015-04-21,1.235,1.235,2.49%,暂停申购,开放赎回,
2015-04-22,1.238,1.238,0.24%,暂停申购,开放赎回,
2015-04-23,1.233,1.233,-0.40%,暂停申购,开放赎回,
2015-04-24,1.242,1.242,0.73%,暂停申购,开放赎回,
2015-04-27,1.258,1.258,1.29%,暂停申购,开放赎回,
2015-04-28,1.258,1.258,0.00%,暂停申购,开放赎回,
2015-04-29,1.256,1.256,-0.16%,暂停申购,开放赎回,
2015-04-30,1.245,1.245,-0.88%,暂停申购,开放赎回,
2015-05-04,1.244,1.244,-0.08%,暂停申购,开放赎回,
2015-05-05,1.229,1.229,-1.21%,暂停申购,开放赎回,
2015-05-06,1.224,1.224,-0.41%,暂停申购,开放赎回,
2015-05-07,1.209,1.209,-1.23%,暂停申购,开放赎回,
2015-05-08,1.221,1.221,0.99%,暂停申购,开放赎回,
2015-05-11,1.227,1.227,0.49%,暂停申购,开放赎回,
2015-05-12,1.215,1.215,-0.98%,暂停申购,开放赎回,
2015-05-13,1.208,1.208,-0.58%,暂停申购,开放赎回,
2015-05-14,1.209,1.209,0.08%,暂停申购,开放赎回,
2015-05-15,1.232,1.232,1.90%,暂停申购,开放赎回,
2015-05-18,1.222,1.222,-0.81%,暂停申购,开放赎回,
2015-05-19,1.227,1.227,0.41%,暂停申购,开放赎回,
2015-05-20,1.223,1.223,-0.33%,暂停申购,开放赎回,
2015-05-21,1.222,1.222,-0.08%,暂停申购,开放赎回,
2015-05-22,1.243,1.243,1.72%,暂停申购,开放赎回,
2015-05-26,1.256,1.256,,暂停申购,开放赎回,
2015-05-27,1.249,1.249,-0.56%,暂停申购,开放赎回,
2015-05-28,1.222,1.222,-2.16%,暂停申购,开放赎回,
2015-05-29,1.221,1.221,-0.08%,暂停申购,开放赎回,
2015-06-01,1.228,1.228,0.57%,暂停申购,开放赎回,
2015-06-02,1.223,1.223,-0.41%,暂停申购,开放赎回,
2015-06-03,1.232,1.232,0.74%,暂停申购,开放赎回,
2015-06-04,1.23,1.23,-0.16%,暂停申购,开放赎回,
2015-06-05,1.217,1.217,-1.06%,暂停申购,开放赎回,
2015-06-08,1.221,1.221,0.33%,暂停申购,开放赎回,
2015-06-09,1.207,1.207,-1.15%,暂停申购,开放赎回,
2015-06-10,1.194,1.194,-1.08%,暂停申购,开放赎回,
2015-06-11,1.208,1.208,1.17%,暂停申购,开放赎回,
2015-06-12,1.223,1.223,1.24%,暂停申购,开放赎回,
2015-06-15,1.205,1.205,-1.47%,暂停申购,开放赎回,
2015-06-16,1.193,1.193,-1.00%,暂停申购,开放赎回,
2015-06-17,1.201,1.201,0.67%,暂停申购,开放赎回,
2015-06-18,1.199,1.199,-0.17%,暂停申购,开放赎回,
2015-06-19,1.201,1.201,0.17%,暂停申购,开放赎回,
2015-06-23,1.23,1.23,2.41%,暂停申购,开放赎回,
2015-06-24,1.232,1.232,0.16%,暂停申购,开放赎回,
2015-06-25,1.224,1.224,-0.65%,暂停申购,开放赎回,
2015-06-26,1.203,1.203,-1.72%,暂停申购,开放赎回,
2015-06-29,1.176,1.176,-2.24%,暂停申购,开放赎回,
2015-06-30,1.187,1.187,0.94%,暂停申购,开放赎回,
2015-07-02,1.19,1.19,,暂停申购,开放赎回,
2015-07-03,1.18,1.18,-0.84%,暂停申购,开放赎回,
2015-07-06,1.145,1.145,-2.97%,开放申购,开放赎回,
2015-07-07,1.134,1.134,-0.96%,开放申购,开放赎回,
2015-07-08,1.068,1.068,-5.82%,开放申购,开放赎回,
2015-07-09,1.108,1.108,3.75%,开放申购,开放赎回,
2015-07-10,1.13,1.13,1.99%,开放申购,开放赎回,
2015-07-13,1.142,1.142,1.06%,开放申购,开放赎回,
2015-07-14,1.137,1.137,-0.44%,开放申购,开放赎回,
2015-07-15,1.132,1.132,-0.44%,开放申购,开放赎回,
2015-07-16,1.136,1.136,0.35%,开放申购,开放赎回,
2015-07-17,1.151,1.151,1.32%,开放申购,开放赎回,
2015-07-20,1.155,1.155,0.35%,开放申购,开放赎回,
2015-07-21,1.164,1.164,0.78%,开放申购,开放赎回,
2015-07-22,1.154,1.154,-0.86%,开放申购,开放赎回,
2015-07-23,1.159,1.159,0.43%,开放申购,开放赎回,
2015-07-24,1.147,1.147,-1.04%,开放申购,开放赎回,
2015-07-27,1.115,1.115,-2.79%,开放申购,开放赎回,
2015-07-28,1.12,1.12,0.45%,开放申购,开放赎回,
2015-07-29,1.125,1.125,0.45%,开放申购,开放赎回,
2015-07-30,1.121,1.121,-0.36%,开放申购,开放赎回,
2015-07-31,1.127,1.127,0.54%,开放申购,开放赎回,
2015-08-03,1.117,1.117,-0.89%,开放申购,开放赎回,
2015-08-04,1.117,1.117,0.00%,开放申购,开放赎回,
2015-08-05,1.122,1.122,0.45%,开放申购,开放赎回,
2015-08-06,1.116,1.116,-0.53%,开放申购,开放赎回,
2015-08-07,1.123,1.123,0.63%,开放申购,开放赎回,
2015-08-10,1.121,1.121,-0.18%,开放申购,开放赎回,
2015-08-11,1.141,1.141,1.78%,开放申购,开放赎回,
2015-08-12,1.131,1.131,-0.88%,开放申购,开放赎回,
2015-08-13,1.151,1.151,1.77%,开放申购,开放赎回,
2015-08-14,1.149,1.149,-0.17%,开放申购,开放赎回,
2015-08-17,1.141,1.141,-0.70%,开放申购,开放赎回,
2015-08-18,1.126,1.126,-1.31%,开放申购,开放赎回,
2015-08-19,1.113,1.113,-1.15%,开放申购,开放赎回,
2015-08-20,1.095,1.095,-1.62%,开放申购,开放赎回,
2015-08-21,1.079,1.079,-1.46%,开放申购,开放赎回,
2015-08-24,1.027,1.027,-4.82%,开放申购,开放赎回,
2015-08-25,1.039,1.039,1.17%,开放申购,开放赎回,
2015-08-26,1.024,1.024,-1.44%,开放申购,开放赎回,
2015-08-27,1.058,1.058,3.32%,开放申购,开放赎回,
2015-08-28,1.047,1.047,-1.04%,开放申购,开放赎回,
2015-08-31,1.047,1.047,0.00%,开放申购,开放赎回,
2015-09-01,1.023,1.023,-2.29%,开放申购,开放赎回,
2015-09-02,1.011,1.011,-1.17%,开放申购,开放赎回,
2015-09-07,0.997,0.997,-1.38%,开放申购,开放赎回,
2015-09-08,1.028,1.028,3.11%,开放申购,开放赎回,
2015-09-09,1.065,1.065,3.60%,开放申购,开放赎回,
2015-09-10,1.043,1.043,-2.07%,开放申购,开放赎回,
2015-09-11,1.039,1.039,-0.38%,开放申购,开放赎回,
2015-09-14,1.042,1.042,0.29%,开放申购,开放赎回,
2015-09-15,1.037,1.037,-0.48%,开放申购,开放赎回,
2015-09-16,1.062,1.062,2.41%,开放申购,开放赎回,
2015-09-17,1.055,1.055,-0.66%,开放申购,开放赎回,
2015-09-18,1.061,1.061,0.57%,开放申购,开放赎回,
2015-09-21,1.052,1.052,-0.85%,开放申购,开放赎回,
2015-09-22,1.054,1.054,0.19%,开放申购,开放赎回,
2015-09-23,1.035,1.035,-1.80%,开放申购,开放赎回,
2015-09-24,1.026,1.026,-0.87%,开放申购,开放赎回,
2015-09-25,1.03,1.03,0.39%,开放申购,开放赎回,
2015-09-29,0.999,0.999,,开放申购,开放赎回,
2015-09-30,1.012,1.012,1.30%,开放申购,开放赎回,
2015-10-08,1.078,1.078,6.52%,开放申购,开放赎回,
2015-10-09,1.081,1.081,0.28%,开放申购,开放赎回,
2015-10-12,1.091,1.091,0.93%,开放申购,开放赎回,
2015-10-13,1.083,1.083,-0.73%,开放申购,开放赎回,
2015-10-14,1.079,1.079,-0.37%,开放申购,开放赎回,
2015-10-15,1.098,1.098,1.76%,开放申购,开放赎回,
2015-10-16,1.107,1.107,0.82%,开放申购,开放赎回,
2015-10-19,1.108,1.108,0.09%,开放申购,开放赎回,
2015-10-20,1.106,1.106,-0.18%,开放申购,开放赎回,
2015-10-22,1.099,1.099,,开放申购,开放赎回,
2015-10-23,1.114,1.114,1.36%,开放申购,开放赎回,
2015-10-26,1.111,1.111,-0.27%,开放申购,开放赎回,
2015-10-27,1.111,1.111,0.00%,开放申购,开放赎回,
2015-10-28,1.105,1.105,-0.54%,开放申购,开放赎回,
2015-10-29,1.099,1.099,-0.54%,开放申购,开放赎回,
2015-10-30,1.09,1.09,-0.82%,开放申购,开放赎回,
2015-11-02,1.072,1.072,-1.65%,开放申购,开放赎回,
2015-11-03,1.084,1.084,1.12%,开放申购,开放赎回,
2015-11-04,1.106,1.106,2.03%,开放申购,开放赎回,
2015-11-05,1.105,1.105,-0.09%,开放申购,开放赎回,
2015-11-06,1.098,1.098,-0.63%,开放申购,开放赎回,
2015-11-09,1.095,1.095,-0.27%,开放申购,开放赎回,
2015-11-10,1.081,1.081,-1.28%,开放申购,开放赎回,
2015-11-11,1.08,1.08,-0.09%,开放申购,开放赎回,
2015-11-12,1.104,1.104,2.22%,开放申购,开放赎回,
2015-11-13,1.082,1.082,-1.99%,开放申购,开放赎回,
2015-11-16,1.067,1.067,-1.39%,开放申购,开放赎回,
2015-11-17,1.078,1.078,1.03%,开放申购,开放赎回,
2015-11-18,1.075,1.075,-0.28%,开放申购,开放赎回,
2015-11-19,1.089,1.089,1.30%,开放申购,开放赎回,
2015-11-20,1.101,1.101,1.10%,开放申购,开放赎回,
2015-11-23,1.098,1.098,-0.27%,开放申购,开放赎回,
2015-11-24,1.095,1.095,-0.27%,开放申购,开放赎回,
2015-11-25,1.091,1.091,-0.37%,开放申购,开放赎回,
2015-11-26,1.091,1.091,0.00%,开放申购,开放赎回,
2015-11-27,1.072,1.072,-1.74%,开放申购,开放赎回,
2015-11-30,1.069,1.069,-0.28%,开放申购,开放赎回,
2015-12-01,1.087,1.087,1.68%,开放申购,开放赎回,
2015-12-02,1.091,1.091,0.37%,开放申购,开放赎回,
2015-12-03,1.088,1.088,-0.28%,开放申购,开放赎回,
2015-12-04,1.078,1.078,-0.92%,开放申购,开放赎回,
2015-12-07,1.079,1.079,0.09%,开放申购,开放赎回,
2015-12-08,1.066,1.066,-1.20%,开放申购,开放赎回,
2015-12-09,1.063,1.063,-0.28%,开放申购,开放赎回,
2015-12-10,1.06,1.06,-0.28%,开放申购,开放赎回,
2015-12-11,1.051,1.051,-0.85%,开放申购,开放赎回,
2015-12-14,1.047,1.047,-0.38%,开放申购,开放赎回,
2015-12-15,1.046,1.046,-0.10%,开放申购,开放赎回,
2015-12-16,1.067,1.067,2.01%,开放申购,开放赎回,
2015-12-17,1.076,1.076,0.84%,开放申购,开放赎回,
2015-12-18,1.072,1.072,-0.37%,开放申购,开放赎回,
2015-12-21,1.072,1.072,0.00%,开放申购,开放赎回,
2015-12-22,1.074,1.074,0.19%,开放申购,开放赎回,
2015-12-23,1.083,1.083,0.84%,开放申购,开放赎回,
2015-12-24,1.088,1.088,0.46%,开放申购,开放赎回,
2015-12-28,1.077,1.077,,开放申购,开放赎回,
2015-12-29,1.083,1.083,0.56%,开放申购,开放赎回,
2015-12-30,1.078,1.078,-0.46%,开放申购,开放赎回,
2015-12-31,1.08,1.08,0.19%,开放申购,开放赎回,
2016-01-04,1.054,1.054,-2.41%,开放申购,开放赎回,
2016-01-05,1.05,1.05,-0.38%,开放申购,开放赎回,
2016-01-06,1.042,1.042,-0.76%,开放申购,开放赎回,
2016-01-07,1.018,1.018,-2.30%,开放申购,开放赎回,
2016-01-08,1.022,1.022,0.39%,开放申购,开放赎回,
2016-01-11,0.996,0.996,-2.54%,开放申购,开放赎回,
2016-01-12,0.987,0.987,-0.90%,开放申购,开放赎回,
2016-01-13,0.999,0.999,1.22%,开放申购,开放赎回,
2016-01-14,0.992,0.992,-0.70%,开放申购,开放赎回,
2016-01-15,0.977,0.977,-1.51%,开放申购,开放赎回,
2016-01-18,0.961,0.961,-1.64%,开放申购,开放赎回,
2016-01-19,0.978,0.978,1.77%,开放申购,开放赎回,
2016-01-20,0.942,0.942,-3.68%,开放申购,开放赎回,
2016-01-21,0.927,0.927,-1.59%,开放申购,开放赎回,
2016-01-22,0.951,0.951,2.59%,开放申购,开放赎回,
2016-01-25,0.964,0.964,1.37%,开放申购,开放赎回,
2016-01-26,0.942,0.942,-2.28%,开放申购,开放赎回,
2016-01-27,0.951,0.951,0.96%,开放申购,开放赎回,
2016-01-28,0.958,0.958,0.74%,开放申购,开放赎回,
2016-01-29,0.98,0.98,2.30%,开放申购,开放赎回,
2016-02-01,0.977,0.977,-0.31%,开放申购,开放赎回,
2016-02-02,0.971,0.971,-0.61%,开放申购,开放赎回,
2016-02-03,0.947,0.947,-2.47%,开放申购,开放赎回,
2016-02-04,0.956,0.956,0.95%,开放申购,开放赎回,
2016-02-05,0.96,0.96,0.42%,开放申购,开放赎回,
2016-02-15,0.939,0.939,-2.19%,开放申购,开放赎回,
2016-02-16,0.949,0.949,1.07%,开放申购,开放赎回,
2016-02-17,0.941,0.941,-0.84%,开放申购,开放赎回,
2016-02-18,0.96,0.96,2.02%,开放申购,开放赎回,
2016-02-19,0.958,0.958,-0.21%,开放申购,开放赎回,
2016-02-22,0.966,0.966,0.84%,开放申购,开放赎回,
2016-02-23,0.965,0.965,-0.10%,开放申购,开放赎回,
2016-02-24,0.955,0.955,-1.04%,开放申购,开放赎回,
2016-02-25,0.942,0.942,-1.36%,开放申购,开放赎回,
2016-02-26,0.965,0.965,2.44%,开放申购,开放赎回,
2016-02-29,0.954,0.954,-1.14%,开放申购,开放赎回,
2016-03-01,0.967,0.967,1.36%,开放申购,开放赎回,
2016-03-02,0.995,0.995,2.90%,开放申购,开放赎回,
2016-03-03,0.994,0.994,-0.10%,开放申购,开放赎回,
2016-03-04,1.003,1.003,0.91%,开放申购,开放赎回,
2016-03-07,1.001,1.001,-0.20%,开放申购,开放赎回,
2016-03-08,0.993,0.993,-0.80%,开放申购,开放赎回,
2016-03-09,0.994,0.994,0.10%,开放申购,开放赎回,
2016-03-10,0.994,0.994,0.00%,开放申购,开放赎回,
2016-03-11,1.001,1.001,0.70%,开放申购,开放赎回,
2016-03-14,1.013,1.013,1.20%,开放申购,开放赎回,
2016-03-15,1.008,1.008,-0.49%,开放申购,开放赎回,
2016-03-16,1.008,1.008,0.00%,开放申购,开放赎回,
2016-03-17,1.017,1.017,0.89%,开放申购,开放赎回,
2016-03-18,1.02,1.02,0.30%,开放申购,开放赎回,
2016-03-21,1.024,1.024,0.39%,开放申购,开放赎回,
2016-03-22,1.025,1.025,0.10%,开放申购,开放赎回,
2016-03-23,1.023,1.023,-0.20%,开放申购,开放赎回,
2016-03-24,1.013,1.013,-0.98%,开放申购,开放赎回,
2016-03-29,1.013,1.013,,开放申购,开放赎回,
2016-03-30,1.029,1.029,1.58%,开放申购,开放赎回,
2016-03-31,1.025,1.025,-0.39%,开放申购,开放赎回,
2016-04-01,1.012,1.012,-1.27%,开放申购,开放赎回,
2016-04-05,0.998,0.998,-1.38%,开放申购,开放赎回,
2016-04-06,1.001,1.001,0.30%,开放申购,开放赎回,
2016-04-07,1.003,1.003,0.20%,开放申购,开放赎回,
2016-04-08,1.008,1.008,0.50%,开放申购,开放赎回,
2016-04-11,1.01,1.01,0.20%,开放申购,开放赎回,
2016-04-12,1.012,1.012,0.20%,开放申购,开放赎回,
2016-04-13,1.043,1.043,3.06%,开放申购,开放赎回,
2016-04-14,1.055,1.055,1.15%,开放申购,开放赎回,
2016-04-15,1.055,1.055,0.00%,开放申购,开放赎回,
2016-04-18,1.046,1.046,-0.85%,开放申购,开放赎回,
2016-04-19,1.057,1.057,1.05%,开放申购,开放赎回,
2016-04-20,1.045,1.045,-1.14%,开放申购,开放赎回,
2016-04-21,1.067,1.067,2.11%,开放申购,开放赎回,
2016-04-22,1.061,1.061,-0.56%,开放申购,开放赎回,
2016-04-25,1.057,1.057,-0.38%,开放申购,开放赎回,
2016-04-26,1.058,1.058,0.09%,开放申购,开放赎回,
2016-04-27,1.055,1.055,-0.28%,开放申购,开放赎回,
2016-04-28,1.058,1.058,0.28%,开放申购,开放赎回,
2016-04-29,1.037,1.037,-1.98%,开放申购,开放赎回,
2016-05-03,1.019,1.019,-1.74%,开放申购,开放赎回,
2016-05-04,1.018,1.018,-0.10%,开放申购,开放赎回,
2016-05-05,1.017,1.017,-0.10%,开放申购,开放赎回,
2016-05-06,1.003,1.003,-1.38%,开放申购,开放赎回,
2016-05-09,1.004,1.004,0.10%,开放申购,开放赎回,
2016-05-10,1.01,1.01,0.60%,开放申购,开放赎回,
2016-05-11,1.001,1.001,-0.89%,开放申购,开放赎回,
2016-05-12,0.991,0.991,-1.00%,开放申购,开放赎回,
2016-05-13,0.986,0.986,-0.50%,开放申购,开放赎回,
2016-05-16,0.995,0.995,0.91%,开放申购,开放赎回,
2016-05-17,1.005,1.005,1.01%,开放申购,开放赎回,
2016-05-18,0.993,0.993,-1.19%,开放申购,开放赎回,
2016-05-19,0.992,0.992,-0.10%,开放申购,开放赎回,
2016-05-20,1.0,1.0,0.81%,开放申购,开放赎回,
2016-05-23,0.998,0.998,-0.20%,开放申购,开放赎回,
2016-05-24,0.999,0.999,0.10%,开放申购,开放赎回,
2016-05-25,1.028,1.028,2.90%,开放申购,开放赎回,
2016-05-26,1.027,1.027,-0.10%,开放申购,开放赎回,
2016-05-27,1.035,1.035,0.78%,开放申购,开放赎回,
2016-05-30,1.042,1.042,0.68%,开放申购,开放赎回,
2016-05-31,1.051,1.051,0.86%,开放申购,开放赎回,
2016-06-01,1.05,1.05,-0.10%,开放申购,开放赎回,
2016-06-02,1.053,1.053,0.29%,开放申购,开放赎回,
2016-06-03,1.058,1.058,0.47%,开放申购,开放赎回,
2016-06-06,1.058,1.058,0.00%,开放申购,开放赎回,
2016-06-07,1.076,1.076,1.70%,开放申购,开放赎回,
2016-06-08,1.075,1.075,-0.09%,开放申购,开放赎回,
2016-06-13,1.061,1.061,-1.30%,开放申购,开放赎回,
2016-06-14,1.053,1.053,-0.75%,开放申购,开放赎回,
2016-06-15,1.061,1.061,0.76%,开放申购,开放赎回,
2016-06-16,1.038,1.038,-2.17%,开放申购,开放赎回,
2016-06-17,1.045,1.045,0.67%,开放申购,开放赎回,
2016-06-20,1.057,1.057,1.15%,开放申购,开放赎回,
2016-06-21,1.064,1.064,0.66%,开放申购,开放赎回,
2016-06-22,1.079,1.079,1.41%,开放申购,开放赎回,
2016-06-23,1.08,1.08,0.09%,开放申购,开放赎回,
2016-06-24,1.05,1.05,-2.78%,开放申购,开放赎回,
2016-06-27,1.055,1.055,0.48%,开放申购,开放赎回,
2016-06-28,1.056,1.056,0.09%,开放申购,开放赎回,
2016-06-29,1.069,1.069,1.23%,开放申购,开放赎回,
2016-06-30,1.087,1.087,1.68%,开放申购,开放赎回,
2016-07-04,1.101,1.101,,开放申购,开放赎回,
2016-07-05,1.088,1.088,-1.18%,开放申购,开放赎回,
2016-07-06,1.079,1.079,-0.83%,开放申购,开放赎回,
2016-07-07,1.089,1.089,0.93%,开放申购,开放赎回,
2016-07-08,1.082,1.082,-0.64%,开放申购,开放赎回,
2016-07-11,1.098,1.098,1.48%,开放申购,开放赎回,
2016-07-12,1.116,1.116,1.64%,开放申购,开放赎回,
2016-07-13,1.12,1.12,0.36%,开放申购,开放赎回,
2016-07-14,1.131,1.131,0.98%,开放申购,开放赎回,
2016-07-15,1.136,1.136,0.44%,开放申购,开放赎回,
2016-07-18,1.144,1.144,0.70%,开放申购,开放赎回,
2016-07-19,1.138,1.138,-0.52%,开放申购,开放赎回,
2016-07-20,1.148,1.148,0.88%,开放申购,开放赎回,
2016-07-21,1.152,1.152,0.35%,开放申购,开放赎回,
2016-07-22,1.148,1.148,-0.35%,开放申购,开放赎回,
2016-07-25,1.1528,1.1528,0.42%,开放申购,开放赎回,
2016-07-26,1.1573,1.1573,0.39%,开放申购,开放赎回,
2016-07-27,1.1602,1.1602,0.25%,开放申购,开放赎回,
2016-07-28,1.1571,1.1571,-0.27%,开放申购,开放赎回,
2016-07-29,1.1414,1.1414,-1.36%,开放申购,开放赎回,
2016-08-01,1.1494,1.1494,0.70%,开放申购,开放赎回,
2016-08-02,1.1516,1.1516,0.19%,开放申购,开放赎回,
2016-08-03,1.1287,1.1287,-1.99%,开放申购,开放赎回,
2016-08-04,1.1376,1.1376,0.79%,开放申购,开放赎回,
2016-08-05,1.1524,1.1524,1.30%,开放申购,开放赎回,
2016-08-08,1.173,1.173,1.79%,开放申购,开放赎回,
2016-08-09,1.1699,1.1699,-0.26%,开放申购,开放赎回,
2016-08-10,1.17,1.17,0.01%,开放申购,开放赎回,
2016-08-11,1.1715,1.1715,0.13%,开放申购,开放赎回,
2016-08-12,1.1875,1.1875,1.37%,开放申购,开放赎回,
2016-08-15,1.1938,1.1938,0.53%,开放申购,开放赎回,
2016-08-16,1.1912,1.1912,-0.22%,开放申购,开放赎回,
2016-08-17,1.1814,1.1814,-0.82%,开放申购,开放赎回,
2016-08-18,1.1976,1.1976,1.37%,开放申购,开放赎回,
2016-08-19,1.1926,1.1926,-0.42%,开放申购,开放赎回,
2016-08-22,1.2039,1.2039,0.95%,开放申购,开放赎回,
2016-08-23,1.2028,1.2028,-0.09%,开放申购,开放赎回,
2016-08-24,1.1913,1.1913,-0.96%,开放申购,开放赎回,
2016-08-25,1.1937,1.1937,0.20%,开放申购,开放赎回,
2016-08-26,1.1964,1.1964,0.23%,开放申购,开放赎回,
2016-08-29,1.1984,1.1984,0.17%,开放申购,开放赎回,
2016-08-30,1.2076,1.2076,0.77%,开放申购,开放赎回,
2016-08-31,1.2067,1.2067,-0.07%,开放申购,开放赎回,
2016-09-01,1.2148,1.2148,0.67%,开放申购,开放赎回,
2016-09-02,1.2185,1.2185,0.30%,开放申购,开放赎回,
2016-09-05,1.2412,1.2412,1.86%,开放申购,开放赎回,
2016-09-06,1.245,1.245,0.31%,开放申购,开放赎回,
2016-09-07,1.2403,1.2403,-0.38%,开放申购,开放赎回,
2016-09-08,1.2501,1.2501,0.79%,开放申购,开放赎回,
2016-09-09,1.26,1.26,0.79%,开放申购,开放赎回,
2016-09-12,1.2271,1.2271,-2.61%,开放申购,开放赎回,
2016-09-13,1.2208,1.2208,-0.51%,开放申购,开放赎回,
2016-09-14,1.2226,1.2226,0.15%,开放申购,开放赎回,
2016-09-19,1.2374,1.2374,1.21%,开放申购,开放赎回,
2016-09-20,1.2334,1.2334,-0.32%,开放申购,开放赎回,
2016-09-21,1.2428,1.2428,0.76%,开放申购,开放赎回,
2016-09-22,1.2442,1.2442,0.11%,开放申购,开放赎回,
2016-09-23,1.2438,1.2438,-0.03%,开放申购,开放赎回,
2016-09-26,1.2271,1.2271,-1.34%,开放申购,开放赎回,
2016-09-27,1.2383,1.2383,0.91%,开放申购,开放赎回,
2016-09-28,1.2412,1.2412,0.23%,开放申购,开放赎回,
2016-09-29,1.2471,1.2471,0.48%,开放申购,开放赎回,
2016-09-30,1.2266,1.2266,-1.64%,开放申购,开放赎回,
2016-10-11,1.2431,1.2431,,开放申购,开放赎回,
2016-10-12,1.2394,1.2394,-0.30%,开放申购,开放赎回,
2016-10-13,1.2213,1.2213,-1.46%,开放申购,开放赎回,
2016-10-14,1.2287,1.2287,0.61%,开放申购,开放赎回,
2016-10-17,1.2227,1.2227,-0.49%,开放申购,开放赎回,
2016-10-18,1.2392,1.2392,1.35%,开放申购,开放赎回,
2016-10-19,1.2355,1.2355,-0.30%,开放申购,开放赎回,
2016-10-20,1.2405,1.2405,0.40%,开放申购,开放赎回,
2016-10-21,1.2444,1.2444,0.31%,开放申购,开放赎回,
2016-10-24,1.2579,1.2579,1.08%,开放申购,开放赎回,
2016-10-25,1.2574,1.2574,-0.04%,开放申购,开放赎回,
2016-10-26,1.2443,1.2443,-1.04%,开放申购,开放赎回,
2016-10-27,1.2355,1.2355,-0.71%,开放申购,开放赎回,
2016-10-28,1.2283,1.2283,-0.58%,开放申购,开放赎回,
2016-10-31,1.2236,1.2236,-0.38%,开放申购,开放赎回,
2016-11-01,1.2362,1.2362,1.03%,开放申购,开放赎回,
2016-11-02,1.2166,1.2166,-1.59%,开放申购,开放赎回,
2016-11-03,1.2092,1.2092,-0.61%,开放申购,开放赎回,
2016-11-04,1.2069,1.2069,-0.19%,开放申购,开放赎回,
2016-11-07,1.218,1.218,0.92%,开放申购,开放赎回,
2016-11-08,1.2252,1.2252,0.59%,开放申购,开放赎回,
2016-11-09,1.2013,1.2013,-1.95%,开放申购,开放赎回,
2016-11-10,1.2155,1.2155,1.18%,开放申购,开放赎回,
2016-11-11,1.2047,1.2047,-0.89%,开放申购,开放赎回,
2016-11-14,1.195,1.195,-0.81%,开放申购,开放赎回,
2016-11-15,1.1996,1.1996,0.38%,开放申购,开放赎回,
2016-11-16,1.199,1.199,-0.05%,开放申购,开放赎回,
2016-11-17,1.199,1.199,0.00%,开放申购,开放赎回,
2016-11-18,1.2044,1.2044,0.45%,开放申购,开放赎回,
2016-11-21,1.2077,1.2077,0.27%,开放申购,开放赎回,
2016-11-22,1.221,1.221,1.10%,开放申购,开放赎回,
2016-11-23,1.222,1.222,0.08%,开放申购,开放赎回,
2016-11-24,1.2212,1.2212,-0.07%,开放申购,开放赎回,
2016-11-25,1.2282,1.2282,0.57%,开放申购,开放赎回,
2016-11-28,1.2314,1.2314,0.26%,开放申购,开放赎回,
2016-11-29,1.2243,1.2243,-0.58%,开放申购,开放赎回,
2016-11-30,1.2265,1.2265,0.18%,开放申购,开放赎回,
2016-12-01,1.2324,1.2324,0.48%,开放申购,开放赎回,
2016-12-02,1.2142,1.2142,-1.48%,开放申购,开放赎回,
2016-12-05,1.2125,1.2125,-0.14%,开放申购,开放赎回,
2016-12-06,1.2163,1.2163,0.31%,开放申购,开放赎回,
2016-12-07,1.2263,1.2263,0.82%,开放申购,开放赎回,
2016-12-08,1.2277,1.2277,0.11%,开放申购,开放赎回,
2016-12-09,1.2264,1.2264,-0.11%,开放申购,开放赎回,
2016-12-12,1.211,1.211,-1.26%,开放申购,开放赎回,
2016-12-13,1.2099,1.2099,-0.09%,开放申购,开放赎回,
2016-12-14,1.2124,1.2124,0.21%,开放申购,开放赎回,
2016-12-15,1.1968,1.1968,-1.29%,开放申购,开放赎回,
2016-12-16,1.1977,1.1977,0.08%,开放申购,开放赎回,
2016-12-19,1.1843,1.1843,-1.12%,开放申购,开放赎回,
2016-12-20,1.1809,1.1809,-0.29%,开放申购,开放赎回,
2016-12-21,1.1856,1.1856,0.40%,开放申购,开放赎回,
2016-12-22,1.1768,1.1768,-0.74%,开放申购,开放赎回,
2016-12-23,1.173,1.173,-0.32%,开放申购,开放赎回,
2016-12-28,1.1824,1.1824,,开放申购,开放赎回,
2016-12-29,1.1849,1.1849,0.21%,开放申购,开放赎回,
2016-12-30,1.1938,1.1938,0.75%,开放申购,开放赎回,
2016-12-31,1.1938,1.1938,0.00%,开放申购,开放赎回,
2017-01-03,1.2035,1.2035,0.81%,开放申购,开放赎回,
2017-01-04,1.2033,1.2033,-0.02%,开放申购,开放赎回,
2017-01-05,1.2168,1.2168,1.12%,开放申购,开放赎回,
2017-01-06,1.2088,1.2088,-0.66%,开放申购,开放赎回,
2017-01-09,1.2214,1.2214,1.04%,开放申购,开放赎回,
2017-01-10,1.2302,1.2302,0.72%,开放申购,开放赎回,
2017-01-11,1.2405,1.2405,0.84%,开放申购,开放赎回,
2017-01-12,1.2335,1.2335,-0.56%,开放申购,开放赎回,
2017-01-13,1.2354,1.2354,0.15%,开放申购,开放赎回,
2017-01-16,1.2231,1.2231,-1.00%,开放申购,开放赎回,
2017-01-17,1.2316,1.2316,0.70%,开放申购,开放赎回,
2017-01-18,1.2367,1.2367,0.41%,开放申购,开放赎回,
2017-01-19,1.2348,1.2348,-0.15%,开放申购,开放赎回,
2017-01-20,1.2284,1.2284,-0.52%,开放申购,开放赎回,
2017-01-23,1.2267,1.2267,-0.14%,开放申购,开放赎回,
2017-01-24,1.2254,1.2254,-0.11%,开放申购,开放赎回,
2017-01-25,1.2355,1.2355,0.82%,开放申购,开放赎回,
2017-01-26,1.2519,1.2519,1.33%,开放申购,开放赎回,
2017-02-03,1.2384,1.2384,-1.08%,开放申购,开放赎回,
2017-02-06,1.251,1.251,1.02%,开放申购,开放赎回,
2017-02-07,1.2497,1.2497,-0.10%,开放申购,开放赎回,
2017-02-08,1.2612,1.2612,0.92%,开放申购,开放赎回,
2017-02-09,1.2602,1.2602,-0.08%,开放申购,开放赎回,
2017-02-10,1.2651,1.2651,0.39%,开放申购,开放赎回,
2017-02-13,1.2719,1.2719,0.54%,开放申购,开放赎回,
2017-02-14,1.2706,1.2706,-0.10%,开放申购,开放赎回,
2017-02-15,1.2825,1.2825,0.94%,开放申购,开放赎回,
2017-02-16,1.2877,1.2877,0.41%,开放申购,开放赎回,
2017-02-17,1.2812,1.2812,-0.50%,开放申购,开放赎回,
2017-02-20,1.2917,1.2917,0.82%,开放申购,开放赎回,
2017-02-21,1.2831,1.2831,-0.67%,开放申购,开放赎回,
2017-02-22,1.2959,1.2959,1.00%,开放申购,开放赎回,
2017-02-23,1.292,1.292,-0.30%,开放申购,开放赎回,
2017-02-24,1.2839,1.2839,-0.63%,开放申购,开放赎回,
2017-02-27,1.2841,1.2841,0.02%,开放申购,开放赎回,
2017-02-28,1.2735,1.2735,-0.83%,开放申购,开放赎回,
2017-03-01,1.2761,1.2761,0.20%,开放申购,开放赎回,
2017-03-02,1.2734,1.2734,-0.21%,开放申购,开放赎回,
2017-03-03,1.2663,1.2663,-0.56%,开放申购,开放赎回,
2017-03-06,1.2666,1.2666,0.02%,开放申购,开放赎回,
2017-03-07,1.2739,1.2739,0.58%,开放申购,开放赎回,
2017-03-08,1.2804,1.2804,0.51%,开放申购,开放赎回,
2017-03-09,1.2672,1.2672,-1.03%,开放申购,开放赎回,
2017-03-10,1.2711,1.2711,0.31%,开放申购,开放赎回,
2017-03-13,1.2823,1.2823,0.88%,开放申购,开放赎回,
2017-03-14,1.2843,1.2843,0.16%,开放申购,开放赎回,
2017-03-15,1.2821,1.2821,-0.17%,开放申购,开放赎回,
2017-03-16,1.3036,1.3036,1.68%,开放申购,开放赎回,
2017-03-17,1.3054,1.3054,0.14%,开放申购,开放赎回,
2017-03-20,1.3175,1.3175,0.93%,开放申购,开放赎回,
2017-03-21,1.3228,1.3228,0.40%,开放申购,开放赎回,
2017-03-22,1.3054,1.3054,-1.32%,开放申购,开放赎回,
2017-03-23,1.3051,1.3051,-0.02%,开放申购,开放赎回,
2017-03-24,1.3064,1.3064,0.10%,开放申购,开放赎回,
2017-03-27,1.2955,1.2955,-0.83%,开放申购,开放赎回,
2017-03-28,1.3046,1.3046,0.70%,开放申购,开放赎回,
2017-03-29,1.3093,1.3093,0.36%,开放申购,开放赎回,
2017-03-30,1.3039,1.3039,-0.41%,开放申购,开放赎回,
2017-03-31,1.2956,1.2956,-0.64%,开放申购,开放赎回,
2017-04-05,1.3088,1.3088,1.02%,开放申购,开放赎回,
2017-04-06,1.303,1.303,-0.44%,开放申购,开放赎回,
2017-04-07,1.3027,1.3027,-0.02%,开放申购,开放赎回,
2017-04-10,1.3043,1.3043,0.12%,开放申购,开放赎回,
2017-04-11,1.2936,1.2936,-0.82%,开放申购,开放赎回,
2017-04-12,1.3047,1.3047,0.86%,开放申购,开放赎回,
2017-04-13,1.2969,1.2969,-0.60%,开放申购,开放赎回,
2017-04-18,1.2825,1.2825,,开放申购,开放赎回,
2017-04-19,1.2744,1.2744,-0.63%,开放申购,开放赎回,
2017-04-20,1.2884,1.2884,1.10%,开放申购,开放赎回,
2017-04-21,1.288,1.288,-0.03%,开放申购,开放赎回,
2017-04-24,1.2903,1.2903,0.18%,开放申购,开放赎回,
2017-04-25,1.3085,1.3085,1.41%,开放申购,开放赎回,
2017-04-26,1.3147,1.3147,0.47%,开放申购,开放赎回,
2017-04-27,1.3216,1.3216,0.52%,开放申购,开放赎回,
2017-04-28,1.3185,1.3185,-0.23%,开放申购,开放赎回,
2017-05-02,1.3234,1.3234,0.37%,开放申购,开放赎回,
2017-05-04,1.3223,1.3223,,开放申购,开放赎回,
2017-05-05,1.3101,1.3101,-0.92%,开放申购,开放赎回,
2017-05-08,1.3162,1.3162,0.47%,开放申购,开放赎回,
2017-05-09,1.3334,1.3334,1.31%,开放申购,开放赎回,
2017-05-10,1.3407,1.3407,0.55%,开放申购,开放赎回,
2017-05-11,1.3458,1.3458,0.38%,开放申购,开放赎回,
2017-05-12,1.3448,1.3448,-0.07%,开放申购,开放赎回,
2017-05-15,1.3537,1.3537,0.66%,开放申购,开放赎回,
2017-05-16,1.3542,1.3542,0.04%,开放申购,开放赎回,
2017-05-17,1.3494,1.3494,-0.35%,开放申购,开放赎回,
2017-05-18,1.3427,1.3427,-0.50%,开放申购,开放赎回,
2017-05-19,1.349,1.349,0.47%,开放申购,开放赎回,
2017-05-22,1.3575,1.3575,0.63%,开放申购,开放赎回,
2017-05-23,1.3577,1.3577,0.01%,开放申购,开放赎回,
2017-05-24,1.3605,1.3605,0.21%,开放申购,开放赎回,
2017-05-25,1.3695,1.3695,0.66%,开放申购,开放赎回,
2017-05-26,1.3694,1.3694,-0.01%,开放申购,开放赎回,
2017-05-31,1.3691,1.3691,-0.02%,开放申购,开放赎回,
2017-06-01,1.367,1.367,-0.15%,开放申购,开放赎回,
2017-06-02,1.3735,1.3735,0.48%,开放申购,开放赎回,
2017-06-05,1.3683,1.3683,-0.38%,开放申购,开放赎回,
2017-06-06,1.3749,1.3749,0.48%,开放申购,开放赎回,
2017-06-07,1.3719,1.3719,-0.22%,开放申购,开放赎回,
2017-06-08,1.3786,1.3786,0.49%,开放申购,开放赎回,
2017-06-09,1.378,1.378,-0.04%,开放申购,开放赎回,
2017-06-12,1.3612,1.3612,-1.22%,开放申购,开放赎回,
2017-06-13,1.3683,1.3683,0.52%,开放申购,开放赎回,
2017-06-14,1.3687,1.3687,0.03%,开放申购,开放赎回,
2017-06-15,1.3511,1.3511,-1.29%,开放申购,开放赎回,
2017-06-16,1.3564,1.3564,0.39%,开放申购,开放赎回,
2017-06-19,1.3715,1.3715,1.11%,开放申购,开放赎回,
2017-06-20,1.3704,1.3704,-0.08%,开放申购,开放赎回,
2017-06-21,1.3641,1.3641,-0.46%,开放申购,开放赎回,
2017-06-22,1.3686,1.3686,0.33%,开放申购,开放赎回,
2017-06-23,1.3692,1.3692,0.04%,开放申购,开放赎回,
2017-06-26,1.3794,1.3794,0.75%,开放申购,开放赎回,
2017-06-27,1.3791,1.3791,-0.02%,开放申购,开放赎回,
2017-06-28,1.3661,1.3661,-0.94%,开放申购,开放赎回,
2017-06-29,1.3794,1.3794,0.97%,开放申购,开放赎回,
2017-06-30,1.3653,1.3653,-1.02%,开放申购,开放赎回,
2017-07-03,1.3693,1.3693,0.29%,开放申购,开放赎回,
2017-07-04,1.3507,1.3507,-1.36%,开放申购,开放赎回,
2017-07-05,1.3589,1.3589,0.61%,开放申购,开放赎回,
2017-07-06,1.3591,1.3591,0.01%,开放申购,开放赎回,
2017-07-07,1.3512,1.3512,-0.58%,开放申购,开放赎回,
2017-07-10,1.361,1.361,0.73%,开放申购,开放赎回,
2017-07-11,1.3812,1.3812,1.48%,开放申购,开放赎回,
2017-07-12,1.3873,1.3873,0.44%,开放申购,开放赎回,
2017-07-13,1.4019,1.4019,1.05%,开放申购,开放赎回,
2017-07-14,1.4033,1.4033,0.10%,开放申购,开放赎回,
2017-07-17,1.404,1.404,0.05%,开放申购,开放赎回,
2017-07-18,1.4082,1.4082,0.30%,开放申购,开放赎回,
2017-07-19,1.4121,1.4121,0.28%,开放申购,开放赎回,
2017-07-20,1.415,1.415,0.21%,开放申购,开放赎回,
2017-07-21,1.4122,1.4122,-0.20%,开放申购,开放赎回,
2017-07-24,1.4228,1.4228,0.75%,开放申购,开放赎回,
2017-07-25,1.4252,1.4252,0.17%,开放申购,开放赎回,
2017-07-26,1.4299,1.4299,0.33%,开放申购,开放赎回,
2017-07-27,1.4324,1.4324,0.17%,开放申购,开放赎回,
2017-07-28,1.4263,1.4263,-0.43%,开放申购,开放赎回,
2017-07-31,1.4411,1.4411,1.04%,开放申购,开放赎回,
2017-08-01,1.4494,1.4494,0.58%,开放申购,开放赎回,
2017-08-02,1.453,1.453,0.25%,开放申购,开放赎回,
2017-08-03,1.45,1.45,-0.21%,开放申购,开放赎回,
2017-08-04,1.4498,1.4498,-0.01%,开放申购,开放赎回,
2017-08-07,1.4576,1.4576,0.54%,开放申购,开放赎回,
2017-08-08,1.4648,1.4648,0.49%,开放申购,开放赎回,
2017-08-09,1.4568,1.4568,-0.55%,开放申购,开放赎回,
2017-08-10,1.4369,1.4369,-1.37%,开放申购,开放赎回,
2017-08-11,1.4062,1.4062,-2.14%,开放申购,开放赎回,
2017-08-14,1.4236,1.4236,1.24%,开放申购,开放赎回,
2017-08-15,1.4213,1.4213,-0.16%,开放申购,开放赎回,
2017-08-16,1.4344,1.4344,0.92%,开放申购,开放赎回,
2017-08-17,1.4299,1.4299,-0.31%,开放申购,开放赎回,
2017-08-18,1.4173,1.4173,-0.88%,开放申购,开放赎回,
2017-08-21,1.422,1.422,0.33%,开放申购,开放赎回,
2017-08-22,1.4322,1.4322,0.72%,开放申购,开放赎回,
2017-08-23,1.4325,1.4325,0.02%,开放申购,开放赎回,
2017-08-24,1.4363,1.4363,0.27%,开放申购,开放赎回,
2017-08-25,1.4545,1.4545,1.27%,开放申购,开放赎回,
2017-08-28,1.4506,1.4506,-0.27%,开放申购,开放赎回,
2017-08-29,1.4439,1.4439,-0.46%,开放申购,开放赎回,
2017-08-30,1.4565,1.4565,0.87%,开放申购,开放赎回,
2017-08-31,1.4521,1.4521,-0.30%,开放申购,开放赎回,
2017-09-01,1.4489,1.4489,-0.22%,开放申购,开放赎回,
2017-09-04,1.435,1.435,-0.96%,开放申购,开放赎回,
2017-09-05,1.4286,1.4286,-0.45%,开放申购,开放赎回,
2017-09-06,1.4212,1.4212,-0.52%,开放申购,开放赎回,
2017-09-07,1.4164,1.4164,-0.34%,开放申购,开放赎回,
2017-09-08,1.4225,1.4225,0.43%,开放申购,开放赎回,
2017-09-11,1.4344,1.4344,0.84%,开放申购,开放赎回,
2017-09-12,1.4409,1.4409,0.45%,开放申购,开放赎回,
2017-09-13,1.4395,1.4395,-0.10%,开放申购,开放赎回,
2017-09-14,1.4357,1.4357,-0.26%,开放申购,开放赎回,
2017-09-15,1.4362,1.4362,0.03%,开放申购,开放赎回,
2017-09-18,1.4532,1.4532,1.18%,开放申购,开放赎回,
2017-09-19,1.4502,1.4502,-0.21%,开放申购,开放赎回,
2017-09-20,1.4589,1.4589,0.60%,开放申购,开放赎回,
2017-09-21,1.463,1.463,0.28%,开放申购,开放赎回,
2017-09-22,1.4497,1.4497,-0.91%,开放申购,开放赎回,
2017-09-25,1.4326,1.4326,-1.18%,开放申购,开放赎回,
2017-09-26,1.4355,1.4355,0.20%,开放申购,开放赎回,
2017-09-27,1.4442,1.4442,0.61%,开放申购,开放赎回,
2017-09-28,1.4348,1.4348,-0.65%,开放申购,开放赎回,
2017-09-29,1.4432,1.4432,0.59%,开放申购,开放赎回,
2017-10-09,1.4852,1.4852,2.91%,开放申购,开放赎回,
2017-10-10,1.4885,1.4885,0.22%,开放申购,开放赎回,
2017-10-11,1.4744,1.4744,-0.95%,开放申购,开放赎回,
2017-10-12,1.4782,1.4782,0.26%,开放申购,开放赎回,
2017-10-13,1.48,1.48,0.12%,开放申购,开放赎回,
2017-10-16,1.4905,1.4905,0.71%,开放申购,开放赎回,
2017-10-17,1.4913,1.4913,0.05%,开放申购,开放赎回,
2017-10-18,1.4941,1.4941,0.19%,开放申购,开放赎回,
2017-10-19,1.4693,1.4693,-1.66%,开放申购,开放赎回,
2017-10-20,1.4861,1.4861,1.14%,开放申购,开放赎回,
2017-10-23,1.4797,1.4797,-0.43%,开放申购,开放赎回,
2017-10-24,1.4739,1.4739,-0.39%,开放申购,开放赎回,
2017-10-25,1.4818,1.4818,0.54%,开放申购,开放赎回,
2017-10-26,1.4764,1.4764,-0.36%,开放申购,开放赎回,
2017-10-27,1.4913,1.4913,1.01%,开放申购,开放赎回,
2017-10-30,1.4861,1.4861,-0.35%,开放申购,开放赎回,
2017-10-31,1.4804,1.4804,-0.38%,开放申购,开放赎回,
2017-11-01,1.4956,1.4956,1.03%,开放申购,开放赎回,
2017-11-02,1.4898,1.4898,-0.39%,开放申购,开放赎回,
2017-11-03,1.491,1.491,0.08%,开放申购,开放赎回,
2017-11-06,1.4944,1.4944,0.23%,开放申购,开放赎回,
2017-11-07,1.5135,1.5135,1.28%,开放申购,开放赎回,
2017-11-08,1.5105,1.5105,-0.20%,开放申购,开放赎回,
2017-11-09,1.524,1.524,0.89%,开放申购,开放赎回,
2017-11-10,1.5212,1.5212,-0.18%,开放申购,开放赎回,
2017-11-13,1.5259,1.5259,0.31%,开放申购,开放赎回,
2017-11-14,1.5259,1.5259,0.00%,开放申购,开放赎回,
2017-11-15,1.5077,1.5077,-1.19%,开放申购,开放赎回,
2017-11-16,1.5159,1.5159,0.54%,开放申购,开放赎回,
2017-11-17,1.5239,1.5239,0.53%,开放申购,开放赎回,
2017-11-20,1.5258,1.5258,0.12%,开放申购,开放赎回,
2017-11-21,1.5566,1.5566,2.02%,开放申购,开放赎回,
2017-11-22,1.5646,1.5646,0.51%,开放申购,开放赎回,
2017-11-23,1.5447,1.5447,-1.27%,开放申购,开放赎回,
2017-11-24,1.5476,1.5476,0.19%,开放申购,开放赎回,
2017-11-27,1.5408,1.5408,-0.44%,开放申购,开放赎回,
2017-11-28,1.5422,1.5422,0.09%,开放申购,开放赎回,
2017-11-29,1.5407,1.5407,-0.10%,开放申购,开放赎回,
2017-11-30,1.519,1.519,-1.41%,开放申购,开放赎回,
2017-12-01,1.5137,1.5137,-0.35%,开放申购,开放赎回,
2017-12-04,1.5172,1.5172,0.23%,开放申购,开放赎回,
2017-12-05,1.5018,1.5018,-1.02%,开放申购,开放赎回,
2017-12-06,1.4717,1.4717,-2.00%,开放申购,开放赎回,
2017-12-07,1.4766,1.4766,0.33%,开放申购,开放赎回,
2017-12-08,1.4943,1.4943,1.20%,开放申购,开放赎回,
2017-12-11,1.5088,1.5088,0.97%,开放申购,开放赎回,
2017-12-12,1.5008,1.5008,-0.53%,开放申购,开放赎回,
2017-12-13,1.5245,1.5245,1.58%,开放申购,开放赎回,
2017-12-14,1.5176,1.5176,-0.45%,开放申购,开放赎回,
2017-12-15,1.5019,1.5019,-1.03%,开放申购,开放赎回,
2017-12-18,1.5137,1.5137,0.79%,开放申购,开放赎回,
2017-12-19,1.5211,1.5211,0.49%,开放申购,开放赎回,
2017-12-20,1.5185,1.5185,-0.17%,开放申购,开放赎回,
2017-12-21,1.5181,1.5181,-0.03%,开放申购,开放赎回,
2017-12-22,1.5292,1.5292,0.73%,开放申购,开放赎回,
2017-12-27,1.5231,1.5231,,开放申购,开放赎回,
2017-12-28,1.5357,1.5357,0.83%,开放申购,开放赎回,
2017-12-29,1.5358,1.5358,0.01%,开放申购,开放赎回,
2017-12-31,1.5357,1.5357,,开放申购,开放赎回,
2018-01-02,1.5586,1.5586,1.48%,开放申购,开放赎回,
2018-01-03,1.558,1.558,-0.04%,开放申购,开放赎回,
2018-01-04,1.5689,1.5689,0.70%,开放申购,开放赎回,
2018-01-05,1.5693,1.5693,0.03%,开放申购,开放赎回,
2018-01-08,1.5711,1.5711,0.11%,开放申购,开放赎回,
2018-01-09,1.5791,1.5791,0.51%,开放申购,开放赎回,
2018-01-10,1.5881,1.5881,0.57%,开放申购,开放赎回,
2018-01-11,1.5884,1.5884,0.02%,开放申购,开放赎回,
2018-01-12,1.5978,1.5978,0.59%,开放申购,开放赎回,
2018-01-15,1.5857,1.5857,-0.76%,开放申购,开放赎回,
2018-01-16,1.6083,1.6083,1.43%,开放申购,开放赎回,
2018-01-17,1.6111,1.6111,0.17%,开放申购,开放赎回,
2018-01-18,1.6206,1.6206,0.59%,开放申购,开放赎回,
2018-01-19,1.621,1.621,0.02%,开放申购,开放赎回,
2018-01-22,1.6265,1.6265,0.34%,开放申购,开放赎回,
2018-01-23,1.6491,1.6491,1.39%,开放申购,开放赎回,
2018-01-24,1.6481,1.6481,-0.06%,开放申购,开放赎回,
2018-01-25,1.629,1.629,-1.16%,开放申购,开放赎回,
2018-01-26,1.6454,1.6454,1.01%,开放申购,开放赎回,
2018-01-29,1.6318,1.6318,-0.83%,开放申购,开放赎回,
2018-01-30,1.6171,1.6171,-0.90%,开放申购,开放赎回,
2018-01-31,1.6296,1.6296,0.77%,开放申购,开放赎回,
2018-02-01,1.611,1.611,-1.14%,开放申购,开放赎回,
2018-02-02,1.6051,1.6051,-0.37%,开放申购,开放赎回,
2018-02-05,1.5912,1.5912,-0.87%,开放申购,开放赎回,
2018-02-06,1.5175,1.5175,-4.63%,开放申购,开放赎回,
2018-02-07,1.4987,1.4987,-1.24%,开放申购,开放赎回,
2018-02-08,1.504,1.504,0.35%,开放申购,开放赎回,
2018-02-09,1.4663,1.4663,-2.51%,开放申购,开放赎回,
2018-02-12,1.4597,1.4597,-0.45%,开放申购,开放赎回,
2018-02-13,1.4827,1.4827,1.58%,开放申购,开放赎回,
2018-02-14,1.5179,1.5179,2.37%,开放申购,开放赎回,
2018-02-22,1.5446,1.5446,1.76%,开放申购,开放赎回,
2018-02-23,1.5574,1.5574,0.83%,开放申购,开放赎回,
2018-02-26,1.5669,1.5669,0.61%,开放申购,开放赎回,
2018-02-27,1.5519,1.5519,-0.96%,开放申购,开放赎回,
2018-02-28,1.5323,1.5323,-1.26%,开放申购,开放赎回,
2018-03-01,1.5436,1.5436,0.74%,开放申购,开放赎回,
2018-03-02,1.5211,1.5211,-1.46%,开放申购,开放赎回,
2018-03-05,1.4901,1.4901,-2.04%,开放申购,开放赎回,
2018-03-06,1.5183,1.5183,1.89%,开放申购,开放赎回,
2018-03-07,1.5013,1.5013,-1.12%,开放申购,开放赎回,
2018-03-08,1.5214,1.5214,1.34%,开放申购,开放赎回,
2018-03-09,1.5413,1.5413,1.31%,开放申购,开放赎回,
2018-03-12,1.5677,1.5677,1.71%,开放申购,开放赎回,
2018-03-13,1.5653,1.5653,-0.15%,开放申购,开放赎回,
2018-03-14,1.5572,1.5572,-0.52%,开放申购,开放赎回,
2018-03-15,1.5607,1.5607,0.22%,开放申购,开放赎回,
2018-03-16,1.5627,1.5627,0.13%,开放申购,开放赎回,
2018-03-19,1.5618,1.5618,-0.06%,开放申购,开放赎回,
2018-03-20,1.5629,1.5629,0.07%,开放申购,开放赎回,
2018-03-21,1.559,1.559,-0.25%,开放申购,开放赎回,
2018-03-22,1.5379,1.5379,-1.35%,开放申购,开放赎回,
2018-03-23,1.5025,1.5025,-2.30%,开放申购,开放赎回,
2018-03-26,1.5085,1.5085,0.40%,开放申购,开放赎回,
2018-03-27,1.5113,1.5113,0.19%,开放申购,开放赎回,
2018-03-28,1.4745,1.4745,-2.44%,开放申购,开放赎回,
2018-03-29,1.4833,1.4833,0.60%,开放申购,开放赎回,
2018-04-03,1.4835,1.4835,,开放申购,开放赎回,
2018-04-04,1.454,1.454,-1.99%,开放申购,开放赎回,
2018-04-09,1.4922,1.4922,2.63%,开放申购,开放赎回,
2018-04-10,1.5144,1.5144,1.49%,开放申购,开放赎回,
2018-04-11,1.5187,1.5187,0.28%,开放申购,开放赎回,
2018-04-12,1.5134,1.5134,-0.35%,开放申购,开放赎回,
2018-04-13,1.5146,1.5146,0.08%,开放申购,开放赎回,
2018-04-16,1.4894,1.4894,-1.66%,开放申购,开放赎回,
2018-04-17,1.4762,1.4762,-0.89%,开放申购,开放赎回,
2018-04-18,1.4879,1.4879,0.79%,开放申购,开放赎回,
2018-04-19,1.5108,1.5108,1.54%,开放申购,开放赎回,
2018-04-20,1.4956,1.4956,-1.01%,开放申购,开放赎回,
2018-04-23,1.4917,1.4917,-0.26%,开放申购,开放赎回,
2018-04-24,1.5142,1.5142,1.51%,开放申购,开放赎回,
2018-04-25,1.4935,1.4935,-1.37%,开放申购,开放赎回,
2018-04-26,1.4841,1.4841,-0.63%,开放申购,开放赎回,
2018-04-27,1.499,1.499,1.00%,开放申购,开放赎回,
2018-05-02,1.5255,1.5255,1.77%,开放申购,开放赎回,
2018-05-03,1.5069,1.5069,-1.22%,开放申购,开放赎回,
2018-05-04,1.485,1.485,-1.45%,开放申购,开放赎回,
2018-05-07,1.4888,1.4888,0.26%,开放申购,开放赎回,
2018-05-08,1.5103,1.5103,1.44%,开放申购,开放赎回,
2018-05-09,1.5185,1.5185,0.54%,开放申购,开放赎回,
2018-05-10,1.5321,1.5321,0.90%,开放申购,开放赎回,
2018-05-11,1.5425,1.5425,0.68%,开放申购,开放赎回,
2018-05-14,1.5584,1.5584,1.03%,开放申购,开放赎回,
2018-05-15,1.5433,1.5433,-0.97%,开放申购,开放赎回,
2018-05-16,1.5468,1.5468,0.23%,开放申购,开放赎回,
2018-05-17,1.5394,1.5394,-0.48%,开放申购,开放赎回,
2018-05-18,1.5459,1.5459,0.42%,开放申购,开放赎回,
2018-05-21,1.558,1.558,0.78%,开放申购,开放赎回,
2018-05-23,1.5289,1.5289,,开放申购,开放赎回,
2018-05-24,1.5359,1.5359,0.46%,开放申购,开放赎回,
2018-05-25,1.5311,1.5311,-0.31%,开放申购,开放赎回,
2018-05-28,1.5425,1.5425,0.74%,开放申购,开放赎回,
2018-05-29,1.5288,1.5288,-0.89%,开放申购,开放赎回,
2018-05-30,1.5118,1.5118,-1.11%,开放申购,开放赎回,
2018-05-31,1.5322,1.5322,1.35%,开放申购,开放赎回,
2018-06-01,1.5311,1.5311,-0.07%,开放申购,开放赎回,
2018-06-04,1.5582,1.5582,1.77%,开放申购,开放赎回,
2018-06-05,1.5622,1.5622,0.26%,开放申购,开放赎回,
2018-06-06,1.5674,1.5674,0.33%,开放申购,开放赎回,
2018-06-07,1.5794,1.5794,0.77%,开放申购,开放赎回,
2018-06-08,1.5536,1.5536,-1.63%,开放申购,开放赎回,
2018-06-11,1.5606,1.5606,0.45%,开放申购,开放赎回,
2018-06-12,1.5635,1.5635,0.19%,开放申购,开放赎回,
2018-06-13,1.5475,1.5475,-1.02%,开放申购,开放赎回,
2018-06-14,1.5288,1.5288,-1.21%,开放申购,开放赎回,
2018-06-15,1.5294,1.5294,0.04%,开放申购,开放赎回,
2018-06-19,1.4863,1.4863,-2.82%,开放申购,开放赎回,
2018-06-20,1.5053,1.5053,1.28%,开放申购,开放赎回,
2018-06-21,1.4893,1.4893,-1.06%,开放申购,开放赎回,
2018-06-22,1.4935,1.4935,0.28%,开放申购,开放赎回,
2018-06-25,1.4763,1.4763,-1.15%,开放申购,开放赎回,
2018-06-26,1.4782,1.4782,0.13%,开放申购,开放赎回,
2018-06-27,1.4586,1.4586,-1.33%,开放申购,开放赎回,
2018-06-28,1.4735,1.4735,1.02%,开放申购,开放赎回,
2018-06-29,1.5007,1.5007,1.85%,开放申购,开放赎回,
2018-06-30,1.5006,1.5006,,开放申购,开放赎回,
2018-07-03,1.4873,1.4873,,开放申购,开放赎回,
2018-07-04,1.4748,1.4748,-0.84%,开放申购,开放赎回,
2018-07-05,1.4691,1.4691,-0.39%,开放申购,开放赎回,
2018-07-06,1.4757,1.4757,0.45%,开放申购,开放赎回,
2018-07-09,1.4953,1.4953,1.33%,开放申购,开放赎回,
2018-07-10,1.4909,1.4909,-0.29%,开放申购,开放赎回,
2018-07-11,1.4724,1.4724,-1.24%,开放申购,开放赎回,
2018-07-12,1.4907,1.4907,1.24%,开放申购,开放赎回,
2018-07-13,1.4931,1.4931,0.16%,开放申购,开放赎回,
2018-07-16,1.4941,1.4941,0.07%,开放申购,开放赎回,
2018-07-17,1.4779,1.4779,-1.08%,开放申购,开放赎回,
2018-07-18,1.4762,1.4762,-0.12%,开放申购,开放赎回,
2018-07-19,1.4742,1.4742,-0.14%,开放申购,开放赎回,
2018-07-20,1.4963,1.4963,1.50%,开放申购,开放赎回,
2018-07-23,1.4957,1.4957,-0.04%,开放申购,开放赎回,
2018-07-24,1.5225,1.5225,1.79%,开放申购,开放赎回,
2018-07-25,1.539,1.539,1.08%,开放申购,开放赎回,
2018-07-26,1.5242,1.5242,-0.96%,开放申购,开放赎回,
2018-07-27,1.5305,1.5305,0.41%,开放申购,开放赎回,
2018-07-30,1.5304,1.5304,-0.01%,开放申购,开放赎回,
2018-07-31,1.5227,1.5227,-0.50%,开放申购,开放赎回,
2018-08-01,1.5134,1.5134,-0.61%,开放申购,开放赎回,
2018-08-02,1.4746,1.4746,-2.56%,开放申购,开放赎回,
2018-08-03,1.4803,1.4803,0.39%,开放申购,开放赎回,
2018-08-06,1.4909,1.4909,0.72%,开放申购,开放赎回,
2018-08-07,1.5114,1.5114,1.38%,开放申购,开放赎回,
2018-08-08,1.5139,1.5139,0.17%,开放申购,开放赎回,
2018-08-09,1.5273,1.5273,0.89%,开放申购,开放赎回,
2018-08-10,1.5159,1.5159,-0.75%,开放申购,开放赎回,
2018-08-13,1.4988,1.4988,-1.13%,开放申购,开放赎回,
2018-08-14,1.4903,1.4903,-0.57%,开放申购,开放赎回,
2018-08-15,1.4713,1.4713,-1.27%,开放申购,开放赎回,
2018-08-16,1.463,1.463,-0.56%,开放申购,开放赎回,
2018-08-17,1.4678,1.4678,0.33%,开放申购,开放赎回,
2018-08-20,1.484,1.484,1.10%,开放申购,开放赎回,
2018-08-21,1.4854,1.4854,0.09%,开放申购,开放赎回,
2018-08-22,1.4933,1.4933,0.53%,开放申购,开放赎回,
2018-08-23,1.488,1.488,-0.35%,开放申购,开放赎回,
2018-08-24,1.4886,1.4886,0.04%,开放申购,开放赎回,
2018-08-27,1.5159,1.5159,1.83%,开放申购,开放赎回,
2018-08-28,1.5105,1.5105,-0.36%,开放申购,开放赎回,
2018-08-29,1.5143,1.5143,0.25%,开放申购,开放赎回,
2018-08-30,1.5037,1.5037,-0.70%,开放申购,开放赎回,
2018-08-31,1.4919,1.4919,-0.78%,开放申购,开放赎回,
2018-09-03,1.4863,1.4863,-0.38%,开放申购,开放赎回,
2018-09-04,1.4963,1.4963,0.67%,开放申购,开放赎回,
2018-09-05,1.4607,1.4607,-2.38%,开放申购,开放赎回,
2018-09-06,1.448,1.448,-0.87%,开放申购,开放赎回,
2018-09-07,1.4464,1.4464,-0.11%,开放申购,开放赎回,
2018-09-10,1.4324,1.4324,-0.97%,开放申购,开放赎回,
2018-09-11,1.4233,1.4233,-0.64%,开放申购,开放赎回,
2018-09-12,1.4213,1.4213,-0.14%,开放申购,开放赎回,
2018-09-13,1.4548,1.4548,2.36%,开放申购,开放赎回,
2018-09-14,1.4663,1.4663,0.79%,开放申购,开放赎回,
2018-09-17,1.4512,1.4512,-1.03%,开放申购,开放赎回,
2018-09-18,1.4604,1.4604,0.63%,开放申购,开放赎回,
2018-09-19,1.4775,1.4775,1.17%,开放申购,开放赎回,
2018-09-20,1.4805,1.4805,0.20%,开放申购,开放赎回,
2018-09-21,1.502,1.502,1.45%,开放申购,开放赎回,
2018-09-26,1.504,1.504,,开放申购,开放赎回,
2018-09-27,1.5009,1.5009,-0.21%,开放申购,开放赎回,
2018-09-28,1.5065,1.5065,0.37%,开放申购,开放赎回,
2018-10-08,1.4237,1.4237,-5.50%,开放申购,开放赎回,
2018-10-09,1.4241,1.4241,0.03%,开放申购,开放赎回,
2018-10-10,1.4258,1.4258,0.12%,开放申购,开放赎回,
2018-10-11,1.3788,1.3788,-3.30%,开放申购,开放赎回,
2018-10-12,1.4069,1.4069,2.04%,开放申购,开放赎回,
2018-10-15,1.3891,1.3891,-1.27%,开放申购,开放赎回,
2018-10-16,1.3893,1.3893,0.01%,开放申购,开放赎回,
2018-10-18,1.3916,1.3916,,开放申购,开放赎回,
2018-10-19,1.3987,1.3987,0.51%,开放申购,开放赎回,
2018-10-22,1.4267,1.4267,2.00%,开放申购,开放赎回,
2018-10-23,1.3869,1.3869,-2.79%,开放申购,开放赎回,
2018-10-24,1.3821,1.3821,-0.35%,开放申购,开放赎回,
2018-10-25,1.3691,1.3691,-0.94%,开放申购,开放赎回,
2018-10-26,1.3566,1.3566,-0.91%,开放申购,开放赎回,
2018-10-29,1.3592,1.3592,0.19%,开放申购,开放赎回,
2018-10-30,1.3507,1.3507,-0.63%,开放申购,开放赎回,
2018-10-31,1.3718,1.3718,1.56%,开放申购,开放赎回,
2018-11-01,1.3953,1.3953,1.71%,开放申购,开放赎回,
2018-11-02,1.4474,1.4474,3.73%,开放申购,开放赎回,
2018-11-05,1.4127,1.4127,-2.40%,开放申购,开放赎回,
2018-11-06,1.4224,1.4224,0.69%,开放申购,开放赎回,
2018-11-07,1.4243,1.4243,0.13%,开放申购,开放赎回,
2018-11-08,1.4305,1.4305,0.44%,开放申购,开放赎回,
2018-11-09,1.4002,1.4002,-2.12%,开放申购,开放赎回,
2018-11-12,1.4049,1.4049,0.34%,开放申购,开放赎回,
2018-11-13,1.4163,1.4163,0.81%,开放申购,开放赎回,
2018-11-14,1.4044,1.4044,-0.84%,开放申购,开放赎回,
2018-11-15,1.4283,1.4283,1.70%,开放申购,开放赎回,
2018-11-16,1.4316,1.4316,0.23%,开放申购,开放赎回,
2018-11-19,1.439,1.439,0.52%,开放申购,开放赎回,
2018-11-20,1.4119,1.4119,-1.88%,开放申购,开放赎回,
2018-11-21,1.4217,1.4217,0.69%,开放申购,开放赎回,
2018-11-22,1.4234,1.4234,0.12%,开放申购,开放赎回,
2018-11-23,1.4178,1.4178,-0.39%,开放申购,开放赎回,
2018-11-26,1.4443,1.4443,1.87%,开放申购,开放赎回,
2018-11-27,1.4426,1.4426,-0.12%,开放申购,开放赎回,
2018-11-28,1.4607,1.4607,1.25%,开放申购,开放赎回,
2018-11-29,1.4463,1.4463,-0.99%,开放申购,开放赎回,
2018-11-30,1.4502,1.4502,0.27%,开放申购,开放赎回,
2018-12-03,1.4857,1.4857,2.45%,开放申购,开放赎回,
2018-12-04,1.4807,1.4807,-0.34%,开放申购,开放赎回,
2018-12-05,1.4504,1.4504,-2.05%,开放申购,开放赎回,
2018-12-06,1.4178,1.4178,-2.25%,开放申购,开放赎回,
2018-12-07,1.4149,1.4149,-0.20%,开放申购,开放赎回,
2018-12-10,1.3983,1.3983,-1.17%,开放申购,开放赎回,
2018-12-11,1.4046,1.4046,0.45%,开放申购,开放赎回,
2018-12-12,1.4276,1.4276,1.64%,开放申购,开放赎回,
2018-12-13,1.4397,1.4397,0.85%,开放申购,开放赎回,
2018-12-14,1.4175,1.4175,-1.54%,开放申购,开放赎回,
2018-12-17,1.4197,1.4197,0.16%,开放申购,开放赎回,
2018-12-18,1.4044,1.4044,-1.08%,开放申购,开放赎回,
2018-12-19,1.4066,1.4066,0.16%,开放申购,开放赎回,
2018-12-20,1.3933,1.3933,-0.95%,开放申购,开放赎回,
2018-12-21,1.3981,1.3981,0.34%,开放申购,开放赎回,
2018-12-24,1.3956,1.3956,-0.18%,开放申购,开放赎回,
2018-12-27,1.3845,1.3845,,开放申购,开放赎回,
2018-12-28,1.3815,1.3815,-0.22%,开放申购,开放赎回,
2018-12-31,1.3986,1.3986,,开放申购,开放赎回,
2019-01-02,1.358,1.358,-1.70%,开放申购,开放赎回,
2019-01-03,1.358,1.358,0.00%,开放申购,开放赎回,
2019-01-04,1.3867,1.3867,2.11%,开放申购,开放赎回,
2019-01-07,1.3958,1.3958,0.66%,开放申购,开放赎回,
2019-01-08,1.3952,1.3952,-0.04%,开放申购,开放赎回,
2019-01-09,1.4274,1.4274,2.31%,开放申购,开放赎回,
2019-01-10,1.423,1.423,-0.31%,开放申购,开放赎回,
2019-01-11,1.426,1.426,0.21%,开放申购,开放赎回,
2019-01-14,1.4,1.4,-1.82%,开放申购,开放赎回,
2019-01-15,1.4257,1.4257,1.84%,开放申购,开放赎回,
2019-01-16,1.4311,1.4311,0.38%,开放申购,开放赎回,
2019-01-17,1.4234,1.4234,-0.54%,开放申购,开放赎回,
2019-01-18,1.4416,1.4416,1.28%,开放申购,开放赎回,
2019-01-21,1.4491,1.4491,0.52%,开放申购,开放赎回,
2019-01-22,1.4404,1.4404,-0.60%,开放申购,开放赎回,
2019-01-23,1.4422,1.4422,0.13%,开放申购,开放赎回,
2019-01-24,1.445,1.445,0.19%,开放申购,开放赎回,
2019-01-25,1.4704,1.4704,1.76%,开放申购,开放赎回,
2019-01-28,1.4612,1.4612,-0.63%,开放申购,开放赎回,
2019-01-29,1.4569,1.4569,-0.29%,开放申购,开放赎回,
2019-01-30,1.4626,1.4626,0.39%,开放申购,开放赎回,
2019-01-31,1.4721,1.4721,0.65%,开放申购,开放赎回,
2019-02-01,1.4715,1.4715,-0.04%,开放申购,开放赎回,
2019-02-11,1.4881,1.4881,1.13%,开放申购,开放赎回,
2019-02-12,1.494,1.494,0.40%,开放申购,开放赎回,
2019-02-13,1.5083,1.5083,0.96%,开放申购,开放赎回,
2019-02-14,1.5063,1.5063,-0.13%,开放申购,开放赎回,
2019-02-15,1.4773,1.4773,-1.93%,开放申购,开放赎回,
2019-02-18,1.5002,1.5002,1.55%,开放申购,开放赎回,
2019-02-19,1.4936,1.4936,-0.44%,开放申购,开放赎回,
2019-02-20,1.5063,1.5063,0.85%,开放申购,开放赎回,
2019-02-21,1.5079,1.5079,0.11%,开放申购,开放赎回,
2019-02-22,1.5158,1.5158,0.52%,开放申购,开放赎回,
2019-02-25,1.522,1.522,0.41%,开放申购,开放赎回,
2019-02-26,1.5089,1.5089,-0.86%,开放申购,开放赎回,
2019-02-27,1.5059,1.5059,-0.20%,开放申购,开放赎回,
2019-02-28,1.5007,1.5007,-0.35%,开放申购,开放赎回,
2019-03-01,1.5102,1.5102,0.63%,开放申购,开放赎回,
2019-03-04,1.5199,1.5199,0.64%,开放申购,开放赎回,
2019-03-05,1.5188,1.5188,-0.07%,开放申购,开放赎回,
2019-03-06,1.5239,1.5239,0.34%,开放申购,开放赎回,
2019-03-07,1.512,1.512,-0.78%,开放申购,开放赎回,
2019-03-08,1.4875,1.4875,-1.62%,开放申购,开放赎回,
2019-03-11,1.5005,1.5005,0.87%,开放申购,开放赎回,
2019-03-12,1.5205,1.5205,1.33%,开放申购,开放赎回,
2019-03-13,1.5147,1.5147,-0.38%,开放申购,开放赎回,
2019-03-14,1.5148,1.5148,0.01%,开放申购,开放赎回,
2019-03-15,1.5261,1.5261,0.75%,开放申购,开放赎回,
2019-03-18,1.5442,1.5442,1.19%,开放申购,开放赎回,
2019-03-19,1.5467,1.5467,0.16%,开放申购,开放赎回,
2019-03-20,1.5401,1.5401,-0.43%,开放申购,开放赎回,
2019-03-21,1.5226,1.5226,-1.14%,开放申购,开放赎回,
2019-03-22,1.5268,1.5268,0.28%,开放申购,开放赎回,
2019-03-25,1.5004,1.5004,-1.73%,开放申购,开放赎回,
2019-03-26,1.5009,1.5009,0.03%,开放申购,开放赎回,
2019-03-27,1.5106,1.5106,0.65%,开放申购,开放赎回,
2019-03-28,1.5151,1.5151,0.30%,开放申购,开放赎回,
2019-03-29,1.5306,1.5306,1.02%,开放申购,开放赎回,
2019-04-01,1.5529,1.5529,1.46%,开放申购,开放赎回,
2019-04-02,1.556,1.556,0.20%,开放申购,开放赎回,
2019-04-03,1.5741,1.5741,1.16%,开放申购,开放赎回,
2019-04-04,1.5693,1.5693,-0.30%,开放申购,开放赎回,
2019-04-08,1.5792,1.5792,0.63%,开放申购,开放赎回,
2019-04-09,1.5827,1.5827,0.22%,开放申购,开放赎回,
2019-04-10,1.581,1.581,-0.11%,开放申购,开放赎回,
2019-04-11,1.5663,1.5663,-0.93%,开放申购,开放赎回,
2019-04-12,1.5718,1.5718,0.35%,开放申购,开放赎回,
2019-04-15,1.5645,1.5645,-0.46%,开放申购,开放赎回,
2019-04-16,1.5811,1.5811,1.06%,开放申购,开放赎回,
2019-04-17,1.5802,1.5802,-0.06%,开放申购,开放赎回,
2019-04-18,1.5673,1.5673,-0.82%,开放申购,开放赎回,
2019-04-23,1.5707,1.5707,,开放申购,开放赎回,
2019-04-24,1.5658,1.5658,-0.31%,开放申购,开放赎回,
2019-04-25,1.5553,1.5553,-0.67%,开放申购,开放赎回,
2019-04-26,1.5574,1.5574,0.14%,开放申购,开放赎回,
2019-04-29,1.5719,1.5719,0.93%,开放申购,开放赎回,
2019-04-30,1.5617,1.5617,-0.65%,开放申购,开放赎回,
2019-05-06,1.5383,1.5383,-1.50%,开放申购,开放赎回,
2019-05-07,1.5511,1.5511,0.83%,开放申购,开放赎回,
2019-05-08,1.5326,1.5326,-1.19%,开放申购,开放赎回,
2019-05-09,1.4991,1.4991,-2.19%,开放申购,开放赎回,
2019-05-10,1.5171,1.5171,1.20%,开放申购,开放赎回,
2019-05-14,1.5042,1.5042,,开放申购,开放赎回,
2019-05-15,1.5176,1.5176,0.89%,开放申购,开放赎回,
2019-05-16,1.5201,1.5201,0.16%,开放申购,开放赎回,
2019-05-17,1.5071,1.5071,-0.86%,开放申购,开放赎回,
2019-05-20,1.5027,1.5027,-0.29%,开放申购,开放赎回,
2019-05-21,1.4991,1.4991,-0.24%,开放申购,开放赎回,
2019-05-22,1.5017,1.5017,0.17%,开放申购,开放赎回,
2019-05-23,1.4824,1.4824,-1.29%,开放申购,开放赎回,
2019-05-24,1.4872,1.4872,0.32%,开放申购,开放赎回,
2019-05-27,1.4831,1.4831,-0.28%,开放申购,开放赎回,
2019-05-28,1.4892,1.4892,0.41%,开放申购,开放赎回,
2019-05-29,1.4816,1.4816,-0.51%,开放申购,开放赎回,
2019-05-30,1.4762,1.4762,-0.36%,开放申购,开放赎回,
2019-05-31,1.4667,1.4667,-0.64%,开放申购,开放赎回,
2019-06-03,1.4658,1.4658,-0.06%,开放申购,开放赎回,
2019-06-04,1.4577,1.4577,-0.55%,开放申购,开放赎回,
2019-06-05,1.4671,1.4671,0.64%,开放申购,开放赎回,
2019-06-06,1.4716,1.4716,0.31%,开放申购,开放赎回,
2019-06-10,1.5026,1.5026,2.11%,开放申购,开放赎回,
2019-06-11,1.5137,1.5137,0.74%,开放申购,开放赎回,
2019-06-12,1.4906,1.4906,-1.53%,开放申购,开放赎回,
2019-06-13,1.4921,1.4921,0.10%,开放申购,开放赎回,
2019-06-14,1.4814,1.4814,-0.72%,开放申购,开放赎回,
2019-06-17,1.4881,1.4881,0.45%,开放申购,开放赎回,
2019-06-18,1.5019,1.5019,0.93%,开放申购,开放赎回,
2019-06-19,1.538,1.538,2.40%,开放申购,开放赎回,
2019-06-20,1.5569,1.5569,1.23%,开放申购,开放赎回,
2019-06-21,1.5477,1.5477,-0.59%,开放申购,开放赎回,
2019-06-24,1.5495,1.5495,0.12%,开放申购,开放赎回,
2019-06-25,1.5379,1.5379,-0.75%,开放申购,开放赎回,
2019-06-26,1.5423,1.5423,0.29%,开放申购,开放赎回,
2019-06-27,1.5647,1.5647,1.45%,开放申购,开放赎回,
2019-06-28,1.559,1.559,-0.36%,开放申购,开放赎回,
2019-06-30,1.559,1.559,,开放申购,开放赎回,
2019-07-02,1.5762,1.5762,,开放申购,开放赎回,
2019-07-03,1.581,1.581,0.30%,开放申购,开放赎回,
2019-07-04,1.5797,1.5797,-0.08%,开放申购,开放赎回,
2019-07-05,1.5794,1.5794,-0.02%,开放申购,开放赎回,
2019-07-08,1.5583,1.5583,-1.34%,开放申购,开放赎回,
2019-07-09,1.5453,1.5453,-0.83%,开放申购,开放赎回,
2019-07-10,1.5486,1.5486,0.21%,开放申购,开放赎回,
2019-07-11,1.5553,1.5553,0.43%,开放申购,开放赎回,
2019-07-12,1.5567,1.5567,0.09%,开放申购,开放赎回,
2019-07-15,1.5594,1.5594,0.17%,开放申购,开放赎回,
2019-07-16,1.5639,1.5639,0.29%,开放申购,开放赎回,
2019-07-17,1.5672,1.5672,0.21%,开放申购,开放赎回,
2019-07-18,1.5593,1.5593,-0.50%,开放申购,开放赎回,
2019-07-19,1.5724,1.5724,0.84%,开放申购,开放赎回,
2019-07-22,1.5563,1.5563,-1.02%,开放申购,开放赎回,
2019-07-23,1.5608,1.5608,0.29%,开放申购,开放赎回,
2019-07-24,1.5646,1.5646,0.24%,开放申购,开放赎回,
2019-07-25,1.5648,1.5648,0.01%,开放申购,开放赎回,
2019-07-26,1.5556,1.5556,-0.59%,开放申购,开放赎回,
2019-07-29,1.5404,1.5404,-0.98%,开放申购,开放赎回,
2019-07-30,1.5427,1.5427,0.15%,开放申购,开放赎回,
2019-07-31,1.5225,1.5225,-1.31%,开放申购,开放赎回,
2019-08-01,1.5122,1.5122,-0.68%,开放申购,开放赎回,
2019-08-02,1.4813,1.4813,-2.04%,开放申购,开放赎回,
2019-08-05,1.4446,1.4446,-2.48%,开放申购,开放赎回,
2019-08-06,1.442,1.442,-0.18%,开放申购,开放赎回,
2019-08-07,1.4498,1.4498,0.54%,开放申购,开放赎回,
2019-08-08,1.4564,1.4564,0.46%,开放申购,开放赎回,
2019-08-09,1.4487,1.4487,-0.53%,开放申购,开放赎回,
2019-08-12,1.4427,1.4427,-0.41%,开放申购,开放赎回,
2019-08-13,1.4163,1.4163,-1.83%,开放申购,开放赎回,
2019-08-14,1.4166,1.4166,0.02%,开放申购,开放赎回,
2019-08-15,1.4289,1.4289,0.87%,开放申购,开放赎回,
2019-08-16,1.4419,1.4419,0.91%,开放申购,开放赎回,
2019-08-19,1.4714,1.4714,2.05%,开放申购,开放赎回,
2019-08-20,1.4701,1.4701,-0.09%,开放申购,开放赎回,
2019-08-21,1.472,1.472,0.13%,开放申购,开放赎回,
2019-08-22,1.4613,1.4613,-0.73%,开放申购,开放赎回,
2019-08-23,1.4706,1.4706,0.64%,开放申购,开放赎回,
2019-08-26,1.4432,1.4432,-1.86%,开放申购,开放赎回,
2019-08-27,1.4461,1.4461,0.20%,开放申购,开放赎回,
2019-08-28,1.4426,1.4426,-0.24%,开放申购,开放赎回,
2019-08-29,1.4493,1.4493,0.46%,开放申购,开放赎回,
2019-08-30,1.4496,1.4496,0.02%,开放申购,开放赎回,
2019-09-02,1.4452,1.4452,-0.30%,开放申购,开放赎回,
2019-09-03,1.4401,1.4401,-0.35%,开放申购,开放赎回,
2019-09-04,1.4935,1.4935,3.71%,开放申购,开放赎回,
2019-09-05,1.493,1.493,-0.03%,开放申购,开放赎回,
2019-09-06,1.5023,1.5023,0.62%,开放申购,开放赎回,
2019-09-09,1.502,1.502,-0.02%,开放申购,开放赎回,
2019-09-10,1.5022,1.5022,0.01%,开放申购,开放赎回,
2019-09-11,1.5274,1.5274,1.68%,开放申购,开放赎回,
2019-09-12,1.5257,1.5257,-0.11%,开放申购,开放赎回,
2019-09-16,1.5257,1.5257,0.00%,开放申购,开放赎回,
2019-09-17,1.5113,1.5113,-0.94%,开放申购,开放赎回,
2019-09-18,1.508,1.508,-0.22%,开放申购,开放赎回,
2019-09-19,1.4925,1.4925,-1.03%,开放申购,开放赎回,
2019-09-20,1.4903,1.4903,-0.15%,开放申购,开放赎回,
2019-09-23,1.4773,1.4773,-0.87%,开放申购,开放赎回,
2019-09-24,1.4812,1.4812,0.26%,开放申购,开放赎回,
2019-09-25,1.4623,1.4623,-1.28%,开放申购,开放赎回,
2019-09-26,1.4675,1.4675,0.36%,开放申购,开放赎回,
2019-09-27,1.4626,1.4626,-0.33%,开放申购,开放赎回,
2019-09-30,1.4693,1.4693,0.46%,开放申购,开放赎回,
2019-10-08,1.4584,1.4584,-0.74%,开放申购,开放赎回,
2019-10-09,1.4469,1.4469,-0.79%,开放申购,开放赎回,
2019-10-10,1.4506,1.4506,0.26%,开放申购,开放赎回,
2019-10-11,1.4833,1.4833,2.25%,开放申购,开放赎回,
2019-10-14,1.4933,1.4933,0.67%,开放申购,开放赎回,
2019-10-15,1.4917,1.4917,-0.11%,开放申购,开放赎回,
2019-10-16,1.5008,1.5008,0.61%,开放申购,开放赎回,
2019-10-17,1.5122,1.5122,0.76%,开放申购,开放赎回,
2019-10-18,1.503,1.503,-0.61%,开放申购,开放赎回,
2019-10-21,1.5034,1.5034,0.03%,开放申购,开放赎回,
2019-10-22,1.506,1.506,0.17%,开放申购,开放赎回,
2019-10-23,1.4953,1.4953,-0.71%,开放申购,开放赎回,
2019-10-24,1.5079,1.5079,0.84%,开放申购,开放赎回,
2019-10-25,1.502,1.502,-0.39%,开放申购,开放赎回,
2019-10-28,1.5141,1.5141,0.81%,开放申购,开放赎回,
2019-10-29,1.5048,1.5048,-0.61%,开放申购,开放赎回,
2019-10-30,1.4978,1.4978,-0.47%,开放申购,开放赎回,
2019-10-31,1.5109,1.5109,0.87%,开放申购,开放赎回,
2019-11-01,1.5193,1.5193,0.56%,开放申购,开放赎回,
2019-11-04,1.5413,1.5413,1.45%,开放申购,开放赎回,
2019-11-05,1.5482,1.5482,0.45%,开放申购,开放赎回,
2019-11-06,1.5439,1.5439,-0.28%,开放申购,开放赎回,
2019-11-07,1.552,1.552,0.52%,开放申购,开放赎回,
2019-11-08,1.5404,1.5404,-0.75%,开放申购,开放赎回,
2019-11-11,1.5013,1.5013,-2.54%,开放申购,开放赎回,
2019-11-12,1.5088,1.5088,0.50%,开放申购,开放赎回,
2019-11-13,1.4831,1.4831,-1.70%,开放申购,开放赎回,
2019-11-14,1.4712,1.4712,-0.80%,开放申购,开放赎回,
2019-11-15,1.4711,1.4711,-0.01%,开放申购,开放赎回,
2019-11-18,1.4894,1.4894,1.24%,开放申购,开放赎回,
2019-11-19,1.511,1.511,1.45%,开放申购,开放赎回,
2019-11-20,1.5014,1.5014,-0.64%,开放申购,开放赎回,
2019-11-21,1.4819,1.4819,-1.30%,开放申购,开放赎回,
2019-11-22,1.4912,1.4912,0.63%,开放申购,开放赎回,
2019-11-25,1.5133,1.5133,1.48%,开放申购,开放赎回,
2019-11-26,1.5084,1.5084,-0.32%,开放申购,开放赎回,
2019-11-27,1.5101,1.5101,0.11%,开放申购,开放赎回,
2019-11-28,1.5049,1.5049,-0.34%,开放申购,开放赎回,
2019-11-29,1.4767,1.4767,-1.87%,开放申购,开放赎回,
2019-12-02,1.4817,1.4817,0.34%,开放申购,开放赎回,
2019-12-03,1.4774,1.4774,-0.29%,开放申购,开放赎回,
2019-12-04,1.463,1.463,-0.97%,开放申购,开放赎回,
2019-12-05,1.4733,1.4733,0.70%,开放申购,开放赎回,
2019-12-06,1.4856,1.4856,0.83%,开放申购,开放赎回,
2019-12-09,1.4854,1.4854,-0.01%,开放申购,开放赎回,
2019-12-10,1.4823,1.4823,-0.21%,开放申购,开放赎回,
2019-12-11,1.4936,1.4936,0.76%,开放申购,开放赎回,
2019-12-12,1.5124,1.5124,1.26%,开放申购,开放赎回,
2019-12-13,1.5481,1.5481,2.36%,开放申购,开放赎回,
2019-12-16,1.536,1.536,-0.78%,开放申购,开放赎回,
2019-12-17,1.5553,1.5553,1.26%,开放申购,开放赎回,
2019-12-18,1.5585,1.5585,0.21%,开放申购,开放赎回,
2019-12-19,1.5545,1.5545,-0.26%,开放申购,开放赎回,
2019-12-20,1.557,1.557,0.16%,开放申购,开放赎回,
2019-12-23,1.5598,1.5598,0.18%,开放申购,开放赎回,
2019-12-24,1.5602,1.5602,0.03%,开放申购,开放赎回,
2019-12-27,1.574,1.574,,开放申购,开放赎回,
2019-12-30,1.5772,1.5772,0.20%,开放申购,开放赎回,
2019-12-31,1.5698,1.5698,-0.47%,开放申购,开放赎回,
2020-01-02,1.5844,1.5844,0.93%,开放申购,开放赎回,
2020-01-03,1.581,1.581,-0.21%,开放申购,开放赎回,
2020-01-06,1.571,1.571,-0.63%,开放申购,开放赎回,
2020-01-07,1.5774,1.5774,0.41%,开放申购,开放赎回,
2020-01-08,1.5598,1.5598,-1.12%,开放申购,开放赎回,
2020-01-09,1.5856,1.5856,1.65%,开放申购,开放赎回,
2020-01-10,1.5886,1.5886,0.19%,开放申购,开放赎回,
2020-01-13,1.6029,1.6029,0.90%,开放申购,开放赎回,
2020-01-14,1.5907,1.5907,-0.76%,开放申购,开放赎回,
2020-01-15,1.5824,1.5824,-0.52%,开放申购,开放赎回,
2020-01-16,1.5889,1.5889,0.41%,开放申购,开放赎回,
2020-01-17,1.5989,1.5989,0.63%,开放申购,开放赎回,
2020-01-20,1.5809,1.5809,-1.13%,开放申购,开放赎回,
2020-01-21,1.5374,1.5374,-2.75%,开放申购,开放赎回,
2020-01-22,1.5612,1.5612,1.55%,开放申购,开放赎回,
2020-01-23,1.5382,1.5382,-1.47%,开放申购,开放赎回,
2020-02-03,1.4674,1.4674,-4.60%,开放申购,开放赎回,
2020-02-04,1.4946,1.4946,1.85%,开放申购,开放赎回,
2020-02-05,1.4998,1.4998,0.35%,开放申购,开放赎回,
2020-02-06,1.5399,1.5399,2.67%,开放申购,开放赎回,
2020-02-07,1.5311,1.5311,-0.57%,开放申购,开放赎回,
2020-02-10,1.5238,1.5238,-0.48%,开放申购,开放赎回,
2020-02-11,1.5448,1.5448,1.38%,开放申购,开放赎回,
2020-02-12,1.5538,1.5538,0.58%,开放申购,开放赎回,
2020-02-13,1.5491,1.5491,-0.30%,开放申购,开放赎回,
2020-02-14,1.5555,1.5555,0.41%,开放申购,开放赎回,
2020-02-17,1.5614,1.5614,0.38%,开放申购,开放赎回,
2020-02-18,1.5393,1.5393,-1.42%,开放申购,开放赎回,
2020-02-19,1.5495,1.5495,0.66%,开放申购,开放赎回,
2020-02-20,1.5459,1.5459,-0.23%,开放申购,开放赎回,
2020-02-21,1.5322,1.5322,-0.89%,开放申购,开放赎回,
2020-02-24,1.5045,1.5045,-1.81%,开放申购,开放赎回,
2020-02-25,1.5084,1.5084,0.26%,开放申购,开放赎回,
2020-02-26,1.4961,1.4961,-0.82%,开放申购,开放赎回,
2020-02-27,1.505,1.505,0.59%,开放申购,开放赎回,
2020-02-28,1.4683,1.4683,-2.44%,开放申购,开放赎回,
2020-03-02,1.472,1.472,0.25%,开放申购,开放赎回,
2020-03-03,1.4685,1.4685,-0.24%,开放申购,开放赎回,
2020-03-04,1.4661,1.4661,-0.16%,开放申购,开放赎回,
2020-03-05,1.4922,1.4922,1.78%,开放申购,开放赎回,
2020-03-06,1.4582,1.4582,-2.28%,开放申购,开放赎回,
2020-03-09,1.4,1.4,-3.99%,开放申购,开放赎回,
2020-03-10,1.421,1.421,1.50%,开放申购,开放赎回,
2020-03-11,1.4163,1.4163,-0.33%,开放申购,开放赎回,
2020-03-12,1.367,1.367,-3.48%,开放申购,开放赎回,
2020-03-13,1.3592,1.3592,-0.57%,开放申购,开放赎回,
2020-03-16,1.3115,1.3115,-3.51%,开放申购,开放赎回,
2020-03-17,1.3228,1.3228,0.86%,开放申购,开放赎回,
2020-03-18,1.2748,1.2748,-3.63%,开放申购,开放赎回,
2020-03-19,1.2474,1.2474,-2.15%,开放申购,开放赎回,
2020-03-20,1.3175,1.3175,5.62%,开放申购,开放赎回,
2020-03-23,1.2509,1.2509,-5.06%,开放申购,开放赎回,
2020-03-24,1.3073,1.3073,4.51%,开放申购,开放赎回,
2020-03-25,1.3507,1.3507,3.32%,开放申购,开放赎回,
2020-03-26,1.3377,1.3377,-0.96%,开放申购,开放赎回,
2020-03-27,1.3425,1.3425,0.36%,开放申购,开放赎回,
2020-03-30,1.3248,1.3248,-1.32%,开放申购,开放赎回,
2020-03-31,1.3565,1.3565,2.39%,开放申购,开放赎回,
2020-04-01,1.3237,1.3237,-2.42%,开放申购,开放赎回,
2020-04-02,1.3391,1.3391,1.16%,开放申购,开放赎回,
2020-04-03,1.3385,1.3385,-0.04%,开放申购,开放赎回,
2020-04-07,1.3917,1.3917,3.97%,开放申购,开放赎回,
2020-04-08,1.366,1.366,-1.85%,开放申购,开放赎回,
2020-04-09,1.3853,1.3853,1.41%,开放申购,开放赎回,
2020-04-14,1.3903,1.3903,,开放申购,开放赎回,
2020-04-15,1.3744,1.3744,-1.14%,开放申购,开放赎回,
2020-04-16,1.3727,1.3727,-0.12%,开放申购,开放赎回,
2020-04-17,1.3931,1.3931,1.49%,开放申购,开放赎回,
2020-04-20,1.3891,1.3891,-0.29%,开放申购,开放赎回,
2020-04-21,1.3618,1.3618,-1.97%,开放申购,开放赎回,
2020-04-22,1.3702,1.3702,0.62%,开放申购,开放赎回,
2020-04-23,1.3745,1.3745,0.31%,开放申购,开放赎回,
2020-04-24,1.3649,1.3649,-0.70%,开放申购,开放赎回,
2020-04-27,1.3875,1.3875,1.66%,开放申购,开放赎回,
2020-04-28,1.404,1.404,1.19%,开放申购,开放赎回,
2020-04-29,1.4067,1.4067,0.19%,开放申购,开放赎回,
2020-05-06,1.3791,1.3791,,开放申购,开放赎回,
2020-05-07,1.3746,1.3746,-0.33%,开放申购,开放赎回,
2020-05-08,1.3866,1.3866,0.87%,开放申购,开放赎回,
2020-05-11,1.4062,1.4062,1.41%,开放申购,开放赎回,
2020-05-12,1.3898,1.3898,-1.17%,开放申购,开放赎回,
2020-05-13,1.3855,1.3855,-0.31%,开放申购,开放赎回,
2020-05-14,1.3674,1.3674,-1.31%,开放申购,开放赎回,
2020-05-15,1.3657,1.3657,-0.12%,开放申购,开放赎回,
2020-05-18,1.3761,1.3761,0.76%,开放申购,开放赎回,
2020-05-19,1.3996,1.3996,1.71%,开放申购,开放赎回,
2020-05-20,1.4018,1.4018,0.16%,开放申购,开放赎回,
2020-05-21,1.3924,1.3924,-0.67%,开放申购,开放赎回,
2020-05-22,1.319,1.319,-5.27%,开放申购,开放赎回,
2020-05-25,1.3265,1.3265,0.57%,开放申购,开放赎回,
2020-05-26,1.3514,1.3514,1.88%,开放申购,开放赎回,
2020-05-27,1.3427,1.3427,-0.64%,开放申购,开放赎回,
2020-05-28,1.3372,1.3372,-0.41%,开放申购,开放赎回,
2020-05-29,1.3288,1.3288,-0.63%,开放申购,开放赎回,
2020-06-01,1.3713,1.3713,3.20%,开放申购,开放赎回,
2020-06-02,1.385,1.385,1.00%,开放申购,开放赎回,
2020-06-03,1.4027,1.4027,1.28%,开放申购,开放赎回,
2020-06-04,1.4053,1.4053,0.19%,开放申购,开放赎回,
2020-06-05,1.427,1.427,1.54%,开放申购,开放赎回,
2020-06-08,1.4257,1.4257,-0.09%,开放申购,开放赎回,
2020-06-09,1.4374,1.4374,0.82%,开放申购,开放赎回,
2020-06-10,1.4381,1.4381,0.05%,开放申购,开放赎回,
2020-06-11,1.4048,1.4048,-2.32%,开放申购,开放赎回,
2020-06-12,1.4001,1.4001,-0.33%,开放申购,开放赎回,
2020-06-15,1.3725,1.3725,-1.97%,开放申购,开放赎回,
2020-06-16,1.4009,1.4009,2.07%,开放申购,开放赎回,
2020-06-17,1.4098,1.4098,0.64%,开放申购,开放赎回,
2020-06-18,1.4095,1.4095,-0.02%,开放申购,开放赎回,
2020-06-19,1.42,1.42,0.74%,开放申购,开放赎回,
2020-06-22,1.4141,1.4141,-0.42%,开放申购,开放赎回,
2020-06-23,1.4334,1.4334,1.36%,开放申购,开放赎回,
2020-06-24,1.4236,1.4236,-0.68%,开放申购,开放赎回,
2020-06-29,1.4014,1.4014,-1.56%,开放申购,开放赎回,
2020-06-30,1.4089,1.4089,0.54%,开放申购,开放赎回,
2020-07-02,1.4488,1.4488,,开放申购,开放赎回,
2020-07-03,1.4629,1.4629,0.97%,开放申购,开放赎回,
2020-07-06,1.5174,1.5174,3.73%,开放申购,开放赎回,
2020-07-07,1.4933,1.4933,-1.59%,开放申购,开放赎回,
2020-07-08,1.4985,1.4985,0.35%,开放申购,开放赎回,
2020-07-09,1.5015,1.5015,0.20%,开放申购,开放赎回,
2020-07-10,1.4717,1.4717,-1.98%,开放申购,开放赎回,
2020-07-13,1.4741,1.4741,0.16%,开放申购,开放赎回,
2020-07-14,1.4593,1.4593,-1.00%,开放申购,开放赎回,
2020-07-15,1.4587,1.4587,-0.04%,开放申购,开放赎回,
2020-07-16,1.4281,1.4281,-2.10%,开放申购,开放赎回,
2020-07-17,1.4379,1.4379,0.69%,开放申购,开放赎回,
2020-07-20,1.433,1.433,-0.34%,开放申购,开放赎回,
2020-07-21,1.464,1.464,2.16%,开放申购,开放赎回,
2020-07-22,1.4306,1.4306,-2.28%,开放申购,开放赎回,
2020-07-23,1.4444,1.4444,0.96%,开放申购,开放赎回,
2020-07-24,1.4147,1.4147,-2.06%,开放申购,开放赎回,
2020-07-27,1.4111,1.4111,-0.25%,开放申购,开放赎回,
2020-07-28,1.4175,1.4175,0.45%,开放申购,开放赎回,
2020-07-29,1.425,1.425,0.53%,开放申购,开放赎回,
2020-07-30,1.4141,1.4141,-0.76%,开放申购,开放赎回,
2020-07-31,1.4071,1.4071,-0.50%,开放申购,开放赎回,
2020-08-03,1.4016,1.4016,-0.39%,开放申购,开放赎回,
2020-08-04,1.4253,1.4253,1.69%,开放申购,开放赎回,
2020-08-05,1.4323,1.4323,0.49%,开放申购,开放赎回,
2020-08-06,1.4168,1.4168,-1.08%,开放申购,开放赎回,
2020-08-07,1.3945,1.3945,-1.57%,开放申购,开放赎回,
2020-08-10,1.3916,1.3916,-0.21%,开放申购,开放赎回,
2020-08-11,1.4202,1.4202,2.06%,开放申购,开放赎回,
2020-08-12,1.4371,1.4371,1.19%,开放申购,开放赎回,
2020-08-13,1.4324,1.4324,-0.33%,开放申购,开放赎回,
2020-08-14,1.4296,1.4296,-0.20%,开放申购,开放赎回,
2020-08-17,1.4379,1.4379,0.58%,开放申购,开放赎回,
2020-08-18,1.4386,1.4386,0.05%,开放申购,开放赎回,
2020-08-19,1.4255,1.4255,-0.91%,开放申购,开放赎回,
2020-08-20,1.4063,1.4063,-1.35%,开放申购,开放赎回,
2020-08-21,1.421,1.421,1.05%,开放申购,开放赎回,
2020-08-24,1.446,1.446,1.76%,开放申购,开放赎回,
2020-08-25,1.4425,1.4425,-0.24%,开放申购,开放赎回,
2020-08-26,1.4405,1.4405,-0.14%,开放申购,开放赎回,
2020-08-27,1.4272,1.4272,-0.92%,开放申购,开放赎回,
2020-08-28,1.4355,1.4355,0.58%,开放申购,开放赎回,
2020-08-31,1.4175,1.4175,-1.25%,开放申购,开放赎回,
2020-09-01,1.417,1.417,-0.04%,开放申购,开放赎回,
2020-09-02,1.4125,1.4125,-0.32%,开放申购,开放赎回,
2020-09-03,1.403,1.403,-0.67%,开放申购,开放赎回,
2020-09-04,1.3872,1.3872,-1.13%,开放申购,开放赎回,
2020-09-07,1.3822,1.3822,-0.36%,开放申购,开放赎回,
2020-09-08,1.3831,1.3831,0.07%,开放申购,开放赎回,
2020-09-09,1.3766,1.3766,-0.47%,开放申购,开放赎回,
2020-09-10,1.3666,1.3666,-0.73%,开放申购,开放赎回,
2020-09-11,1.3779,1.3779,0.83%,开放申购,开放赎回,
2020-09-14,1.3843,1.3843,0.46%,开放申购,开放赎回,
2020-09-15,1.3877,1.3877,0.25%,开放申购,开放赎回,
2020-09-16,1.3807,1.3807,-0.50%,开放申购,开放赎回,
2020-09-17,1.3579,1.3579,-1.65%,开放申购,开放赎回,
2020-09-18,1.3626,1.3626,0.35%,开放申购,开放赎回,
2020-09-21,1.3358,1.3358,-1.97%,开放申购,开放赎回,
2020-09-22,1.3283,1.3283,-0.56%,开放申购,开放赎回,
2020-09-23,1.3318,1.3318,0.26%,开放申购,开放赎回,
2020-09-24,1.3096,1.3096,-1.67%,开放申购,开放赎回,
2020-09-25,1.3068,1.3068,-0.21%,开放申购,开放赎回,
2020-09-28,1.3218,1.3218,1.15%,开放申购,开放赎回,
2020-09-29,1.3104,1.3104,-0.86%,开放申购,开放赎回,
2020-09-30,1.3188,1.3188,0.64%,开放申购,开放赎回,
2020-10-09,1.348,1.348,2.21%,开放申购,开放赎回,
2020-10-12,1.3648,1.3648,1.25%,开放申购,开放赎回,
2020-10-13,1.3678,1.3678,0.22%,开放申购,开放赎回,
2020-10-14,1.3714,1.3714,0.26%,开放申购,开放赎回,
2020-10-15,1.3427,1.3427,-2.09%,开放申购,开放赎回,
2020-10-16,1.3544,1.3544,0.87%,开放申购,开放赎回,
2020-10-19,1.357,1.357,0.19%,开放申购,开放赎回,
2020-10-20,1.3564,1.3564,-0.04%,开放申购,开放赎回,
2020-10-21,1.3632,1.3632,0.50%,开放申购,开放赎回,
2020-10-22,1.362,1.362,-0.09%,开放申购,开放赎回,
2020-10-23,1.371,1.371,0.66%,开放申购,开放赎回,
2020-10-26,1.3713,1.3713,0.02%,暂停申购,暂停赎回,
2020-10-27,1.3687,1.3687,-0.19%,开放申购,开放赎回,
2020-10-28,1.368,1.368,-0.05%,开放申购,开放赎回,
2020-10-29,1.3629,1.3629,-0.37%,开放申购,开放赎回,
2020-10-30,1.3381,1.3381,-1.82%,开放申购,开放赎回,
2020-11-02,1.3514,1.3514,0.99%,开放申购,开放赎回,
2020-11-03,1.3772,1.3772,1.91%,开放申购,开放赎回,
2020-11-04,1.3704,1.3704,-0.49%,开放申购,开放赎回,
2020-11-05,1.4152,1.4152,3.27%,开放申购,开放赎回,
2020-11-06,1.404,1.404,-0.79%,开放申购,开放赎回,
2020-11-09,1.4171,1.4171,0.93%,开放申购,开放赎回,
2020-11-10,1.4278,1.4278,0.76%,开放申购,开放赎回,
2020-11-11,1.426,1.426,-0.13%,开放申购,开放赎回,
2020-11-12,1.4262,1.4262,0.01%,开放申购,开放赎回,
2020-11-13,1.4262,1.4262,0.00%,开放申购,开放赎回,
2020-11-16,1.4329,1.4329,0.47%,开放申购,开放赎回,
2020-11-17,1.429,1.429,-0.27%,开放申购,开放赎回,
2020-11-18,1.4326,1.4326,0.25%,开放申购,开放赎回,
2020-11-19,1.421,1.421,-0.81%,开放申购,开放赎回,
2020-11-20,1.4318,1.4318,0.76%,开放申购,开放赎回,
2020-11-23,1.4324,1.4324,0.04%,开放申购,开放赎回,
2020-11-24,1.4396,1.4396,0.50%,开放申购,开放赎回,
2020-11-25,1.4423,1.4423,0.19%,开放申购,开放赎回,
2020-11-26,1.4508,1.4508,0.59%,开放申购,开放赎回,
2020-11-27,1.4545,1.4545,0.26%,开放申购,开放赎回,
2020-11-30,1.4268,1.4268,-1.90%,开放申购,开放赎回,
2020-12-01,1.4405,1.4405,0.96%,开放申购,开放赎回,
2020-12-02,1.4325,1.4325,-0.56%,开放申购,开放赎回,
2020-12-03,1.4422,1.4422,0.68%,开放申购,开放赎回,
2020-12-04,1.4456,1.4456,0.24%,开放申购,开放赎回,
2020-12-07,1.4251,1.4251,-1.42%,开放申购,开放赎回,
2020-12-08,1.4143,1.4143,-0.76%,开放申购,开放赎回,
2020-12-09,1.4245,1.4245,0.72%,开放申购,开放赎回,
2020-12-10,1.4226,1.4226,-0.13%,开放申购,开放赎回,
2020-12-11,1.4258,1.4258,0.22%,开放申购,开放赎回,
2020-12-14,1.4192,1.4192,-0.46%,开放申购,开放赎回,
2020-12-15,1.4116,1.4116,-0.54%,开放申购,开放赎回,
2020-12-16,1.4233,1.4233,0.83%,开放申购,开放赎回,
2020-12-17,1.4341,1.4341,0.76%,开放申购,开放赎回,
2020-12-18,1.4238,1.4238,-0.72%,开放申购,开放赎回,
2020-12-21,1.4177,1.4177,-0.43%,开放申购,开放赎回,
2020-12-22,1.4055,1.4055,-0.86%,开放申购,开放赎回,
2020-12-23,1.4202,1.4202,1.05%,开放申购,开放赎回,
2020-12-24,1.4189,1.4189,-0.09%,开放申购,开放赎回,
2020-12-25,1.4182,1.4182,-0.05%,暂停申购,暂停赎回,
2020-12-28,1.4127,1.4127,-0.39%,开放申购,开放赎回,
2020-12-29,1.4297,1.4297,1.20%,开放申购,开放赎回,
2020-12-30,1.4574,1.4574,1.94%,开放申购,开放赎回,
2020-12-31,1.4591,1.4591,0.12%,开放申购,开放赎回,
2021-01-04,1.4748,1.4748,1.08%,开放申购,开放赎回,
2021-01-05,1.4698,1.4698,-0.34%,开放申购,开放赎回,
2021-01-06,1.4689,1.4689,-0.06%,开放申购,开放赎回,
2021-01-07,1.4619,1.4619,-0.48%,开放申购,开放赎回,
2021-01-08,1.4802,1.4802,1.25%,开放申购,开放赎回,
2021-01-11,1.4836,1.4836,0.23%,开放申购,开放赎回,
2021-01-12,1.5029,1.5029,1.30%,开放申购,开放赎回,
2021-01-13,1.4964,1.4964,-0.43%,开放申购,开放赎回,
2021-01-14,1.5124,1.5124,1.07%,开放申购,开放赎回,
2021-01-15,1.5141,1.5141,0.11%,开放申购,开放赎回,
2021-01-18,1.5329,1.5329,1.24%,开放申购,开放赎回,
2021-01-19,1.5731,1.5731,2.62%,开放申购,开放赎回,
2021-01-20,1.588,1.588,0.95%,开放申购,开放赎回,
2021-01-21,1.5831,1.5831,-0.31%,开放申购,开放赎回,
2021-01-22,1.5575,1.5575,-1.62%,开放申购,开放赎回,
2021-01-25,1.5957,1.5957,2.45%,开放申购,开放赎回,
2021-01-26,1.5579,1.5579,-2.37%,开放申购,开放赎回,
2021-01-27,1.5486,1.5486,-0.60%,开放申购,开放赎回,
2021-01-28,1.5145,1.5145,-2.20%,开放申购,开放赎回,
2021-01-29,1.4982,1.4982,-1.08%,开放申购,开放赎回,
2021-02-01,1.5258,1.5258,1.84%,开放申购,开放赎回,
2021-02-02,1.5465,1.5465,1.36%,开放申购,开放赎回,
2021-02-03,1.5477,1.5477,0.08%,开放申购,开放赎回,
2021-02-04,1.5371,1.5371,-0.68%,开放申购,开放赎回,
2021-02-05,1.5479,1.5479,0.70%,开放申购,开放赎回,
2021-02-08,1.5478,1.5478,-0.01%,开放申购,开放赎回,
2021-02-09,1.5533,1.5533,0.36%,开放申购,开放赎回,
2021-02-10,1.5782,1.5782,1.60%,开放申购,开放赎回,
2021-02-18,1.6087,1.6087,1.93%,开放申购,开放赎回,
2021-02-19,1.6133,1.6133,0.29%,开放申购,开放赎回,
2021-02-22,1.5947,1.5947,-1.15%,开放申购,开放赎回,
2021-02-23,1.6102,1.6102,0.97%,开放申购,开放赎回,
2021-02-24,1.5669,1.5669,-2.69%,开放申购,开放赎回,
2021-02-25,1.5827,1.5827,1.01%,开放申购,开放赎回,
2021-02-26,1.5322,1.5322,-3.19%,开放申购,开放赎回,
2021-03-01,1.5551,1.5551,1.49%,开放申购,开放赎回,
2021-03-02,1.5347,1.5347,-1.31%,开放申购,开放赎回,
2021-03-03,1.5722,1.5722,2.44%,开放申购,开放赎回,
2021-03-04,1.5445,1.5445,-1.76%,开放申购,开放赎回,
2021-03-05,1.5398,1.5398,-0.30%,开放申购,开放赎回,
2021-03-08,1.5101,1.5101,-1.93%,开放申购,开放赎回,
2021-03-09,1.5333,1.5333,1.54%,开放申购,开放赎回,
2021-03-10,1.5356,1.5356,0.15%,开放申购,开放赎回,
2021-03-11,1.5591,1.5591,1.53%,开放申购,开放赎回,
2021-03-12,1.5243,1.5243,-2.23%,开放申购,开放赎回,
2021-03-15,1.5317,1.5317,0.49%,开放申购,开放赎回,
2021-03-16,1.5413,1.5413,0.63%,开放申购,开放赎回,
2021-03-17,1.5405,1.5405,-0.05%,开放申购,开放赎回,
2021-03-18,1.5571,1.5571,1.08%,开放申购,开放赎回,
2021-03-19,1.5408,1.5408,-1.05%,开放申购,开放赎回,
2021-03-22,1.5372,1.5372,-0.23%,开放申购,开放赎回,
2021-03-23,1.5147,1.5147,-1.46%,开放申购,开放赎回,
2021-03-24,1.4888,1.4888,-1.71%,开放申购,开放赎回,
2021-03-25,1.489,1.489,0.01%,开放申购,开放赎回,
2021-03-26,1.5127,1.5127,1.59%,开放申购,开放赎回,
2021-03-29,1.5141,1.5141,0.09%,开放申购,开放赎回,
2021-03-30,1.5299,1.5299,1.04%,开放申购,开放赎回,
2021-03-31,1.5209,1.5209,-0.59%,开放申购,开放赎回,
2021-04-01,1.5469,1.5469,1.71%,开放申购,开放赎回,
2021-04-02,1.5479,1.5479,0.06%,暂停申购,暂停赎回,
2021-04-06,1.5451,1.5451,-0.18%,暂停申购,暂停赎回,
2021-04-07,1.5282,1.5282,-1.09%,开放申购,开放赎回,
2021-04-08,1.5465,1.5465,1.20%,开放申购,开放赎回,
2021-04-09,1.5302,1.5302,-1.05%,开放申购,开放赎回,
2021-04-12,1.5214,1.5214,-0.58%,开放申购,开放赎回,
2021-04-13,1.5228,1.5228,0.09%,开放申购,开放赎回,
2021-04-14,1.5414,1.5414,1.22%,开放申购,开放赎回,
2021-04-15,1.5356,1.5356,-0.38%,开放申购,开放赎回,
2021-04-16,1.5444,1.5444,0.57%,开放申购,开放赎回,
2021-04-19,1.5488,1.5488,0.28%,开放申购,开放赎回,
2021-04-20,1.5487,1.5487,-0.01%,开放申购,开放赎回,
2021-04-21,1.5217,1.5217,-1.74%,开放申购,开放赎回,
2021-04-22,1.5266,1.5266,0.32%,开放申购,开放赎回,
2021-04-23,1.5442,1.5442,1.15%,开放申购,开放赎回,
2021-04-26,1.5374,1.5374,-0.44%,开放申购,开放赎回,
2021-04-27,1.5365,1.5365,-0.06%,开放申购,开放赎回,
2021-04-28,1.5413,1.5413,0.31%,开放申购,开放赎回,
2021-04-29,1.5504,1.5504,0.59%,开放申购,开放赎回,
2021-04-30,1.52,1.52,-1.96%,开放申购,开放赎回,
2021-05-06,1.5204,1.5204,0.03%,开放申购,开放赎回,
2021-05-07,1.5146,1.5146,-0.38%,开放申购,开放赎回,
2021-05-10,1.5088,1.5088,-0.38%,开放申购,开放赎回,
2021-05-11,1.4753,1.4753,-2.22%,开放申购,开放赎回,
2021-05-12,1.4859,1.4859,0.72%,开放申购,开放赎回,
2021-05-13,1.4674,1.4674,-1.25%,开放申购,开放赎回,
2021-05-14,1.4817,1.4817,0.97%,开放申购,开放赎回,
2021-05-17,1.486,1.486,0.29%,开放申购,开放赎回,
2021-05-18,1.508,1.508,1.48%,开放申购,开放赎回,
2021-05-19,1.506,1.506,-0.13%,暂停申购,暂停赎回,
2021-05-20,1.5034,1.5034,-0.17%,开放申购,开放赎回,
2021-05-21,1.5011,1.5011,-0.15%,开放申购,开放赎回,
2021-05-24,1.5012,1.5012,0.01%,开放申购,开放赎回,
2021-05-25,1.5251,1.5251,1.59%,开放申购,开放赎回,
2021-05-26,1.5344,1.5344,0.61%,开放申购,开放赎回,
2021-05-27,1.5323,1.5323,-0.14%,开放申购,开放赎回,
2021-05-28,1.5291,1.5291,-0.21%,开放申购,开放赎回,
2021-05-31,1.5261,1.5261,-0.20%,开放申购,开放赎回,
2021-06-01,1.5403,1.5403,0.93%,开放申购,开放赎回,
2021-06-02,1.5362,1.5362,-0.27%,开放申购,开放赎回,
2021-06-03,1.5211,1.5211,-0.98%,开放申购,开放赎回,
2021-06-04,1.5238,1.5238,0.18%,开放申购,开放赎回,
2021-06-07,1.5154,1.5154,-0.55%,开放申购,开放赎回,
2021-06-08,1.5134,1.5134,-0.13%,开放申购,开放赎回,
2021-06-09,1.5128,1.5128,-0.04%,开放申购,开放赎回,
2021-06-10,1.5121,1.5121,-0.05%,开放申购,开放赎回,
2021-06-11,1.5157,1.5157,0.24%,开放申购,开放赎回,
2021-06-15,1.5088,1.5088,-0.46%,开放申购,开放赎回,
2021-06-16,1.4989,1.4989,-0.66%,开放申购,开放赎回,
2021-06-17,1.5092,1.5092,0.69%,开放申购,开放赎回,
2021-06-18,1.5238,1.5238,0.97%,开放申购,开放赎回,
2021-06-21,1.512,1.512,-0.77%,开放申购,开放赎回,
2021-06-22,1.5037,1.5037,-0.55%,开放申购,开放赎回,
2021-06-23,1.5298,1.5298,1.74%,开放申购,开放赎回,
2021-06-24,1.538,1.538,0.54%,开放申购,开放赎回,
2021-06-25,1.5576,1.5576,1.27%,开放申购,开放赎回,
2021-06-28,1.555,1.555,-0.17%,开放申购,开放赎回,
2021-06-29,1.5406,1.5406,-0.93%,开放申购,开放赎回,
2021-06-30,1.5321,1.5321,-0.55%,开放申购,开放赎回,
2021-07-01,1.5343,1.5343,0.14%,暂停申购,暂停赎回,
2021-07-02,1.5079,1.5079,-1.72%,开放申购,开放赎回,
2021-07-05,1.4996,1.4996,-0.55%,开放申购,开放赎回,
2021-07-06,1.4935,1.4935,-0.41%,开放申购,开放赎回,
2021-07-07,1.495,1.495,0.10%,开放申购,开放赎回,
2021-07-08,1.4525,1.4525,-2.84%,开放申购,开放赎回,
2021-07-09,1.4631,1.4631,0.73%,开放申购,开放赎回,
2021-07-12,1.4729,1.4729,0.67%,开放申购,开放赎回,
2021-07-13,1.4949,1.4949,1.49%,开放申购,开放赎回,
2021-07-14,1.4874,1.4874,-0.50%,开放申购,开放赎回,
2021-07-15,1.4943,1.4943,0.46%,开放申购,开放赎回,
2021-07-16,1.496,1.496,0.11%,开放申购,开放赎回,
2021-07-19,1.4699,1.4699,-1.74%,开放申购,开放赎回,
2021-07-20,1.4608,1.4608,-0.62%,开放申购,开放赎回,
2021-07-21,1.4584,1.4584,-0.16%,开放申购,开放赎回,
2021-07-22,1.4794,1.4794,1.44%,开放申购,开放赎回,
2021-07-23,1.4595,1.4595,-1.35%,开放申购,开放赎回,
2021-07-26,1.4047,1.4047,-3.75%,开放申购,开放赎回,
2021-07-27,1.3471,1.3471,-4.10%,开放申购,开放赎回,
2021-07-28,1.3691,1.3691,1.63%,开放申购,开放赎回,
2021-07-29,1.4133,1.4133,3.23%,开放申购,开放赎回,
2021-07-30,1.3897,1.3897,-1.67%,开放申购,开放赎回,
2021-08-02,1.4043,1.4043,1.05%,开放申购,开放赎回,
2021-08-03,1.4008,1.4008,-0.25%,开放申购,开放赎回,
2021-08-04,1.4135,1.4135,0.91%,开放申购,开放赎回,
2021-08-05,1.4028,1.4028,-0.76%,开放申购,开放赎回,
2021-08-06,1.4004,1.4004,-0.17%,开放申购,开放赎回,
2021-08-09,1.4092,1.4092,0.63%,开放申购,开放赎回,
2021-08-10,1.4249,1.4249,1.11%,开放申购,开放赎回,
2021-08-11,1.4277,1.4277,0.20%,开放申购,开放赎回,
2021-08-12,1.4192,1.4192,-0.60%,开放申购,开放赎回,
2021-08-13,1.4135,1.4135,-0.40%,开放申购,开放赎回,
2021-08-16,1.4009,1.4009,-0.89%,开放申购,开放赎回,
2021-08-17,1.3795,1.3795,-1.53%,开放申购,开放赎回,
2021-08-18,1.3868,1.3868,0.53%,开放申购,开放赎回,
2021-08-19,1.3592,1.3592,-1.99%,开放申购,开放赎回,
2021-08-20,1.3383,1.3383,-1.54%,开放申购,开放赎回,
2021-08-23,1.3511,1.3511,0.96%,开放申购,开放赎回,
2021-08-24,1.3791,1.3791,2.07%,开放申购,开放赎回,
2021-08-25,1.3777,1.3777,-0.10%,开放申购,开放赎回,
2021-08-26,1.3644,1.3644,-0.97%,开放申购,开放赎回,
2021-08-27,1.3655,1.3655,0.08%,开放申购,开放赎回,
2021-08-30,1.3687,1.3687,0.23%,开放申购,开放赎回,
2021-08-31,1.3864,1.3864,1.29%,开放申购,开放赎回,
2021-09-01,1.3956,1.3956,0.66%,开放申购,开放赎回,
2021-09-02,1.3983,1.3983,0.19%,开放申购,开放赎回,
2021-09-03,1.3892,1.3892,-0.65%,开放申购,开放赎回,
2021-09-06,1.4014,1.4014,0.88%,开放申购,开放赎回,
2021-09-07,1.4106,1.4106,0.66%,开放申购,开放赎回,
2021-09-08,1.4117,1.4117,0.08%,开放申购,开放赎回,
2021-09-09,1.3801,1.3801,-2.24%,开放申购,开放赎回,
2021-09-10,1.4041,1.4041,1.74%,开放申购,开放赎回,
2021-09-13,1.3833,1.3833,-1.48%,开放申购,开放赎回,
2021-09-14,1.3673,1.3673,-1.16%,开放申购,开放赎回,
2021-09-15,1.3437,1.3437,-1.73%,开放申购,开放赎回,
2021-09-16,1.3218,1.3218,-1.63%,开放申购,开放赎回,
2021-09-17,1.3378,1.3378,1.21%,开放申购,开放赎回,
2021-09-22,1.3045,1.3045,-2.49%,暂停申购,暂停赎回,
2021-09-23,1.3207,1.3207,1.24%,开放申购,开放赎回,
2021-09-24,1.3016,1.3016,-1.45%,开放申购,开放赎回,
2021-09-27,1.304,1.304,0.18%,开放申购,开放赎回,
2021-09-28,1.3179,1.3179,1.07%,开放申购,开放赎回,
2021-09-29,1.3267,1.3267,0.67%,开放申购,开放赎回,
2021-09-30,1.3261,1.3261,-0.05%,开放申购,开放赎回,
2021-10-08,1.3349,1.3349,0.66%,开放申购,开放赎回,
2021-10-11,1.3572,1.3572,1.67%,开放申购,开放赎回,
2021-10-12,1.3386,1.3386,-1.37%,开放申购,开放赎回,
2021-10-13,1.3416,1.3416,0.22%,开放申购,开放赎回,
2021-10-14,1.3383,1.3383,-0.25%,暂停申购,暂停赎回,
2021-10-15,1.3567,1.3567,1.37%,开放申购,开放赎回,
2021-10-18,1.3594,1.3594,0.20%,开放申购,开放赎回,
2021-10-19,1.3787,1.3787,1.42%,开放申购,开放赎回,
2021-10-20,1.3924,1.3924,0.99%,开放申购,开放赎回,
2021-10-21,1.3828,1.3828,-0.69%,开放申购,开放赎回,
2021-10-22,1.3911,1.3911,0.60%,开放申购,开放赎回,
2021-10-25,1.3896,1.3896,-0.11%,开放申购,开放赎回,
2021-10-26,1.3837,1.3837,-0.42%,开放申购,开放赎回,
2021-10-27,1.3621,1.3621,-1.56%,开放申购,开放赎回,
2021-10-28,1.3596,1.3596,-0.18%,开放申购,开放赎回,
2021-10-29,1.35,1.35,-0.71%,开放申购,开放赎回,
2021-11-01,1.344,1.344,-0.44%,开放申购,开放赎回,
2021-11-02,1.3366,1.3366,-0.55%,开放申购,开放赎回,
2021-11-03,1.335,1.335,-0.12%,开放申购,开放赎回,
2021-11-04,1.3422,1.3422,0.54%,开放申购,开放赎回,
2021-11-05,1.3252,1.3252,-1.27%,开放申购,开放赎回,
2021-11-08,1.3196,1.3196,-0.42%,开放申购,开放赎回,
2021-11-09,1.3202,1.3202,0.05%,开放申购,开放赎回,
2021-11-10,1.3304,1.3304,0.77%,开放申购,开放赎回,
2021-11-11,1.346,1.346,1.17%,开放申购,开放赎回,
2021-11-12,1.3488,1.3488,0.21%,开放申购,开放赎回,
2021-11-15,1.3487,1.3487,-0.01%,开放申购,开放赎回,
2021-11-16,1.3655,1.3655,1.25%,开放申购,开放赎回,
2021-11-17,1.363,1.363,-0.18%,开放申购,开放赎回,
2021-11-18,1.3437,1.3437,-1.42%,开放申购,开放赎回,
2021-11-19,1.33,1.33,-1.02%,开放申购,开放赎回,
2021-11-22,1.3278,1.3278,-0.17%,开放申购,开放赎回,
2021-11-23,1.3118,1.3118,-1.21%,开放申购,开放赎回,
2021-11-24,1.3132,1.3132,0.11%,开放申购,开放赎回,
2021-11-25,1.3167,1.3167,0.27%,开放申购,开放赎回,
2021-11-26,1.2822,1.2822,-2.62%,开放申购,开放赎回,
2021-11-29,1.2691,1.2691,-1.02%,开放申购,开放赎回,
2021-11-30,1.249,1.249,-1.58%,开放申购,开放赎回,
2021-12-01,1.256,1.256,0.56%,开放申购,开放赎回,
2021-12-02,1.2639,1.2639,0.63%,开放申购,开放赎回,
2021-12-03,1.2633,1.2633,-0.05%,开放申购,开放赎回,
2021-12-06,1.2419,1.2419,-1.69%,开放申购,开放赎回,
2021-12-07,1.2741,1.2741,2.59%,开放申购,开放赎回,
2021-12-08,1.2735,1.2735,-0.05%,开放申购,开放赎回,
2021-12-09,1.2827,1.2827,0.72%,开放申购,开放赎回,
2021-12-10,1.2737,1.2737,-0.70%,开放申购,开放赎回,
2021-12-13,1.2713,1.2713,-0.19%,开放申购,开放赎回,
2021-12-14,1.2539,1.2539,-1.37%,开放申购,开放赎回,
2021-12-15,1.2439,1.2439,-0.80%,开放申购,开放赎回,
2021-12-16,1.2453,1.2453,0.11%,开放申购,开放赎回,
2021-12-17,1.2307,1.2307,-1.17%,开放申购,开放赎回,
2021-12-20,1.2133,1.2133,-1.41%,开放申购,开放赎回,
2021-12-21,1.2209,1.2209,0.63%,开放申购,开放赎回,
2021-12-22,1.2273,1.2273,0.52%,开放申购,开放赎回,
2021-12-23,1.2313,1.2313,0.33%,开放申购,开放赎回,
2021-12-24,1.2333,1.2333,0.16%,开放申购,开放赎回,
2021-12-27,1.2331,1.2331,-0.02%,暂停申购,暂停赎回,
2021-12-28,1.2373,1.2373,0.34%,开放申购,开放赎回,
2021-12-29,1.2271,1.2271,-0.82%,开放申购,开放赎回,
2021-12-30,1.2275,1.2275,0.03%,开放申购,开放赎回,
2021-12-31,1.2438,1.2438,1.33%,开放申购,开放赎回,
2022-01-04,1.2386,1.2386,-0.42%,开放申购,开放赎回,
2022-01-05,1.2193,1.2193,-1.56%,开放申购,开放赎回,
2022-01-06,1.2259,1.2259,0.54%,开放申购,开放赎回,
2022-01-07,1.2473,1.2473,1.75%,开放申购,开放赎回,
2022-01-10,1.2588,1.2588,0.92%,开放申购,开放赎回,
2022-01-11,1.2594,1.2594,0.05%,开放申购,开放赎回,
2022-01-12,1.2932,1.2932,2.68%,开放申购,开放赎回,
2022-01-13,1.2935,1.2935,0.02%,开放申购,开放赎回,
2022-01-14,1.294,1.294,0.04%,开放申购,开放赎回,
2022-01-17,1.2841,1.2841,-0.77%,开放申购,开放赎回,
2022-01-18,1.2765,1.2765,-0.59%,开放申购,开放赎回,
2022-01-19,1.279,1.279,0.20%,开放申购,开放赎回,
2022-01-20,1.3188,1.3188,3.11%,开放申购,开放赎回,
2022-01-21,1.3196,1.3196,0.06%,开放申购,开放赎回,
2022-01-24,1.3027,1.3027,-1.28%,开放申购,开放赎回,
2022-01-25,1.282,1.282,-1.59%,开放申购,开放赎回,
2022-01-26,1.2812,1.2812,-0.06%,开放申购,开放赎回,
2022-01-27,1.2585,1.2585,-1.77%,开放申购,开放赎回,
2022-01-28,1.2514,1.2514,-0.56%,开放申购,开放赎回,
2022-02-07,1.3003,1.3003,3.91%,开放申购,开放赎回,
2022-02-08,1.2877,1.2877,-0.97%,开放申购,开放赎回,
2022-02-09,1.3143,1.3143,2.07%,开放申购,开放赎回,
2022-02-10,1.3187,1.3187,0.33%,开放申购,开放赎回,
2022-02-11,1.3176,1.3176,-0.08%,开放申购,开放赎回,
2022-02-14,1.2987,1.2987,-1.43%,开放申购,开放赎回,
2022-02-15,1.2888,1.2888,-0.76%,开放申购,开放赎回,
2022-02-16,1.3035,1.3035,1.14%,开放申购,开放赎回,
2022-02-17,1.3044,1.3044,0.07%,开放申购,开放赎回,
2022-02-18,1.282,1.282,-1.72%,开放申购,开放赎回,
2022-02-21,1.275,1.275,-0.55%,开放申购,开放赎回,
2022-02-22,1.2441,1.2441,-2.42%,开放申购,开放赎回,
2022-02-23,1.2477,1.2477,0.29%,开放申购,开放赎回,
2022-02-24,1.2088,1.2088,-3.12%,开放申购,开放赎回,
2022-02-25,1.2024,1.2024,-0.53%,开放申购,开放赎回,
2022-02-28,1.1974,1.1974,-0.42%,开放申购,开放赎回,
2022-03-01,1.1949,1.1949,-0.21%,开放申购,开放赎回,
2022-03-02,1.1799,1.1799,-1.26%,开放申购,开放赎回,
2022-03-03,1.1801,1.1801,0.02%,开放申购,开放赎回,
2022-03-04,1.1561,1.1561,-2.03%,开放申购,开放赎回,
2022-03-07,1.1169,1.1169,-3.39%,开放申购,开放赎回,
2022-03-08,1.0988,1.0988,-1.62%,开放申购,开放赎回,
2022-03-09,1.0904,1.0904,-0.76%,开放申购,开放赎回,
2022-03-10,1.1041,1.1041,1.26%,开放申购,开放赎回,
2022-03-11,1.0899,1.0899,-1.29%,开放申购,开放赎回,
2022-03-14,1.0394,1.0394,-4.63%,开放申购,开放赎回,
2022-03-15,0.9842,0.9842,-5.31%,开放申购,开放赎回,
2022-03-16,1.0672,1.0672,8.43%,开放申购,开放赎回,
2022-03-17,1.1326,1.1326,6.13%,开放申购,开放赎回,
2022-03-18,1.1285,1.1285,-0.36%,开放申购,开放赎回,
2022-03-21,1.122,1.122,-0.58%,开放申购,开放赎回,
2022-03-22,1.155,1.155,2.94%,开放申购,开放赎回,
2022-03-23,1.1661,1.1661,0.96%,开放申购,开放赎回,
2022-03-24,1.1577,1.1577,-0.72%,开放申购,开放赎回,
2022-03-25,1.1319,1.1319,-2.23%,开放申购,开放赎回,
2022-03-28,1.1455,1.1455,1.20%,开放申购,开放赎回,
2022-03-29,1.1559,1.1559,0.91%,开放申购,开放赎回,
2022-03-30,1.1699,1.1699,1.21%,开放申购,开放赎回,
2022-03-31,1.1569,1.1569,-1.11%,开放申购,开放赎回,
2022-04-01,1.1588,1.1588,0.16%,开放申购,开放赎回,
2022-04-06,1.1651,1.1651,0.54%,开放申购,开放赎回,
2022-04-07,1.1489,1.1489,-1.39%,开放申购,开放赎回,
2022-04-08,1.1522,1.1522,0.29%,开放申购,开放赎回,
2022-04-11,1.118,1.118,-2.97%,开放申购,开放赎回,
2022-04-12,1.1264,1.1264,0.75%,开放申购,开放赎回,
2022-04-13,1.1284,1.1284,0.18%,开放申购,开放赎回,
2022-04-14,1.1321,1.1321,0.33%,开放申购,开放赎回,
2022-04-15,1.1374,1.1374,0.47%,暂停申购,暂停赎回,
2022-04-18,1.1351,1.1351,-0.20%,暂停申购,暂停赎回,
2022-04-19,1.1098,1.1098,-2.23%,开放申购,开放赎回,
2022-04-20,1.1101,1.1101,0.03%,开放申购,开放赎回,
2022-04-21,1.0983,1.0983,-1.06%,开放申购,开放赎回,
2022-04-22,1.1036,1.1036,0.48%,开放申购,开放赎回,
2022-04-25,1.0688,1.0688,-3.15%,开放申购,开放赎回,
2022-04-26,1.0826,1.0826,1.29%,开放申购,开放赎回,
2022-04-27,1.0832,1.0832,0.06%,开放申购,开放赎回,
2022-04-28,1.1007,1.1007,1.62%,开放申购,开放赎回,
2022-04-29,1.1515,1.1515,4.62%,开放申购,开放赎回,
2022-05-05,1.1277,1.1277,-2.07%,开放申购,开放赎回,
2022-05-06,1.0966,1.0966,-2.76%,开放申购,开放赎回,
2022-05-09,1.1049,1.1049,0.76%,暂停申购,暂停赎回,
2022-05-10,1.0888,1.0888,-1.46%,开放申购,开放赎回,
2022-05-11,1.1018,1.1018,1.19%,开放申购,开放赎回,
2022-05-12,1.0779,1.0779,-2.17%,开放申购,开放赎回,
2022-05-13,1.1133,1.1133,3.28%,开放申购,开放赎回,
2022-05-16,1.1161,1.1161,0.25%,开放申购,开放赎回,
2022-05-17,1.1506,1.1506,3.09%,开放申购,开放赎回,
2022-05-18,1.1455,1.1455,-0.44%,开放申购,开放赎回,
2022-05-19,1.1199,1.1199,-2.23%,开放申购,开放赎回,
2022-05-20,1.1518,1.1518,2.85%,开放申购,开放赎回,
2022-05-23,1.1268,1.1268,-2.17%,开放申购,开放赎回,
2022-05-24,1.1066,1.1066,-1.79%,开放申购,开放赎回,
2022-05-25,1.1101,1.1101,0.32%,开放申购,开放赎回,
2022-05-26,1.1103,1.1103,0.02%,开放申购,开放赎回,
2022-05-27,1.1486,1.1486,3.45%,开放申购,开放赎回,
2022-05-30,1.1657,1.1657,1.49%,开放申购,开放赎回,
2022-05-31,1.175,1.175,0.80%,开放申购,开放赎回,
2022-06-01,1.1699,1.1699,-0.43%,开放申购,开放赎回,
2022-06-02,1.1661,1.1661,-0.32%,开放申购,开放赎回,
2022-06-06,1.1901,1.1901,2.06%,开放申购,开放赎回,
2022-06-07,1.1829,1.1829,-0.60%,开放申购,开放赎回,
2022-06-08,1.2081,1.2081,2.13%,开放申购,开放赎回,
2022-06-09,1.2048,1.2048,-0.27%,开放申购,开放赎回,
2022-06-10,1.2045,1.2045,-0.02%,开放申购,开放赎回,
2022-06-13,1.1683,1.1683,-3.01%,开放申购,开放赎回,
2022-06-14,1.1732,1.1732,0.42%,开放申购,开放赎回,
2022-06-15,1.1866,1.1866,1.14%,开放申购,开放赎回,
2022-06-16,1.1561,1.1561,-2.57%,开放申购,开放赎回,
2022-06-17,1.1654,1.1654,0.80%,开放申购,开放赎回,
2022-06-20,1.1738,1.1738,0.72%,开放申购,开放赎回,
2022-06-21,1.1904,1.1904,1.41%,开放申购,开放赎回,
2022-06-22,1.1657,1.1657,-2.07%,开放申购,开放赎回,
2022-06-23,1.1794,1.1794,1.18%,开放申购,开放赎回,
2022-06-24,1.2012,1.2012,1.85%,开放申购,开放赎回,
2022-06-27,1.2259,1.2259,2.06%,开放申购,开放赎回,
2022-06-28,1.2377,1.2377,0.96%,开放申购,开放赎回,
2022-06-29,1.2202,1.2202,-1.41%,开放申购,开放赎回,
2022-06-30,1.214,1.214,-0.51%,开放申购,开放赎回,
2022-07-01,1.21,1.21,-0.33%,暂停申购,暂停赎回,
2022-07-04,1.2141,1.2141,0.34%,开放申购,开放赎回,
2022-07-05,1.2133,1.2133,-0.07%,开放申购,开放赎回,
2022-07-06,1.2041,1.2041,-0.76%,开放申购,开放赎回,
2022-07-07,1.2081,1.2081,0.33%,开放申购,开放赎回,
2022-07-08,1.2113,1.2113,0.26%,开放申购,开放赎回,
2022-07-11,1.1771,1.1771,-2.82%,开放申购,开放赎回,
2022-07-12,1.1671,1.1671,-0.85%,开放申购,开放赎回,
2022-07-13,1.1648,1.1648,-0.20%,开放申购,开放赎回,
2022-07-14,1.1618,1.1618,-0.26%,开放申购,开放赎回,
2022-07-15,1.1413,1.1413,-1.76%,开放申购,开放赎回,
2022-07-18,1.1699,1.1699,2.51%,开放申购,开放赎回,
2022-07-19,1.16,1.16,-0.85%,开放申购,开放赎回,
2022-07-20,1.1726,1.1726,1.09%,开放申购,开放赎回,
2022-07-21,1.158,1.158,-1.25%,开放申购,开放赎回,
2022-07-22,1.1585,1.1585,0.04%,开放申购,开放赎回,
2022-07-25,1.1561,1.1561,-0.21%,开放申购,开放赎回,
2022-07-26,1.1734,1.1734,1.50%,开放申购,开放赎回,
2022-07-27,1.1648,1.1648,-0.73%,开放申购,开放赎回,
2022-07-28,1.1572,1.1572,-0.65%,开放申购,开放赎回,
2022-07-29,1.1322,1.1322,-2.16%,开放申购,开放赎回,
2022-08-01,1.1334,1.1334,0.11%,开放申购,开放赎回,
2022-08-02,1.1075,1.1075,-2.29%,开放申购,开放赎回,
2022-08-03,1.1172,1.1172,0.88%,开放申购,开放赎回,
2022-08-04,1.1363,1.1363,1.71%,开放申购,开放赎回,
2022-08-05,1.134,1.134,-0.20%,开放申购,开放赎回,
2022-08-08,1.1301,1.1301,-0.34%,开放申购,开放赎回,
2022-08-09,1.1263,1.1263,-0.34%,开放申购,开放赎回,
2022-08-10,1.1056,1.1056,-1.84%,开放申购,开放赎回,
2022-08-11,1.1266,1.1266,1.90%,开放申购,开放赎回,
2022-08-12,1.134,1.134,0.66%,开放申购,开放赎回,
2022-08-15,1.1274,1.1274,-0.58%,开放申购,开放赎回,
2022-08-16,1.1206,1.1206,-0.60%,开放申购,开放赎回,
2022-08-17,1.1273,1.1273,0.60%,开放申购,开放赎回,
2022-08-18,1.1182,1.1182,-0.81%,开放申购,开放赎回,
2022-08-19,1.1223,1.1223,0.37%,开放申购,开放赎回,
2022-08-22,1.1177,1.1177,-0.41%,开放申购,开放赎回,
2022-08-23,1.1143,1.1143,-0.30%,开放申购,开放赎回,
2022-08-24,1.0997,1.0997,-1.31%,开放申购,开放赎回,
2022-08-25,1.14,1.14,3.66%,开放申购,开放赎回,
2022-08-26,1.15,1.15,0.88%,开放申购,开放赎回,
2022-08-29,1.1453,1.1453,-0.41%,开放申购,开放赎回,
2022-08-30,1.1433,1.1433,-0.17%,开放申购,开放赎回,
2022-08-31,1.1447,1.1447,0.12%,开放申购,开放赎回,
2022-09-01,1.1249,1.1249,-1.73%,开放申购,开放赎回,
2022-09-02,1.1183,1.1183,-0.59%,开放申购,开放赎回,
2022-09-05,1.1072,1.1072,-0.99%,开放申购,开放赎回,
2022-09-06,1.1091,1.1091,0.17%,开放申购,开放赎回,
2022-09-07,1.1013,1.1013,-0.70%,开放申购,开放赎回,
2022-09-08,1.0913,1.0913,-0.91%,开放申购,开放赎回,
2022-09-09,1.119,1.119,2.54%,开放申购,开放赎回,
2022-09-13,1.1144,1.1144,-0.41%,开放申购,开放赎回,
2022-09-14,1.0908,1.0908,-2.12%,开放申购,开放赎回,
2022-09-15,1.0951,1.0951,0.39%,开放申购,开放赎回,
2022-09-16,1.0887,1.0887,-0.58%,开放申购,开放赎回,
2022-09-19,1.079,1.079,-0.89%,开放申购,开放赎回,
2022-09-20,1.0919,1.0919,1.20%,开放申购,开放赎回,
2022-09-21,1.074,1.074,-1.64%,开放申购,开放赎回,
2022-09-22,1.0608,1.0608,-1.23%,开放申购,开放赎回,
2022-09-23,1.05,1.05,-1.02%,开放申购,开放赎回,
2022-09-26,1.0503,1.0503,0.03%,开放申购,开放赎回,
2022-09-27,1.0559,1.0559,0.53%,开放申购,开放赎回,
2022-09-28,1.0265,1.0265,-2.78%,开放申购,开放赎回,
2022-09-29,1.021,1.021,-0.54%,开放申购,开放赎回,
2022-09-30,1.0228,1.0228,0.18%,开放申购,开放赎回,
2022-10-10,1.0223,1.0223,-0.05%,开放申购,开放赎回,
2022-10-11,1.0018,1.0018,-2.01%,开放申购,开放赎回,
2022-10-12,0.995,0.995,-0.68%,开放申购,开放赎回,
2022-10-13,0.9775,0.9775,-1.76%,开放申购,开放赎回,
2022-10-14,0.9883,0.9883,1.10%,开放申购,开放赎回,
2022-10-17,0.9893,0.9893,0.10%,开放申购,开放赎回,
2022-10-18,1.0063,1.0063,1.72%,开放申购,开放赎回,
2022-10-19,0.9835,0.9835,-2.27%,开放申购,开放赎回,
2022-10-20,0.9712,0.9712,-1.25%,开放申购,开放赎回,
2022-10-21,0.967,0.967,-0.43%,开放申购,开放赎回,
2022-10-24,0.9079,0.9079,-6.11%,开放申购,开放赎回,
2022-10-25,0.9117,0.9117,0.42%,开放申购,开放赎回,
2022-10-26,0.9191,0.9191,0.81%,开放申购,开放赎回,
2022-10-27,0.924,0.924,0.53%,开放申购,开放赎回,
2022-10-28,0.8929,0.8929,-3.37%,开放申购,开放赎回,
2022-10-31,0.8837,0.8837,-1.03%,开放申购,开放赎回,
2022-11-01,0.9316,0.9316,5.42%,开放申购,开放赎回,
2022-11-02,0.9544,0.9544,2.45%,开放申购,开放赎回,
2022-11-03,0.9299,0.9299,-2.57%,开放申购,开放赎回,
2022-11-04,0.9778,0.9778,5.15%,开放申购,开放赎回,
2022-11-07,1.0002,1.0002,2.29%,开放申购,开放赎回,
2022-11-08,0.9961,0.9961,-0.41%,开放申购,开放赎回,
2022-11-09,0.9853,0.9853,-1.08%,开放申购,开放赎回,
2022-11-10,0.9722,0.9722,-1.33%,开放申购,开放赎回,
2022-11-11,1.0377,1.0377,6.74%,开放申购,开放赎回,
2022-11-14,1.0408,1.0408,0.30%,开放申购,开放赎回,
2022-11-15,1.0746,1.0746,3.25%,开放申购,开放赎回,
2022-11-16,1.0702,1.0702,-0.41%,开放申购,开放赎回,
2022-11-17,1.063,1.063,-0.67%,开放申购,开放赎回,
2022-11-18,1.0652,1.0652,0.21%,开放申购,开放赎回,
2022-11-21,1.0498,1.0498,-1.45%,开放申购,开放赎回,
2022-11-22,1.0449,1.0449,-0.47%,开放申购,开放赎回,
2022-11-23,1.0432,1.0432,-0.16%,开放申购,开放赎回,
2022-11-24,1.0497,1.0497,0.62%,开放申购,开放赎回,
2022-11-25,1.0477,1.0477,-0.19%,开放申购,开放赎回,
2022-11-28,1.0355,1.0355,-1.16%,开放申购,开放赎回,
2022-11-29,1.092,1.092,5.46%,开放申购,开放赎回,
2022-11-30,1.1113,1.1113,1.77%,开放申购,开放赎回,
2022-12-01,1.1129,1.1129,0.14%,开放申购,开放赎回,
2022-12-02,1.1027,1.1027,-0.92%,开放申购,开放赎回,
2022-12-05,1.1466,1.1466,3.98%,开放申购,开放赎回,
2022-12-06,1.1344,1.1344,-1.06%,开放申购,开放赎回,
2022-12-07,1.1011,1.1011,-2.94%,开放申购,开放赎回,
2022-12-08,1.1299,1.1299,2.62%,开放申购,开放赎回,
2022-12-09,1.1554,1.1554,2.26%,开放申购,开放赎回,
2022-12-12,1.1301,1.1301,-2.19%,开放申购,开放赎回,
2022-12-13,1.1424,1.1424,1.09%,开放申购,开放赎回,
2022-12-14,1.1429,1.1429,0.04%,开放申购,开放赎回,
2022-12-15,1.1228,1.1228,-1.76%,开放申购,开放赎回,
2022-12-16,1.1336,1.1336,0.96%,开放申购,开放赎回,
2022-12-19,1.1269,1.1269,-0.59%,开放申购,开放赎回,
2022-12-20,1.1146,1.1146,-1.09%,开放申购,开放赎回,
2022-12-21,1.1139,1.1139,-0.06%,开放申购,开放赎回,
2022-12-22,1.1433,1.1433,2.64%,开放申购,开放赎回,
2022-12-23,1.1387,1.1387,-0.40%,开放申购,开放赎回,
2022-12-26,1.1376,1.1376,-0.10%,暂停申购,暂停赎回,
2022-12-27,1.1338,1.1338,-0.33%,暂停申购,暂停赎回,
2022-12-28,1.154,1.154,1.78%,开放申购,开放赎回,
2022-12-29,1.1474,1.1474,-0.57%,开放申购,开放赎回,
2022-12-30,1.147,1.147,-0.03%,开放申购,开放赎回,
2022-12-31,1.1469,1.1469,-0.01%,开放申购,开放赎回,
2023-01-03,1.1628,1.1628,1.38%,开放申购,开放赎回,
2023-01-04,1.1922,1.1922,2.53%,开放申购,开放赎回,
2023-01-05,1.203,1.203,0.91%,开放申购,开放赎回,
2023-01-06,1.1992,1.1992,-0.32%,开放申购,开放赎回,
2023-01-09,1.2112,1.2112,1.00%,开放申购,开放赎回,
2023-01-10,1.1972,1.1972,-1.16%,开放申购,开放赎回,
2023-01-11,1.205,1.205,0.65%,开放申购,开放赎回,
2023-01-12,1.2076,1.2076,0.22%,开放申购,开放赎回,
2023-01-13,1.2134,1.2134,0.48%,开放申购,开放赎回,
2023-01-16,1.2107,1.2107,-0.22%,开放申购,开放赎回,
2023-01-17,1.2034,1.2034,-0.60%,开放申购,开放赎回,
2023-01-18,1.2134,1.2134,0.83%,开放申购,开放赎回,
2023-01-19,1.2126,1.2126,-0.07%,开放申购,开放赎回,
2023-01-20,1.2328,1.2328,1.67%,开放申购,开放赎回,
2023-01-30,1.2327,1.2327,-0.01%,开放申购,开放赎回,
2023-01-31,1.2191,1.2191,-1.10%,开放申购,开放赎回,
2023-02-01,1.2287,1.2287,0.79%,开放申购,开放赎回,
2023-02-02,1.217,1.217,-0.95%,开放申购,开放赎回,
2023-02-03,1.2043,1.2043,-1.04%,开放申购,开放赎回,
2023-02-06,1.1863,1.1863,-1.49%,开放申购,开放赎回,
2023-02-07,1.1944,1.1944,0.68%,开放申购,开放赎回,
2023-02-08,1.1896,1.1896,-0.40%,开放申购,开放赎回,
2023-02-09,1.2106,1.2106,1.77%,开放申购,开放赎回,
2023-02-10,1.1868,1.1868,-1.97%,开放申购,开放赎回,
2023-02-13,1.1895,1.1895,0.23%,开放申购,开放赎回,
2023-02-14,1.1865,1.1865,-0.25%,开放申购,开放赎回,
2023-02-15,1.1716,1.1716,-1.26%,开放申购,开放赎回,
2023-02-16,1.1863,1.1863,1.25%,开放申购,开放赎回,
2023-02-17,1.1734,1.1734,-1.09%,开放申购,开放赎回,
2023-02-20,1.1834,1.1834,0.85%,开放申购,开放赎回,
2023-02-21,1.1632,1.1632,-1.71%,开放申购,开放赎回,
2023-02-22,1.1597,1.1597,-0.30%,开放申购,开放赎回,
2023-02-23,1.1602,1.1602,0.04%,开放申购,开放赎回,
2023-02-24,1.1395,1.1395,-1.78%,开放申购,开放赎回,
2023-02-27,1.1452,1.1452,0.50%,开放申购,开放赎回,
2023-02-28,1.1358,1.1358,-0.82%,开放申购,开放赎回,
2023-03-01,1.1792,1.1792,3.82%,开放申购,开放赎回,
2023-03-02,1.1621,1.1621,-1.45%,开放申购,开放赎回,
2023-03-03,1.1735,1.1735,0.98%,开放申购,开放赎回,
2023-03-06,1.1729,1.1729,-0.05%,开放申购,开放赎回,
2023-03-07,1.1726,1.1726,-0.03%,开放申购,开放赎回,
2023-03-08,1.152,1.152,-1.76%,开放申购,开放赎回,
2023-03-09,1.1474,1.1474,-0.40%,开放申购,开放赎回,
2023-03-10,1.1141,1.1141,-2.90%,开放申购,开放赎回,
2023-03-13,1.1303,1.1303,1.45%,开放申购,开放赎回,
2023-03-14,1.0988,1.0988,-2.79%,开放申购,开放赎回,
2023-03-15,1.1094,1.1094,0.96%,开放申购,开放赎回,
2023-03-16,1.0977,1.0977,-1.05%,开放申购,开放赎回,
2023-03-17,1.1138,1.1138,1.47%,开放申购,开放赎回,
2023-03-20,1.08,1.08,-3.03%,开放申购,开放赎回,
2023-03-21,1.0957,1.0957,1.45%,开放申购,开放赎回,
2023-03-22,1.1117,1.1117,1.46%,开放申购,开放赎回,
2023-03-23,1.1364,1.1364,2.22%,开放申购,开放赎回,
2023-03-24,1.1238,1.1238,-1.11%,开放申购,开放赎回,
2023-03-27,1.1104,1.1104,-1.19%,开放申购,开放赎回,
2023-03-28,1.1225,1.1225,1.09%,开放申购,开放赎回,
2023-03-29,1.145,1.145,2.00%,开放申购,开放赎回,
2023-03-30,1.1529,1.1529,0.69%,开放申购,开放赎回,
2023-03-31,1.1555,1.1555,0.23%,开放申购,开放赎回,
2023-04-03,1.1571,1.1571,0.14%,开放申购,开放赎回,
2023-04-04,1.1491,1.1491,-0.69%,开放申购,开放赎回,
2023-04-06,1.1524,1.1524,0.29%,开放申购,开放赎回,
2023-04-07,1.1536,1.1536,0.10%,暂停申购,暂停赎回,
2023-04-10,1.1525,1.1525,-0.10%,暂停申购,暂停赎回,
2023-04-11,1.1631,1.1631,0.92%,开放申购,开放赎回,
2023-04-12,1.153,1.153,-0.87%,开放申购,开放赎回,
2023-04-13,1.152,1.152,-0.09%,开放申购,开放赎回,
2023-04-14,1.1559,1.1559,0.34%,开放申购,开放赎回,
2023-04-17,1.1759,1.1759,1.73%,开放申购,开放赎回,
2023-04-18,1.1709,1.1709,-0.43%,开放申购,开放赎回,
2023-04-19,1.1542,1.1542,-1.43%,开放申购,开放赎回,
2023-04-20,1.1592,1.1592,0.43%,开放申购,开放赎回,
2023-04-21,1.1382,1.1382,-1.81%,开放申购,开放赎回,
2023-04-24,1.1333,1.1333,-0.43%,开放申购,开放赎回,
2023-04-25,1.115,1.115,-1.61%,开放申购,开放赎回,
2023-04-26,1.1279,1.1279,1.16%,开放申购,开放赎回,
2023-04-27,1.1318,1.1318,0.35%,开放申购,开放赎回,
2023-04-28,1.1352,1.1352,0.30%,开放申购,开放赎回,
2023-05-04,1.1356,1.1356,0.04%,开放申购,开放赎回,
2023-05-05,1.1418,1.1418,0.55%,开放申购,开放赎回,
2023-05-08,1.156,1.156,1.24%,开放申购,开放赎回,
2023-05-09,1.1338,1.1338,-1.92%,开放申购,开放赎回,
2023-05-10,1.13,1.13,-0.34%,开放申购,开放赎回,
2023-05-11,1.1284,1.1284,-0.14%,开放申购,开放赎回,
2023-05-12,1.1258,1.1258,-0.23%,开放申购,开放赎回,
2023-05-15,1.1469,1.1469,1.87%,开放申购,开放赎回,
2023-05-16,1.1458,1.1458,-0.10%,开放申购,开放赎回,
2023-05-17,1.1264,1.1264,-1.69%,开放申购,开放赎回,
2023-05-18,1.1401,1.1401,1.22%,开放申购,开放赎回,
2023-05-19,1.1322,1.1322,-0.69%,开放申购,开放赎回,
2023-05-22,1.1426,1.1426,0.92%,开放申购,开放赎回,
2023-05-23,1.1321,1.1321,-0.92%,开放申购,开放赎回,
2023-05-24,1.1173,1.1173,-1.31%,开放申购,开放赎回,
2023-05-25,1.0971,1.0971,-1.81%,开放申购,开放赎回,
2023-05-26,1.0996,1.0996,0.23%,暂停申购,暂停赎回,
2023-05-29,1.0861,1.0861,-1.23%,开放申购,开放赎回,
2023-05-30,1.0928,1.0928,0.62%,开放申购,开放赎回,
2023-05-31,1.0717,1.0717,-1.93%,开放申购,开放赎回,
2023-06-01,1.0733,1.0733,0.15%,开放申购,开放赎回,
2023-06-02,1.114,1.114,3.79%,开放申购,开放赎回,
2023-06-05,1.1217,1.1217,0.69%,开放申购,开放赎回,
2023-06-06,1.1239,1.1239,0.20%,开放申购,开放赎回,
2023-06-07,1.1347,1.1347,0.96%,开放申购,开放赎回,
2023-06-08,1.1397,1.1397,0.44%,开放申购,开放赎回,
2023-06-09,1.1438,1.1438,0.36%,开放申购,开放赎回,
2023-06-12,1.1462,1.1462,0.21%,开放申购,开放赎回,
2023-06-13,1.1574,1.1574,0.98%,开放申购,开放赎回,
2023-06-14,1.1532,1.1532,-0.36%,开放申购,开放赎回,
2023-06-15,1.1763,1.1763,2.00%,开放申购,开放赎回,
2023-06-16,1.1872,1.1872,0.93%,开放申购,开放赎回,
2023-06-19,1.1768,1.1768,-0.88%,开放申购,开放赎回,
2023-06-20,1.1673,1.1673,-0.81%,开放申购,开放赎回,
2023-06-21,1.1478,1.1478,-1.67%,开放申购,开放赎回,
2023-06-26,1.1249,1.1249,-2.00%,开放申购,开放赎回,
2023-06-27,1.145,1.145,1.79%,开放申购,开放赎回,
2023-06-28,1.1464,1.1464,0.12%,开放申购,开放赎回,
2023-06-29,1.1342,1.1342,-1.06%,开放申购,开放赎回,
2023-06-30,1.1334,1.1334,-0.07%,开放申购,开放赎回,
2023-07-03,1.1537,1.1537,1.79%,开放申购,开放赎回,
2023-07-04,1.1588,1.1588,0.44%,开放申购,开放赎回,
2023-07-05,1.1414,1.1414,-1.50%,开放申购,开放赎回,
2023-07-06,1.1182,1.1182,-2.03%,开放申购,开放赎回,
2023-07-07,1.1074,1.1074,-0.97%,开放申购,开放赎回,
2023-07-10,1.1116,1.1116,0.38%,开放申购,开放赎回,
2023-07-11,1.1208,1.1208,0.83%,开放申购,开放赎回,
2023-07-12,1.1309,1.1309,0.90%,开放申购,开放赎回,
2023-07-13,1.1558,1.1558,2.20%,开放申购,开放赎回,
2023-07-14,1.157,1.157,0.10%,开放申购,开放赎回,
2023-07-17,1.1578,1.1578,0.07%,暂停申购,暂停赎回,
2023-07-18,1.137,1.137,-1.80%,开放申购,开放赎回,
2023-07-19,1.1337,1.1337,-0.29%,开放申购,开放赎回,
2023-07-20,1.1328,1.1328,-0.08%,开放申购,开放赎回,
2023-07-21,1.1402,1.1402,0.65%,开放申购,开放赎回,
2023-07-24,1.1167,1.1167,-2.06%,开放申购,开放赎回,
2023-07-25,1.1602,1.1602,3.90%,开放申购,开放赎回,
2023-07-26,1.155,1.155,-0.45%,开放申购,开放赎回,
2023-07-27,1.172,1.172,1.47%,开放申购,开放赎回,
2023-07-28,1.1879,1.1879,1.36%,开放申购,开放赎回,
2023-07-31,1.1975,1.1975,0.81%,开放申购,开放赎回,
2023-08-01,1.1927,1.1927,-0.40%,开放申购,开放赎回,
2023-08-02,1.1665,1.1665,-2.20%,开放申购,开放赎回,
2023-08-03,1.1617,1.1617,-0.41%,开放申购,开放赎回,
2023-08-04,1.1665,1.1665,0.41%,开放申购,开放赎回,
2023-08-07,1.1655,1.1655,-0.09%,开放申购,开放赎回,
2023-08-08,1.1485,1.1485,-1.46%,开放申购,开放赎回,
2023-08-09,1.1515,1.1515,0.26%,开放申购,开放赎回,
2023-08-10,1.1516,1.1516,0.01%,开放申购,开放赎回,
2023-08-11,1.142,1.142,-0.83%,开放申购,开放赎回,
2023-08-14,1.1263,1.1263,-1.37%,开放申购,开放赎回,
2023-08-15,1.116,1.116,-0.91%,开放申购,开放赎回,
2023-08-16,1.1044,1.1044,-1.04%,开放申购,开放赎回,
2023-08-17,1.1043,1.1043,-0.01%,开放申购,开放赎回,
2023-08-18,1.0826,1.0826,-1.97%,开放申购,开放赎回,
2023-08-21,1.0631,1.0631,-1.80%,开放申购,开放赎回,
2023-08-22,1.0718,1.0718,0.82%,开放申购,开放赎回,
2023-08-23,1.0752,1.0752,0.32%,开放申购,开放赎回,
2023-08-24,1.0944,1.0944,1.79%,开放申购,开放赎回,
2023-08-25,1.0795,1.0795,-1.36%,开放申购,开放赎回,
2023-08-28,1.0889,1.0889,0.87%,开放申购,开放赎回,
2023-08-29,1.1089,1.1089,1.84%,开放申购,开放赎回,
2023-08-30,1.1082,1.1082,-0.06%,开放申购,开放赎回,
2023-08-31,1.1028,1.1028,-0.49%,开放申购,开放赎回,
2023-09-01,1.103,1.103,0.02%,暂停申购,暂停赎回,
2023-09-04,1.1299,1.1299,2.44%,开放申购,开放赎回,
2023-09-05,1.1089,1.1089,-1.86%,开放申购,开放赎回,
2023-09-06,1.1107,1.1107,0.16%,开放申购,开放赎回,
2023-09-07,1.0975,1.0975,-1.19%,开放申购,开放赎回,
2023-09-08,1.1004,1.1004,0.26%,暂停申购,暂停赎回,
2023-09-11,1.0949,1.0949,-0.50%,开放申购,开放赎回,
2023-09-12,1.0902,1.0902,-0.43%,开放申购,开放赎回,
2023-09-13,1.0887,1.0887,-0.14%,开放申购,开放赎回,
2023-09-14,1.0904,1.0904,0.16%,开放申购,开放赎回,
2023-09-15,1.0968,1.0968,0.59%,开放申购,开放赎回,
2023-09-18,1.082,1.082,-1.35%,开放申购,开放赎回,
2023-09-19,1.087,1.087,0.46%,开放申购,开放赎回,
2023-09-20,1.0801,1.0801,-0.63%,开放申购,开放赎回,
2023-09-21,1.0666,1.0666,-1.25%,开放申购,开放赎回,
2023-09-22,1.0903,1.0903,2.22%,开放申购,开放赎回,
2023-09-25,1.0712,1.0712,-1.75%,开放申购,开放赎回,
2023-09-26,1.0566,1.0566,-1.36%,开放申购,开放赎回,
2023-09-27,1.0639,1.0639,0.69%,开放申购,开放赎回,
2023-09-28,1.0508,1.0508,-1.23%,开放申购,开放赎回,
2023-10-09,1.0578,1.0578,0.67%,开放申购,开放赎回,
2023-10-10,1.0672,1.0672,0.89%,开放申购,开放赎回,
2023-10-11,1.0808,1.0808,1.27%,开放申购,开放赎回,
2023-10-12,1.1001,1.1001,1.79%,开放申购,开放赎回,
2023-10-13,1.0754,1.0754,-2.25%,开放申购,开放赎回,
2023-10-16,1.0659,1.0659,-0.88%,开放申购,开放赎回,
2023-10-17,1.0743,1.0743,0.79%,开放申购,开放赎回,
2023-10-18,1.071,1.071,-0.31%,开放申购,开放赎回,
2023-10-19,1.0455,1.0455,-2.38%,开放申购,开放赎回,
2023-10-20,1.039,1.039,-0.62%,开放申购,开放赎回,
2023-10-23,1.0386,1.0386,-0.04%,暂停申购,暂停赎回,
2023-10-24,1.028,1.028,-1.02%,开放申购,开放赎回,
2023-10-25,1.0339,1.0339,0.57%,开放申购,开放赎回,
2023-10-26,1.0312,1.0312,-0.26%,开放申购,开放赎回,
2023-10-27,1.0518,1.0518,2.00%,开放申购,开放赎回,
2023-10-30,1.0522,1.0522,0.04%,开放申购,开放赎回,
2023-10-31,1.0352,1.0352,-1.62%,开放申购,开放赎回,
2023-11-01,1.0337,1.0337,-0.14%,开放申购,开放赎回,
2023-11-02,1.042,1.042,0.80%,开放申购,开放赎回,
2023-11-03,1.066,1.066,2.30%,开放申购,开放赎回,
2023-11-06,1.084,1.084,1.69%,开放申购,开放赎回,
2023-11-07,1.0672,1.0672,-1.55%,开放申购,开放赎回,
2023-11-08,1.0615,1.0615,-0.53%,开放申购,开放赎回,
2023-11-09,1.0593,1.0593,-0.21%,开放申购,开放赎回,
2023-11-10,1.0426,1.0426,-1.58%,开放申购,开放赎回,
2023-11-13,1.0551,1.0551,1.20%,开放申购,开放赎回,
2023-11-14,1.0533,1.0533,-0.17%,开放申购,开放赎回,
2023-11-15,1.0929,1.0929,3.76%,开放申购,开放赎回,
2023-11-16,1.078,1.078,-1.36%,开放申购,开放赎回,
2023-11-17,1.0577,1.0577,-1.88%,开放申购,开放赎回,
2023-11-20,1.0749,1.0749,1.63%,开放申购,开放赎回,
2023-11-21,1.07,1.07,-0.46%,开放申购,开放赎回,
2023-11-22,1.0675,1.0675,-0.23%,开放申购,开放赎回,
2023-11-23,1.0767,1.0767,0.86%,开放申购,开放赎回,
2023-11-24,1.0558,1.0558,-1.94%,开放申购,开放赎回,
2023-11-27,1.055,1.055,-0.08%,开放申购,开放赎回,
2023-11-28,1.0446,1.0446,-0.99%,开放申购,开放赎回,
2023-11-29,1.022,1.022,-2.16%,开放申购,开放赎回,
2023-11-30,1.0232,1.0232,0.12%,开放申购,开放赎回,
2023-12-01,1.012,1.012,-1.09%,开放申购,开放赎回,
2023-12-04,1.0002,1.0002,-1.17%,开放申购,开放赎回,
2023-12-05,0.9832,0.9832,-1.70%,开放申购,开放赎回,
2023-12-06,0.9906,0.9906,0.75%,开放申购,开放赎回,
2023-12-07,0.9853,0.9853,-0.54%,开放申购,开放赎回,
2023-12-08,0.9837,0.9837,-0.16%,开放申购,开放赎回,
2023-12-11,0.9765,0.9765,-0.73%,开放申购,开放赎回,
2023-12-12,0.9872,0.9872,1.10%,开放申购,开放赎回,
2023-12-13,0.978,0.978,-0.93%,开放申购,开放赎回,
2023-12-14,0.9877,0.9877,0.99%,开放申购,开放赎回,
2023-12-15,1.0081,1.0081,2.07%,开放申购,开放赎回,
2023-12-18,0.9987,0.9987,-0.93%,开放申购,开放赎回,
2023-12-19,0.9933,0.9933,-0.54%,开放申购,开放赎回,
2023-12-20,0.9997,0.9997,0.64%,开放申购,开放赎回,
2023-12-21,0.9998,0.9998,0.01%,开放申购,开放赎回,
2023-12-22,0.9827,0.9827,-1.71%,开放申购,开放赎回,
2023-12-25,0.9825,0.9825,-0.02%,暂停申购,暂停赎回,
2023-12-26,0.9826,0.9826,0.01%,暂停申购,暂停赎回,
2023-12-27,0.9993,0.9993,1.70%,开放申购,开放赎回,
2023-12-28,1.0226,1.0226,2.33%,开放申购,开放赎回,
2023-12-29,1.0202,1.0202,-0.23%,开放申购,开放赎回,
2023-12-31,1.0202,1.0202,0.00%,开放申购,开放赎回,
2024-01-02,1.0048,1.0048,-1.51%,开放申购,开放赎回,
2024-01-03,0.9997,0.9997,-0.51%,开放申购,开放赎回,
2024-01-04,1.0004,1.0004,0.07%,开放申购,开放赎回,
2024-01-05,0.9941,0.9941,-0.63%,开放申购,开放赎回,
2024-01-08,0.976,0.976,-1.82%,开放申购,开放赎回,
2024-01-09,0.9742,0.9742,-0.18%,开放申购,开放赎回,
2024-01-10,0.9686,0.9686,-0.57%,开放申购,开放赎回,
2024-01-11,0.9806,0.9806,1.24%,开放申购,开放赎回,
2024-01-12,0.9768,0.9768,-0.39%,开放申购,开放赎回,
2024-01-15,0.9753,0.9753,-0.15%,开放申购,开放赎回,
2024-01-16,0.9554,0.9554,-2.04%,开放申购,开放赎回,
2024-01-17,0.9219,0.9219,-3.51%,开放申购,开放赎回,
2024-01-18,0.929,0.929,0.77%,开放申购,开放赎回,
2024-01-19,0.9243,0.9243,-0.51%,开放申购,开放赎回,
2024-01-22,0.9039,0.9039,-2.21%,开放申购,开放赎回,
2024-01-23,0.9261,0.9261,2.46%,开放申购,开放赎回,
2024-01-24,0.9563,0.9563,3.26%,开放申购,开放赎回,
2024-01-25,0.9741,0.9741,1.86%,开放申购,开放赎回,
2024-01-26,0.9598,0.9598,-1.47%,开放申购,开放赎回,
2024-01-29,0.9674,0.9674,0.79%,开放申购,开放赎回,
2024-01-30,0.9456,0.9456,-2.25%,开放申购,开放赎回,
2024-01-31,0.9325,0.9325,-1.39%,开放申购,开放赎回,
2024-02-01,0.9371,0.9371,0.49%,开放申购,开放赎回,
2024-02-02,0.9345,0.9345,-0.28%,开放申购,开放赎回,
2024-02-05,0.9337,0.9337,-0.09%,开放申购,开放赎回,
2024-02-06,0.9695,0.9695,3.83%,开放申购,开放赎回,
2024-02-07,0.966,0.966,-0.36%,开放申购,开放赎回,
2024-02-08,0.9547,0.9547,-1.17%,开放申购,开放赎回,
2024-02-19,0.9697,0.9697,1.57%,开放申购,开放赎回,
2024-02-20,0.9754,0.9754,0.59%,开放申购,开放赎回,
2024-02-21,0.9894,0.9894,1.44%,开放申购,开放赎回,
2024-02-22,1.0032,1.0032,1.39%,开放申购,开放赎回,
2024-02-23,1.0024,1.0024,-0.08%,开放申购,开放赎回,
2024-02-26,0.9971,0.9971,-0.53%,开放申购,开放赎回,
2024-02-27,1.0059,1.0059,0.88%,开放申购,开放赎回,
2024-02-28,0.9911,0.9911,-1.47%,开放申购,开放赎回,
2024-02-29,0.9888,0.9888,-0.23%,开放申购,开放赎回,
2024-03-01,0.9935,0.9935,0.48%,开放申购,开放赎回,
2024-03-04,0.9933,0.9933,-0.02%,开放申购,开放赎回,
2024-03-05,0.9691,0.9691,-2.44%,开放申购,开放赎回,
2024-03-06,0.985,0.985,1.64%,开放申购,开放赎回,
2024-03-07,0.9755,0.9755,-0.96%,开放申购,开放赎回,
2024-03-08,0.9827,0.9827,0.74%,开放申购,开放赎回,
2024-03-11,0.996,0.996,1.35%,开放申购,开放赎回,
2024-03-12,1.0248,1.0248,2.89%,开放申购,开放赎回,
2024-03-13,1.0238,1.0238,-0.10%,开放申购,开放赎回,
2024-03-14,1.0175,1.0175,-0.62%,开放申购,开放赎回,
2024-03-15,1.0037,1.0037,-1.36%,开放申购,开放赎回,
2024-03-18,1.0042,1.0042,0.05%,开放申购,开放赎回,
2024-03-19,0.9931,0.9931,-1.11%,开放申购,开放赎回,
2024-03-20,0.9934,0.9934,0.03%,开放申购,开放赎回,
2024-03-21,1.0115,1.0115,1.82%,开放申购,开放赎回,
2024-03-22,0.9917,0.9917,-1.96%,开放申购,开放赎回,
2024-03-25,0.9899,0.9899,-0.18%,开放申购,开放赎回,
2024-03-26,0.9975,0.9975,0.77%,开放申购,开放赎回,
2024-03-27,0.9843,0.9843,-1.32%,开放申购,开放赎回,
2024-03-28,0.9928,0.9928,0.86%,开放申购,开放赎回,
2024-03-29,0.9924,0.9924,-0.04%,暂停申购,暂停赎回,
2024-04-01,0.9922,0.9922,-0.02%,暂停申购,暂停赎回,
2024-04-02,1.0149,1.0149,2.29%,开放申购,开放赎回,
2024-04-03,1.0029,1.0029,-1.18%,开放申购,开放赎回,
2024-04-08,1.0033,1.0033,0.04%,开放申购,开放赎回,
2024-04-09,1.0084,1.0084,0.51%,开放申购,开放赎回,
2024-04-10,1.0264,1.0264,1.79%,开放申购,开放赎回,
2024-04-11,1.0234,1.0234,-0.29%,开放申购,开放赎回,
2024-04-12,1.0018,1.0018,-2.11%,开放申购,开放赎回,
2024-04-15,0.9949,0.9949,-0.69%,开放申购,开放赎回,
2024-04-16,0.9762,0.9762,-1.88%,开放申购,开放赎回,
2024-04-17,0.9762,0.9762,0.00%,开放申购,开放赎回,
2024-04-18,0.9838,0.9838,0.78%,开放申购,开放赎回,
2024-04-19,0.9747,0.9747,-0.92%,开放申购,开放赎回,
2024-04-22,0.9909,0.9909,1.66%,开放申购,开放赎回,
2024-04-23,1.0092,1.0092,1.85%,开放申购,开放赎回,
2024-04-24,1.0304,1.0304,2.10%,开放申购,开放赎回,
2024-04-25,1.036,1.036,0.54%,开放申购,开放赎回,
2024-04-26,1.0572,1.0572,2.05%,开放申购,开放赎回,
2024-04-29,1.0626,1.0626,0.51%,开放申购,开放赎回,
2024-04-30,1.064,1.064,0.13%,开放申购,开放赎回,
2024-05-06,1.1112,1.1112,4.44%,开放申购,开放赎回,
2024-05-07,1.1046,1.1046,-0.59%,开放申购,开放赎回,
2024-05-08,1.0949,1.0949,-0.88%,开放申购,开放赎回,
2024-05-09,1.1104,1.1104,1.42%,开放申购,开放赎回,
2024-05-10,1.1347,1.1347,2.19%,开放申购,开放赎回,
2024-05-13,1.1437,1.1437,0.79%,开放申购,开放赎回,
2024-05-14,1.1425,1.1425,-0.10%,开放申购,开放赎回,
2024-05-15,1.1424,1.1424,-0.01%,暂停申购,暂停赎回,
2024-05-16,1.16,1.16,1.54%,开放申购,开放赎回,
2024-05-17,1.1716,1.1716,1.00%,开放申购,开放赎回,
2024-05-20,1.1764,1.1764,0.41%,开放申购,开放赎回,
2024-05-21,1.1541,1.1541,-1.90%,开放申购,开放赎回,
2024-05-22,1.1519,1.1519,-0.19%,开放申购,开放赎回,
2024-05-23,1.1336,1.1336,-1.59%,开放申购,开放赎回,
2024-05-24,1.1181,1.1181,-1.37%,开放申购,开放赎回,
2024-05-27,1.13,1.13,1.06%,开放申购,开放赎回,
2024-05-28,1.1312,1.1312,0.11%,开放申购,开放赎回,
2024-05-29,1.1118,1.1118,-1.71%,开放申购,开放赎回,
2024-05-30,1.0973,1.0973,-1.30%,开放申购,开放赎回,
2024-05-31,1.0879,1.0879,-0.86%,开放申购,开放赎回,
2024-06-03,1.1062,1.1062,1.68%,开放申购,开放赎回,
2024-06-04,1.1086,1.1086,0.22%,开放申购,开放赎回,
2024-06-05,1.1092,1.1092,0.05%,开放申购,开放赎回,
2024-06-06,1.114,1.114,0.43%,开放申购,开放赎回,
2024-06-07,1.1079,1.1079,-0.55%,开放申购,开放赎回,
2024-06-11,1.0977,1.0977,-0.92%,开放申购,开放赎回,
2024-06-12,1.0863,1.0863,-1.04%,开放申购,开放赎回,
2024-06-13,1.0969,1.0969,0.98%,开放申购,开放赎回,
2024-06-14,1.0873,1.0873,-0.88%,开放申购,开放赎回,
2024-06-17,1.0872,1.0872,-0.01%,开放申购,开放赎回,
2024-06-18,1.0863,1.0863,-0.08%,开放申购,开放赎回,
2024-06-19,1.1167,1.1167,2.80%,开放申购,开放赎回,
2024-06-20,1.1117,1.1117,-0.45%,开放申购,开放赎回,
2024-06-21,1.0945,1.0945,-1.55%,开放申购,开放赎回,
2024-06-24,1.0945,1.0945,0.00%,开放申购,开放赎回,
2024-06-25,1.0971,1.0971,0.24%,开放申购,开放赎回,
2024-06-26,1.098,1.098,0.08%,开放申购,开放赎回,
2024-06-27,1.078,1.078,-1.82%,开放申购,开放赎回,
2024-06-28,1.0782,1.0782,0.02%,开放申购,开放赎回,
2024-06-30,1.0781,1.0781,-0.01%,开放申购,开放赎回,
2024-07-01,1.078,1.078,-0.01%,暂停申购,暂停赎回,
2024-07-02,1.0813,1.0813,0.31%,开放申购,开放赎回,
2024-07-03,1.0942,1.0942,1.19%,开放申购,开放赎回,
2024-07-04,1.1012,1.1012,0.64%,开放申购,开放赎回,
2024-07-05,1.0877,1.0877,-1.23%,开放申购,开放赎回,
2024-07-08,1.075,1.075,-1.17%,开放申购,开放赎回,
2024-07-09,1.0754,1.0754,0.04%,开放申购,开放赎回,
2024-07-10,1.0728,1.0728,-0.24%,开放申购,开放赎回,
2024-07-11,1.094,1.094,1.98%,开放申购,开放赎回,
2024-07-12,1.121,1.121,2.47%,开放申购,开放赎回,
2024-07-15,1.1048,1.1048,-1.45%,开放申购,开放赎回,
2024-07-16,1.0883,1.0883,-1.49%,开放申购,开放赎回,
2024-07-17,1.0889,1.0889,0.06%,开放申购,开放赎回,
2024-07-18,1.0908,1.0908,0.17%,开放申购,开放赎回,
2024-07-19,1.0697,1.0697,-1.93%,开放申购,开放赎回,
2024-07-22,1.0825,1.0825,1.20%,开放申购,开放赎回,
2024-07-23,1.0732,1.0732,-0.86%,开放申购,开放赎回,
2024-07-24,1.0641,1.0641,-0.85%,开放申购,开放赎回,
2024-07-25,1.0458,1.0458,-1.72%,开放申购,开放赎回,
2024-07-26,1.0461,1.0461,0.03%,开放申购,开放赎回,
2024-07-29,1.0591,1.0591,1.24%,开放申购,开放赎回,
2024-07-30,1.0455,1.0455,-1.28%,开放申购,开放赎回,
2024-07-31,1.0654,1.0654,1.90%,开放申购,开放赎回,
2024-08-01,1.0625,1.0625,-0.27%,开放申购,开放赎回,
2024-08-02,1.0422,1.0422,-1.91%,开放申购,开放赎回,
2024-08-05,1.0318,1.0318,-1.00%,开放申购,开放赎回,
2024-08-06,1.0267,1.0267,-0.49%,开放申购,开放赎回,
2024-08-07,1.0404,1.0404,1.33%,开放申购,开放赎回,
2024-08-08,1.0429,1.0429,0.24%,开放申购,开放赎回,
2024-08-09,1.0537,1.0537,1.04%,开放申购,开放赎回,
2024-08-12,1.0544,1.0544,0.07%,开放申购,开放赎回,
2024-08-13,1.0594,1.0594,0.47%,开放申购,开放赎回,
2024-08-14,1.0555,1.0555,-0.37%,开放申购,开放赎回,
2024-08-15,1.0553,1.0553,-0.02%,开放申购,开放赎回,
2024-08-16,1.0742,1.0742,1.79%,开放申购,开放赎回,
2024-08-19,1.0822,1.0822,0.74%,开放申购,开放赎回,
2024-08-20,1.0784,1.0784,-0.35%,开放申购,开放赎回,
2024-08-21,1.0707,1.0707,-0.71%,开放申购,开放赎回,
2024-08-22,1.0839,1.0839,1.23%,开放申购,开放赎回,
2024-08-23,1.0835,1.0835,-0.04%,开放申购,开放赎回,
2024-08-26,1.0914,1.0914,0.73%,开放申购,开放赎回,
2024-08-27,1.097,1.097,0.51%,开放申购,开放赎回,
2024-08-28,1.0855,1.0855,-1.05%,开放申购,开放赎回,
2024-08-29,1.0926,1.0926,0.65%,开放申购,开放赎回,
2024-08-30,1.1023,1.1023,0.89%,开放申购,开放赎回,
2024-09-02,1.0846,1.0846,-1.61%,开放申购,开放赎回,
2024-09-03,1.0839,1.0839,-0.06%,开放申购,开放赎回,
2024-09-04,1.0739,1.0739,-0.92%,开放申购,开放赎回,
2024-09-05,1.0717,1.0717,-0.20%,开放申购,开放赎回,
2024-09-06,1.0708,1.0708,-0.08%,暂停申购,暂停赎回,
2024-09-09,1.0574,1.0574,-1.25%,开放申购,开放赎回,
2024-09-10,1.0615,1.0615,0.39%,开放申购,开放赎回,
2024-09-11,1.0554,1.0554,-0.57%,开放申购,开放赎回,
2024-09-12,1.0644,1.0644,0.85%,开放申购,开放赎回,
2024-09-13,1.0692,1.0692,0.45%,开放申购,开放赎回,
2024-09-18,1.0848,1.0848,1.46%,暂停申购,暂停赎回,
2024-09-19,1.1069,1.1069,2.04%,开放申购,开放赎回,
2024-09-20,1.1165,1.1165,0.87%,开放申购,开放赎回,
2024-09-23,1.1145,1.1145,-0.18%,开放申购,开放赎回,
2024-09-24,1.1587,1.1587,3.97%,开放申购,开放赎回,
2024-09-25,1.1622,1.1622,0.30%,开放申购,开放赎回,
2024-09-26,1.2105,1.2105,4.16%,开放申购,开放赎回,
2024-09-27,1.2477,1.2477,3.07%,开放申购,开放赎回,
2024-09-30,1.2766,1.2766,2.32%,开放申购,开放赎回,
2024-10-08,1.2743,1.2743,-0.18%,开放申购,开放赎回,
2024-10-09,1.2546,1.2546,-1.55%,开放申购,开放赎回,
2024-10-10,1.294,1.294,3.14%,开放申购,开放赎回,
2024-10-11,1.2942,1.2942,0.02%,暂停申购,暂停赎回,
2024-10-14,1.2842,1.2842,-0.77%,开放申购,开放赎回,
2024-10-15,1.2425,1.2425,-3.25%,开放申购,开放赎回,
2024-10-16,1.2458,1.2458,0.27%,开放申购,开放赎回,
2024-10-17,1.2332,1.2332,-1.01%,开放申购,开放赎回,
2024-10-18,1.2771,1.2771,3.56%,开放申购,开放赎回,
2024-10-21,1.2533,1.2533,-1.86%,开放申购,开放赎回,
2024-10-22,1.2578,1.2578,0.36%,开放申购,开放赎回,
2024-10-23,1.2737,1.2737,1.26%,开放申购,开放赎回,
2024-10-24,1.259,1.259,-1.15%,开放申购,开放赎回,
2024-10-25,1.2615,1.2615,0.20%,开放申购,开放赎回,
2024-10-28,1.2649,1.2649,0.27%,开放申购,开放赎回,
2024-10-29,1.2713,1.2713,0.51%,开放申购,开放赎回,
2024-10-30,1.2539,1.2539,-1.37%,开放申购,开放赎回,
2024-10-31,1.2475,1.2475,-0.51%,开放申购,开放赎回,
2024-11-01,1.2564,1.2564,0.71%,开放申购,开放赎回,
2024-11-04,1.2608,1.2608,0.35%,开放申购,开放赎回,
2024-11-05,1.2837,1.2837,1.82%,开放申购,开放赎回,
2024-11-06,1.2566,1.2566,-2.11%,开放申购,开放赎回,
2024-11-07,1.2924,1.2924,2.85%,开放申购,开放赎回,
2024-11-08,1.2747,1.2747,-1.37%,开放申购,开放赎回,
2024-11-11,1.2632,1.2632,-0.90%,开放申购,开放赎回,
2024-11-12,1.2313,1.2313,-2.53%,开放申购,开放赎回,
2024-11-13,1.2302,1.2302,-0.09%,开放申购,开放赎回,
2024-11-14,1.2067,1.2067,-1.91%,开放申购,开放赎回,
2024-11-15,1.2062,1.2062,-0.04%,开放申购,开放赎回,
2024-11-18,1.2138,1.2138,0.63%,开放申购,开放赎回,
2024-11-19,1.2191,1.2191,0.44%,开放申购,开放赎回,
2024-11-20,1.2219,1.2219,0.23%,开放申购,开放赎回,
2024-11-21,1.2157,1.2157,-0.51%,开放申购,开放赎回,
2024-11-22,1.1938,1.1938,-1.80%,开放申购,开放赎回,
2024-11-25,1.1888,1.1888,-0.42%,开放申购,开放赎回,
2024-11-26,1.1896,1.1896,0.07%,开放申购,开放赎回,
2024-11-27,1.217,1.217,2.30%,开放申购,开放赎回,
2024-11-28,1.2016,1.2016,-1.27%,开放申购,开放赎回,
2024-11-29,1.2047,1.2047,0.26%,开放申购,开放赎回,
2024-12-02,1.212,1.212,0.61%,开放申购,开放赎回,
2024-12-03,1.2257,1.2257,1.13%,开放申购,开放赎回,
2024-12-04,1.2241,1.2241,-0.13%,开放申购,开放赎回,
2024-12-05,1.2129,1.2129,-0.91%,开放申购,开放赎回,
2024-12-06,1.2306,1.2306,1.46%,开放申购,开放赎回,
2024-12-09,1.2644,1.2644,2.75%,开放申购,开放赎回,
2024-12-10,1.2597,1.2597,-0.37%,开放申购,开放赎回,
2024-12-11,1.2486,1.2486,-0.88%,开放申购,开放赎回,
2024-12-12,1.2633,1.2633,1.18%,开放申购,开放赎回,
2024-12-13,1.2381,1.2381,-1.99%,开放申购,开放赎回,
2024-12-16,1.2274,1.2274,-0.86%,开放申购,开放赎回,
2024-12-17,1.2223,1.2223,-0.42%,开放申购,开放赎回,
2024-12-18,1.2325,1.2325,0.83%,开放申购,开放赎回,
2024-12-19,1.2258,1.2258,-0.54%,开放申购,开放赎回,
2024-12-20,1.2236,1.2236,-0.18%,开放申购,开放赎回,
2024-12-23,1.2325,1.2325,0.73%,开放申购,开放赎回,
2024-12-24,1.2459,1.2459,1.09%,暂停申购,暂停赎回,
2024-12-25,1.2461,1.2461,0.02%,暂停申购,暂停赎回,
2024-12-26,1.2466,1.2466,0.04%,暂停申购,暂停赎回,
2024-12-27,1.2458,1.2458,-0.06%,开放申购,开放赎回,
2024-12-30,1.2429,1.2429,-0.23%,开放申购,开放赎回,
2024-12-31,1.2446,1.2446,0.14%,暂停申购,暂停赎回,
2025-01-02,1.2197,1.2197,-2.00%,开放申购,开放赎回,
2025-01-03,1.227,1.227,0.60%,开放申购,开放赎回,
2025-01-06,1.2226,1.2226,-0.36%,开放申购,开放赎回,
2025-01-07,1.209,1.209,-1.11%,开放申购,开放赎回,
2025-01-08,1.1988,1.1988,-0.84%,开放申购,开放赎回,
2025-01-09,1.1958,1.1958,-0.25%,开放申购,开放赎回,
2025-01-10,1.1851,1.1851,-0.89%,开放申购,开放赎回,
2025-01-13,1.1735,1.1735,-0.98%,开放申购,开放赎回,
2025-01-14,1.1944,1.1944,1.78%,开放申购,开放赎回,
2025-01-15,1.1978,1.1978,0.28%,开放申购,开放赎回,
2025-01-16,1.212,1.212,1.19%,开放申购,开放赎回,
2025-01-17,1.2154,1.2154,0.28%,开放申购,开放赎回,
2025-01-20,1.2361,1.2361,1.70%,开放申购,开放赎回,
2025-01-21,1.2443,1.2443,0.66%,开放申购,开放赎回,
2025-01-22,1.2241,1.2241,-1.62%,开放申购,开放赎回,
2025-01-23,1.2197,1.2197,-0.36%,开放申购,开放赎回,
2025-01-24,1.2406,1.2406,1.71%,开放申购,开放赎回,
2025-01-27,1.2484,1.2484,0.63%,开放申购,开放赎回,
2025-02-05,1.272,1.272,1.89%,开放申购,开放赎回,
2025-02-06,1.2891,1.2891,1.34%,开放申购,开放赎回,
2025-02-07,1.304,1.304,1.16%,开放申购,开放赎回,
2025-02-10,1.3264,1.3264,1.72%,开放申购,开放赎回,
2025-02-11,1.3133,1.3133,-0.99%,开放申购,开放赎回,
2025-02-12,1.3457,1.3457,2.47%,开放申购,开放赎回,
2025-02-13,1.3445,1.3445,-0.09%,开放申购,开放赎回,
2025-02-14,1.3921,1.3921,3.54%,开放申购,开放赎回,
2025-02-17,1.392,1.392,-0.01%,开放申购,开放赎回,
2025-02-18,1.4135,1.4135,1.54%,开放申购,开放赎回,
2025-02-19,1.4124,1.4124,-0.08%,开放申购,开放赎回,
2025-02-20,1.391,1.391,-1.52%,开放申购,开放赎回,
2025-02-21,1.4445,1.4445,3.85%,开放申购,开放赎回,
2025-02-24,1.4373,1.4373,-0.50%,开放申购,开放赎回,
2025-02-25,1.4182,1.4182,-1.33%,开放申购,开放赎回,
2025-02-26,1.4632,1.4632,3.17%,开放申购,开放赎回,
2025-02-27,1.459,1.459,-0.29%,开放申购,开放赎回,
2025-02-28,1.4132,1.4132,-3.14%,开放申购,开放赎回,
2025-03-03,1.4165,1.4165,0.23%,开放申购,开放赎回,
2025-03-04,1.4127,1.4127,-0.27%,开放申购,开放赎回,
2025-03-05,1.4516,1.4516,2.75%,开放申购,开放赎回,
2025-03-06,1.5,1.5,3.33%,开放申购,开放赎回,
2025-03-07,1.4919,1.4919,-0.54%,开放申购,开放赎回,
2025-03-10,1.465,1.465,-1.80%,开放申购,开放赎回,
2025-03-11,1.4659,1.4659,0.06%,开放申购,开放赎回,
2025-03-12,1.4545,1.4545,-0.78%,开放申购,开放赎回,
2025-03-13,1.4471,1.4471,-0.51%,开放申购,开放赎回,
2025-03-14,1.4767,1.4767,2.05%,开放申购,开放赎回,
2025-03-17,1.4863,1.4863,0.65%,开放申购,开放赎回,
2025-03-18,1.5225,1.5225,2.44%,开放申购,开放赎回,
2025-03-19,1.523,1.523,0.03%,开放申购,开放赎回,
2025-03-20,1.4917,1.4917,-2.06%,开放申购,开放赎回,
2025-03-21,1.4598,1.4598,-2.14%,开放申购,开放赎回,
2025-03-24,1.4736,1.4736,0.95%,开放申购,开放赎回,
2025-03-25,1.4398,1.4398,-2.29%,开放申购,开放赎回,
2025-03-26,1.4471,1.4471,0.51%,开放申购,开放赎回,
2025-03-27,1.4532,1.4532,0.42%,开放申购,开放赎回,
2025-03-28,1.4434,1.4434,-0.67%,开放申购,开放赎回,
2025-03-31,1.4254,1.4254,-1.25%,开放申购,开放赎回,
2025-04-01,1.4303,1.4303,0.34%,开放申购,开放赎回,
2025-04-02,1.4299,1.4299,-0.03%,开放申购,开放赎回,
2025-04-03,1.4098,1.4098,-1.41%,开放申购,开放赎回,
2025-04-07,1.2337,1.2337,-12.49%,开放申购,开放赎回,
2025-04-08,1.252,1.252,1.48%,开放申购,开放赎回,
2025-04-09,1.262,1.262,0.80%,开放申购,开放赎回,
2025-04-10,1.2887,1.2887,2.12%,开放申购,开放赎回,
2025-04-11,1.3023,1.3023,1.06%,开放申购,开放赎回,
2025-04-14,1.3327,1.3327,2.33%,开放申购,开放赎回,
2025-04-15,1.3358,1.3358,0.23%,开放申购,开放赎回,
2025-04-16,1.313,1.313,-1.71%,开放申购,开放赎回,
2025-04-17,1.3308,1.3308,1.36%,开放申购,开放赎回,
2025-04-18,1.33,1.33,-0.06%,暂停申购,暂停赎回,
2025-04-21,1.3302,1.3302,0.02%,暂停申购,暂停赎回,
2025-04-22,1.3411,1.3411,0.82%,开放申购,开放赎回,
2025-04-23,1.3729,1.3729,2.37%,开放申购,开放赎回,
2025-04-24,1.3622,1.3622,-0.78%,开放申购,开放赎回,
2025-04-25,1.3663,1.3663,0.30%,开放申购,开放赎回,
2025-04-28,1.3656,1.3656,-0.05%,开放申购,开放赎回,
2025-04-29,1.3675,1.3675,0.14%,开放申购,开放赎回,
2025-04-30,1.3755,1.3755,0.59%,开放申购,开放赎回,
2025-05-06,1.4083,1.4083,2.38%,开放申购,开放赎回,
2025-05-07,1.4102,1.4102,0.13%,开放申购,开放赎回,
2025-05-08,1.416,1.416,0.41%,开放申购,开放赎回,
2025-05-09,1.4195,1.4195,0.25%,开放申购,开放赎回,
2025-05-12,1.4577,1.4577,2.69%,开放申购,开放赎回,
2025-05-13,1.4283,1.4283,-2.02%,开放申购,开放赎回,
2025-05-14,1.4584,1.4584,2.11%,开放申购,开放赎回,
2025-05-15,1.4476,1.4476,-0.74%,开放申购,开放赎回,
2025-05-16,1.4408,1.4408,-0.47%,开放申购,开放赎回,
2025-05-19,1.4378,1.4378,-0.21%,开放申购,开放赎回,
2025-05-20,1.4576,1.4576,1.38%,开放申购,开放赎回,
2025-05-21,1.466,1.466,0.58%,开放申购,开放赎回,
2025-05-22,1.449,1.449,-1.16%,开放申购,开放赎回,
2025-05-23,1.4524,1.4524,0.23%,开放申购,开放赎回,
2025-05-26,1.4313,1.4313,-1.45%,开放申购,开放赎回,
2025-05-27,1.438,1.438,0.47%,开放申购,开放赎回,
2025-05-28,1.4322,1.4322,-0.40%,开放申购,开放赎回,
2025-05-29,1.4509,1.4509,1.31%,开放申购,开放赎回,
2025-05-30,1.4333,1.4333,-1.21%,开放申购,开放赎回,
2025-06-03,1.4457,1.4457,0.87%,开放申购,开放赎回,
2025-06-04,1.4546,1.4546,0.62%,开放申购,开放赎回,
2025-06-05,1.469,1.469,0.99%,开放申购,开放赎回,
2025-06-06,1.463,1.463,-0.41%,开放申购,开放赎回,
2025-06-09,1.4857,1.4857,1.55%,开放申购,开放赎回,
2025-06-10,1.4847,1.4847,-0.07%,开放申购,开放赎回,
2025-06-11,1.4982,1.4982,0.91%,开放申购,开放赎回,
2025-06-12,1.4796,1.4796,-1.24%,开放申购,开放赎回,
2025-06-13,1.4704,1.4704,-0.62%,开放申购,开放赎回,
2025-06-16,1.4808,1.4808,0.71%,开放申购,开放赎回,
2025-06-17,1.4756,1.4756,-0.35%,开放申购,开放赎回,
2025-06-18,1.46,1.46,-1.06%,开放申购,开放赎回,
2025-06-19,1.4321,1.4321,-1.91%,开放申购,开放赎回,
2025-06-20,1.4485,1.4485,1.15%,开放申购,开放赎回,
2025-06-23,1.4578,1.4578,0.64%,开放申购,开放赎回,
2025-06-24,1.4854,1.4854,1.89%,开放申购,开放赎回,
2025-06-25,1.5033,1.5033,1.21%,开放申购,开放赎回,
2025-06-26,1.4945,1.4945,-0.59%,开放申购,开放赎回,
2025-06-27,1.492,1.492,-0.17%,开放申购,开放赎回,
2025-06-30,1.4793,1.4793,-0.85%,开放申购,开放赎回,
2025-07-01,1.4782,1.4782,-0.07%,暂停申购,暂停赎回,
2025-07-02,1.487,1.487,0.60%,开放申购,开放赎回,
2025-07-03,1.4794,1.4794,-0.51%,开放申购,开放赎回,
2025-07-04,1.471,1.471,-0.57%,开放申购,开放赎回,
2025-07-07,1.4683,1.4683,-0.18%,开放申购,开放赎回,
2025-07-08,1.4839,1.4839,1.06%,开放申购,开放赎回,
2025-07-09,1.4692,1.4692,-0.99%,开放申购,开放赎回,
2025-07-10,1.4765,1.4765,0.50%,开放申购,开放赎回,
2025-07-11,1.4825,1.4825,0.41%,开放申购,开放赎回,
2025-07-14,1.4862,1.4862,0.25%,开放申购,开放赎回,
2025-07-15,1.5088,1.5088,1.52%,开放申购,开放赎回,
2025-07-16,1.5056,1.5056,-0.21%,开放申购,开放赎回,
2025-07-17,1.5027,1.5027,-0.19%,开放申购,开放赎回,
2025-07-18,1.5232,1.5232,1.36%,开放申购,开放赎回,
2025-07-21,1.5333,1.5333,0.66%,开放申购,开放赎回,
2025-07-22,1.5399,1.5399,0.43%,开放申购,开放赎回,
2025-07-23,1.5628,1.5628,1.49%,开放申购,开放赎回,
2025-07-24,1.5695,1.5695,0.43%,开放申购,开放赎回,
2025-07-25,1.5537,1.5537,-1.01%,开放申购,开放赎回,
2025-07-28,1.5643,1.5643,0.68%,开放申购,开放赎回,
2025-07-29,1.5627,1.5627,-0.10%,开放申购,开放赎回,
2025-07-30,1.5414,1.5414,-1.36%,开放申购,开放赎回,
2025-07-31,1.5187,1.5187,-1.47%,开放申购,开放赎回,
2025-08-01,1.5031,1.5031,-1.03%,开放申购,开放赎回,
2025-08-04,1.5145,1.5145,0.76%,开放申购,开放赎回,
2025-08-05,1.5235,1.5235,0.59%,开放申购,开放赎回,
2025-08-06,1.5247,1.5247,0.08%,开放申购,开放赎回,
2025-08-07,1.5337,1.5337,0.59%,开放申购,开放赎回,
2025-08-08,1.5215,1.5215,-0.80%,开放申购,开放赎回,
2025-08-11,1.5246,1.5246,0.20%,开放申购,开放赎回,
2025-08-12,1.5283,1.5283,0.24%,开放申购,开放赎回,
2025-08-13,1.565,1.565,2.40%,开放申购,开放赎回,
2025-08-14,1.5602,1.5602,-0.31%,开放申购,开放赎回,
2025-08-15,1.5477,1.5477,-0.80%,开放申购,开放赎回,
2025-08-18,1.5432,1.5432,-0.29%,开放申购,开放赎回,
2025-08-19,1.542,1.542,-0.08%,开放申购,开放赎回,
2025-08-20,1.5478,1.5478,0.38%,开放申购,开放赎回,
2025-08-21,1.541,1.541,-0.44%,开放申购,开放赎回,
2025-08-22,1.5553,1.5553,0.93%,开放申购,开放赎回,
2025-08-25,1.5807,1.5807,1.63%,开放申购,开放赎回,
2025-08-26,1.5645,1.5645,-1.02%,开放申购,开放赎回,
2025-08-27,1.5474,1.5474,-1.09%,开放申购,开放赎回,
2025-08-28,1.5351,1.5351,-0.79%,开放申购,开放赎回,
2025-08-29,1.5383,1.5383,0.21%,开放申购,开放赎回,
2025-09-01,1.571,1.571,2.13%,开放申购,开放赎回,
2025-09-02,1.565,1.565,-0.38%,开放申购,开放赎回,
2025-09-03,1.5549,1.5549,-0.65%,开放申购,开放赎回,
2025-09-04,1.5384,1.5384,-1.06%,开放申购,开放赎回,
2025-09-05,1.5601,1.5601,1.41%,开放申购,开放赎回,
2025-09-08,1.5723,1.5723,0.78%,开放申购,开放赎回,
2025-09-09,1.5915,1.5915,1.22%,开放申购,开放赎回,
2025-09-10,1.6093,1.6093,1.12%,开放申购,开放赎回,
2025-09-11,1.6029,1.6029,-0.40%,开放申购,开放赎回,
2025-09-12,1.6203,1.6203,1.09%,开放申购,开放赎回,
2025-09-15,1.6264,1.6264,0.38%,开放申购,开放赎回,
2025-09-16,1.625,1.625,-0.09%,开放申购,开放赎回,
2025-09-17,1.6519,1.6519,1.66%,开放申购,开放赎回,
2025-09-18,1.633,1.633,-1.14%,开放申购,开放赎回,
2025-09-19,1.6337,1.6337,0.04%,开放申购,开放赎回,
2025-09-22,1.6229,1.6229,-0.66%,开放申购,开放赎回,
2025-09-23,1.611,1.611,-0.73%,开放申购,开放赎回,
2025-09-24,1.6311,1.6311,1.25%,开放申购,开放赎回,
2025-09-25,1.6297,1.6297,-0.09%,开放申购,开放赎回,
2025-09-26,1.6085,1.6085,-1.30%,开放申购,开放赎回,
2025-09-29,1.6366,1.6366,1.75%,开放申购,开放赎回,
2025-09-30,1.6489,1.6489,0.75%,开放申购,开放赎回,
2025-10-09,1.644,1.644,-0.30%,开放申购,开放赎回,
2025-10-10,1.6156,1.6156,-1.73%,开放申购,开放赎回,
2025-10-13,1.5909,1.5909,-1.53%,开放申购,开放赎回,
2025-10-14,1.5665,1.5665,-1.53%,开放申购,开放赎回,
2025-10-15,1.5941,1.5941,1.76%,开放申购,开放赎回,
2025-10-16,1.5923,1.5923,-0.11%,开放申购,开放赎回,
2025-10-17,1.555,1.555,-2.34%,开放申购,开放赎回,
2025-10-20,1.5916,1.5916,2.35%,开放申购,开放赎回,
2025-10-21,1.6003,1.6003,0.55%,开放申购,开放赎回,
2025-10-22,1.5857,1.5857,-0.91%,开放申购,开放赎回,
2025-10-23,1.5959,1.5959,0.64%,开放申购,开放赎回,
2025-10-24,1.6075,1.6075,0.73%,开放申购,开放赎回,
2025-10-27,1.623,1.623,0.96%,开放申购,开放赎回,
2025-10-28,1.6176,1.6176,-0.33%,开放申购,开放赎回,
2025-10-29,1.6171,1.6171,-0.03%,暂停申购,暂停赎回,
2025-10-30,1.6135,1.6135,-0.22%,开放申购,开放赎回,
2025-10-31,1.5919,1.5919,-1.34%,开放申购,开放赎回,
2025-11-03,1.6057,1.6057,0.87%,开放申购,开放赎回,
2025-11-04,1.5935,1.5935,-0.76%,开放申购,开放赎回,
2025-11-05,1.593,1.593,-0.03%,开放申购,开放赎回,
2025-11-06,1.6255,1.6255,2.04%,开放申购,开放赎回,
2025-11-07,1.6099,1.6099,-0.96%,开放申购,开放赎回,
2025-11-10,1.6345,1.6345,1.53%,开放申购,开放赎回,
2025-11-11,1.6379,1.6379,0.21%,开放申购,开放赎回,
2025-11-12,1.6508,1.6508,0.79%,开放申购,开放赎回,
2025-11-13,1.6601,1.6601,0.56%,开放申购,开放赎回,
2025-11-14,1.6299,1.6299,-1.82%,开放申购,开放赎回,
2025-11-17,1.6182,1.6182,-0.72%,开放申购,开放赎回,
2025-11-18,1.5923,1.5923,-1.60%,开放申购,开放赎回,
2025-11-19,1.5846,1.5846,-0.48%,开放申购,开放赎回,
2025-11-20,1.5856,1.5856,0.06%,开放申购,开放赎回,
2025-11-21,1.5492,1.5492,-2.30%,开放申购,开放赎回,
2025-11-24,1.5785,1.5785,1.89%,开放申购,开放赎回,
2025-11-25,1.5888,1.5888,0.65%,开放申购,开放赎回,
2025-11-26,1.5911,1.5911,0.14%,开放申购,开放赎回,
2025-11-27,1.5913,1.5913,0.01%,开放申购,开放赎回,
2025-11-28,1.5864,1.5864,-0.31%,开放申购,开放赎回,
2025-12-01,1.5946,1.5946,0.52%,开放申购,开放赎回,
2025-12-02,1.5989,1.5989,0.27%,开放申购,开放赎回,
2025-12-03,1.581,1.581,-1.12%,开放申购,开放赎回,
2025-12-04,1.5922,1.5922,0.71%,开放申购,开放赎回,
2025-12-05,1.6015,1.6015,0.58%,开放申购,开放赎回,
2025-12-08,1.5826,1.5826,-1.18%,开放申购,开放赎回,
2025-12-09,1.5641,1.5641,-1.17%,开放申购,开放赎回,
2025-12-10,1.5695,1.5695,0.35%,开放申购,开放赎回,
2025-12-11,1.5681,1.5681,-0.09%,开放申购,开放赎回,
2025-12-12,1.5925,1.5925,1.56%,开放申购,开放赎回,
2025-12-15,1.5723,1.5723,-1.27%,开放申购,开放赎回,
2025-12-16,1.5486,1.5486,-1.51%,开放申购,开放赎回,
2025-12-17,1.5616,1.5616,0.84%,开放申购,开放赎回,
2025-12-18,1.5637,1.5637,0.13%,开放申购,开放赎回,
2025-12-19,1.5741,1.5741,0.67%,开放申购,开放赎回,
2025-12-22,1.5808,1.5808,0.43%,开放申购,开放赎回,
2025-12-23,1.5787,1.5787,-0.13%,开放申购,开放赎回,
2025-12-24,1.5803,1.5803,0.10%,暂停申购,暂停赎回,
2025-12-25,1.5788,1.5788,-0.09%,暂停申购,暂停赎回,
