date,signal,price,cash,position,position_value,total_value,daily_pnl
2020-10-20,0.0,3.723142147064209,1000000.0,0,0.0,1000000.0,0.0
2020-10-21,0.0,3.775475263595581,1000000.0,0,0.0,1000000.0,0.0
2020-10-22,0.0,3.782951593399048,1000000.0,0,0.0,1000000.0,0.0
2020-10-23,0.0,3.782951593399048,1000000.0,0,0.0,1000000.0,0.0
2020-10-26,0.0,3.753046751022339,1000000.0,0,0.0,1000000.0,0.0
2020-10-27,0.0,3.7605230808258057,1000000.0,0,0.0,1000000.0,0.0
2020-10-28,0.0,3.7380948066711426,1000000.0,0,0.0,1000000.0,0.0
2020-10-29,0.0,3.7081894874572754,1000000.0,0,0.0,1000000.0,0.0
2020-10-30,0.0,3.6782844066619873,1000000.0,0,0.0,1000000.0,0.0
2020-11-02,0.0,3.693237066268921,1000000.0,0,0.0,1000000.0,0.0
2020-11-03,0.0,3.7007131576538086,1000000.0,0,0.0,1000000.0,0.0
2020-11-04,0.0,3.7007131576538086,1000000.0,0,0.0,1000000.0,0.0
2020-11-05,0.0,3.7007131576538086,1000000.0,0,0.0,1000000.0,0.0
2020-11-06,0.0,3.7081894874572754,1000000.0,0,0.0,1000000.0,0.0
2020-11-09,0.0,3.723142147064209,1000000.0,0,0.0,1000000.0,0.0
2020-11-10,0.0,3.753046751022339,1000000.0,0,0.0,1000000.0,0.0
2020-11-11,0.0,3.7904279232025146,1000000.0,0,0.0,1000000.0,0.0
2020-11-12,0.0,3.7455708980560303,1000000.0,0,0.0,1000000.0,0.0
2020-11-13,0.0,3.7081894874572754,1000000.0,0,0.0,1000000.0,0.0
2020-11-16,0.0,3.723142147064209,1000000.0,0,0.0,1000000.0,0.0
2020-11-17,0.0,3.7380948066711426,1000000.0,0,0.0,1000000.0,0.0
2020-11-18,0.0,3.7605230808258057,1000000.0,0,0.0,1000000.0,0.0
2020-11-19,0.0,3.7679989337921143,1000000.0,0,0.0,1000000.0,0.0
2020-11-20,0.0,3.7605230808258057,1000000.0,0,0.0,1000000.0,0.0
2020-11-23,0.0,3.7904279232025146,1000000.0,0,0.0,1000000.0,0.0
2020-11-24,-1.0,3.775475263595581,1000000.0,0,0.0,1000000.0,0.0
2020-11-25,0.0,3.7679989337921143,1000000.0,0,0.0,1000000.0,0.0
2020-11-26,0.0,3.80538010597229,1000000.0,0,0.0,1000000.0,0.0
2020-11-27,0.0,4.029665470123291,1000000.0,0,0.0,1000000.0,0.0
2020-11-30,0.0,3.977332830429077,1000000.0,0,0.0,1000000.0,0.0
2020-12-01,0.0,4.089475154876709,1000000.0,0,0.0,1000000.0,0.0
2020-12-02,0.0,4.074522972106934,1000000.0,0,0.0,1000000.0,0.0
2020-12-03,0.0,4.022189617156982,1000000.0,0,0.0,1000000.0,0.0
2020-12-04,0.0,3.969856023788452,1000000.0,0,0.0,1000000.0,0.0
2020-12-07,0.0,3.8801419734954834,1000000.0,0,0.0,1000000.0,0.0
2020-12-08,0.0,3.827808141708374,1000000.0,0,0.0,1000000.0,0.0
2020-12-09,0.0,3.8128557205200195,1000000.0,0,0.0,1000000.0,0.0
2020-12-10,0.0,3.782951593399048,1000000.0,0,0.0,1000000.0,0.0
2020-12-11,0.0,3.7979037761688232,1000000.0,0,0.0,1000000.0,0.0
2020-12-14,0.0,3.775475263595581,1000000.0,0,0.0,1000000.0,0.0
2020-12-15,0.0,3.7455708980560303,1000000.0,0,0.0,1000000.0,0.0
2020-12-16,0.0,3.7380948066711426,1000000.0,0,0.0,1000000.0,0.0
2020-12-17,0.0,3.7605230808258057,1000000.0,0,0.0,1000000.0,0.0
2020-12-18,0.0,3.7380948066711426,1000000.0,0,0.0,1000000.0,0.0
2020-12-21,0.0,3.7380948066711426,1000000.0,0,0.0,1000000.0,0.0
2020-12-22,0.0,3.693237066268921,1000000.0,0,0.0,1000000.0,0.0
2020-12-23,0.0,3.7081894874572754,1000000.0,0,0.0,1000000.0,0.0
2020-12-24,0.0,3.7081894874572754,1000000.0,0,0.0,1000000.0,0.0
2020-12-25,0.0,3.715665817260742,1000000.0,0,0.0,1000000.0,0.0
2020-12-28,0.0,3.715665817260742,1000000.0,0,0.0,1000000.0,0.0
2020-12-29,0.0,3.723142147064209,1000000.0,0,0.0,1000000.0,0.0
2020-12-30,0.0,3.7081894874572754,1000000.0,0,0.0,1000000.0,0.0
2020-12-31,0.0,3.730618476867676,1000000.0,0,0.0,1000000.0,0.0
2021-01-04,0.0,3.7455708980560303,1000000.0,0,0.0,1000000.0,0.0
2021-01-05,0.0,3.715665817260742,1000000.0,0,0.0,1000000.0,0.0
2021-01-06,0.0,3.715665817260742,1000000.0,0,0.0,1000000.0,0.0
2021-01-07,0.0,3.7380948066711426,1000000.0,0,0.0,1000000.0,0.0
2021-01-08,0.0,3.7380948066711426,1000000.0,0,0.0,1000000.0,0.0
2021-01-11,0.0,3.730618476867676,1000000.0,0,0.0,1000000.0,0.0
2021-01-12,0.0,3.753046751022339,1000000.0,0,0.0,1000000.0,0.0
2021-01-13,0.0,3.782951593399048,1000000.0,0,0.0,1000000.0,0.0
2021-01-14,0.0,3.7979037761688232,1000000.0,0,0.0,1000000.0,0.0
2021-01-15,0.0,3.8502368927001953,1000000.0,0,0.0,1000000.0,0.0
2021-01-18,0.0,3.8427605628967285,1000000.0,0,0.0,1000000.0,0.0
2021-01-19,0.0,3.88761830329895,1000000.0,0,0.0,1000000.0,0.0
2021-01-20,0.0,3.8502368927001953,1000000.0,0,0.0,1000000.0,0.0
2021-01-21,0.0,3.835284471511841,1000000.0,0,0.0,1000000.0,0.0
2021-01-22,0.0,3.7679989337921143,1000000.0,0,0.0,1000000.0,0.0
2021-01-25,0.0,3.775475263595581,1000000.0,0,0.0,1000000.0,0.0
2021-01-26,0.0,3.7605230808258057,1000000.0,0,0.0,1000000.0,0.0
2021-01-27,0.0,3.7904279232025146,1000000.0,0,0.0,1000000.0,0.0
2021-01-28,-1.0,3.7605230808258057,1000000.0,0,0.0,1000000.0,0.0
2021-01-29,0.0,3.80538010597229,1000000.0,0,0.0,1000000.0,0.0
2021-02-01,0.0,3.8427605628967285,1000000.0,0,0.0,1000000.0,0.0
2021-02-02,0.0,3.80538010597229,1000000.0,0,0.0,1000000.0,0.0
2021-02-03,0.0,3.7679989337921143,1000000.0,0,0.0,1000000.0,0.0
2021-02-04,0.0,3.7904279232025146,1000000.0,0,0.0,1000000.0,0.0
2021-02-05,0.0,3.8726654052734375,1000000.0,0,0.0,1000000.0,0.0
2021-02-08,0.0,3.857712984085083,1000000.0,0,0.0,1000000.0,0.0
2021-02-09,0.0,3.8502368927001953,1000000.0,0,0.0,1000000.0,0.0
2021-02-10,0.0,3.9249987602233887,1000000.0,0,0.0,1000000.0,0.0
2021-02-18,0.0,3.917522668838501,1000000.0,0,0.0,1000000.0,0.0
2021-02-19,0.0,3.917522668838501,1000000.0,0,0.0,1000000.0,0.0
2021-02-22,0.0,4.014713287353516,1000000.0,0,0.0,1000000.0,0.0
2021-02-23,0.0,4.022189617156982,1000000.0,0,0.0,1000000.0,0.0
2021-02-24,0.0,3.9623799324035645,1000000.0,0,0.0,1000000.0,0.0
2021-02-25,0.0,4.067046165466309,1000000.0,0,0.0,1000000.0,0.0
2021-02-26,0.0,4.014713287353516,1000000.0,0,0.0,1000000.0,0.0
2021-03-01,0.0,3.9922847747802734,1000000.0,0,0.0,1000000.0,0.0
2021-03-02,0.0,3.9549031257629395,1000000.0,0,0.0,1000000.0,0.0
2021-03-03,0.0,4.074522972106934,1000000.0,0,0.0,1000000.0,0.0
2021-03-04,0.0,4.074522972106934,1000000.0,0,0.0,1000000.0,0.0
2021-03-05,0.0,4.164237022399902,1000000.0,0,0.0,1000000.0,0.0
2021-03-08,0.0,4.134332180023193,1000000.0,0,0.0,1000000.0,0.0
2021-03-09,0.0,4.0819993019104,1000000.0,0,0.0,1000000.0,0.0
2021-03-10,0.0,4.037142276763916,1000000.0,0,0.0,1000000.0,0.0
2021-03-11,0.0,4.096951484680176,1000000.0,0,0.0,1000000.0,0.0
2021-03-12,0.0,4.067046165466309,1000000.0,0,0.0,1000000.0,0.0
2021-03-15,0.0,4.149284839630127,1000000.0,0,0.0,1000000.0,0.0
2021-03-16,0.0,4.1866655349731445,1000000.0,0,0.0,1000000.0,0.0
2021-03-17,0.0,4.134332180023193,1000000.0,0,0.0,1000000.0,0.0
2021-03-18,0.0,4.096951484680176,1000000.0,0,0.0,1000000.0,0.0
2021-03-19,0.0,4.007236957550049,1000000.0,0,0.0,1000000.0,0.0
2021-03-22,0.0,4.052094459533691,1000000.0,0,0.0,1000000.0,0.0
2021-03-23,0.0,4.037142276763916,1000000.0,0,0.0,1000000.0,0.0
2021-03-24,0.0,4.044617652893066,1000000.0,0,0.0,1000000.0,0.0
2021-03-25,0.0,4.007236957550049,1000000.0,0,0.0,1000000.0,0.0
2021-03-26,0.0,3.999760866165161,1000000.0,0,0.0,1000000.0,0.0
2021-03-29,0.0,4.0819993019104,1000000.0,0,0.0,1000000.0,0.0
2021-03-30,0.0,4.096951484680176,1000000.0,0,0.0,1000000.0,0.0
2021-03-31,0.0,4.14180850982666,1000000.0,0,0.0,1000000.0,0.0
2021-04-01,0.0,4.111904144287109,1000000.0,0,0.0,1000000.0,0.0
2021-04-02,0.0,4.052094459533691,1000000.0,0,0.0,1000000.0,0.0
2021-04-06,0.0,4.052094459533691,1000000.0,0,0.0,1000000.0,0.0
2021-04-07,0.0,4.074522972106934,1000000.0,0,0.0,1000000.0,0.0
2021-04-08,0.0,4.067046165466309,1000000.0,0,0.0,1000000.0,0.0
2021-04-09,0.0,4.052094459533691,1000000.0,0,0.0,1000000.0,0.0
2021-04-12,0.0,4.096951484680176,1000000.0,0,0.0,1000000.0,0.0
2021-04-13,0.0,4.119379997253418,1000000.0,0,0.0,1000000.0,0.0
2021-04-14,0.0,4.074522972106934,1000000.0,0,0.0,1000000.0,0.0
2021-04-15,0.0,4.074522972106934,1000000.0,0,0.0,1000000.0,0.0
2021-04-16,0.0,4.059569835662842,1000000.0,0,0.0,1000000.0,0.0
2021-04-19,0.0,4.067046165466309,1000000.0,0,0.0,1000000.0,0.0
2021-04-20,0.0,4.029665470123291,1000000.0,0,0.0,1000000.0,0.0
2021-04-21,0.0,4.014713287353516,1000000.0,0,0.0,1000000.0,0.0
2021-04-22,0.0,3.9848084449768066,1000000.0,0,0.0,1000000.0,0.0
2021-04-23,0.0,3.9549031257629395,1000000.0,0,0.0,1000000.0,0.0
2021-04-26,0.0,3.939951181411743,1000000.0,0,0.0,1000000.0,0.0
2021-04-27,0.0,3.917522668838501,1000000.0,0,0.0,1000000.0,0.0
2021-04-28,0.0,3.88761830329895,1000000.0,0,0.0,1000000.0,0.0
2021-04-29,0.0,3.902571201324463,1000000.0,0,0.0,1000000.0,0.0
2021-04-30,0.0,3.835284471511841,1000000.0,0,0.0,1000000.0,0.0
2021-05-06,0.0,3.827808141708374,1000000.0,0,0.0,1000000.0,0.0
2021-05-07,0.0,3.902571201324463,1000000.0,0,0.0,1000000.0,0.0
2021-05-10,0.0,3.9249987602233887,1000000.0,0,0.0,1000000.0,0.0
2021-05-11,0.0,3.9100468158721924,1000000.0,0,0.0,1000000.0,0.0
2021-05-12,0.0,3.9324755668640137,1000000.0,0,0.0,1000000.0,0.0
2021-05-13,0.0,3.917522668838501,1000000.0,0,0.0,1000000.0,0.0
2021-05-14,0.0,3.94742751121521,1000000.0,0,0.0,1000000.0,0.0
2021-05-17,0.0,3.939951181411743,1000000.0,0,0.0,1000000.0,0.0
2021-05-18,0.0,3.9324755668640137,1000000.0,0,0.0,1000000.0,0.0
2021-05-19,0.0,3.895094394683838,1000000.0,0,0.0,1000000.0,0.0
2021-05-20,0.0,3.9100468158721924,1000000.0,0,0.0,1000000.0,0.0
2021-05-21,0.0,3.865189790725708,1000000.0,0,0.0,1000000.0,0.0
2021-05-24,0.0,3.8801419734954834,1000000.0,0,0.0,1000000.0,0.0
2021-05-25,0.0,3.9324755668640137,1000000.0,0,0.0,1000000.0,0.0
2021-05-26,0.0,3.9324755668640137,1000000.0,0,0.0,1000000.0,0.0
2021-05-27,0.0,3.9324755668640137,1000000.0,0,0.0,1000000.0,0.0
2021-05-28,0.0,3.939951181411743,1000000.0,0,0.0,1000000.0,0.0
2021-05-31,0.0,3.895094394683838,1000000.0,0,0.0,1000000.0,0.0
2021-06-01,0.0,3.8726654052734375,1000000.0,0,0.0,1000000.0,0.0
2021-06-02,0.0,3.8801419734954834,1000000.0,0,0.0,1000000.0,0.0
2021-06-03,0.0,3.8502368927001953,1000000.0,0,0.0,1000000.0,0.0
2021-06-04,0.0,3.865189790725708,1000000.0,0,0.0,1000000.0,0.0
2021-06-07,0.0,3.865189790725708,1000000.0,0,0.0,1000000.0,0.0
2021-06-08,0.0,3.88761830329895,1000000.0,0,0.0,1000000.0,0.0
2021-06-09,0.0,3.8801419734954834,1000000.0,0,0.0,1000000.0,0.0
2021-06-10,0.0,3.88761830329895,1000000.0,0,0.0,1000000.0,0.0
2021-06-11,0.0,3.8801419734954834,1000000.0,0,0.0,1000000.0,0.0
2021-06-15,0.0,3.857712984085083,1000000.0,0,0.0,1000000.0,0.0
2021-06-16,0.0,3.865189790725708,1000000.0,0,0.0,1000000.0,0.0
2021-06-17,0.0,3.8726654052734375,1000000.0,0,0.0,1000000.0,0.0
2021-06-18,0.0,3.8726654052734375,1000000.0,0,0.0,1000000.0,0.0
2021-06-21,0.0,3.8502368927001953,1000000.0,0,0.0,1000000.0,0.0
2021-06-22,0.0,3.857712984085083,1000000.0,0,0.0,1000000.0,0.0
2021-06-23,0.0,3.8427605628967285,1000000.0,0,0.0,1000000.0,0.0
2021-06-24,0.0,3.88761830329895,1000000.0,0,0.0,1000000.0,0.0
2021-06-25,0.0,3.9100468158721924,1000000.0,0,0.0,1000000.0,0.0
2021-06-28,0.0,3.8726654052734375,1000000.0,0,0.0,1000000.0,0.0
2021-06-29,0.0,3.865189790725708,1000000.0,0,0.0,1000000.0,0.0
2021-06-30,0.0,3.865189790725708,1000000.0,0,0.0,1000000.0,0.0
2021-07-01,0.0,3.9324755668640137,1000000.0,0,0.0,1000000.0,0.0
2021-07-02,0.0,3.9249987602233887,1000000.0,0,0.0,1000000.0,0.0
2021-07-05,0.0,3.88761830329895,1000000.0,0,0.0,1000000.0,0.0
2021-07-06,0.0,3.9002246856689453,1000000.0,0,0.0,1000000.0,0.0
2021-07-07,0.0,3.892345428466797,1000000.0,0,0.0,1000000.0,0.0
2021-07-08,0.0,3.8529489040374756,1000000.0,0,0.0,1000000.0,0.0
2021-07-09,0.0,3.821432590484619,1000000.0,0,0.0,1000000.0,0.0
2021-07-12,0.0,3.7583980560302734,1000000.0,0,0.0,1000000.0,0.0
2021-07-13,0.0,3.7426397800445557,1000000.0,0,0.0,1000000.0,0.0
2021-07-14,0.0,3.711122751235962,1000000.0,0,0.0,1000000.0,0.0
2021-07-15,0.0,3.7426397800445557,1000000.0,0,0.0,1000000.0,0.0
2021-07-16,0.0,3.7347605228424072,1000000.0,0,0.0,1000000.0,0.0
2021-07-19,0.0,3.726881504058838,1000000.0,0,0.0,1000000.0,0.0
2021-07-20,0.0,3.711122751235962,1000000.0,0,0.0,1000000.0,0.0
2021-07-21,0.0,3.695364475250244,1000000.0,0,0.0,1000000.0,0.0
2021-07-22,0.0,3.711122751235962,1000000.0,0,0.0,1000000.0,0.0
2021-07-23,0.0,3.7032432556152344,1000000.0,0,0.0,1000000.0,0.0
2021-07-26,0.0,3.6796061992645264,1000000.0,0,0.0,1000000.0,0.0
2021-07-27,0.0,3.640209674835205,1000000.0,0,0.0,1000000.0,0.0
2021-07-28,1.0,3.6796061992645264,2.6369598027085885,271496,998998.3646755219,999001.0016353246,-998.9983646754408
2021-07-29,0.0,3.640209674835205,2.6369598027085885,271496,988302.3658790588,988305.0028388615,-10695.998796463013
2021-07-30,0.0,3.616572380065918,2.6369598027085885,271496,981884.9348983765,981887.5718581792,-6417.430980682373
2021-08-02,0.0,3.624451160430908,2.6369598027085885,271496,984023.9922523499,984026.6292121526,2139.0573539733887
2021-08-03,0.0,3.6086928844451904,2.6369598027085885,271496,979745.6833553314,979748.3203151341,-4278.308897018433
2021-08-04,0.0,3.5850560665130615,2.6369598027085885,271496,973328.3818340302,973331.0187938329,-6417.3015213012695
2021-08-05,0.0,3.577176094055176,2.6369598027085885,271496,971189.000831604,971191.6377914067,-2139.3810024261475
2021-08-06,0.0,3.5692968368530273,2.6369598027085885,271496,969049.8140182495,969052.4509780522,-2139.186813354492
2021-08-09,0.0,3.5850560665130615,2.6369598027085885,271496,973328.3818340302,973331.0187938329,4278.56781578064
2021-08-10,0.0,3.5929346084594727,2.6369598027085885,271496,975467.374458313,975470.0114181157,2138.992624282837
2021-08-11,0.0,3.6638474464416504,2.6369598027085885,271496,994719.9263191223,994722.563278925,19252.551860809326
2021-08-12,0.0,3.6480889320373535,2.6369598027085885,271496,990441.5526924133,990444.189652216,-4278.373626708984
2021-08-13,0.0,3.6323304176330566,2.6369598027085885,271496,986163.1790657043,986165.816025507,-4278.373626708984
2021-08-16,0.0,3.640209674835205,2.6369598027085885,271496,988302.3658790588,988305.0028388615,2139.186813354492
2021-08-17,0.0,3.640209674835205,2.6369598027085885,271496,988302.3658790588,988305.0028388615,0.0
2021-08-18,0.0,3.6796061992645264,2.6369598027085885,271496,998998.3646755219,999001.0016353246,10695.998796463013
2021-08-19,-1.0,3.655968427658081,991590.8603910257,0,0.0,991590.8603910257,-7410.141244298895
2021-08-20,0.0,3.671726942062378,991590.8603910257,0,0.0,991590.8603910257,0.0
2021-08-23,0.0,3.6480889320373535,991590.8603910257,0,0.0,991590.8603910257,0.0
2021-08-24,0.0,3.6480889320373535,991590.8603910257,0,0.0,991590.8603910257,0.0
2021-08-25,0.0,3.6480889320373535,991590.8603910257,0,0.0,991590.8603910257,0.0
2021-08-26,0.0,3.640209674835205,991590.8603910257,0,0.0,991590.8603910257,0.0
2021-08-27,0.0,3.655968427658081,991590.8603910257,0,0.0,991590.8603910257,0.0
2021-08-30,0.0,3.6086928844451904,991590.8603910257,0,0.0,991590.8603910257,0.0
2021-08-31,1.0,3.640209674835205,0.9228689620504156,272127,990599.3381838799,990600.2610528419,-990.5993381837616
2021-09-01,0.0,3.6874849796295166,0.9228689620504156,272127,1003464.2250516415,1003465.1479206035,12864.886867761612
2021-09-02,0.0,3.695364475250244,0.9228689620504156,272127,1005608.4485564232,1005609.3714253852,2144.223504781723
2021-09-03,0.0,3.726881504058838,0.9228689620504156,272127,1014185.0830550194,1014186.0059239814,8576.634498596191
2021-09-06,0.0,3.726881504058838,0.9228689620504156,272127,1014185.0830550194,1014186.0059239814,0.0
2021-09-07,0.0,3.7426397800445557,0.9228689620504156,272127,1018473.3354241848,1018474.2582931468,4288.2523691654205
2021-09-08,0.0,3.7583980560302734,0.9228689620504156,272127,1022761.5877933502,1022762.5106623123,4288.2523691654205
2021-09-09,0.0,3.7426397800445557,0.9228689620504156,272127,1018473.3354241848,1018474.2582931468,-4288.2523691654205
2021-09-10,0.0,3.7741572856903076,0.9228689620504156,272127,1027050.0996830463,1027051.0225520084,8576.764258861542
2021-09-13,0.0,3.7583980560302734,0.9228689620504156,272127,1022761.5877933502,1022762.5106623123,-4288.511889696121
2021-09-14,0.0,3.711122751235962,0.9228689620504156,272127,1009896.7009255886,1009897.6237945507,-12864.886867761612
2021-09-15,0.0,3.6874849796295166,0.9228689620504156,272127,1003464.2250516415,1003465.1479206035,-6432.475873947144
2021-09-16,0.0,3.6874849796295166,0.9228689620504156,272127,1003464.2250516415,1003465.1479206035,0.0
2021-09-17,0.0,3.7032432556152344,0.9228689620504156,272127,1007752.4774208069,1007753.4002897689,4288.2523691654205
2021-09-22,0.0,3.6480889320373535,0.9228689620504156,272127,992743.4968085289,992744.419677491,-15008.980612277985
2021-09-23,1.0,3.671726942062378,0.9228689620504156,272127,999176.0375626087,999176.9604315708,6432.540754079819
2021-09-24,0.0,3.655968427658081,0.9228689620504156,272127,994887.7203133106,994888.6431822727,-4288.317249298096
2021-09-27,0.0,3.6480889320373535,0.9228689620504156,272127,992743.4968085289,992744.419677491,-2144.223504781723
2021-09-28,0.0,3.671726942062378,0.9228689620504156,272127,999176.0375626087,999176.9604315708,6432.540754079819
2021-09-29,0.0,3.6874849796295166,0.9228689620504156,272127,1003464.2250516415,1003465.1479206035,4288.187489032745
2021-09-30,0.0,3.671726942062378,0.9228689620504156,272127,999176.0375626087,999176.9604315708,-4288.187489032745
2021-10-08,0.0,3.711122751235962,0.9228689620504156,272127,1009896.7009255886,1009897.6237945507,10720.663362979889
2021-10-11,0.0,3.7347605228424072,0.9228689620504156,272127,1016329.1767995358,1016330.0996684978,6432.475873947144
2021-10-12,0.0,3.7426397800445557,0.9228689620504156,272127,1018473.3354241848,1018474.2582931468,2144.158624649048
2021-10-13,0.0,3.7190020084381104,0.9228689620504156,272127,1012040.8595502377,1012041.7824191997,-6432.475873947144
2021-10-14,0.0,3.711122751235962,0.9228689620504156,272127,1009896.7009255886,1009897.6237945507,-2144.158624649048
2021-10-15,0.0,3.7426397800445557,0.9228689620504156,272127,1018473.3354241848,1018474.2582931468,8576.634498596191
2021-10-18,0.0,3.726881504058838,0.9228689620504156,272127,1014185.0830550194,1014186.0059239814,-4288.2523691654205
2021-10-19,0.0,3.7190020084381104,0.9228689620504156,272127,1012040.8595502377,1012041.7824191997,-2144.223504781723
2021-10-20,0.0,3.7032432556152344,0.9228689620504156,272127,1007752.4774208069,1007753.4002897689,-4288.382129430771
2021-10-21,0.0,3.7347605228424072,0.9228689620504156,272127,1016329.1767995358,1016330.0996684978,8576.699378728867
2021-10-22,0.0,3.726881504058838,0.9228689620504156,272127,1014185.0830550194,1014186.0059239814,-2144.0937445163727
2021-10-25,0.0,3.7190020084381104,0.9228689620504156,272127,1012040.8595502377,1012041.7824191997,-2144.223504781723
2021-10-26,0.0,3.7032432556152344,0.9228689620504156,272127,1007752.4774208069,1007753.4002897689,-4288.382129430771
2021-10-27,0.0,3.7032432556152344,0.9228689620504156,272127,1007752.4774208069,1007753.4002897689,0.0
2021-10-28,0.0,3.6796061992645264,0.9228689620504156,272127,1001320.1961872578,1001321.1190562198,-6432.281233549118
2021-10-29,0.0,3.6796061992645264,0.9228689620504156,272127,1001320.1961872578,1001321.1190562198,0.0
2021-11-01,0.0,3.726881504058838,0.9228689620504156,272127,1014185.0830550194,1014186.0059239814,12864.886867761612
2021-11-02,0.0,3.6638474464416504,0.9228689620504156,272127,997031.814057827,997032.736926789,-17153.268997192383
2021-11-03,0.0,3.655968427658081,0.9228689620504156,272127,994887.7203133106,994888.6431822727,-2144.0937445163727
2021-11-04,0.0,3.6638474464416504,0.9228689620504156,272127,997031.814057827,997032.736926789,2144.0937445163727
2021-11-05,0.0,3.671726942062378,0.9228689620504156,272127,999176.0375626087,999176.9604315708,2144.223504781723
2021-11-08,0.0,3.6480889320373535,0.9228689620504156,272127,992743.4968085289,992744.419677491,-6432.540754079819
2021-11-09,0.0,3.655968427658081,0.9228689620504156,272127,994887.7203133106,994888.6431822727,2144.223504781723
2021-11-10,0.0,3.640209674835205,0.9228689620504156,272127,990599.3381838799,990600.2610528419,-4288.382129430771
2021-11-11,0.0,3.671726942062378,0.9228689620504156,272127,999176.0375626087,999176.9604315708,8576.699378728867
2021-11-12,0.0,3.6638474464416504,0.9228689620504156,272127,997031.814057827,997032.736926789,-2144.223504781723
2021-11-15,0.0,3.6796061992645264,0.9228689620504156,272127,1001320.1961872578,1001321.1190562198,4288.382129430771
2021-11-16,0.0,3.6638474464416504,0.9228689620504156,272127,997031.814057827,997032.736926789,-4288.382129430771
2021-11-17,0.0,3.6638474464416504,0.9228689620504156,272127,997031.814057827,997032.736926789,0.0
2021-11-18,0.0,3.655968427658081,0.9228689620504156,272127,994887.7203133106,994888.6431822727,-2144.0937445163727
2021-11-19,0.0,3.671726942062378,0.9228689620504156,272127,999176.0375626087,999176.9604315708,4288.317249298096
2021-11-22,0.0,3.6480889320373535,0.9228689620504156,272127,992743.4968085289,992744.419677491,-6432.540754079819
2021-11-23,0.0,3.6480889320373535,0.9228689620504156,272127,992743.4968085289,992744.419677491,0.0
2021-11-24,0.0,3.655968427658081,0.9228689620504156,272127,994887.7203133106,994888.6431822727,2144.223504781723
2021-11-25,0.0,3.6480889320373535,0.9228689620504156,272127,992743.4968085289,992744.419677491,-2144.223504781723
2021-11-26,0.0,3.6323304176330566,0.9228689620504156,272127,988455.1795592308,988456.1024281929,-4288.317249298096
2021-11-29,0.0,3.6086928844451904,0.9228689620504156,272127,982022.7685654163,982023.6914343784,-6432.410993814468
2021-11-30,0.0,3.6086928844451904,0.9228689620504156,272127,982022.7685654163,982023.6914343784,0.0
2021-12-01,0.0,3.624451160430908,0.9228689620504156,272127,986311.0209345818,986311.9438035438,4288.2523691654205
2021-12-02,0.0,3.6323304176330566,0.9228689620504156,272127,988455.1795592308,988456.1024281929,2144.158624649048
2021-12-03,0.0,3.6323304176330566,0.9228689620504156,272127,988455.1795592308,988456.1024281929,0.0
2021-12-06,0.0,3.6480889320373535,0.9228689620504156,272127,992743.4968085289,992744.419677491,4288.317249298096
2021-12-07,0.0,3.671726942062378,0.9228689620504156,272127,999176.0375626087,999176.9604315708,6432.540754079819
2021-12-08,0.0,3.655968427658081,0.9228689620504156,272127,994887.7203133106,994888.6431822727,-4288.317249298096
2021-12-09,0.0,3.671726942062378,0.9228689620504156,272127,999176.0375626087,999176.9604315708,4288.317249298096
2021-12-10,0.0,3.671726942062378,0.9228689620504156,272127,999176.0375626087,999176.9604315708,0.0
2021-12-13,0.0,3.6480889320373535,0.9228689620504156,272127,992743.4968085289,992744.419677491,-6432.540754079819
2021-12-14,0.0,3.640209674835205,0.9228689620504156,272127,990599.3381838799,990600.2610528419,-2144.158624649048
2021-12-15,0.0,3.6323304176330566,0.9228689620504156,272127,988455.1795592308,988456.1024281929,-2144.158624649048
2021-12-16,0.0,3.640209674835205,0.9228689620504156,272127,990599.3381838799,990600.2610528419,2144.158624649048
2021-12-17,0.0,3.6323304176330566,0.9228689620504156,272127,988455.1795592308,988456.1024281929,-2144.158624649048
2021-12-20,0.0,3.6323304176330566,0.9228689620504156,272127,988455.1795592308,988456.1024281929,0.0
2021-12-21,0.0,3.6638474464416504,0.9228689620504156,272127,997031.814057827,997032.736926789,8576.634498596191
2021-12-22,0.0,3.655968427658081,0.9228689620504156,272127,994887.7203133106,994888.6431822727,-2144.0937445163727
2021-12-23,0.0,3.6638474464416504,0.9228689620504156,272127,997031.814057827,997032.736926789,2144.0937445163727
2021-12-24,0.0,3.6638474464416504,0.9228689620504156,272127,997031.814057827,997032.736926789,0.0
2021-12-27,0.0,3.671726942062378,0.9228689620504156,272127,999176.0375626087,999176.9604315708,2144.223504781723
2021-12-28,0.0,3.6874849796295166,0.9228689620504156,272127,1003464.2250516415,1003465.1479206035,4288.187489032745
2021-12-29,-1.0,3.671726942062378,998177.7843940081,0,0.0,998177.7843940081,-5287.363526595407
2021-12-30,0.0,3.655968427658081,998177.7843940081,0,0.0,998177.7843940081,0.0
2021-12-31,0.0,3.6480889320373535,998177.7843940081,0,0.0,998177.7843940081,0.0
2022-01-04,0.0,3.6796061992645264,998177.7843940081,0,0.0,998177.7843940081,0.0
2022-01-05,0.0,3.711122751235962,998177.7843940081,0,0.0,998177.7843940081,0.0
2022-01-06,0.0,3.7032432556152344,998177.7843940081,0,0.0,998177.7843940081,0.0
2022-01-07,0.0,3.7347605228424072,998177.7843940081,0,0.0,998177.7843940081,0.0
2022-01-10,0.0,3.7426397800445557,998177.7843940081,0,0.0,998177.7843940081,0.0
2022-01-11,0.0,3.7426397800445557,998177.7843940081,0,0.0,998177.7843940081,0.0
2022-01-12,0.0,3.7190020084381104,998177.7843940081,0,0.0,998177.7843940081,0.0
2022-01-13,0.0,3.726881504058838,998177.7843940081,0,0.0,998177.7843940081,0.0
2022-01-14,0.0,3.6874849796295166,998177.7843940081,0,0.0,998177.7843940081,0.0
2022-01-17,0.0,3.6638474464416504,998177.7843940081,0,0.0,998177.7843940081,0.0
2022-01-18,0.0,3.695364475250244,998177.7843940081,0,0.0,998177.7843940081,0.0
2022-01-19,0.0,3.7032432556152344,998177.7843940081,0,0.0,998177.7843940081,0.0
2022-01-20,0.0,3.7426397800445557,998177.7843940081,0,0.0,998177.7843940081,0.0
2022-01-21,0.0,3.7032432556152344,998177.7843940081,0,0.0,998177.7843940081,0.0
2022-01-24,0.0,3.7032432556152344,998177.7843940081,0,0.0,998177.7843940081,0.0
2022-01-25,0.0,3.6796061992645264,998177.7843940081,0,0.0,998177.7843940081,0.0
2022-01-26,0.0,3.695364475250244,998177.7843940081,0,0.0,998177.7843940081,0.0
2022-01-27,0.0,3.6874849796295166,998177.7843940081,0,0.0,998177.7843940081,0.0
2022-01-28,0.0,3.671726942062378,998177.7843940081,0,0.0,998177.7843940081,0.0
2022-02-07,0.0,3.7347605228424072,998177.7843940081,0,0.0,998177.7843940081,0.0
2022-02-08,0.0,3.821432590484619,998177.7843940081,0,0.0,998177.7843940081,0.0
2022-02-09,0.0,3.81355357170105,998177.7843940081,0,0.0,998177.7843940081,0.0
2022-02-10,0.0,3.8293118476867676,998177.7843940081,0,0.0,998177.7843940081,0.0
2022-02-11,0.0,3.837190866470337,998177.7843940081,0,0.0,998177.7843940081,0.0
2022-02-14,0.0,3.7820370197296143,998177.7843940081,0,0.0,998177.7843940081,0.0
2022-02-15,0.0,3.750519275665283,998177.7843940081,0,0.0,998177.7843940081,0.0
2022-02-16,0.0,3.766278028488159,998177.7843940081,0,0.0,998177.7843940081,0.0
2022-02-17,0.0,3.766278028488159,998177.7843940081,0,0.0,998177.7843940081,0.0
2022-02-18,0.0,3.7899160385131836,998177.7843940081,0,0.0,998177.7843940081,0.0
2022-02-21,0.0,3.797795295715332,998177.7843940081,0,0.0,998177.7843940081,0.0
2022-02-22,0.0,3.766278028488159,998177.7843940081,0,0.0,998177.7843940081,0.0
2022-02-23,0.0,3.7583980560302734,998177.7843940081,0,0.0,998177.7843940081,0.0
2022-02-24,0.0,3.7032432556152344,998177.7843940081,0,0.0,998177.7843940081,0.0
2022-02-25,0.0,3.6796061992645264,998177.7843940081,0,0.0,998177.7843940081,0.0
2022-02-28,0.0,3.671726942062378,998177.7843940081,0,0.0,998177.7843940081,0.0
2022-03-01,0.0,3.6874849796295166,998177.7843940081,0,0.0,998177.7843940081,0.0
2022-03-02,0.0,3.7032432556152344,998177.7843940081,0,0.0,998177.7843940081,0.0
2022-03-03,0.0,3.7347605228424072,998177.7843940081,0,0.0,998177.7843940081,0.0
2022-03-04,0.0,3.7190020084381104,998177.7843940081,0,0.0,998177.7843940081,0.0
2022-03-07,0.0,3.6638474464416504,998177.7843940081,0,0.0,998177.7843940081,0.0
2022-03-08,0.0,3.640209674835205,998177.7843940081,0,0.0,998177.7843940081,0.0
2022-03-09,0.0,3.5929346084594727,998177.7843940081,0,0.0,998177.7843940081,0.0
2022-03-10,0.0,3.5929346084594727,998177.7843940081,0,0.0,998177.7843940081,0.0
2022-03-11,0.0,3.6323304176330566,998177.7843940081,0,0.0,998177.7843940081,0.0
2022-03-14,0.0,3.616572380065918,998177.7843940081,0,0.0,998177.7843940081,0.0
2022-03-15,0.0,3.577176094055176,998177.7843940081,0,0.0,998177.7843940081,0.0
2022-03-16,0.0,3.5850560665130615,998177.7843940081,0,0.0,998177.7843940081,0.0
2022-03-17,0.0,3.5614171028137207,998177.7843940081,0,0.0,998177.7843940081,0.0
2022-03-18,0.0,3.5850560665130615,998177.7843940081,0,0.0,998177.7843940081,0.0
2022-03-21,0.0,3.577176094055176,998177.7843940081,0,0.0,998177.7843940081,0.0
2022-03-22,0.0,3.616572380065918,998177.7843940081,0,0.0,998177.7843940081,0.0
2022-03-23,0.0,3.6008141040802,998177.7843940081,0,0.0,998177.7843940081,0.0
2022-03-24,0.0,3.6086928844451904,998177.7843940081,0,0.0,998177.7843940081,0.0
2022-03-25,0.0,3.640209674835205,998177.7843940081,0,0.0,998177.7843940081,0.0
2022-03-28,0.0,3.695364475250244,998177.7843940081,0,0.0,998177.7843940081,0.0
2022-03-29,0.0,3.7190020084381104,998177.7843940081,0,0.0,998177.7843940081,0.0
2022-03-30,0.0,3.711122751235962,998177.7843940081,0,0.0,998177.7843940081,0.0
2022-03-31,0.0,3.7583980560302734,998177.7843940081,0,0.0,998177.7843940081,0.0
2022-04-01,0.0,3.7741572856903076,998177.7843940081,0,0.0,998177.7843940081,0.0
2022-04-06,0.0,3.8056743144989014,998177.7843940081,0,0.0,998177.7843940081,0.0
2022-04-07,0.0,3.797795295715332,998177.7843940081,0,0.0,998177.7843940081,0.0
2022-04-08,0.0,3.7899160385131836,998177.7843940081,0,0.0,998177.7843940081,0.0
2022-04-11,0.0,3.766278028488159,998177.7843940081,0,0.0,998177.7843940081,0.0
2022-04-12,0.0,3.766278028488159,998177.7843940081,0,0.0,998177.7843940081,0.0
2022-04-13,0.0,3.7741572856903076,998177.7843940081,0,0.0,998177.7843940081,0.0
2022-04-14,0.0,3.7583980560302734,998177.7843940081,0,0.0,998177.7843940081,0.0
2022-04-15,0.0,3.750519275665283,998177.7843940081,0,0.0,998177.7843940081,0.0
2022-04-18,0.0,3.7190020084381104,998177.7843940081,0,0.0,998177.7843940081,0.0
2022-04-19,0.0,3.726881504058838,998177.7843940081,0,0.0,998177.7843940081,0.0
2022-04-20,0.0,3.7347605228424072,998177.7843940081,0,0.0,998177.7843940081,0.0
2022-04-21,0.0,3.766278028488159,998177.7843940081,0,0.0,998177.7843940081,0.0
2022-04-22,0.0,3.81355357170105,998177.7843940081,0,0.0,998177.7843940081,0.0
2022-04-25,-1.0,3.7426397800445557,998177.7843940081,0,0.0,998177.7843940081,0.0
2022-04-26,0.0,3.7899160385131836,998177.7843940081,0,0.0,998177.7843940081,0.0
2022-04-27,0.0,3.711122751235962,998177.7843940081,0,0.0,998177.7843940081,0.0
2022-04-28,0.0,3.7583980560302734,998177.7843940081,0,0.0,998177.7843940081,0.0
2022-04-29,0.0,3.766278028488159,998177.7843940081,0,0.0,998177.7843940081,0.0
2022-05-05,0.0,3.7426397800445557,998177.7843940081,0,0.0,998177.7843940081,0.0
2022-05-06,0.0,3.7347605228424072,998177.7843940081,0,0.0,998177.7843940081,0.0
2022-05-09,0.0,3.750519275665283,998177.7843940081,0,0.0,998177.7843940081,0.0
2022-05-10,0.0,3.726881504058838,998177.7843940081,0,0.0,998177.7843940081,0.0
2022-05-11,0.0,3.671726942062378,998177.7843940081,0,0.0,998177.7843940081,0.0
2022-05-12,0.0,3.6638474464416504,998177.7843940081,0,0.0,998177.7843940081,0.0
2022-05-13,0.0,3.7032432556152344,998177.7843940081,0,0.0,998177.7843940081,0.0
2022-05-16,0.0,3.6874849796295166,998177.7843940081,0,0.0,998177.7843940081,0.0
2022-05-17,0.0,3.671726942062378,998177.7843940081,0,0.0,998177.7843940081,0.0
2022-05-18,0.0,3.640209674835205,998177.7843940081,0,0.0,998177.7843940081,0.0
2022-05-19,0.0,3.6323304176330566,998177.7843940081,0,0.0,998177.7843940081,0.0
2022-05-20,0.0,3.6480889320373535,998177.7843940081,0,0.0,998177.7843940081,0.0
2022-05-23,0.0,3.640209674835205,998177.7843940081,0,0.0,998177.7843940081,0.0
2022-05-24,0.0,3.6796061992645264,998177.7843940081,0,0.0,998177.7843940081,0.0
2022-05-25,0.0,3.671726942062378,998177.7843940081,0,0.0,998177.7843940081,0.0
2022-05-26,0.0,3.6638474464416504,998177.7843940081,0,0.0,998177.7843940081,0.0
2022-05-27,0.0,3.6796061992645264,998177.7843940081,0,0.0,998177.7843940081,0.0
2022-05-30,0.0,3.6638474464416504,998177.7843940081,0,0.0,998177.7843940081,0.0
2022-05-31,0.0,3.671726942062378,998177.7843940081,0,0.0,998177.7843940081,0.0
2022-06-01,0.0,3.6638474464416504,998177.7843940081,0,0.0,998177.7843940081,0.0
2022-06-02,0.0,3.6480889320373535,998177.7843940081,0,0.0,998177.7843940081,0.0
2022-06-06,0.0,3.624451160430908,998177.7843940081,0,0.0,998177.7843940081,0.0
2022-06-07,0.0,3.6323304176330566,998177.7843940081,0,0.0,998177.7843940081,0.0
2022-06-08,0.0,3.655968427658081,998177.7843940081,0,0.0,998177.7843940081,0.0
2022-06-09,0.0,3.671726942062378,998177.7843940081,0,0.0,998177.7843940081,0.0
2022-06-10,0.0,3.695364475250244,998177.7843940081,0,0.0,998177.7843940081,0.0
2022-06-13,0.0,3.6796061992645264,998177.7843940081,0,0.0,998177.7843940081,0.0
2022-06-14,0.0,3.7190020084381104,998177.7843940081,0,0.0,998177.7843940081,0.0
2022-06-15,0.0,3.726881504058838,998177.7843940081,0,0.0,998177.7843940081,0.0
2022-06-16,0.0,3.7032432556152344,998177.7843940081,0,0.0,998177.7843940081,0.0
2022-06-17,0.0,3.7426397800445557,998177.7843940081,0,0.0,998177.7843940081,0.0
2022-06-20,0.0,3.7032432556152344,998177.7843940081,0,0.0,998177.7843940081,0.0
2022-06-21,0.0,3.750519275665283,998177.7843940081,0,0.0,998177.7843940081,0.0
2022-06-22,0.0,3.7426397800445557,998177.7843940081,0,0.0,998177.7843940081,0.0
2022-06-23,0.0,3.7583980560302734,998177.7843940081,0,0.0,998177.7843940081,0.0
2022-06-24,0.0,3.7347605228424072,998177.7843940081,0,0.0,998177.7843940081,0.0
2022-06-27,0.0,3.711122751235962,998177.7843940081,0,0.0,998177.7843940081,0.0
2022-06-28,0.0,3.726881504058838,998177.7843940081,0,0.0,998177.7843940081,0.0
2022-06-29,0.0,3.7583980560302734,998177.7843940081,0,0.0,998177.7843940081,0.0
2022-06-30,0.0,3.7583980560302734,998177.7843940081,0,0.0,998177.7843940081,0.0
2022-07-01,0.0,3.7583980560302734,998177.7843940081,0,0.0,998177.7843940081,0.0
2022-07-04,0.0,3.7583980560302734,998177.7843940081,0,0.0,998177.7843940081,0.0
2022-07-05,0.0,3.7820370197296143,998177.7843940081,0,0.0,998177.7843940081,0.0
2022-07-06,-1.0,3.766278028488159,998177.7843940081,0,0.0,998177.7843940081,0.0
2022-07-07,0.0,3.750519275665283,998177.7843940081,0,0.0,998177.7843940081,0.0
2022-07-08,0.0,3.7583980560302734,998177.7843940081,0,0.0,998177.7843940081,0.0
2022-07-11,0.0,3.7741572856903076,998177.7843940081,0,0.0,998177.7843940081,0.0
2022-07-12,0.0,3.7853198051452637,998177.7843940081,0,0.0,998177.7843940081,0.0
2022-07-13,0.0,3.7097814083099365,998177.7843940081,0,0.0,998177.7843940081,0.0
2022-07-14,0.0,3.6678154468536377,998177.7843940081,0,0.0,998177.7843940081,0.0
2022-07-15,0.0,3.6342430114746094,998177.7843940081,0,0.0,998177.7843940081,0.0
2022-07-18,0.0,3.6678154468536377,998177.7843940081,0,0.0,998177.7843940081,0.0
2022-07-19,0.0,3.6846017837524414,998177.7843940081,0,0.0,998177.7843940081,0.0
2022-07-20,0.0,3.7265677452087402,998177.7843940081,0,0.0,998177.7843940081,0.0
2022-07-21,0.0,3.6846017837524414,998177.7843940081,0,0.0,998177.7843940081,0.0
2022-07-22,0.0,3.701388120651245,998177.7843940081,0,0.0,998177.7843940081,0.0
2022-07-25,0.0,3.7265677452087402,998177.7843940081,0,0.0,998177.7843940081,0.0
2022-07-26,0.0,3.7097814083099365,998177.7843940081,0,0.0,998177.7843940081,0.0
2022-07-27,0.0,3.6846017837524414,998177.7843940081,0,0.0,998177.7843940081,0.0
2022-07-28,0.0,3.6846017837524414,998177.7843940081,0,0.0,998177.7843940081,0.0
2022-07-29,0.0,3.676208734512329,998177.7843940081,0,0.0,998177.7843940081,0.0
2022-08-01,0.0,3.6678154468536377,998177.7843940081,0,0.0,998177.7843940081,0.0
2022-08-02,0.0,3.651029109954834,998177.7843940081,0,0.0,998177.7843940081,0.0
2022-08-03,0.0,3.625849723815918,998177.7843940081,0,0.0,998177.7843940081,0.0
2022-08-04,1.0,3.6678154468536377,0.6154225867940113,271873,997179.988982439,997180.6044050258,-997.1799889822723
2022-08-05,0.0,3.6846017837524414,0.6154225867940113,271873,1001743.7407541275,1001744.3561767143,4563.751771688461
2022-08-08,0.0,3.651029109954834,0.6154225867940113,271873,992616.2372107506,992616.8526333374,-9127.503543376923
2022-08-09,0.0,3.642636299133301,0.6154225867940113,271873,990334.4585542679,990335.0739768547,-2281.7786564826965
2022-08-10,0.0,3.6342430114746094,0.6154225867940113,271873,988052.5502586365,988053.1656812233,-2281.9082956314087
2022-08-11,0.0,3.6594223976135254,0.6154225867940113,271873,994898.145506382,994898.7609289688,6845.595247745514
2022-08-12,0.0,3.6594223976135254,0.6154225867940113,271873,994898.145506382,994898.7609289688,0.0
2022-08-15,0.0,3.642636299133301,0.6154225867940113,271873,990334.4585542679,990335.0739768547,-4563.686952114105
2022-08-16,0.0,3.6342430114746094,0.6154225867940113,271873,988052.5502586365,988053.1656812233,-2281.9082956314087
2022-08-17,0.0,3.642636299133301,0.6154225867940113,271873,990334.4585542679,990335.0739768547,2281.9082956314087
2022-08-18,0.0,3.625849723815918,0.6154225867940113,271873,985770.6419630051,985771.2573855919,-4563.816591262817
2022-08-19,0.0,3.6342430114746094,0.6154225867940113,271873,988052.5502586365,988053.1656812233,2281.9082956314087
2022-08-22,0.0,3.6342430114746094,0.6154225867940113,271873,988052.5502586365,988053.1656812233,0.0
2022-08-23,0.0,3.625849723815918,0.6154225867940113,271873,985770.6419630051,985771.2573855919,-2281.9082956314087
2022-08-24,0.0,3.625849723815918,0.6154225867940113,271873,985770.6419630051,985771.2573855919,0.0
2022-08-25,0.0,3.642636299133301,0.6154225867940113,271873,990334.4585542679,990335.0739768547,4563.816591262817
2022-08-26,0.0,3.651029109954834,0.6154225867940113,271873,992616.2372107506,992616.8526333374,2281.7786564826965
2022-08-29,0.0,3.6342430114746094,0.6154225867940113,271873,988052.5502586365,988053.1656812233,-4563.686952114105
2022-08-30,0.0,3.6594223976135254,0.6154225867940113,271873,994898.145506382,994898.7609289688,6845.595247745514
2022-08-31,0.0,3.676208734512329,0.6154225867940113,271873,999461.8972780704,999462.5127006572,4563.751771688461
2022-09-01,0.0,3.6594223976135254,0.6154225867940113,271873,994898.145506382,994898.7609289688,-4563.751771688461
2022-09-02,0.0,3.651029109954834,0.6154225867940113,271873,992616.2372107506,992616.8526333374,-2281.9082956314087
2022-09-05,0.0,3.6594223976135254,0.6154225867940113,271873,994898.145506382,994898.7609289688,2281.9082956314087
2022-09-06,0.0,3.6594223976135254,0.6154225867940113,271873,994898.145506382,994898.7609289688,0.0
2022-09-07,0.0,3.651029109954834,0.6154225867940113,271873,992616.2372107506,992616.8526333374,-2281.9082956314087
2022-09-08,0.0,3.651029109954834,0.6154225867940113,271873,992616.2372107506,992616.8526333374,0.0
2022-09-09,0.0,3.6594223976135254,0.6154225867940113,271873,994898.145506382,994898.7609289688,2281.9082956314087
2022-09-13,0.0,3.676208734512329,0.6154225867940113,271873,999461.8972780704,999462.5127006572,4563.751771688461
2022-09-14,-1.0,3.6594223976135254,993903.8627834624,0,0.0,993903.8627834624,-5558.649917194853
2022-09-15,0.0,3.6846017837524414,993903.8627834624,0,0.0,993903.8627834624,0.0
2022-09-16,0.0,3.6594223976135254,993903.8627834624,0,0.0,993903.8627834624,0.0
2022-09-19,0.0,3.676208734512329,993903.8627834624,0,0.0,993903.8627834624,0.0
2022-09-20,0.0,3.6678154468536377,993903.8627834624,0,0.0,993903.8627834624,0.0
2022-09-21,0.0,3.6678154468536377,993903.8627834624,0,0.0,993903.8627834624,0.0
2022-09-22,0.0,3.6846017837524414,993903.8627834624,0,0.0,993903.8627834624,0.0
2022-09-23,0.0,3.692995071411133,993903.8627834624,0,0.0,993903.8627834624,0.0
2022-09-26,0.0,3.651029109954834,993903.8627834624,0,0.0,993903.8627834624,0.0
2022-09-27,0.0,3.642636299133301,993903.8627834624,0,0.0,993903.8627834624,0.0
2022-09-28,0.0,3.651029109954834,993903.8627834624,0,0.0,993903.8627834624,0.0
2022-09-29,0.0,3.6342430114746094,993903.8627834624,0,0.0,993903.8627834624,0.0
2022-09-30,1.0,3.651029109954834,2.634924376034178,271953,992908.319539547,992910.954463923,-992.9083195393905
2022-10-10,0.0,3.6594223976135254,2.634924376034178,271953,995190.8992981911,995193.5342225671,2282.579758644104
2022-10-11,0.0,3.6678154468536377,2.634924376034178,271953,997473.4142181873,997476.0491425634,2282.5149199962616
2022-10-12,0.0,3.692995071411133,2.634924376034178,271953,1004321.0886554718,1004323.7235798478,6847.67443728447
2022-10-13,-1.0,3.651029109954834,991918.0461443835,0,0.0,991918.0461443835,-12405.677435464342
2022-10-14,0.0,3.642636299133301,991918.0461443835,0,0.0,991918.0461443835,0.0
2022-10-17,0.0,3.651029109954834,991918.0461443835,0,0.0,991918.0461443835,0.0
2022-10-18,0.0,3.651029109954834,991918.0461443835,0,0.0,991918.0461443835,0.0
2022-10-19,0.0,3.642636299133301,991918.0461443835,0,0.0,991918.0461443835,0.0
2022-10-20,0.0,3.651029109954834,991918.0461443835,0,0.0,991918.0461443835,0.0
2022-10-21,0.0,3.651029109954834,991918.0461443835,0,0.0,991918.0461443835,0.0
2022-10-24,0.0,3.6594223976135254,991918.0461443835,0,0.0,991918.0461443835,0.0
2022-10-25,0.0,3.642636299133301,991918.0461443835,0,0.0,991918.0461443835,0.0
2022-10-26,0.0,3.5922770500183105,991918.0461443835,0,0.0,991918.0461443835,0.0
2022-10-27,0.0,3.5670974254608154,991918.0461443835,0,0.0,991918.0461443835,0.0
2022-10-28,0.0,3.5670974254608154,991918.0461443835,0,0.0,991918.0461443835,0.0
2022-10-31,0.0,3.4831655025482178,991918.0461443835,0,0.0,991918.0461443835,0.0
2022-11-01,0.0,3.4244134426116943,991918.0461443835,0,0.0,991918.0461443835,0.0
2022-11-02,0.0,3.416020631790161,991918.0461443835,0,0.0,991918.0461443835,0.0
2022-11-03,0.0,3.4076271057128906,991918.0461443835,0,0.0,991918.0461443835,0.0
2022-11-04,0.0,3.432806968688965,991918.0461443835,0,0.0,991918.0461443835,0.0
2022-11-07,0.0,3.4244134426116943,991918.0461443835,0,0.0,991918.0461443835,0.0
2022-11-08,0.0,3.432806968688965,991918.0461443835,0,0.0,991918.0461443835,0.0
2022-11-09,0.0,3.441199779510498,991918.0461443835,0,0.0,991918.0461443835,0.0
2022-11-10,0.0,3.4495935440063477,991918.0461443835,0,0.0,991918.0461443835,0.0
2022-11-11,0.0,3.4831655025482178,991918.0461443835,0,0.0,991918.0461443835,0.0
2022-11-14,0.0,3.4831655025482178,991918.0461443835,0,0.0,991918.0461443835,0.0
2022-11-15,0.0,3.4999523162841797,991918.0461443835,0,0.0,991918.0461443835,0.0
2022-11-16,0.0,3.491558790206909,991918.0461443835,0,0.0,991918.0461443835,0.0
2022-11-17,0.0,3.4999523162841797,991918.0461443835,0,0.0,991918.0461443835,0.0
2022-11-18,0.0,3.4999523162841797,991918.0461443835,0,0.0,991918.0461443835,0.0
2022-11-21,0.0,3.508345127105713,991918.0461443835,0,0.0,991918.0461443835,0.0
2022-11-22,0.0,3.5503108501434326,991918.0461443835,0,0.0,991918.0461443835,0.0
2022-11-23,0.0,3.575490713119507,991918.0461443835,0,0.0,991918.0461443835,0.0
2022-11-24,0.0,3.5670974254608154,991918.0461443835,0,0.0,991918.0461443835,0.0
2022-11-25,0.0,3.625849723815918,991918.0461443835,0,0.0,991918.0461443835,0.0
2022-11-28,-1.0,3.558704137802124,991918.0461443835,0,0.0,991918.0461443835,0.0
2022-11-29,0.0,3.625849723815918,991918.0461443835,0,0.0,991918.0461443835,0.0
2022-11-30,0.0,3.6090633869171143,991918.0461443835,0,0.0,991918.0461443835,0.0
2022-12-01,0.0,3.5670974254608154,991918.0461443835,0,0.0,991918.0461443835,0.0
2022-12-02,0.0,3.558704137802124,991918.0461443835,0,0.0,991918.0461443835,0.0
2022-12-05,0.0,3.6090633869171143,991918.0461443835,0,0.0,991918.0461443835,0.0
2022-12-06,0.0,3.6174561977386475,991918.0461443835,0,0.0,991918.0461443835,0.0
2022-12-07,0.0,3.6006698608398438,991918.0461443835,0,0.0,991918.0461443835,0.0
2022-12-08,0.0,3.6090633869171143,991918.0461443835,0,0.0,991918.0461443835,0.0
2022-12-09,0.0,3.6090633869171143,991918.0461443835,0,0.0,991918.0461443835,0.0
2022-12-12,0.0,3.58388352394104,991918.0461443835,0,0.0,991918.0461443835,0.0
2022-12-13,1.0,3.6090633869171143,1.0221542068757117,274566,990926.0978922844,990927.1200464913,-990.9260978922248
2022-12-14,0.0,3.6006698608398438,1.0221542068757117,274566,988621.5210113525,988622.5431655594,-2304.5768809318542
2022-12-15,0.0,3.575490713119507,1.0221542068757117,274566,981708.1831383705,981709.2052925774,-6913.337872982025
2022-12-16,0.0,3.6006698608398438,1.0221542068757117,274566,988621.5210113525,988622.5431655594,6913.337872982025
2022-12-19,0.0,3.575490713119507,1.0221542068757117,274566,981708.1831383705,981709.2052925774,-6913.337872982025
2022-12-20,0.0,3.5503108501434326,1.0221542068757117,274566,974794.6488804817,974795.6710346886,-6913.534257888794
2022-12-21,0.0,3.5670974254608154,1.0221542068757117,274566,979403.6717190742,979404.6938732811,4609.022838592529
2022-12-22,0.0,3.58388352394104,1.0221542068757117,274566,984012.5636343956,984013.5857886025,4608.89191532135
2022-12-23,0.0,3.5670974254608154,1.0221542068757117,274566,979403.6717190742,979404.6938732811,-4608.89191532135
2022-12-26,0.0,3.575490713119507,1.0221542068757117,274566,981708.1831383705,981709.2052925774,2304.5114192962646
2022-12-27,0.0,3.6090633869171143,1.0221542068757117,274566,990926.0978922844,990927.1200464913,9217.91475391388
2022-12-28,0.0,3.625849723815918,1.0221542068757117,274566,995535.0552692413,995536.0774234482,4608.95737695694
2022-12-29,0.0,3.6090633869171143,1.0221542068757117,274566,990926.0978922844,990927.1200464913,-4608.95737695694
2022-12-30,0.0,3.642636299133301,1.0221542068757117,274566,1000144.0781078339,1000145.1002620407,9217.980215549469
2023-01-03,-1.0,3.6174561977386475,992238.2700641281,0,0.0,992238.2700641281,-7906.830197912641
2023-01-04,0.0,3.6594223976135254,992238.2700641281,0,0.0,992238.2700641281,0.0
2023-01-05,0.0,3.6342430114746094,992238.2700641281,0,0.0,992238.2700641281,0.0
2023-01-06,0.0,3.642636299133301,992238.2700641281,0,0.0,992238.2700641281,0.0
2023-01-09,0.0,3.6342430114746094,992238.2700641281,0,0.0,992238.2700641281,0.0
2023-01-10,0.0,3.6090633869171143,992238.2700641281,0,0.0,992238.2700641281,0.0
2023-01-11,0.0,3.6174561977386475,992238.2700641281,0,0.0,992238.2700641281,0.0
2023-01-12,0.0,3.6090633869171143,992238.2700641281,0,0.0,992238.2700641281,0.0
2023-01-13,0.0,3.642636299133301,992238.2700641281,0,0.0,992238.2700641281,0.0
2023-01-16,0.0,3.642636299133301,992238.2700641281,0,0.0,992238.2700641281,0.0
2023-01-17,0.0,3.6342430114746094,992238.2700641281,0,0.0,992238.2700641281,0.0
2023-01-18,0.0,3.642636299133301,992238.2700641281,0,0.0,992238.2700641281,0.0
2023-01-19,0.0,3.6342430114746094,992238.2700641281,0,0.0,992238.2700641281,0.0
2023-01-20,0.0,3.6342430114746094,992238.2700641281,0,0.0,992238.2700641281,0.0
2023-01-30,0.0,3.625849723815918,992238.2700641281,0,0.0,992238.2700641281,0.0
2023-01-31,0.0,3.625849723815918,992238.2700641281,0,0.0,992238.2700641281,0.0
2023-02-01,0.0,3.6174561977386475,992238.2700641281,0,0.0,992238.2700641281,0.0
2023-02-02,0.0,3.6090633869171143,992238.2700641281,0,0.0,992238.2700641281,0.0
2023-02-03,0.0,3.6090633869171143,992238.2700641281,0,0.0,992238.2700641281,0.0
2023-02-06,0.0,3.6006698608398438,992238.2700641281,0,0.0,992238.2700641281,0.0
2023-02-07,0.0,3.6006698608398438,992238.2700641281,0,0.0,992238.2700641281,0.0
2023-02-08,0.0,3.6090633869171143,992238.2700641281,0,0.0,992238.2700641281,0.0
2023-02-09,0.0,3.6090633869171143,992238.2700641281,0,0.0,992238.2700641281,0.0
2023-02-10,0.0,3.6174561977386475,992238.2700641281,0,0.0,992238.2700641281,0.0
2023-02-13,0.0,3.6006698608398438,992238.2700641281,0,0.0,992238.2700641281,0.0
2023-02-14,0.0,3.6090633869171143,992238.2700641281,0,0.0,992238.2700641281,0.0
2023-02-15,0.0,3.6006698608398438,992238.2700641281,0,0.0,992238.2700641281,0.0
2023-02-16,0.0,3.5922770500183105,992238.2700641281,0,0.0,992238.2700641281,0.0
2023-02-17,0.0,3.5922770500183105,992238.2700641281,0,0.0,992238.2700641281,0.0
2023-02-20,0.0,3.6174561977386475,992238.2700641281,0,0.0,992238.2700641281,0.0
2023-02-21,0.0,3.625849723815918,992238.2700641281,0,0.0,992238.2700641281,0.0
2023-02-22,0.0,3.6090633869171143,992238.2700641281,0,0.0,992238.2700641281,0.0
2023-02-23,0.0,3.6090633869171143,992238.2700641281,0,0.0,992238.2700641281,0.0
2023-02-24,0.0,3.6006698608398438,992238.2700641281,0,0.0,992238.2700641281,0.0
2023-02-27,0.0,3.6006698608398438,992238.2700641281,0,0.0,992238.2700641281,0.0
2023-02-28,0.0,3.6090633869171143,992238.2700641281,0,0.0,992238.2700641281,0.0
2023-03-01,0.0,3.6090633869171143,992238.2700641281,0,0.0,992238.2700641281,0.0
2023-03-02,0.0,3.625849723815918,992238.2700641281,0,0.0,992238.2700641281,0.0
2023-03-03,0.0,3.6594223976135254,992238.2700641281,0,0.0,992238.2700641281,0.0
2023-03-06,0.0,3.651029109954834,992238.2700641281,0,0.0,992238.2700641281,0.0
2023-03-07,0.0,3.6846017837524414,992238.2700641281,0,0.0,992238.2700641281,0.0
2023-03-08,0.0,3.692995071411133,992238.2700641281,0,0.0,992238.2700641281,0.0
2023-03-09,0.0,3.676208734512329,992238.2700641281,0,0.0,992238.2700641281,0.0
2023-03-10,0.0,3.642636299133301,992238.2700641281,0,0.0,992238.2700641281,0.0
2023-03-13,1.0,3.692995071411133,2.8327634156448767,268412,991244.193107605,991247.0258710206,-991.2441931074718
2023-03-14,0.0,3.701388120651245,2.8327634156448767,268412,993496.988240242,993499.8210036576,2252.795132637024
2023-03-15,0.0,3.743353843688965,2.8327634156448767,268412,1004761.0918922424,1004763.9246556581,11264.103652000427
2023-03-16,0.0,3.793712615966797,2.8327634156448767,268412,1018277.9906768799,1018280.8234402955,13516.898784637451
2023-03-17,0.0,3.793712615966797,2.8327634156448767,268412,1018277.9906768799,1018280.8234402955,0.0
2023-03-20,0.0,3.7853198051452637,2.8327634156448767,268412,1016025.2595386505,1016028.0923020662,-2252.73113822937
2023-03-21,0.0,3.7349605560302734,2.8327634156448767,268412,1002508.2327651978,1002511.0655286134,-13517.026773452759
2023-03-22,1.0,3.793712615966797,2.8327634156448767,268412,1018277.9906768799,1018280.8234402955,15769.757911682129
2023-03-23,0.0,3.793712615966797,2.8327634156448767,268412,1018277.9906768799,1018280.8234402955,0.0
2023-03-24,0.0,3.7601401805877686,2.8327634156448767,268412,1009266.7461519241,1009269.5789153398,-9011.24452495575
2023-03-27,0.0,3.743353843688965,2.8327634156448767,268412,1004761.0918922424,1004763.9246556581,-4505.654259681702
2023-03-28,0.0,3.7685329914093018,2.8327634156448767,268412,1011519.4772901535,1011522.3100535691,6758.385397911072
2023-03-29,0.0,3.7853198051452637,2.8327634156448767,268412,1016025.2595386505,1016028.0923020662,4505.782248497009
2023-03-30,0.0,3.793712615966797,2.8327634156448767,268412,1018277.9906768799,1018280.8234402955,2252.73113822937
2023-03-31,0.0,3.743353843688965,2.8327634156448767,268412,1004761.0918922424,1004763.9246556581,-13516.898784637451
2023-04-03,0.0,3.7349605560302734,2.8327634156448767,268412,1002508.2327651978,1002511.0655286134,-2252.8591270446777
2023-04-04,0.0,3.793712615966797,2.8327634156448767,268412,1018277.9906768799,1018280.8234402955,15769.757911682129
2023-04-06,0.0,3.8021063804626465,2.8327634156448767,268412,1020530.9777927399,1020533.8105561555,2252.9871158599854
2023-04-07,0.0,3.8021063804626465,2.8327634156448767,268412,1020530.9777927399,1020533.8105561555,0.0
2023-04-10,0.0,3.8188934326171875,2.8327634156448767,268412,1025036.8240356445,1025039.6567990602,4505.846242904663
2023-04-11,0.0,3.8188934326171875,2.8327634156448767,268412,1025036.8240356445,1025039.6567990602,0.0
2023-04-12,0.0,3.8692514896392822,2.8327634156448767,268412,1038553.530837059,1038556.3636004747,13516.70680141449
2023-04-13,0.0,3.886037826538086,2.8327634156448767,268412,1043059.1850967407,1043062.0178601564,4505.654259681702
2023-04-14,0.0,3.886037826538086,2.8327634156448767,268412,1043059.1850967407,1043062.0178601564,0.0
2023-04-17,0.0,3.9699695110321045,2.8327634156448767,268412,1065587.4563951492,1065590.289158565,22528.271298408625
2023-04-18,0.0,4.003541946411133,2.8327634156448767,268412,1074598.700920105,1074601.5336835207,9011.24452495575
2023-04-19,0.0,3.9951491355895996,2.8327634156448767,268412,1072345.9697818756,1072348.8025452914,-2252.73113822937
2023-04-20,0.0,3.978362560272217,2.8327634156448767,268412,1067840.2515277863,1067843.084291202,-4505.7182540893555
2023-04-21,0.0,3.9447896480560303,2.8327634156448767,268412,1058828.8790140152,1058831.711777431,-9011.372513771057
2023-04-24,0.0,3.961576223373413,2.8327634156448767,268412,1063334.5972681046,1063337.4300315203,4505.7182540893555
2023-04-25,0.0,3.986755847930908,2.8327634156448767,268412,1070093.110654831,1070095.9434182467,6758.513386726379
2023-04-26,0.0,3.986755847930908,2.8327634156448767,268412,1070093.110654831,1070095.9434182467,0.0
2023-04-27,0.0,3.986755847930908,2.8327634156448767,268412,1070093.110654831,1070095.9434182467,0.0
2023-04-28,0.0,3.961576223373413,2.8327634156448767,268412,1063334.5972681046,1063337.4300315203,-6758.513386726379
2023-05-04,0.0,4.154619216918945,2.8327634156448767,268412,1115149.653251648,1115152.4860150637,51815.055983543396
2023-05-05,0.0,4.188192367553711,2.8327634156448767,268412,1124161.0897598267,1124163.9225232424,9011.436508178711
2023-05-08,0.0,4.448380470275879,2.8327634156448767,268412,1193998.6987876892,1194001.531551105,69837.60902786255
2023-05-09,0.0,4.423200607299805,2.8327634156448767,268412,1187240.1214065552,1187242.954169971,-6758.577381134033
2023-05-10,0.0,4.221765041351318,2.8327634156448767,268412,1133172.39827919,1133175.2310426058,-54067.72312736511
2023-05-11,0.0,4.196585655212402,2.8327634156448767,268412,1126413.9488868713,1126416.781650287,-6758.449392318726
2023-05-12,0.0,4.1797990798950195,2.8327634156448767,268412,1121908.230632782,1121911.0633961977,-4505.7182540893555
2023-05-15,0.0,4.230157852172852,2.8327634156448767,268412,1135425.1294174194,1135427.9621808352,13516.898784637451
2023-05-16,0.0,4.204978942871094,2.8327634156448767,268412,1128666.808013916,1128669.6407773318,-6758.321403503418
2023-05-17,0.0,4.188192367553711,2.8327634156448767,268412,1124161.0897598267,1124163.9225232424,-4505.7182540893555
2023-05-18,0.0,4.297302722930908,2.8327634156448767,268412,1153447.618467331,1153450.4512307467,29286.528707504272
2023-05-19,-1.0,4.230157852172852,1134292.5370514179,0,0.0,1134292.5370514179,-19157.91417932883
2023-05-22,0.0,4.255337715148926,1134292.5370514179,0,0.0,1134292.5370514179,0.0
2023-05-23,0.0,4.1378326416015625,1134292.5370514179,0,0.0,1134292.5370514179,0.0
2023-05-24,0.0,3.9951491355895996,1134292.5370514179,0,0.0,1134292.5370514179,0.0
2023-05-25,0.0,3.978362560272217,1134292.5370514179,0,0.0,1134292.5370514179,0.0
2023-05-26,0.0,4.028722763061523,1134292.5370514179,0,0.0,1134292.5370514179,0.0
2023-05-29,0.0,4.070687770843506,1134292.5370514179,0,0.0,1134292.5370514179,0.0
2023-05-30,0.0,4.045508861541748,1134292.5370514179,0,0.0,1134292.5370514179,0.0
2023-05-31,0.0,4.053901672363281,1134292.5370514179,0,0.0,1134292.5370514179,0.0
2023-06-01,0.0,4.079081058502197,1134292.5370514179,0,0.0,1134292.5370514179,0.0
2023-06-02,0.0,4.095866680145264,1134292.5370514179,0,0.0,1134292.5370514179,0.0
2023-06-05,0.0,4.163012504577637,1134292.5370514179,0,0.0,1134292.5370514179,0.0
2023-06-06,0.0,4.163012504577637,1134292.5370514179,0,0.0,1134292.5370514179,0.0
2023-06-07,0.0,4.204978942871094,1134292.5370514179,0,0.0,1134292.5370514179,0.0
2023-06-08,0.0,4.27212381362915,1134292.5370514179,0,0.0,1134292.5370514179,0.0
2023-06-09,0.0,4.255337715148926,1134292.5370514179,0,0.0,1134292.5370514179,0.0
2023-06-12,0.0,4.171405792236328,1134292.5370514179,0,0.0,1134292.5370514179,0.0
2023-06-13,0.0,4.196585655212402,1134292.5370514179,0,0.0,1134292.5370514179,0.0
2023-06-14,0.0,4.0874738693237305,1134292.5370514179,0,0.0,1134292.5370514179,0.0
2023-06-15,0.0,4.12104606628418,1134292.5370514179,0,0.0,1134292.5370514179,0.0
2023-06-16,0.0,4.095866680145264,1134292.5370514179,0,0.0,1134292.5370514179,0.0
2023-06-19,0.0,4.053901672363281,1134292.5370514179,0,0.0,1134292.5370514179,0.0
2023-06-20,0.0,4.053901672363281,1134292.5370514179,0,0.0,1134292.5370514179,0.0
2023-06-21,0.0,4.070687770843506,1134292.5370514179,0,0.0,1134292.5370514179,0.0
2023-06-26,0.0,4.003541946411133,1134292.5370514179,0,0.0,1134292.5370514179,0.0
2023-06-27,1.0,4.037115573883057,1.5944111968856305,280685,1133157.7848553658,1133159.3792665626,-1133.157784855226
2023-06-28,0.0,4.045508861541748,1.5944111968856305,280685,1135513.6548018456,1135515.2492130424,2355.8699464797974
2023-06-29,0.0,4.011935710906982,1.5944111968856305,280685,1126090.1750159264,1126091.7694271232,-9423.47978591919
2023-06-30,0.0,4.045508861541748,1.5944111968856305,280685,1135513.6548018456,1135515.2492130424,9423.47978591919
2023-07-03,0.0,4.095866680145264,1.5944111968856305,280685,1149648.3391165733,1149649.9335277702,14134.684314727783
2023-07-04,-1.0,4.053901672363281,1136733.1159275773,0,0.0,1136733.1159275773,-12916.817600192968
2023-07-05,0.0,4.045508861541748,1136733.1159275773,0,0.0,1136733.1159275773,0.0
2023-07-06,0.0,4.003541946411133,1136733.1159275773,0,0.0,1136733.1159275773,0.0
2023-07-07,0.0,3.9951491355895996,1136733.1159275773,0,0.0,1136733.1159275773,0.0
2023-07-10,0.0,4.003541946411133,1136733.1159275773,0,0.0,1136733.1159275773,0.0
2023-07-11,0.0,4.053901672363281,1136733.1159275773,0,0.0,1136733.1159275773,0.0
2023-07-12,0.0,4.037115573883057,1136733.1159275773,0,0.0,1136733.1159275773,0.0
2023-07-13,0.0,4.0874738693237305,1136733.1159275773,0,0.0,1136733.1159275773,0.0
2023-07-14,0.0,4.0874738693237305,1136733.1159275773,0,0.0,1136733.1159275773,0.0
2023-07-17,0.0,4.090607166290283,1136733.1159275773,0,0.0,1136733.1159275773,0.0
2023-07-18,0.0,4.063753604888916,1136733.1159275773,0,0.0,1136733.1159275773,0.0
2023-07-19,1.0,4.081655502319336,3.409615594195202,278219,1135594.1121997833,1135597.5218153775,-1135.5941121997312
2023-07-20,0.0,4.099557876586914,3.409615594195202,278219,1140574.8928661346,1140578.3024817288,4980.780666351318
2023-07-21,0.0,4.099557876586914,3.409615594195202,278219,1140574.8928661346,1140578.3024817288,0.0
2023-07-24,0.0,4.090607166290283,3.409615594195202,278219,1138084.6351981163,1138088.0448137105,-2490.257668018341
2023-07-25,0.0,4.135362148284912,3.409615594195202,278219,1150536.32153368,1150539.7311492742,12451.68633556366
2023-07-26,0.0,4.144312858581543,3.409615594195202,278219,1153026.5792016983,1153029.9888172925,2490.257668018341
2023-07-27,0.0,4.206969738006592,3.409615594195202,278219,1170458.913538456,1170462.3231540502,17432.33433675766
2023-07-28,0.0,4.287528991699219,3.409615594195202,278219,1192872.028541565,1192875.4381571591,22413.11500310898
2023-07-31,0.0,4.269627094268799,3.409615594195202,278219,1187891.380540371,1187894.7901559651,-4980.648001194
2023-08-01,0.0,4.278578281402588,3.409615594195202,278219,1190381.7708735466,1190385.1804891408,2490.390333175659
2023-08-02,0.0,4.180116653442383,3.409615594195202,278219,1162987.8752040863,1162991.2848196805,-27393.895669460297
2023-08-03,1.0,4.224871635437012,3.409615594195202,278219,1175439.56153965,1175442.9711552442,12451.68633556366
2023-08-04,0.0,4.242773532867432,3.409615594195202,278219,1180420.209540844,1180423.6191564382,4980.648001194
2023-08-07,0.0,4.215921401977539,3.409615594195202,278219,1172949.436536789,1172952.8461523831,-7470.773004055023
2023-08-08,0.0,4.189067840576172,3.409615594195202,278219,1165478.265537262,1165481.6751528562,-7471.1709995269775
2023-08-09,0.0,4.215921401977539,3.409615594195202,278219,1172949.436536789,1172952.8461523831,7471.1709995269775
2023-08-10,0.0,4.198019027709961,3.409615594195202,278219,1167968.6558704376,1167972.0654860318,-4980.780666351318
2023-08-11,0.0,4.126411437988281,3.409615594195202,278219,1148046.0638656616,1148049.4734812558,-19922.592004776
2023-08-14,0.0,4.081655502319336,3.409615594195202,278219,1135594.1121997833,1135597.5218153775,-12451.951665878296
2023-08-15,0.0,4.153264045715332,3.409615594195202,278219,1155516.969534874,1155520.3791504682,19922.857335090637
2023-08-16,0.0,4.153264045715332,3.409615594195202,278219,1155516.969534874,1155520.3791504682,0.0
2023-08-17,0.0,4.117460250854492,3.409615594195202,278219,1145555.673532486,1145559.0831480802,-9961.296002388
2023-08-18,0.0,4.126411437988281,3.409615594195202,278219,1148046.0638656616,1148049.4734812558,2490.390333175659
2023-08-21,0.0,4.081655502319336,3.409615594195202,278219,1135594.1121997833,1135597.5218153775,-12451.951665878296
2023-08-22,1.0,4.135362148284912,3.409615594195202,278219,1150536.32153368,1150539.7311492742,14942.209333896637
2023-08-23,0.0,4.153264045715332,3.409615594195202,278219,1155516.969534874,1155520.3791504682,4980.648001194
2023-08-24,0.0,4.108509063720703,3.409615594195202,278219,1143065.2831993103,1143068.6928149045,-12451.68633556366
2023-08-25,0.0,4.171165943145752,3.409615594195202,278219,1160497.617536068,1160501.0271516622,17432.33433675766
2023-08-28,0.0,4.233822822570801,3.409615594195202,278219,1177929.9518728256,1177933.3614884198,17432.33433675766
2023-08-29,-1.0,4.144312858581543,1151876.9622380908,0,0.0,1151876.9622380908,-26056.399250329006
2023-08-30,0.0,4.108509063720703,1151876.9622380908,0,0.0,1151876.9622380908,0.0
2023-08-31,0.0,4.135362148284912,1151876.9622380908,0,0.0,1151876.9622380908,0.0
2023-09-01,0.0,4.090607166290283,1151876.9622380908,0,0.0,1151876.9622380908,0.0
2023-09-04,0.0,4.117460250854492,1151876.9622380908,0,0.0,1151876.9622380908,0.0
2023-09-05,0.0,4.108509063720703,1151876.9622380908,0,0.0,1151876.9622380908,0.0
2023-09-06,0.0,4.126411437988281,1151876.9622380908,0,0.0,1151876.9622380908,0.0
2023-09-07,0.0,4.135362148284912,1151876.9622380908,0,0.0,1151876.9622380908,0.0
2023-09-08,0.0,4.108509063720703,1151876.9622380908,0,0.0,1151876.9622380908,0.0
2023-09-11,0.0,4.108509063720703,1151876.9622380908,0,0.0,1151876.9622380908,0.0
2023-09-12,0.0,4.117460250854492,1151876.9622380908,0,0.0,1151876.9622380908,0.0
2023-09-13,0.0,4.135362148284912,1151876.9622380908,0,0.0,1151876.9622380908,0.0
2023-09-14,0.0,4.189067840576172,1151876.9622380908,0,0.0,1151876.9622380908,0.0
2023-09-15,-1.0,4.144312858581543,1151876.9622380908,0,0.0,1151876.9622380908,0.0
2023-09-18,0.0,4.153264045715332,1151876.9622380908,0,0.0,1151876.9622380908,0.0
2023-09-19,0.0,4.189067840576172,1151876.9622380908,0,0.0,1151876.9622380908,0.0
2023-09-20,0.0,4.198019027709961,1151876.9622380908,0,0.0,1151876.9622380908,0.0
2023-09-21,0.0,4.198019027709961,1151876.9622380908,0,0.0,1151876.9622380908,0.0
2023-09-22,0.0,4.242773532867432,1151876.9622380908,0,0.0,1151876.9622380908,0.0
2023-09-25,0.0,4.233822822570801,1151876.9622380908,0,0.0,1151876.9622380908,0.0
2023-09-26,0.0,4.206969738006592,1151876.9622380908,0,0.0,1151876.9622380908,0.0
2023-09-27,0.0,4.162215232849121,1151876.9622380908,0,0.0,1151876.9622380908,0.0
2023-09-28,0.0,4.189067840576172,1151876.9622380908,0,0.0,1151876.9622380908,0.0
2023-10-09,0.0,4.180116653442383,1151876.9622380908,0,0.0,1151876.9622380908,0.0
2023-10-10,0.0,4.189067840576172,1151876.9622380908,0,0.0,1151876.9622380908,0.0
2023-10-11,0.0,4.224871635437012,1151876.9622380908,0,0.0,1151876.9622380908,0.0
2023-10-12,0.0,4.332283973693848,1151876.9622380908,0,0.0,1151876.9622380908,0.0
2023-10-13,0.0,4.377038955688477,1151876.9622380908,0,0.0,1151876.9622380908,0.0
2023-10-16,0.0,4.4038920402526855,1151876.9622380908,0,0.0,1151876.9622380908,0.0
2023-10-17,0.0,4.4038920402526855,1151876.9622380908,0,0.0,1151876.9622380908,0.0
2023-10-18,0.0,4.412843227386475,1151876.9622380908,0,0.0,1151876.9622380908,0.0
2023-10-19,0.0,4.323332786560059,1151876.9622380908,0,0.0,1151876.9622380908,0.0
2023-10-20,0.0,4.287528991699219,1151876.9622380908,0,0.0,1151876.9622380908,0.0
2023-10-23,0.0,4.314382076263428,1151876.9622380908,0,0.0,1151876.9622380908,0.0
2023-10-24,0.0,4.26067590713501,1151876.9622380908,0,0.0,1151876.9622380908,0.0
2023-10-25,0.0,4.215921401977539,1151876.9622380908,0,0.0,1151876.9622380908,0.0
2023-10-26,1.0,4.287528991699219,0.6180663760751486,268389,1150725.6185531616,1150726.2366195377,-1150.725618553115
2023-10-27,0.0,4.269627094268799,0.6180663760751486,268389,1145920.9462037086,1145921.5642700847,-4804.672349452972
2023-10-30,0.0,4.198019027709961,0.6180663760751486,268389,1126702.1288280487,1126702.7468944248,-19218.817375659943
2023-10-31,0.0,4.233822822570801,0.6180663760751486,268389,1136311.4735269547,1136312.0915933307,9609.344698905945
2023-11-01,0.0,4.269627094268799,0.6180663760751486,268389,1145920.9462037086,1145921.5642700847,9609.472676753998
2023-11-02,0.0,4.278578281402588,0.6180663760751486,268389,1148323.3463673592,1148323.9644337352,2402.4001636505127
2023-11-03,0.0,4.242773532867432,0.6180663760751486,268389,1138713.745712757,1138714.3637791332,-9609.60065460205
2023-11-06,0.0,4.215921401977539,0.6180663760751486,268389,1131506.9291553497,1131507.5472217258,-7206.816557407379
2023-11-07,0.0,4.224871635437012,0.6180663760751486,268389,1133909.0733633041,1133909.6914296802,2402.1442079544067
2023-11-08,0.0,4.215921401977539,0.6180663760751486,268389,1131506.9291553497,1131507.5472217258,-2402.1442079544067
2023-11-09,0.0,4.278578281402588,0.6180663760751486,268389,1148323.3463673592,1148323.9644337352,16816.41721200943
2023-11-10,0.0,4.278578281402588,0.6180663760751486,268389,1148323.3463673592,1148323.9644337352,0.0
2023-11-13,0.0,4.26067590713501,0.6180663760751486,268389,1143518.5460400581,1143519.1641064342,-4804.800327301025
2023-11-14,0.0,4.287528991699219,0.6180663760751486,268389,1150725.6185531616,1150726.2366195377,7207.072513103485
2023-11-15,0.0,4.287528991699219,0.6180663760751486,268389,1150725.6185531616,1150726.2366195377,0.0
2023-11-16,0.0,4.296480655670166,0.6180663760751486,268389,1153128.1466946602,1153128.7647610363,2402.5281414985657
2023-11-17,0.0,4.278578281402588,0.6180663760751486,268389,1148323.3463673592,1148323.9644337352,-4804.800327301025
2023-11-20,0.0,4.305431365966797,0.6180663760751486,268389,1155530.4188804626,1155531.0369468387,7207.072513103485
2023-11-21,0.0,4.305431365966797,0.6180663760751486,268389,1155530.4188804626,1155531.0369468387,0.0
2023-11-22,0.0,4.296480655670166,0.6180663760751486,268389,1153128.1466946602,1153128.7647610363,-2402.2721858024597
2023-11-23,0.0,4.296480655670166,0.6180663760751486,268389,1153128.1466946602,1153128.7647610363,0.0
2023-11-24,0.0,4.296480655670166,0.6180663760751486,268389,1153128.1466946602,1153128.7647610363,0.0
2023-11-27,0.0,4.278578281402588,0.6180663760751486,268389,1148323.3463673592,1148323.9644337352,-4804.800327301025
2023-11-28,1.0,4.287528991699219,0.6180663760751486,268389,1150725.6185531616,1150726.2366195377,2402.2721858024597
2023-11-29,0.0,4.269627094268799,0.6180663760751486,268389,1145920.9462037086,1145921.5642700847,-4804.672349452972
2023-11-30,0.0,4.305431365966797,0.6180663760751486,268389,1155530.4188804626,1155531.0369468387,9609.472676753998
2023-12-01,0.0,4.305431365966797,0.6180663760751486,268389,1155530.4188804626,1155531.0369468387,0.0
2023-12-04,0.0,4.296480655670166,0.6180663760751486,268389,1153128.1466946602,1153128.7647610363,-2402.2721858024597
2023-12-05,0.0,4.26067590713501,0.6180663760751486,268389,1143518.5460400581,1143519.1641064342,-9609.60065460205
2023-12-06,0.0,4.206969738006592,0.6180663760751486,268389,1129104.4010138512,1129105.0190802272,-14414.14502620697
2023-12-07,0.0,4.233822822570801,0.6180663760751486,268389,1136311.4735269547,1136312.0915933307,7207.072513103485
2023-12-08,0.0,4.233822822570801,0.6180663760751486,268389,1136311.4735269547,1136312.0915933307,0.0
2023-12-11,0.0,4.233822822570801,0.6180663760751486,268389,1136311.4735269547,1136312.0915933307,0.0
2023-12-12,0.0,4.287528991699219,0.6180663760751486,268389,1150725.6185531616,1150726.2366195377,14414.14502620697
2023-12-13,0.0,4.287528991699219,0.6180663760751486,268389,1150725.6185531616,1150726.2366195377,0.0
2023-12-14,0.0,4.269627094268799,0.6180663760751486,268389,1145920.9462037086,1145921.5642700847,-4804.672349452972
2023-12-15,0.0,4.233822822570801,0.6180663760751486,268389,1136311.4735269547,1136312.0915933307,-9609.472676753998
2023-12-18,1.0,4.269627094268799,0.6180663760751486,268389,1145920.9462037086,1145921.5642700847,9609.472676753998
2023-12-19,0.0,4.287528991699219,0.6180663760751486,268389,1150725.6185531616,1150726.2366195377,4804.672349452972
2023-12-20,0.0,4.287528991699219,0.6180663760751486,268389,1150725.6185531616,1150726.2366195377,0.0
2023-12-21,0.0,4.287528991699219,0.6180663760751486,268389,1150725.6185531616,1150726.2366195377,0.0
2023-12-22,0.0,4.278578281402588,0.6180663760751486,268389,1148323.3463673592,1148323.9644337352,-2402.2721858024597
2023-12-25,0.0,4.296480655670166,0.6180663760751486,268389,1153128.1466946602,1153128.7647610363,4804.800327301025
2023-12-26,0.0,4.314382076263428,0.6180663760751486,268389,1157932.691066265,1157933.3091326412,4804.544371604919
2023-12-27,0.0,4.323332786560059,0.6180663760751486,268389,1160334.9632520676,1160335.5813184436,2402.2721858024597
2023-12-28,0.0,4.269627094268799,0.6180663760751486,268389,1145920.9462037086,1145921.5642700847,-14414.017048358917
2023-12-29,0.0,4.278578281402588,0.6180663760751486,268389,1148323.3463673592,1148323.9644337352,2402.4001636505127
2024-01-02,0.0,4.287528991699219,0.6180663760751486,268389,1150725.6185531616,1150726.2366195377,2402.2721858024597
2024-01-03,0.0,4.332283973693848,0.6180663760751486,268389,1162737.363415718,1162737.9814820942,12011.744862556458
2024-01-04,0.0,4.377038955688477,0.6180663760751486,268389,1174749.1082782745,1174749.7263446506,12011.744862556458
2024-01-05,0.0,4.359136581420898,0.6180663760751486,268389,1169944.3079509735,1169944.9260173496,-4804.800327301025
2024-01-08,0.0,4.368088245391846,0.6180663760751486,268389,1172346.836092472,1172347.4541588482,2402.5281414985657
2024-01-09,0.0,4.368088245391846,0.6180663760751486,268389,1172346.836092472,1172347.4541588482,0.0
2024-01-10,0.0,4.34123420715332,0.6180663760751486,268389,1165139.5076236725,1165140.1256900486,-7207.328468799591
2024-01-11,0.0,4.278578281402588,0.6180663760751486,268389,1148323.3463673592,1148323.9644337352,-16816.161256313324
2024-01-12,0.0,4.305431365966797,0.6180663760751486,268389,1155530.4188804626,1155531.0369468387,7207.072513103485
2024-01-15,0.0,4.350185871124268,0.6180663760751486,268389,1167542.035765171,1167542.6538315471,12011.616884708405
2024-01-16,0.0,4.377038955688477,0.6180663760751486,268389,1174749.1082782745,1174749.7263446506,7207.072513103485
2024-01-17,0.0,4.332283973693848,0.6180663760751486,268389,1162737.363415718,1162737.9814820942,-12011.744862556458
2024-01-18,0.0,4.34123420715332,0.6180663760751486,268389,1165139.5076236725,1165140.1256900486,2402.1442079544067
2024-01-19,0.0,4.377038955688477,0.6180663760751486,268389,1174749.1082782745,1174749.7263446506,9609.60065460205
2024-01-22,0.0,4.377038955688477,0.6180663760751486,268389,1174749.1082782745,1174749.7263446506,0.0
2024-01-23,0.0,4.377038955688477,0.6180663760751486,268389,1174749.1082782745,1174749.7263446506,0.0
2024-01-24,0.0,4.448646545410156,0.6180663760751486,268389,1193967.7976760864,1193968.4157424625,19218.68939781189
2024-01-25,0.0,4.4844512939453125,0.6180663760751486,268389,1203577.3983306885,1203578.0163970646,9609.60065460205
2024-01-26,0.0,4.55605936050415,0.6180663760751486,268389,1222796.2157063484,1222796.8337727245,19218.817375659943
2024-01-29,0.0,4.618715763092041,0.6180663760751486,268389,1239612.5049405098,1239613.1230068859,16816.289234161377
2024-01-30,0.0,4.59186315536499,0.6180663760751486,268389,1232405.5604052544,1232406.1784716304,-7206.944535255432
2024-01-31,0.0,4.62766695022583,0.6180663760751486,268389,1242014.9051041603,1242015.5231705364,9609.344698905945
2024-02-01,0.0,4.600813865661621,0.6180663760751486,268389,1234807.8325910568,1234808.450657433,-7207.072513103485
2024-02-02,0.0,4.62766695022583,0.6180663760751486,268389,1242014.9051041603,1242015.5231705364,7207.072513103485
2024-02-05,0.0,4.735078811645508,0.6180663760751486,268389,1270843.0671787262,1270843.6852451023,28828.162074565887
2024-02-06,0.0,4.761931896209717,0.6180663760751486,268389,1278050.1396918297,1278050.7577582058,7207.072513103485
2024-02-07,0.0,4.681373119354248,0.6180663760751486,268389,1256429.0501303673,1256429.6681967434,-21621.089561462402
2024-02-08,0.0,4.618715763092041,0.6180663760751486,268389,1239612.5049405098,1239613.1230068859,-16816.545189857483
2024-02-19,1.0,4.717176914215088,0.6180663760751486,268389,1266038.3948292732,1266039.0128956493,26425.889888763428
2024-02-20,0.0,4.788784980773926,0.6180663760751486,268389,1285257.2122049332,1285257.8302713092,19218.817375659943
2024-02-21,0.0,4.842490196228027,0.6180663760751486,268389,1299671.101275444,1299671.71934182,14413.889070510864
2024-02-22,0.0,4.851441860198975,0.6180663760751486,268389,1302073.6294169426,1302074.2474833187,2402.5281414985657
2024-02-23,0.0,4.905148029327393,0.6180663760751486,268389,1316487.7744431496,1316488.3925095256,14414.14502620697
2024-02-26,0.0,4.761931896209717,0.6180663760751486,268389,1278050.1396918297,1278050.7577582058,-38437.634751319885
2024-02-27,0.0,4.744029998779297,0.6180663760751486,268389,1273245.4673423767,1273246.0854087528,-4804.672349452972
2024-02-28,0.0,4.770883083343506,0.6180663760751486,268389,1280452.5398554802,1280453.1579218563,7207.072513103485
2024-02-29,0.0,4.770883083343506,0.6180663760751486,268389,1280452.5398554802,1280453.1579218563,0.0
2024-03-01,0.0,4.779834270477295,0.6180663760751486,268389,1282854.9400191307,1282855.5580855068,2402.4001636505127
2024-03-04,0.0,4.761931896209717,0.6180663760751486,268389,1278050.1396918297,1278050.7577582058,-4804.800327301025
2024-03-05,0.0,4.887246131896973,0.6180663760751486,268389,1311683.1020936966,1311683.7201600727,33632.96240186691
2024-03-06,-1.0,4.788784980773926,1283972.5730591044,0,0.0,1283972.5730591044,-27711.147100968286
2024-03-07,0.0,4.815638065338135,1283972.5730591044,0,0.0,1283972.5730591044,0.0
2024-03-08,0.0,4.824588775634766,1283972.5730591044,0,0.0,1283972.5730591044,0.0
2024-03-11,0.0,4.806687355041504,1283972.5730591044,0,0.0,1283972.5730591044,0.0
2024-03-12,0.0,4.654520034790039,1283972.5730591044,0,0.0,1283972.5730591044,0.0
2024-03-13,0.0,4.62766695022583,1283972.5730591044,0,0.0,1283972.5730591044,0.0
2024-03-14,0.0,4.64556884765625,1283972.5730591044,0,0.0,1283972.5730591044,0.0
2024-03-15,0.0,4.66347074508667,1283972.5730591044,0,0.0,1283972.5730591044,0.0
2024-03-18,0.0,4.636617660522461,1283972.5730591044,0,0.0,1283972.5730591044,0.0
2024-03-19,0.0,4.60976505279541,1283972.5730591044,0,0.0,1283972.5730591044,0.0
2024-03-20,1.0,4.654520034790039,1.9084150330163538,275579,1282687.9766674042,1282689.8850824372,-1282.6879766671918
2024-03-21,0.0,4.672421932220459,1.9084150330163538,275579,1287621.3636593819,1287623.2720744149,4933.386991977692
2024-03-22,0.0,4.699275016784668,1.9084150330163538,275579,1295021.509850502,1295023.418265535,7400.146191120148
2024-03-25,0.0,4.735078811645508,1.9084150330163538,275579,1304888.2838344574,1304890.1922494904,9866.773983955383
2024-03-26,0.0,4.770883083343506,1.9084150330163538,275579,1314755.18922472,1314757.097639753,9866.905390262604
2024-03-27,0.0,4.797736167907715,1.9084150330163538,275579,1322155.3354158401,1322157.2438308732,7400.146191120148
2024-03-28,0.0,4.699275016784668,1.9084150330163538,275579,1295021.509850502,1295023.418265535,-27133.825565338135
2024-03-29,0.0,4.726127624511719,1.9084150330163538,275579,1302421.524635315,1302423.433050348,7400.014784812927
2024-04-01,0.0,4.735078811645508,1.9084150330163538,275579,1304888.2838344574,1304890.1922494904,2466.759199142456
2024-04-02,0.0,4.779834270477295,1.9084150330163538,275579,1317221.9484238625,1317223.8568388955,12333.66458940506
2024-04-03,0.0,4.770883083343506,1.9084150330163538,275579,1314755.18922472,1314757.097639753,-2466.759199142456
2024-04-08,0.0,4.833540439605713,1.9084150330163538,275579,1332022.2408061028,1332024.1492211358,17267.05158138275
2024-04-09,-1.0,4.770883083343506,1313442.3424505284,0,0.0,1313442.3424505284,-18581.806770607363
2024-04-10,0.0,4.779834270477295,1313442.3424505284,0,0.0,1313442.3424505284,0.0
2024-04-11,0.0,4.761931896209717,1313442.3424505284,0,0.0,1313442.3424505284,0.0
2024-04-12,0.0,4.761931896209717,1313442.3424505284,0,0.0,1313442.3424505284,0.0
2024-04-15,0.0,4.851441860198975,1313442.3424505284,0,0.0,1313442.3424505284,0.0
2024-04-16,0.0,4.8961968421936035,1313442.3424505284,0,0.0,1313442.3424505284,0.0
2024-04-17,0.0,4.9230499267578125,1313442.3424505284,0,0.0,1313442.3424505284,0.0
2024-04-18,0.0,4.940951824188232,1313442.3424505284,0,0.0,1313442.3424505284,0.0
2024-04-19,0.0,4.9678053855896,1313442.3424505284,0,0.0,1313442.3424505284,0.0
2024-04-22,0.0,4.905148029327393,1313442.3424505284,0,0.0,1313442.3424505284,0.0
2024-04-23,0.0,4.9230499267578125,1313442.3424505284,0,0.0,1313442.3424505284,0.0
2024-04-24,0.0,4.8961968421936035,1313442.3424505284,0,0.0,1313442.3424505284,0.0
2024-04-25,0.0,4.914099216461182,1313442.3424505284,0,0.0,1313442.3424505284,0.0
2024-04-26,0.0,4.833540439605713,1313442.3424505284,0,0.0,1313442.3424505284,0.0
2024-04-29,0.0,4.815638065338135,1313442.3424505284,0,0.0,1313442.3424505284,0.0
2024-04-30,0.0,4.8603925704956055,1313442.3424505284,0,0.0,1313442.3424505284,0.0
2024-05-06,0.0,4.806687355041504,1313442.3424505284,0,0.0,1313442.3424505284,0.0
2024-05-07,0.0,4.833540439605713,1313442.3424505284,0,0.0,1313442.3424505284,0.0
2024-05-08,0.0,4.842490196228027,1313442.3424505284,0,0.0,1313442.3424505284,0.0
2024-05-09,0.0,4.815638065338135,1313442.3424505284,0,0.0,1313442.3424505284,0.0
2024-05-10,0.0,4.833540439605713,1313442.3424505284,0,0.0,1313442.3424505284,0.0
2024-05-13,0.0,4.842490196228027,1313442.3424505284,0,0.0,1313442.3424505284,0.0
2024-05-14,0.0,4.806687355041504,1313442.3424505284,0,0.0,1313442.3424505284,0.0
2024-05-15,0.0,4.815638065338135,1313442.3424505284,0,0.0,1313442.3424505284,0.0
2024-05-16,0.0,4.842490196228027,1313442.3424505284,0,0.0,1313442.3424505284,0.0
2024-05-17,0.0,4.8961968421936035,1313442.3424505284,0,0.0,1313442.3424505284,0.0
2024-05-20,0.0,4.887246131896973,1313442.3424505284,0,0.0,1313442.3424505284,0.0
2024-05-21,0.0,4.9230499267578125,1313442.3424505284,0,0.0,1313442.3424505284,0.0
2024-05-22,0.0,4.932001113891602,1313442.3424505284,0,0.0,1313442.3424505284,0.0
2024-05-23,0.0,4.914099216461182,1313442.3424505284,0,0.0,1313442.3424505284,0.0
2024-05-24,0.0,4.8693437576293945,1313442.3424505284,0,0.0,1313442.3424505284,0.0
2024-05-27,1.0,4.905148029327393,3.1175076060462743,267500,1312127.0978450775,1312130.2153526836,-1312.1270978448447
2024-05-28,0.0,4.914099216461182,3.1175076060462743,267500,1314521.540403366,1314524.6579109721,2394.442558288574
2024-05-29,0.0,4.8961968421936035,3.1175076060462743,267500,1309732.655286789,1309735.772794395,-4788.885116577148
2024-05-30,0.0,4.8693437576293945,3.1175076060462743,267500,1302549.455165863,1302552.572673469,-7183.200120925903
2024-05-31,0.0,4.8603925704956055,3.1175076060462743,267500,1300155.0126075745,1300158.1301151805,-2394.442558288574
2024-06-03,0.0,4.8693437576293945,3.1175076060462743,267500,1302549.455165863,1302552.572673469,2394.442558288574
2024-06-04,0.0,4.8961968421936035,3.1175076060462743,267500,1309732.655286789,1309735.772794395,7183.200120925903
2024-06-05,0.0,4.887246131896973,3.1175076060462743,267500,1307338.3402824402,1307341.4577900462,-2394.315004348755
2024-06-06,0.0,4.887246131896973,3.1175076060462743,267500,1307338.3402824402,1307341.4577900462,0.0
2024-06-07,0.0,4.940951824188232,3.1175076060462743,267500,1321704.6129703522,1321707.7304779582,14366.272687911987
2024-06-11,-1.0,4.8693437576293945,1301250.0232183032,0,0.0,1301250.0232183032,-20457.707259655
2024-06-12,0.0,4.833540439605713,1301250.0232183032,0,0.0,1301250.0232183032,0.0
2024-06-13,0.0,4.8603925704956055,1301250.0232183032,0,0.0,1301250.0232183032,0.0
2024-06-14,0.0,4.9230499267578125,1301250.0232183032,0,0.0,1301250.0232183032,0.0
2024-06-17,-1.0,4.8603925704956055,1301250.0232183032,0,0.0,1301250.0232183032,0.0
2024-06-18,0.0,4.878294467926025,1301250.0232183032,0,0.0,1301250.0232183032,0.0
2024-06-19,0.0,4.9230499267578125,1301250.0232183032,0,0.0,1301250.0232183032,0.0
2024-06-20,0.0,4.940951824188232,1301250.0232183032,0,0.0,1301250.0232183032,0.0
2024-06-21,0.0,4.932001113891602,1301250.0232183032,0,0.0,1301250.0232183032,0.0
2024-06-24,0.0,4.9857072830200195,1301250.0232183032,0,0.0,1301250.0232183032,0.0
2024-06-25,0.0,5.01255989074707,1301250.0232183032,0,0.0,1301250.0232183032,0.0
2024-06-26,0.0,5.039412975311279,1301250.0232183032,0,0.0,1301250.0232183032,0.0
2024-06-27,0.0,5.102070331573486,1301250.0232183032,0,0.0,1301250.0232183032,0.0
2024-06-28,0.0,5.102070331573486,1301250.0232183032,0,0.0,1301250.0232183032,0.0
2024-07-01,0.0,5.209482192993164,1301250.0232183032,0,0.0,1301250.0232183032,0.0
2024-07-02,0.0,5.343746662139893,1301250.0232183032,0,0.0,1301250.0232183032,0.0
2024-07-03,0.0,5.272139072418213,1301250.0232183032,0,0.0,1301250.0232183032,0.0
2024-07-04,0.0,5.334795951843262,1301250.0232183032,0,0.0,1301250.0232183032,0.0
2024-07-05,0.0,5.334795951843262,1301250.0232183032,0,0.0,1301250.0232183032,0.0
2024-07-08,0.0,5.272139072418213,1301250.0232183032,0,0.0,1301250.0232183032,0.0
2024-07-09,0.0,5.316893577575684,1301250.0232183032,0,0.0,1301250.0232183032,0.0
2024-07-10,0.0,5.37060022354126,1301250.0232183032,0,0.0,1301250.0232183032,0.0
2024-07-11,0.0,5.307942867279053,1301250.0232183032,0,0.0,1301250.0232183032,0.0
2024-07-12,0.0,5.4422078132629395,1301250.0232183032,0,0.0,1301250.0232183032,0.0
2024-07-15,0.0,5.549619674682617,1301250.0232183032,0,0.0,1301250.0232183032,0.0
2024-07-16,0.0,5.546229839324951,1301250.0232183032,0,0.0,1301250.0232183032,0.0
2024-07-17,0.0,5.565062522888184,1301250.0232183032,0,0.0,1301250.0232183032,0.0
2024-07-18,0.0,5.565062522888184,1301250.0232183032,0,0.0,1301250.0232183032,0.0
2024-07-19,0.0,5.565062522888184,1301250.0232183032,0,0.0,1301250.0232183032,0.0
2024-07-22,0.0,5.499148368835449,1301250.0232183032,0,0.0,1301250.0232183032,0.0
2024-07-23,0.0,5.659225940704346,1301250.0232183032,0,0.0,1301250.0232183032,0.0
2024-07-24,0.0,5.706307888031006,1301250.0232183032,0,0.0,1301250.0232183032,0.0
2024-07-25,0.0,5.706307888031006,1301250.0232183032,0,0.0,1301250.0232183032,0.0
2024-07-26,0.0,5.583895683288574,1301250.0232183032,0,0.0,1301250.0232183032,0.0
2024-07-29,0.0,5.630977153778076,1301250.0232183032,0,0.0,1301250.0232183032,0.0
2024-07-30,0.0,5.6403937339782715,1301250.0232183032,0,0.0,1301250.0232183032,0.0
2024-07-31,0.0,5.5085649490356445,1301250.0232183032,0,0.0,1301250.0232183032,0.0
2024-08-01,0.0,5.536813735961914,1301250.0232183032,0,0.0,1301250.0232183032,0.0
2024-08-02,0.0,5.536813735961914,1301250.0232183032,0,0.0,1301250.0232183032,0.0
2024-08-05,0.0,5.5273966789245605,1301250.0232183032,0,0.0,1301250.0232183032,0.0
2024-08-06,0.0,5.461483478546143,1301250.0232183032,0,0.0,1301250.0232183032,0.0
2024-08-07,0.0,5.480315685272217,1301250.0232183032,0,0.0,1301250.0232183032,0.0
2024-08-08,0.0,5.5273966789245605,1301250.0232183032,0,0.0,1301250.0232183032,0.0
2024-08-09,0.0,5.574479103088379,1301250.0232183032,0,0.0,1301250.0232183032,0.0
2024-08-12,0.0,5.6403937339782715,1301250.0232183032,0,0.0,1301250.0232183032,0.0
2024-08-13,0.0,5.649809837341309,1301250.0232183032,0,0.0,1301250.0232183032,0.0
2024-08-14,0.0,5.668642520904541,1301250.0232183032,0,0.0,1301250.0232183032,0.0
2024-08-15,0.0,5.696891784667969,1301250.0232183032,0,0.0,1301250.0232183032,0.0
2024-08-16,0.0,5.7816386222839355,1301250.0232183032,0,0.0,1301250.0232183032,0.0
2024-08-19,0.0,5.904051303863525,1301250.0232183032,0,0.0,1301250.0232183032,0.0
2024-08-20,0.0,6.01704740524292,1301250.0232183032,0,0.0,1301250.0232183032,0.0
2024-08-21,0.0,5.932300090789795,1301250.0232183032,0,0.0,1301250.0232183032,0.0
2024-08-22,0.0,6.045297145843506,1301250.0232183032,0,0.0,1301250.0232183032,0.0
2024-08-23,0.0,6.082961559295654,1301250.0232183032,0,0.0,1301250.0232183032,0.0
2024-08-26,0.0,6.054712772369385,1301250.0232183032,0,0.0,1301250.0232183032,0.0
2024-08-27,0.0,6.148876667022705,1301250.0232183032,0,0.0,1301250.0232183032,0.0
2024-08-28,0.0,6.111210823059082,1301250.0232183032,0,0.0,1301250.0232183032,0.0
2024-08-29,0.0,5.856969356536865,1301250.0232183032,0,0.0,1301250.0232183032,0.0
2024-08-30,0.0,5.630977153778076,1301250.0232183032,0,0.0,1301250.0232183032,0.0
2024-09-02,0.0,5.593311786651611,1301250.0232183032,0,0.0,1301250.0232183032,0.0
2024-09-03,0.0,5.4238176345825195,1301250.0232183032,0,0.0,1301250.0232183032,0.0
2024-09-04,0.0,5.376735210418701,1301250.0232183032,0,0.0,1301250.0232183032,0.0
2024-09-05,0.0,5.30140495300293,1301250.0232183032,0,0.0,1301250.0232183032,0.0
2024-09-06,0.0,5.310821056365967,1301250.0232183032,0,0.0,1301250.0232183032,0.0
2024-09-09,0.0,5.282572269439697,1301250.0232183032,0,0.0,1301250.0232183032,0.0
2024-09-10,0.0,5.3390703201293945,1301250.0232183032,0,0.0,1301250.0232183032,0.0
2024-09-11,0.0,5.216657638549805,1301250.0232183032,0,0.0,1301250.0232183032,0.0
2024-09-12,0.0,5.216657638549805,1301250.0232183032,0,0.0,1301250.0232183032,0.0
2024-09-13,0.0,5.235490322113037,1301250.0232183032,0,0.0,1301250.0232183032,0.0
2024-09-18,0.0,5.348486423492432,1301250.0232183032,0,0.0,1301250.0232183032,0.0
2024-09-19,0.0,5.320237636566162,1301250.0232183032,0,0.0,1301250.0232183032,0.0
2024-09-20,0.0,5.3390703201293945,1301250.0232183032,0,0.0,1301250.0232183032,0.0
2024-09-23,0.0,5.3861517906188965,1301250.0232183032,0,0.0,1301250.0232183032,0.0
2024-09-24,0.0,5.649809837341309,1301250.0232183032,0,0.0,1301250.0232183032,0.0
2024-09-25,0.0,5.687475204467773,1301250.0232183032,0,0.0,1301250.0232183032,0.0
2024-09-26,0.0,5.838136196136475,1301250.0232183032,0,0.0,1301250.0232183032,0.0
2024-09-27,0.0,5.659225940704346,1301250.0232183032,0,0.0,1301250.0232183032,0.0
2024-09-30,0.0,5.8193039894104,1301250.0232183032,0,0.0,1301250.0232183032,0.0
2024-10-08,0.0,5.762806415557861,1301250.0232183032,0,0.0,1301250.0232183032,0.0
2024-10-09,0.0,5.687475204467773,1301250.0232183032,0,0.0,1301250.0232183032,0.0
2024-10-10,0.0,5.904051303863525,1301250.0232183032,0,0.0,1301250.0232183032,0.0
2024-10-11,0.0,5.904051303863525,1301250.0232183032,0,0.0,1301250.0232183032,0.0
2024-10-14,0.0,6.092377662658691,1301250.0232183032,0,0.0,1301250.0232183032,0.0
2024-10-15,0.0,5.8946356773376465,1301250.0232183032,0,0.0,1301250.0232183032,0.0
2024-10-16,0.0,5.988798141479492,1301250.0232183032,0,0.0,1301250.0232183032,0.0
2024-10-17,0.0,5.922884464263916,1301250.0232183032,0,0.0,1301250.0232183032,0.0
2024-10-18,0.0,5.9511332511901855,1301250.0232183032,0,0.0,1301250.0232183032,0.0
2024-10-21,0.0,5.800471305847168,1301250.0232183032,0,0.0,1301250.0232183032,0.0
2024-10-22,0.0,5.7816386222839355,1301250.0232183032,0,0.0,1301250.0232183032,0.0
2024-10-23,0.0,5.7816386222839355,1301250.0232183032,0,0.0,1301250.0232183032,0.0
2024-10-24,0.0,5.800471305847168,1301250.0232183032,0,0.0,1301250.0232183032,0.0
2024-10-25,0.0,5.762806415557861,1301250.0232183032,0,0.0,1301250.0232183032,0.0
2024-10-28,0.0,5.715724468231201,1301250.0232183032,0,0.0,1301250.0232183032,0.0
2024-10-29,0.0,5.706307888031006,1301250.0232183032,0,0.0,1301250.0232183032,0.0
2024-10-30,0.0,5.659225940704346,1301250.0232183032,0,0.0,1301250.0232183032,0.0
2024-10-31,0.0,5.687475204467773,1301250.0232183032,0,0.0,1301250.0232183032,0.0
2024-11-01,0.0,5.791055202484131,1301250.0232183032,0,0.0,1301250.0232183032,0.0
2024-11-04,0.0,5.772222518920898,1301250.0232183032,0,0.0,1301250.0232183032,0.0
2024-11-05,0.0,5.791055202484131,1301250.0232183032,0,0.0,1301250.0232183032,0.0
2024-11-06,0.0,5.734557151794434,1301250.0232183032,0,0.0,1301250.0232183032,0.0
2024-11-07,1.0,5.791055202484131,2.959524100413546,224475,1299947.1165776253,1299950.0761017257,-1299.9471165775321
2024-11-08,0.0,5.753389835357666,2.959524100413546,224475,1291492.183291912,1291495.1428160125,-8454.933285713196
2024-11-11,0.0,5.687475204467773,2.959524100413546,224475,1276695.9965229034,1276698.9560470039,-14796.186769008636
2024-11-12,0.0,5.649809837341309,2.959524100413546,224475,1268241.0632371902,1268244.0227612907,-8454.933285713196
2024-11-13,0.0,5.687475204467773,2.959524100413546,224475,1276695.9965229034,1276698.9560470039,8454.933285713196
2024-11-14,0.0,5.715724468231201,2.959524100413546,224475,1283037.2500061989,1283040.2095302993,6341.253483295441
2024-11-15,0.0,5.696891784667969,2.959524100413546,224475,1278809.7833633423,1278812.7428874427,-4227.466642856598
2024-11-18,0.0,5.828720569610596,2.959524100413546,224475,1308402.0498633385,1308405.009387439,29592.266499996185
2024-11-19,0.0,5.791055202484131,2.959524100413546,224475,1299947.1165776253,1299950.0761017257,-8454.933285713196
2024-11-20,0.0,5.7816386222839355,2.959524100413546,224475,1297833.3297371864,1297836.2892612868,-2113.786840438843
2024-11-21,0.0,5.772222518920898,2.959524100413546,224475,1295719.6499347687,1295722.609458869,-2113.679802417755
2024-11-22,0.0,5.696891784667969,2.959524100413546,224475,1278809.7833633423,1278812.7428874427,-16909.86657142639
2024-11-25,0.0,5.715724468231201,2.959524100413546,224475,1283037.2500061989,1283040.2095302993,4227.466642856598
2024-11-26,0.0,5.800471305847168,2.959524100413546,224475,1302060.796380043,1302063.7559041434,19023.546373844147
2024-11-27,0.0,5.838136196136475,2.959524100413546,224475,1310515.6226277351,1310518.5821518356,8454.826247692108
2024-11-28,0.0,5.828720569610596,2.959524100413546,224475,1308402.0498633385,1308405.009387439,-2113.5727643966675
2024-11-29,0.0,5.791055202484131,2.959524100413546,224475,1299947.1165776253,1299950.0761017257,-8454.933285713196
2024-12-02,0.0,5.772222518920898,2.959524100413546,224475,1295719.6499347687,1295722.609458869,-4227.466642856598
2024-12-03,0.0,5.847553253173828,2.959524100413546,224475,1312629.516506195,1312632.4760302955,16909.86657142639
2024-12-04,0.0,5.8946356773376465,2.959524100413546,224475,1323198.3436703682,1323201.3031944686,10568.827164173126
2024-12-05,0.0,5.8946356773376465,2.959524100413546,224475,1323198.3436703682,1323201.3031944686,0.0
2024-12-06,0.0,5.9511332511901855,2.959524100413546,224475,1335880.636560917,1335883.5960850173,12682.292890548706
2024-12-09,0.0,5.9511332511901855,2.959524100413546,224475,1335880.636560917,1335883.5960850173,0.0
2024-12-10,0.0,6.045297145843506,2.959524100413546,224475,1357018.076813221,1357021.0363373214,21137.440252304077
2024-12-11,-1.0,5.94171667098999,1332436.042394858,0,0.0,1332436.042394858,-24584.993942463305
2024-12-12,0.0,6.045297145843506,1332436.042394858,0,0.0,1332436.042394858,0.0
2024-12-13,0.0,6.01704740524292,1332436.042394858,0,0.0,1332436.042394858,0.0
2024-12-16,0.0,6.148876667022705,1332436.042394858,0,0.0,1332436.042394858,0.0
2024-12-17,0.0,6.130043983459473,1332436.042394858,0,0.0,1332436.042394858,0.0
2024-12-18,0.0,6.205374717712402,1332436.042394858,0,0.0,1332436.042394858,0.0
2024-12-19,0.0,6.111210823059082,1332436.042394858,0,0.0,1332436.042394858,0.0
2024-12-20,0.0,6.148876667022705,1332436.042394858,0,0.0,1332436.042394858,0.0
2024-12-23,0.0,6.308954238891602,1332436.042394858,0,0.0,1332436.042394858,0.0
2024-12-24,0.0,6.3842854499816895,1332436.042394858,0,0.0,1332436.042394858,0.0
2024-12-25,0.0,6.534946918487549,1332436.042394858,0,0.0,1332436.042394858,0.0
2024-12-26,0.0,6.525529861450195,1332436.042394858,0,0.0,1332436.042394858,0.0
2024-12-27,0.0,6.516113758087158,1332436.042394858,0,0.0,1332436.042394858,0.0
2024-12-30,0.0,6.544363021850586,1332436.042394858,0,0.0,1332436.042394858,0.0
2024-12-31,0.0,6.516113758087158,1332436.042394858,0,0.0,1332436.042394858,0.0
2025-01-02,0.0,6.403118133544922,1332436.042394858,0,0.0,1332436.042394858,0.0
2025-01-03,0.0,6.318370819091797,1332436.042394858,0,0.0,1332436.042394858,0.0
2025-01-06,0.0,6.356036186218262,1332436.042394858,0,0.0,1332436.042394858,0.0
2025-01-07,0.0,6.436273097991943,1332436.042394858,0,0.0,1332436.042394858,0.0
2025-01-08,0.0,6.503618240356445,1332436.042394858,0,0.0,1332436.042394858,0.0
2025-01-09,0.0,6.455514907836914,1332436.042394858,0,0.0,1332436.042394858,0.0
2025-01-10,0.0,6.417031764984131,1332436.042394858,0,0.0,1332436.042394858,0.0
2025-01-13,0.0,6.349686145782471,1332436.042394858,0,0.0,1332436.042394858,0.0
2025-01-14,0.0,6.359307289123535,1332436.042394858,0,0.0,1332436.042394858,0.0
2025-01-15,0.0,6.378548622131348,1332436.042394858,0,0.0,1332436.042394858,0.0
2025-01-16,0.0,6.426652431488037,1332436.042394858,0,0.0,1332436.042394858,0.0
2025-01-17,-1.0,6.359307289123535,1332436.042394858,0,0.0,1332436.042394858,0.0
2025-01-20,0.0,6.32082462310791,1332436.042394858,0,0.0,1332436.042394858,0.0
2025-01-21,0.0,6.301583290100098,1332436.042394858,0,0.0,1332436.042394858,0.0
2025-01-22,0.0,6.1957550048828125,1332436.042394858,0,0.0,1332436.042394858,0.0
2025-01-23,1.0,6.407410621643066,3.829100058414042,207744,1331101.1121826172,1331104.9412826756,-1331.101112182485
2025-01-24,0.0,6.417031764984131,3.829100058414042,207744,1333099.8469848633,1333103.6760849217,1998.7348022460938
2025-01-27,0.0,6.561342716217041,3.829100058414042,207744,1363079.581237793,1363083.4103378514,29979.734252929688
2025-02-05,0.0,6.436273097991943,3.829100058414042,207744,1337097.1184692383,1337100.9475692967,-25982.462768554688
2025-02-06,0.0,6.436273097991943,3.829100058414042,207744,1337097.1184692383,1337100.9475692967,0.0
2025-02-07,0.0,6.436273097991943,3.829100058414042,207744,1337097.1184692383,1337100.9475692967,0.0
2025-02-10,0.0,6.417031764984131,3.829100058414042,207744,1333099.8469848633,1333103.6760849217,-3997.271484375
2025-02-11,0.0,6.561342716217041,3.829100058414042,207744,1363079.581237793,1363083.4103378514,29979.734252929688
2025-02-12,0.0,6.638308525085449,3.829100058414042,207744,1379068.7662353516,1379072.59533541,15989.184997558594
2025-02-13,0.0,6.696033000946045,3.829100058414042,207744,1391060.6797485352,1391064.5088485936,11991.913513183594
2025-02-14,0.0,6.724895000457764,3.829100058414042,207744,1397056.5869750977,1397060.416075156,5995.9072265625
2025-02-17,0.0,6.696033000946045,3.829100058414042,207744,1391060.6797485352,1391064.5088485936,-5995.9072265625
2025-02-18,0.0,6.821102619171143,3.829100058414042,207744,1417043.1425170898,1417046.9716171483,25982.462768554688
2025-02-19,0.0,6.782619476318359,3.829100058414042,207744,1409048.5004882812,1409052.3295883397,-7994.642028808594
2025-02-20,0.0,6.811481952667236,3.829100058414042,207744,1415044.5067749023,1415048.3358749608,5996.006286621094
2025-02-21,0.0,6.667170524597168,3.829100058414042,207744,1385064.673461914,1385068.5025619725,-29979.83331298828
2025-02-24,0.0,6.628687381744385,3.829100058414042,207744,1377070.0314331055,1377073.8605331639,-7994.642028808594
2025-02-25,0.0,6.599825859069824,3.829100058414042,207744,1371074.2232666016,1371078.05236666,-5995.808166503906
2025-02-26,0.0,6.619067668914795,3.829100058414042,207744,1375071.5938110352,1375075.4229110936,3997.3705444335938
2025-02-27,0.0,6.667170524597168,3.829100058414042,207744,1385064.673461914,1385068.5025619725,9993.079650878906
2025-02-28,-1.0,6.6094465255737305,1371703.6152498387,0,0.0,1371703.6152498387,-13364.887312133797
2025-03-03,0.0,6.590205192565918,1371703.6152498387,0,0.0,1371703.6152498387,0.0
2025-03-04,0.0,6.522860050201416,1371703.6152498387,0,0.0,1371703.6152498387,0.0
2025-03-05,0.0,6.6094465255737305,1371703.6152498387,0,0.0,1371703.6152498387,0.0
2025-03-06,0.0,6.570963382720947,1371703.6152498387,0,0.0,1371703.6152498387,0.0
2025-03-07,0.0,6.5421013832092285,1371703.6152498387,0,0.0,1371703.6152498387,0.0
2025-03-10,0.0,6.484376907348633,1371703.6152498387,0,0.0,1371703.6152498387,0.0
2025-03-11,0.0,6.522860050201416,1371703.6152498387,0,0.0,1371703.6152498387,0.0
2025-03-12,0.0,6.46513557434082,1371703.6152498387,0,0.0,1371703.6152498387,0.0
2025-03-13,0.0,6.474756240844727,1371703.6152498387,0,0.0,1371703.6152498387,0.0
2025-03-14,0.0,6.493997573852539,1371703.6152498387,0,0.0,1371703.6152498387,0.0
2025-03-17,0.0,6.551722049713135,1371703.6152498387,0,0.0,1371703.6152498387,0.0
2025-03-18,0.0,6.5421013832092285,1371703.6152498387,0,0.0,1371703.6152498387,0.0
2025-03-19,0.0,6.6094465255737305,1371703.6152498387,0,0.0,1371703.6152498387,0.0
2025-03-20,0.0,6.580584526062012,1371703.6152498387,0,0.0,1371703.6152498387,0.0
2025-03-21,0.0,6.503618240356445,1371703.6152498387,0,0.0,1371703.6152498387,0.0
2025-03-24,0.0,6.561342716217041,1371703.6152498387,0,0.0,1371703.6152498387,0.0
2025-03-25,0.0,6.590205192565918,1371703.6152498387,0,0.0,1371703.6152498387,0.0
2025-03-26,0.0,6.570963382720947,1371703.6152498387,0,0.0,1371703.6152498387,0.0
2025-03-27,0.0,6.6094465255737305,1371703.6152498387,0,0.0,1371703.6152498387,0.0
2025-03-28,0.0,6.619067668914795,1371703.6152498387,0,0.0,1371703.6152498387,0.0
2025-03-31,0.0,6.628687381744385,1371703.6152498387,0,0.0,1371703.6152498387,0.0
2025-04-01,0.0,6.5421013832092285,1371703.6152498387,0,0.0,1371703.6152498387,0.0
2025-04-02,1.0,6.590205192565918,5.561012326274067,207934,1370327.7265110016,1370333.2875233279,-1370.327726510819
2025-04-03,0.0,6.628687381744385,5.561012326274067,207934,1378329.482035637,1378335.0430479632,8001.755524635315
2025-04-07,0.0,6.503618240356445,5.561012326274067,207934,1352323.355190277,1352328.9162026034,-26006.126845359802
2025-04-08,0.0,6.561342716217041,5.561012326274067,207934,1364326.2363538742,1364331.7973662005,12002.881163597107
2025-04-09,0.0,6.5421013832092285,5.561012326274067,207934,1360325.3090162277,1360330.870028554,-4000.9273376464844
2025-04-10,0.0,6.493997573852539,5.561012326274067,207934,1350322.8915214539,1350328.4525337801,-10002.417494773865
2025-04-11,0.0,6.5421013832092285,5.561012326274067,207934,1360325.3090162277,1360330.870028554,10002.417494773865
2025-04-14,0.0,6.6094465255737305,5.561012326274067,207934,1374328.653848648,1374334.2148609743,14003.34483242035
2025-04-15,0.0,6.696033000946045,5.561012326274067,207934,1392332.926018715,1392338.4870310412,18004.272170066833
2025-04-16,0.0,6.792240142822266,5.561012326274067,207934,1412337.661857605,1412343.2228699313,20004.735838890076
2025-04-17,0.0,6.782619476318359,5.561012326274067,207934,1410337.1981887817,1410342.759201108,-2000.4636688232422
2025-04-18,0.0,6.869206428527832,5.561012326274067,207934,1428341.5695095062,1428347.1305218325,18004.371320724487
2025-04-21,0.0,6.782619476318359,5.561012326274067,207934,1410337.1981887817,1410342.759201108,-18004.371320724487
2025-04-22,0.0,6.878827095031738,5.561012326274067,207934,1430342.0331783295,1430347.5941906557,20004.83498954773
2025-04-23,0.0,6.840344429016113,5.561012326274067,207934,1422340.1785030365,1422345.7395153628,-8001.854675292969
2025-04-24,0.0,6.965413570404053,5.561012326274067,207934,1448346.3053483963,1448351.8663607226,26006.126845359802
2025-04-25,0.0,6.936551570892334,5.561012326274067,207934,1442344.9143419266,1442350.4753542528,-6001.391006469727
2025-04-28,0.0,7.013517379760742,5.561012326274067,207934,1458348.7228431702,1458354.2838554964,16003.808501243591
2025-04-29,0.0,6.99427604675293,5.561012326274067,207934,1454347.7955055237,1454353.35651785,-4000.9273376464844
2025-04-30,0.0,6.744137287139893,5.561012326274067,207934,1402335.4426641464,1402341.0036764727,-52012.35284137726
2025-05-06,0.0,6.715274810791016,5.561012326274067,207934,1396333.952507019,1396339.5135193453,-6001.49015712738
2025-05-07,0.0,6.840344429016113,5.561012326274067,207934,1422340.1785030365,1422345.7395153628,26006.225996017456
2025-05-08,0.0,6.840344429016113,5.561012326274067,207934,1422340.1785030365,1422345.7395153628,0.0
2025-05-09,0.0,6.898068904876709,5.561012326274067,207934,1434343.0596666336,1434348.6206789599,12002.881163597107
2025-05-12,0.0,6.8884477615356445,5.561012326274067,207934,1432342.4968471527,1432348.057859479,-2000.562819480896
2025-05-13,0.0,6.9557929039001465,5.561012326274067,207934,1446345.841679573,1446351.4026918993,14003.34483242035
2025-05-14,0.0,6.9557929039001465,5.561012326274067,207934,1446345.841679573,1446351.4026918993,0.0
2025-05-15,0.0,6.99427604675293,5.561012326274067,207934,1454347.7955055237,1454353.35651785,8001.953825950623
2025-05-16,0.0,6.8884477615356445,5.561012326274067,207934,1432342.4968471527,1432348.057859479,-22005.29865837097
2025-05-19,0.0,6.849964618682861,5.561012326274067,207934,1424340.543021202,1424346.1040335284,-8001.953825950623
2025-05-20,0.0,6.859585762023926,5.561012326274067,207934,1426341.105840683,1426346.6668530093,2000.562819480896
2025-05-21,0.0,6.869206428527832,5.561012326274067,207934,1428341.5695095062,1428347.1305218325,2000.4636688232422
2025-05-22,0.0,6.849964618682861,5.561012326274067,207934,1424340.543021202,1424346.1040335284,-4001.026488304138
2025-05-23,0.0,6.811481952667236,5.561012326274067,207934,1416338.6883459091,1416344.2493582354,-8001.854675292969
2025-05-26,0.0,6.782619476318359,5.561012326274067,207934,1410337.1981887817,1410342.759201108,-6001.49015712738
2025-05-27,0.0,6.792240142822266,5.561012326274067,207934,1412337.661857605,1412343.2228699313,2000.4636688232422
2025-05-28,0.0,6.782619476318359,5.561012326274067,207934,1410337.1981887817,1410342.759201108,-2000.4636688232422
2025-05-29,0.0,6.772998809814453,5.561012326274067,207934,1408336.7345199585,1408342.2955322848,-2000.4636688232422
2025-05-30,0.0,6.80186128616333,5.561012326274067,207934,1414338.2246770859,1414343.7856894122,6001.49015712738
2025-06-03,0.0,6.840344429016113,5.561012326274067,207934,1422340.1785030365,1422345.7395153628,8001.953825950623
2025-06-04,0.0,6.811481952667236,5.561012326274067,207934,1416338.6883459091,1416344.2493582354,-6001.49015712738
2025-06-05,0.0,6.821102619171143,5.561012326274067,207934,1418339.1520147324,1418344.7130270586,2000.4636688232422
2025-06-06,0.0,6.830723285675049,5.561012326274067,207934,1420339.6156835556,1420345.1766958819,2000.4636688232422
2025-06-09,0.0,6.811481952667236,5.561012326274067,207934,1416338.6883459091,1416344.2493582354,-4000.9273376464844
2025-06-10,0.0,6.830723285675049,5.561012326274067,207934,1420339.6156835556,1420345.1766958819,4000.9273376464844
2025-06-11,0.0,6.849964618682861,5.561012326274067,207934,1424340.543021202,1424346.1040335284,4000.9273376464844
2025-06-12,0.0,6.840344429016113,5.561012326274067,207934,1422340.1785030365,1422345.7395153628,-2000.3645181655884
2025-06-13,0.0,6.821102619171143,5.561012326274067,207934,1418339.1520147324,1418344.7130270586,-4001.026488304138
2025-06-16,0.0,6.869206428527832,5.561012326274067,207934,1428341.5695095062,1428347.1305218325,10002.417494773865
2025-06-17,0.0,6.898068904876709,5.561012326274067,207934,1434343.0596666336,1434348.6206789599,6001.49015712738
2025-06-18,0.0,6.975034236907959,5.561012326274067,207934,1450346.7690172195,1450352.3300295458,16003.709350585938
2025-06-19,0.0,7.023138523101807,5.561012326274067,207934,1460349.285662651,1460354.8466749773,10002.516645431519
2025-06-20,0.0,7.09048318862915,5.561012326274067,207934,1474352.5313444138,1474358.09235674,14003.245681762695
2025-06-23,0.0,7.2347941398620605,5.561012326274067,207934,1504359.6846780777,1504365.245690404,30007.15333366394
2025-06-24,0.0,7.340622425079346,5.561012326274067,207934,1526364.9833364487,1526370.544348775,22005.29865837097
2025-06-25,0.0,7.379105567932129,5.561012326274067,207934,1534366.9371623993,1534372.4981747256,8001.953825950623
2025-06-26,0.0,7.42720890045166,5.561012326274067,207934,1544369.2555065155,1544374.8165188418,10002.318344116211
2025-06-27,0.0,7.215552806854248,5.561012326274067,207934,1500358.7573404312,1500364.3183527575,-44010.49816608429
2025-06-30,0.0,7.302139759063721,5.561012326274067,207934,1518363.1286611557,1518368.689673482,18004.371320724487
2025-07-01,0.0,7.3694844245910645,5.561012326274067,207934,1532366.3743429184,1532371.9353552447,14003.245681762695
2025-07-02,0.0,7.388725757598877,5.561012326274067,207934,1536367.3016805649,1536372.8626928912,4000.9273376464844
2025-07-03,0.0,7.350243091583252,5.561012326274067,207934,1528365.447005272,1528371.0080175982,-8001.854675292969
2025-07-04,0.0,7.456071376800537,5.561012326274067,207934,1550370.7456636429,1550376.3066759692,22005.29865837097
2025-07-07,0.0,7.436830043792725,5.561012326274067,207934,1546369.8183259964,1546375.3793383227,-4000.9273376464844
2025-07-08,0.0,7.465692520141602,5.561012326274067,207934,1552371.3084831238,1552376.86949545,6001.49015712738
2025-07-09,0.0,7.552278518676758,5.561012326274067,207934,1570375.481502533,1570381.0425148592,18004.17301940918
2025-07-10,0.0,7.773555278778076,5.561012326274067,207934,1616386.4433374405,1616392.0043497668,46010.96183490753
2025-07-11,0.0,7.706210613250732,5.561012326274067,207934,1602383.1976556778,1602388.758668004,-14003.245681762695
2025-07-14,0.0,7.700906276702881,5.561012326274067,207934,1601280.2457399368,1601285.806752263,-1102.9519157409668
2025-07-15,0.0,7.66161584854126,5.561012326274067,207934,1593110.4298505783,1593115.9908629046,-8169.8158893585205
2025-07-16,0.0,7.66161584854126,5.561012326274067,207934,1593110.4298505783,1593115.9908629046,0.0
2025-07-17,0.0,7.6125030517578125,5.561012326274067,207934,1582898.209564209,1582903.7705765353,-10212.220286369324
2025-07-18,0.0,7.632148265838623,5.561012326274067,207934,1586983.1175088882,1586988.6785212145,4084.9079446792603
2025-07-21,0.0,7.563389778137207,5.561012326274067,207934,1572685.890127182,1572691.4511395083,-14297.227381706238
2025-07-22,0.0,7.4651641845703125,5.561012326274067,207934,1552261.4495544434,1552267.0105667696,-20424.440572738647
2025-07-23,0.0,7.51427698135376,5.561012326274067,207934,1562473.6698408127,1562479.230853139,10212.220286369324
2025-07-24,0.0,7.416051387786865,5.561012326274067,207934,1542049.229268074,1542054.7902804003,-20424.440572738647
2025-07-25,0.0,7.357115268707275,5.561012326274067,207934,1529794.4062833786,1529799.9672957049,-12254.822984695435
2025-07-28,0.0,7.357115268707275,5.561012326274067,207934,1529794.4062833786,1529799.9672957049,0.0
2025-07-29,0.0,7.298180103302002,5.561012326274067,207934,1517539.7815999985,1517545.3426123247,-12254.624683380127
2025-07-30,0.0,7.357115268707275,5.561012326274067,207934,1529794.4062833786,1529799.9672957049,12254.624683380127
2025-07-31,0.0,7.425873756408691,5.561012326274067,207934,1544091.6336650848,1544097.194677411,14297.227381706238
2025-08-01,0.0,7.484809398651123,5.561012326274067,207934,1556346.3574991226,1556351.918511449,12254.72383403778
2025-08-04,0.0,7.5437445640563965,5.561012326274067,207934,1568600.9821825027,1568606.543194829,12254.624683380127
2025-08-05,0.0,7.622325897216797,5.561012326274067,207934,1584940.7131118774,1584946.2741242037,16339.730929374695
2025-08-06,0.0,7.622325897216797,5.561012326274067,207934,1584940.7131118774,1584946.2741242037,0.0
2025-08-07,0.0,7.700906276702881,5.561012326274067,207934,1601280.2457399368,1601285.806752263,16339.532628059387
2025-08-08,0.0,7.651793003082275,5.561012326274067,207934,1591067.9263029099,1591073.4873152361,-10212.319437026978
2025-08-11,0.0,7.563389778137207,5.561012326274067,207934,1572685.890127182,1572691.4511395083,-18382.036175727844
2025-08-12,0.0,7.641970634460449,5.561012326274067,207934,1589025.521905899,1589031.0829182253,16339.631778717041
2025-08-13,0.0,7.563389778137207,5.561012326274067,207934,1572685.890127182,1572691.4511395083,-16339.631778717041
2025-08-14,0.0,7.553567409515381,5.561012326274067,207934,1570643.4857301712,1570649.0467424975,-2042.4043970108032
2025-08-15,0.0,7.416051387786865,5.561012326274067,207934,1542049.229268074,1542054.7902804003,-28594.256462097168
2025-08-18,0.0,7.396406173706055,5.561012326274067,207934,1537964.3213233948,1537969.882335721,-4084.9079446792603
2025-08-19,0.0,7.435696601867676,5.561012326274067,207934,1546134.1372127533,1546139.6982250796,8169.8158893585205
2025-08-20,0.0,7.435696601867676,5.561012326274067,207934,1546134.1372127533,1546139.6982250796,0.0
2025-08-21,0.0,7.4651641845703125,5.561012326274067,207934,1552261.4495544434,1552267.0105667696,6127.3123416900635
2025-08-22,0.0,7.494631767272949,5.561012326274067,207934,1558388.7618961334,1558394.3229084597,6127.3123416900635
2025-08-25,-1.0,7.455341815948486,1548674.3871246013,0,0.0,1548674.3871246013,-9719.935783858411
2025-08-26,0.0,7.416051387786865,1548674.3871246013,0,0.0,1548674.3871246013,0.0
2025-08-27,0.0,7.278534889221191,1548674.3871246013,0,0.0,1548674.3871246013,0.0
2025-08-28,0.0,7.249067306518555,1548674.3871246013,0,0.0,1548674.3871246013,0.0
2025-08-29,0.0,7.298180103302002,1548674.3871246013,0,0.0,1548674.3871246013,0.0
2025-09-01,0.0,7.249067306518555,1548674.3871246013,0,0.0,1548674.3871246013,0.0
2025-09-02,0.0,7.435696601867676,1548674.3871246013,0,0.0,1548674.3871246013,0.0
2025-09-03,-1.0,7.308002948760986,1548674.3871246013,0,0.0,1548674.3871246013,0.0
2025-09-04,0.0,7.406228542327881,1548674.3871246013,0,0.0,1548674.3871246013,0.0
2025-09-05,0.0,7.308002948760986,1548674.3871246013,0,0.0,1548674.3871246013,0.0
2025-09-08,0.0,7.268712520599365,1548674.3871246013,0,0.0,1548674.3871246013,0.0
2025-09-09,0.0,7.298180103302002,1548674.3871246013,0,0.0,1548674.3871246013,0.0
2025-09-10,0.0,7.337470531463623,1548674.3871246013,0,0.0,1548674.3871246013,0.0
2025-09-11,0.0,7.376760959625244,1548674.3871246013,0,0.0,1548674.3871246013,0.0
2025-09-12,0.0,7.347293376922607,1548674.3871246013,0,0.0,1548674.3871246013,0.0
2025-09-15,0.0,7.298180103302002,1548674.3871246013,0,0.0,1548674.3871246013,0.0
2025-09-16,0.0,7.3178253173828125,1548674.3871246013,0,0.0,1548674.3871246013,0.0
2025-09-17,0.0,7.327648162841797,1548674.3871246013,0,0.0,1548674.3871246013,0.0
2025-09-18,0.0,7.160664081573486,1548674.3871246013,0,0.0,1548674.3871246013,0.0
2025-09-19,0.0,7.07226037979126,1548674.3871246013,0,0.0,1548674.3871246013,0.0
2025-09-22,0.0,7.052615642547607,1548674.3871246013,0,0.0,1548674.3871246013,0.0
2025-09-23,0.0,7.268712520599365,1548674.3871246013,0,0.0,1548674.3871246013,0.0
2025-09-24,0.0,7.337470531463623,1548674.3871246013,0,0.0,1548674.3871246013,0.0
2025-09-25,0.0,7.249067306518555,1548674.3871246013,0,0.0,1548674.3871246013,0.0
2025-09-26,0.0,7.278534889221191,1548674.3871246013,0,0.0,1548674.3871246013,0.0
2025-09-29,0.0,7.199954509735107,1548674.3871246013,0,0.0,1548674.3871246013,0.0
2025-09-30,0.0,7.170486927032471,1548674.3871246013,0,0.0,1548674.3871246013,0.0
2025-10-09,0.0,7.180309295654297,1548674.3871246013,0,0.0,1548674.3871246013,0.0
2025-10-10,0.0,7.180309295654297,1548674.3871246013,0,0.0,1548674.3871246013,0.0
2025-10-13,0.0,7.141018867492676,1548674.3871246013,0,0.0,1548674.3871246013,0.0
2025-10-14,0.0,7.36693811416626,1548674.3871246013,0,0.0,1548674.3871246013,0.0
2025-10-15,0.0,7.327648162841797,1548674.3871246013,0,0.0,1548674.3871246013,0.0
2025-10-16,0.0,7.494631767272949,1548674.3871246013,0,0.0,1548674.3871246013,0.0
2025-10-17,0.0,7.484809398651123,1548674.3871246013,0,0.0,1548674.3871246013,0.0
