Date,000001.SS,^GSPC
1927-12-30,,17.65999984741211
1928-01-03,,17.760000228881836
1928-01-04,,17.719999313354492
1928-01-05,,17.549999237060547
1928-01-06,,17.65999984741211
1928-01-09,,17.5
1928-01-10,,17.3700008392334
1928-01-11,,17.350000381469727
1928-01-12,,17.469999313354492
1928-01-13,,17.579999923706055
1928-01-16,,17.290000915527344
1928-01-17,,17.299999237060547
1928-01-18,,17.260000228881836
1928-01-19,,17.3799991607666
1928-01-20,,17.479999542236328
1928-01-23,,17.639999389648438
1928-01-24,,17.709999084472656
1928-01-25,,17.520000457763672
1928-01-26,,17.6299991607666
1928-01-27,,17.690000534057617
1928-01-30,,17.489999771118164
1928-01-31,,17.56999969482422
1928-02-01,,17.530000686645508
1928-02-02,,17.6299991607666
1928-02-03,,17.399999618530273
1928-02-06,,17.450000762939453
1928-02-07,,17.440000534057617
1928-02-08,,17.489999771118164
1928-02-09,,17.549999237060547
1928-02-10,,17.540000915527344
1928-02-14,,17.440000534057617
1928-02-15,,17.399999618530273
1928-02-16,,17.350000381469727
1928-02-17,,17.040000915527344
1928-02-20,,16.950000762939453
1928-02-21,,17.110000610351562
1928-02-23,,17.1299991607666
1928-02-24,,17.18000030517578
1928-02-27,,17.110000610351562
1928-02-28,,17.15999984741211
1928-02-29,,17.260000228881836
1928-03-01,,17.299999237060547
1928-03-02,,17.299999237060547
1928-03-05,,17.56999969482422
1928-03-06,,17.670000076293945
1928-03-07,,17.579999923706055
1928-03-08,,17.639999389648438
1928-03-09,,17.93000030517578
1928-03-12,,18.0
1928-03-13,,17.920000076293945
1928-03-14,,17.93000030517578
1928-03-15,,18.06999969482422
1928-03-16,,18.260000228881836
1928-03-19,,18.360000610351562
1928-03-20,,18.459999084472656
1928-03-21,,18.649999618530273
1928-03-22,,18.600000381469727
1928-03-23,,18.780000686645508
1928-03-26,,19.049999237060547
1928-03-27,,18.940000534057617
1928-03-28,,18.889999389648438
1928-03-29,,18.950000762939453
1928-03-30,,19.280000686645508
1928-04-02,,18.90999984741211
1928-04-03,,19.020000457763672
1928-04-04,,18.989999771118164
1928-04-05,,19.229999542236328
1928-04-09,,19.270000457763672
1928-04-10,,19.100000381469727
1928-04-11,,19.440000534057617
1928-04-12,,19.40999984741211
1928-04-13,,19.729999542236328
1928-04-16,,19.68000030517578
1928-04-17,,19.520000457763672
1928-04-18,,19.520000457763672
1928-04-19,,19.6299991607666
1928-04-20,,19.34000015258789
1928-04-23,,19.149999618530273
1928-04-24,,19.25
1928-04-25,,19.329999923706055
1928-04-26,,19.469999313354492
1928-04-27,,19.68000030517578
1928-04-30,,19.75
1928-05-01,,19.780000686645508
1928-05-02,,19.829999923706055
1928-05-03,,19.93000030517578
1928-05-04,,20.239999771118164
1928-05-07,,20.40999984741211
1928-05-08,,20.270000457763672
1928-05-09,,20.239999771118164
1928-05-10,,20.209999084472656
1928-05-11,,20.360000610351562
1928-05-14,,20.440000534057617
1928-05-15,,20.389999389648438
1928-05-16,,20.049999237060547
1928-05-17,,20.1200008392334
1928-05-18,,19.920000076293945
1928-05-21,,19.6299991607666
1928-05-22,,19.360000610351562
1928-05-23,,19.75
1928-05-24,,19.8700008392334
1928-05-25,,19.899999618530273
1928-05-28,,19.56999969482422
1928-05-29,,19.81999969482422
1928-05-31,,20.0
1928-06-01,,20.06999969482422
1928-06-04,,19.799999237060547
1928-06-05,,19.850000381469727
1928-06-06,,19.65999984741211
1928-06-07,,19.610000610351562
1928-06-08,,19.3700008392334
1928-06-11,,18.68000030517578
1928-06-12,,18.34000015258789
1928-06-13,,18.889999389648438
1928-06-14,,19.049999237060547
1928-06-15,,18.739999771118164
1928-06-18,,18.399999618530273
1928-06-19,,18.34000015258789
1928-06-20,,18.56999969482422
1928-06-21,,18.559999465942383
1928-06-22,,18.540000915527344
1928-06-25,,18.469999313354492
1928-06-26,,18.68000030517578
1928-06-27,,18.860000610351562
1928-06-28,,19.06999969482422
1928-06-29,,19.139999389648438
1928-07-02,,18.979999542236328
1928-07-03,,19.290000915527344
1928-07-05,,19.479999542236328
1928-07-06,,19.389999389648438
1928-07-09,,19.459999084472656
1928-07-10,,19.43000030517578
1928-07-11,,18.950000762939453
1928-07-12,,18.809999465942383
1928-07-13,,18.959999084472656
1928-07-16,,18.700000762939453
1928-07-17,,18.799999237060547
1928-07-18,,19.030000686645508
1928-07-19,,18.989999771118164
1928-07-20,,19.030000686645508
1928-07-23,,19.1200008392334
1928-07-24,,19.09000015258789
1928-07-25,,19.200000762939453
1928-07-26,,19.239999771118164
1928-07-27,,19.420000076293945
1928-07-30,,19.469999313354492
1928-07-31,,19.43000030517578
1928-08-01,,19.420000076293945
1928-08-02,,19.329999923706055
1928-08-03,,19.360000610351562
1928-08-06,,19.579999923706055
1928-08-07,,19.489999771118164
1928-08-08,,19.25
1928-08-09,,19.299999237060547
1928-08-10,,19.25
1928-08-13,,19.290000915527344
1928-08-14,,19.1299991607666
1928-08-15,,19.469999313354492
1928-08-16,,19.610000610351562
1928-08-17,,19.639999389648438
1928-08-20,,19.770000457763672
1928-08-21,,20.020000457763672
1928-08-22,,20.0
1928-08-23,,20.020000457763672
1928-08-24,,20.34000015258789
1928-08-27,,20.3799991607666
1928-08-28,,20.540000915527344
1928-08-29,,20.579999923706055
1928-08-30,,20.610000610351562
1928-08-31,,20.8700008392334
1928-09-04,,20.969999313354492
1928-09-05,,21.06999969482422
1928-09-06,,20.940000534057617
1928-09-07,,21.09000015258789
1928-09-10,,20.920000076293945
1928-09-11,,21.079999923706055
1928-09-12,,21.15999984741211
1928-09-13,,21.139999389648438
1928-09-14,,21.139999389648438
1928-09-17,,21.329999923706055
1928-09-18,,21.18000030517578
1928-09-19,,21.18000030517578
1928-09-20,,21.219999313354492
1928-09-21,,21.360000610351562
1928-09-24,,21.43000030517578
1928-09-25,,21.40999984741211
1928-09-26,,21.399999618530273
1928-09-27,,21.1299991607666
1928-09-28,,21.139999389648438
1928-10-01,,21.360000610351562
1928-10-02,,21.260000228881836
1928-10-03,,21.190000534057617
1928-10-04,,21.260000228881836
1928-10-05,,21.219999313354492
1928-10-08,,21.110000610351562
1928-10-09,,21.18000030517578
1928-10-10,,21.40999984741211
1928-10-11,,21.510000228881836
1928-10-15,,21.649999618530273
1928-10-16,,21.719999313354492
1928-10-17,,21.790000915527344
1928-10-18,,21.84000015258789
1928-10-19,,21.959999084472656
1928-10-22,,21.809999465942383
1928-10-23,,21.950000762939453
1928-10-24,,21.989999771118164
1928-10-25,,21.90999984741211
1928-10-26,,21.649999618530273
1928-10-29,,22.0
1928-10-30,,21.760000228881836
1928-10-31,,21.68000030517578
1928-11-01,,21.989999771118164
1928-11-02,,21.950000762939453
1928-11-05,,22.239999771118164
1928-11-07,,22.239999771118164
1928-11-08,,22.389999389648438
1928-11-09,,22.549999237060547
1928-11-12,,22.84000015258789
1928-11-13,,22.90999984741211
1928-11-14,,22.90999984741211
1928-11-15,,23.030000686645508
1928-11-16,,23.3700008392334
1928-11-19,,23.3700008392334
1928-11-20,,23.56999969482422
1928-11-21,,23.219999313354492
1928-11-22,,23.520000457763672
1928-11-23,,23.700000762939453
1928-11-26,,23.799999237060547
1928-11-27,,23.90999984741211
1928-11-28,,24.190000534057617
1928-11-30,,24.280000686645508
1928-12-03,,23.850000381469727
1928-12-04,,23.90999984741211
1928-12-05,,23.809999465942383
1928-12-06,,22.90999984741211
1928-12-07,,22.360000610351562
1928-12-10,,22.309999465942383
1928-12-11,,22.739999771118164
1928-12-12,,22.520000457763672
1928-12-13,,22.479999542236328
1928-12-14,,22.530000686645508
1928-12-17,,22.440000534057617
1928-12-18,,22.700000762939453
1928-12-19,,22.979999542236328
1928-12-20,,23.06999969482422
1928-12-21,,23.329999923706055
1928-12-24,,23.540000915527344
1928-12-26,,23.440000534057617
1928-12-27,,23.639999389648438
1928-12-28,,23.979999542236328
1928-12-31,,24.350000381469727
1929-01-02,,24.809999465942383
1929-01-03,,24.860000610351562
1929-01-04,,24.850000381469727
1929-01-07,,24.25
1929-01-08,,24.170000076293945
1929-01-09,,24.540000915527344
1929-01-10,,24.579999923706055
1929-01-11,,24.540000915527344
1929-01-14,,24.59000015258789
1929-01-15,,24.229999542236328
1929-01-16,,24.559999465942383
1929-01-17,,24.690000534057617
1929-01-18,,24.770000457763672
1929-01-21,,24.860000610351562
1929-01-22,,25.06999969482422
1929-01-23,,25.219999313354492
1929-01-24,,25.059999465942383
1929-01-25,,25.479999542236328
1929-01-28,,25.350000381469727
1929-01-29,,25.360000610351562
1929-01-30,,25.450000762939453
1929-01-31,,25.739999771118164
1929-02-01,,25.84000015258789
1929-02-04,,25.639999389648438
1929-02-05,,25.700000762939453
1929-02-06,,25.489999771118164
1929-02-07,,24.709999084472656
1929-02-08,,24.440000534057617
1929-02-11,,24.979999542236328
1929-02-13,,24.950000762939453
1929-02-14,,24.850000381469727
1929-02-15,,24.350000381469727
1929-02-18,,24.389999389648438
1929-02-19,,24.3799991607666
1929-02-20,,24.59000015258789
1929-02-21,,24.860000610351562
1929-02-25,,24.90999984741211
1929-02-26,,24.950000762939453
1929-02-27,,25.25
1929-02-28,,25.59000015258789
1929-03-01,,25.829999923706055
1929-03-04,,25.489999771118164
1929-03-05,,25.31999969482422
1929-03-06,,24.920000076293945
1929-03-07,,25.149999618530273
1929-03-08,,25.309999465942383
1929-03-11,,24.950000762939453
1929-03-12,,24.969999313354492
1929-03-13,,25.239999771118164
1929-03-14,,25.729999542236328
1929-03-15,,26.079999923706055
1929-03-18,,26.040000915527344
1929-03-19,,26.030000686645508
1929-03-20,,26.020000457763672
1929-03-21,,25.899999618530273
1929-03-22,,25.549999237060547
1929-03-25,,24.510000228881836
1929-03-26,,24.350000381469727
1929-03-27,,25.09000015258789
1929-03-28,,25.530000686645508
1929-04-01,,24.8799991607666
1929-04-02,,25.170000076293945
1929-04-03,,24.860000610351562
1929-04-04,,25.299999237060547
1929-04-05,,25.049999237060547
1929-04-08,,24.829999923706055
1929-04-09,,24.6299991607666
1929-04-10,,24.780000686645508
1929-04-11,,25.059999465942383
1929-04-12,,25.149999618530273
1929-04-15,,25.0
1929-04-16,,25.059999465942383
1929-04-17,,25.31999969482422
1929-04-18,,25.43000030517578
1929-04-19,,25.40999984741211
1929-04-22,,25.700000762939453
1929-04-23,,25.850000381469727
1929-04-24,,25.75
1929-04-25,,25.6299991607666
1929-04-26,,25.579999923706055
1929-04-29,,25.530000686645508
1929-04-30,,25.940000534057617
1929-05-01,,25.989999771118164
1929-05-02,,26.110000610351562
1929-05-03,,26.3700008392334
1929-05-06,,26.31999969482422
1929-05-07,,26.06999969482422
1929-05-08,,26.18000030517578
1929-05-09,,26.020000457763672
1929-05-10,,26.34000015258789
1929-05-13,,25.639999389648438
1929-05-14,,25.950000762939453
1929-05-15,,25.84000015258789
1929-05-16,,25.969999313354492
1929-05-17,,26.09000015258789
1929-05-20,,25.389999389648438
1929-05-21,,25.700000762939453
1929-05-22,,24.760000228881836
1929-05-23,,25.309999465942383
1929-05-24,,25.1200008392334
1929-05-27,,24.200000762939453
1929-05-28,,24.59000015258789
1929-05-29,,24.6200008392334
1929-05-31,,24.829999923706055
1929-06-03,,25.270000457763672
1929-06-04,,25.639999389648438
1929-06-05,,25.59000015258789
1929-06-06,,25.639999389648438
1929-06-07,,25.530000686645508
1929-06-10,,25.270000457763672
1929-06-11,,25.43000030517578
1929-06-12,,25.450000762939453
1929-06-13,,25.84000015258789
1929-06-14,,25.93000030517578
1929-06-17,,26.40999984741211
1929-06-18,,26.420000076293945
1929-06-19,,26.31999969482422
1929-06-20,,26.469999313354492
1929-06-21,,26.6200008392334
1929-06-24,,26.6200008392334
1929-06-25,,26.899999618530273
1929-06-26,,27.059999465942383
1929-06-27,,27.110000610351562
1929-06-28,,27.40999984741211
1929-07-01,,27.770000457763672
1929-07-02,,28.059999465942383
1929-07-03,,28.18000030517578
1929-07-05,,28.31999969482422
1929-07-08,,28.3700008392334
1929-07-09,,28.280000686645508
1929-07-10,,28.200000762939453
1929-07-11,,28.260000228881836
1929-07-12,,28.56999969482422
1929-07-15,,28.450000762939453
1929-07-16,,28.649999618530273
1929-07-17,,28.719999313354492
1929-07-18,,28.65999984741211
1929-07-19,,28.760000228881836
1929-07-22,,28.43000030517578
1929-07-23,,28.829999923706055
1929-07-24,,28.639999389648438
1929-07-25,,28.770000457763672
1929-07-26,,28.65999984741211
1929-07-29,,28.18000030517578
1929-07-30,,28.5
1929-07-31,,28.8799991607666
1929-08-01,,29.079999923706055
1929-08-02,,29.559999465942383
1929-08-05,,29.540000915527344
1929-08-06,,29.43000030517578
1929-08-07,,29.1299991607666
1929-08-08,,29.469999313354492
1929-08-09,,28.3799991607666
1929-08-12,,29.270000457763672
1929-08-13,,29.530000686645508
1929-08-14,,29.6200008392334
1929-08-15,,29.670000076293945
1929-08-16,,30.219999313354492
1929-08-19,,30.5
1929-08-20,,30.68000030517578
1929-08-21,,30.549999237060547
1929-08-22,,30.790000915527344
1929-08-23,,31.09000015258789
1929-08-26,,31.06999969482422
1929-08-27,,31.049999237060547
1929-08-28,,30.989999771118164
1929-08-29,,31.290000915527344
1929-08-30,,31.709999084472656
1929-09-03,,31.81999969482422
1929-09-04,,31.719999313354492
1929-09-05,,31.020000457763672
1929-09-06,,31.829999923706055
1929-09-09,,31.670000076293945
1929-09-10,,31.100000381469727
1929-09-11,,31.530000686645508
1929-09-12,,31.170000076293945
1929-09-13,,31.3799991607666
1929-09-16,,31.860000610351562
1929-09-17,,31.600000381469727
1929-09-18,,31.68000030517578
1929-09-19,,31.729999542236328
1929-09-20,,31.389999389648438
1929-09-23,,31.3799991607666
1929-09-24,,30.799999237060547
1929-09-25,,30.850000381469727
1929-09-26,,31.1299991607666
1929-09-27,,30.270000457763672
1929-09-30,,30.15999984741211
1929-10-01,,29.979999542236328
1929-10-02,,30.200000762939453
1929-10-03,,28.950000762939453
1929-10-04,,28.649999618530273
1929-10-07,,30.440000534057617
1929-10-08,,30.34000015258789
1929-10-09,,30.270000457763672
1929-10-10,,30.809999465942383
1929-10-11,,30.760000228881836
1929-10-14,,30.549999237060547
1929-10-15,,30.299999237060547
1929-10-16,,29.239999771118164
1929-10-17,,29.690000534057617
1929-10-18,,28.84000015258789
1929-10-21,,27.729999542236328
1929-10-22,,28.270000457763672
1929-10-23,,26.600000381469727
1929-10-24,,25.75
1929-10-25,,26.1200008392334
1929-10-28,,22.739999771118164
1929-10-29,,20.43000030517578
1929-10-30,,22.989999771118164
1929-10-31,,24.149999618530273
1929-11-04,,22.8799991607666
1929-11-06,,20.610000610351562
1929-11-07,,21.3700008392334
1929-11-08,,21.18000030517578
1929-11-11,,19.860000610351562
1929-11-12,,18.729999542236328
1929-11-13,,17.65999984741211
1929-11-14,,19.239999771118164
1929-11-15,,20.299999237060547
1929-11-18,,20.09000015258789
1929-11-19,,20.700000762939453
1929-11-20,,21.270000457763672
1929-11-21,,21.610000610351562
1929-11-22,,21.530000686645508
1929-11-25,,21.280000686645508
1929-11-26,,20.65999984741211
1929-11-27,,20.920000076293945
1929-12-02,,20.950000762939453
1929-12-03,,21.649999618530273
1929-12-04,,22.049999237060547
1929-12-05,,21.8700008392334
1929-12-06,,22.450000762939453
1929-12-09,,22.399999618530273
1929-12-10,,22.56999969482422
1929-12-11,,22.3799991607666
1929-12-12,,21.170000076293945
1929-12-13,,21.700000762939453
1929-12-16,,21.329999923706055
1929-12-17,,21.559999465942383
1929-12-18,,21.420000076293945
1929-12-19,,20.850000381469727
1929-12-20,,20.15999984741211
1929-12-23,,20.260000228881836
1929-12-24,,20.389999389648438
1929-12-26,,20.84000015258789
1929-12-27,,20.81999969482422
1929-12-30,,20.889999389648438
1929-12-31,,21.450000762939453
1930-01-02,,21.18000030517578
1930-01-03,,21.229999542236328
1930-01-06,,21.5
1930-01-07,,21.309999465942383
1930-01-08,,21.290000915527344
1930-01-09,,21.6200008392334
1930-01-10,,21.549999237060547
1930-01-13,,21.520000457763672
1930-01-14,,21.559999465942383
1930-01-15,,21.649999618530273
1930-01-16,,21.5
1930-01-17,,21.309999465942383
1930-01-20,,21.5
1930-01-21,,21.610000610351562
1930-01-22,,21.6299991607666
1930-01-23,,21.84000015258789
1930-01-24,,22.040000915527344
1930-01-27,,22.209999084472656
1930-01-28,,22.100000381469727
1930-01-29,,22.350000381469727
1930-01-30,,22.469999313354492
1930-01-31,,22.790000915527344
1930-02-03,,22.739999771118164
1930-02-04,,23.010000228881836
1930-02-05,,23.309999465942383
1930-02-06,,23.059999465942383
1930-02-07,,22.969999313354492
1930-02-10,,23.1200008392334
1930-02-11,,23.31999969482422
1930-02-13,,23.360000610351562
1930-02-14,,23.350000381469727
1930-02-17,,23.260000228881836
1930-02-18,,23.280000686645508
1930-02-19,,23.06999969482422
1930-02-20,,22.639999389648438
1930-02-21,,22.920000076293945
1930-02-24,,22.68000030517578
1930-02-25,,22.889999389648438
1930-02-26,,23.110000610351562
1930-02-27,,23.079999923706055
1930-02-28,,23.280000686645508
1930-03-03,,23.360000610351562
1930-03-04,,23.540000915527344
1930-03-05,,23.360000610351562
1930-03-06,,23.59000015258789
1930-03-07,,23.59000015258789
1930-03-10,,23.670000076293945
1930-03-11,,23.719999313354492
1930-03-12,,23.459999084472656
1930-03-13,,23.600000381469727
1930-03-14,,23.450000762939453
1930-03-17,,23.670000076293945
1930-03-18,,23.899999618530273
1930-03-19,,24.030000686645508
1930-03-20,,24.139999389648438
1930-03-21,,24.290000915527344
1930-03-24,,24.280000686645508
1930-03-25,,24.25
1930-03-26,,24.6200008392334
1930-03-27,,24.56999969482422
1930-03-28,,24.850000381469727
1930-03-31,,24.149999618530273
1930-04-01,,25.3700008392334
1930-04-02,,25.110000610351562
1930-04-03,,25.15999984741211
1930-04-04,,25.540000915527344
1930-04-07,,25.600000381469727
1930-04-08,,25.459999084472656
1930-04-09,,25.8700008392334
1930-04-10,,25.920000076293945
1930-04-11,,25.84000015258789
1930-04-14,,25.729999542236328
1930-04-15,,25.739999771118164
1930-04-16,,25.559999465942383
1930-04-17,,25.75
1930-04-21,,25.290000915527344
1930-04-22,,25.5
1930-04-23,,25.549999237060547
1930-04-24,,25.350000381469727
1930-04-25,,25.31999969482422
1930-04-28,,24.760000228881836
1930-04-29,,24.729999542236328
1930-04-30,,24.899999618530273
1930-05-01,,24.299999237060547
1930-05-02,,23.56999969482422
1930-05-05,,22.979999542236328
1930-05-06,,23.760000228881836
1930-05-07,,23.309999465942383
1930-05-08,,23.399999618530273
1930-05-09,,23.690000534057617
1930-05-12,,24.09000015258789
1930-05-13,,24.420000076293945
1930-05-14,,24.56999969482422
1930-05-15,,24.170000076293945
1930-05-16,,24.280000686645508
1930-05-19,,23.75
1930-05-20,,23.860000610351562
1930-05-21,,23.739999771118164
1930-05-22,,23.790000915527344
1930-05-23,,24.030000686645508
1930-05-26,,24.229999542236328
1930-05-27,,24.239999771118164
1930-05-28,,24.3799991607666
1930-05-29,,24.489999771118164
1930-06-02,,24.399999618530273
1930-06-03,,24.18000030517578
1930-06-04,,24.290000915527344
1930-06-05,,23.90999984741211
1930-06-06,,23.520000457763672
1930-06-09,,22.3799991607666
1930-06-10,,23.010000228881836
1930-06-11,,22.200000762939453
1930-06-12,,22.1299991607666
1930-06-13,,22.260000228881836
1930-06-16,,20.559999465942383
1930-06-17,,20.579999923706055
1930-06-18,,19.860000610351562
1930-06-19,,20.790000915527344
1930-06-20,,20.25
1930-06-23,,20.09000015258789
1930-06-24,,19.389999389648438
1930-06-25,,19.540000915527344
1930-06-26,,20.0
1930-06-27,,19.809999465942383
1930-06-30,,20.459999084472656
1930-07-01,,20.239999771118164
1930-07-02,,20.459999084472656
1930-07-03,,20.25
1930-07-07,,19.829999923706055
1930-07-08,,19.969999313354492
1930-07-09,,20.260000228881836
1930-07-10,,20.770000457763672
1930-07-11,,20.549999237060547
1930-07-14,,21.360000610351562
1930-07-15,,21.31999969482422
1930-07-16,,21.479999542236328
1930-07-17,,21.579999923706055
1930-07-18,,21.770000457763672
1930-07-21,,20.940000534057617
1930-07-22,,21.31999969482422
1930-07-23,,21.65999984741211
1930-07-24,,21.3799991607666
1930-07-25,,21.5
1930-07-28,,21.81999969482422
1930-07-29,,21.649999618530273
1930-07-30,,21.079999923706055
1930-07-31,,21.209999084472656
1930-08-01,,21.110000610351562
1930-08-04,,21.520000457763672
1930-08-05,,21.520000457763672
1930-08-06,,21.18000030517578
1930-08-07,,21.059999465942383
1930-08-08,,20.270000457763672
1930-08-11,,20.399999618530273
1930-08-12,,19.8799991607666
1930-08-13,,20.149999618530273
1930-08-14,,20.15999984741211
1930-08-15,,20.700000762939453
1930-08-18,,20.540000915527344
1930-08-19,,20.739999771118164
1930-08-20,,20.850000381469727
1930-08-21,,20.639999389648438
1930-08-22,,20.790000915527344
1930-08-25,,20.68000030517578
1930-08-26,,20.979999542236328
1930-08-27,,21.139999389648438
1930-08-28,,21.1299991607666
1930-08-29,,21.3700008392334
1930-09-02,,21.3799991607666
1930-09-03,,21.170000076293945
1930-09-04,,21.020000457763672
1930-09-05,,21.34000015258789
1930-09-08,,21.6299991607666
1930-09-09,,21.760000228881836
1930-09-10,,21.860000610351562
1930-09-11,,21.719999313354492
1930-09-12,,21.5
1930-09-15,,21.190000534057617
1930-09-16,,21.219999313354492
1930-09-17,,21.290000915527344
1930-09-18,,21.059999465942383
1930-09-19,,20.68000030517578
1930-09-22,,20.170000076293945
1930-09-23,,20.440000534057617
1930-09-24,,20.110000610351562
1930-09-25,,19.729999542236328
1930-09-26,,19.43000030517578
1930-09-29,,18.8799991607666
1930-09-30,,18.59000015258789
1930-10-01,,19.420000076293945
1930-10-02,,19.18000030517578
1930-10-03,,19.420000076293945
1930-10-06,,18.610000610351562
1930-10-07,,18.6200008392334
1930-10-08,,18.399999618530273
1930-10-09,,17.670000076293945
1930-10-10,,18.110000610351562
1930-10-14,,17.90999984741211
1930-10-15,,18.200000762939453
1930-10-16,,17.8799991607666
1930-10-17,,17.15999984741211
1930-10-20,,17.56999969482422
1930-10-21,,17.049999237060547
1930-10-22,,16.899999618530273
1930-10-23,,17.139999389648438
1930-10-24,,17.739999771118164
1930-10-27,,17.780000686645508
1930-10-28,,17.860000610351562
1930-10-29,,17.549999237060547
1930-10-30,,17.34000015258789
1930-10-31,,16.940000534057617
1930-11-03,,17.1299991607666
1930-11-05,,16.6200008392334
1930-11-06,,16.649999618530273
1930-11-07,,16.09000015258789
1930-11-10,,15.539999961853027
1930-11-11,,15.789999961853027
1930-11-12,,16.139999389648438
1930-11-13,,16.559999465942383
1930-11-14,,16.889999389648438
1930-11-17,,16.479999542236328
1930-11-18,,16.65999984741211
1930-11-19,,17.010000228881836
1930-11-20,,16.940000534057617
1930-11-21,,17.200000762939453
1930-11-24,,17.049999237060547
1930-11-25,,16.850000381469727
1930-11-26,,16.610000610351562
1930-11-28,,16.3799991607666
1930-12-01,,16.799999237060547
1930-12-02,,16.959999084472656
1930-12-03,,16.670000076293945
1930-12-04,,16.420000076293945
1930-12-05,,16.43000030517578
1930-12-08,,15.970000267028809
1930-12-09,,15.979999542236328
1930-12-10,,15.729999542236328
1930-12-11,,15.550000190734863
1930-12-12,,15.430000305175781
1930-12-15,,14.9399995803833
1930-12-16,,14.4399995803833
1930-12-17,,15.109999656677246
1930-12-18,,15.220000267028809
1930-12-19,,15.390000343322754
1930-12-22,,14.880000114440918
1930-12-23,,14.960000038146973
1930-12-24,,15.15999984741211
1930-12-26,,14.850000381469727
1930-12-29,,14.720000267028809
1930-12-30,,15.0600004196167
1930-12-31,,15.34000015258789
1931-01-02,,15.850000381469727
1931-01-05,,15.930000305175781
1931-01-06,,16.1299991607666
1931-01-07,,15.09000015258789
1931-01-08,,16.229999542236328
1931-01-09,,16.06999969482422
1931-01-12,,15.84000015258789
1931-01-13,,15.649999618530273
1931-01-14,,15.829999923706055
1931-01-15,,15.460000038146973
1931-01-16,,15.649999618530273
1931-01-19,,15.460000038146973
1931-01-20,,15.779999732971191
1931-01-21,,15.779999732971191
1931-01-22,,16.06999969482422
1931-01-23,,16.420000076293945
1931-01-26,,16.399999618530273
1931-01-27,,16.31999969482422
1931-01-28,,16.020000457763672
1931-01-29,,16.170000076293945
1931-01-30,,16.190000534057617
1931-02-02,,16.15999984741211
1931-02-03,,16.239999771118164
1931-02-04,,16.329999923706055
1931-02-05,,16.219999313354492
1931-02-06,,16.270000457763672
1931-02-09,,16.959999084472656
1931-02-10,,17.229999542236328
1931-02-11,,17.280000686645508
1931-02-13,,17.18000030517578
1931-02-16,,17.34000015258789
1931-02-17,,17.049999237060547
1931-02-18,,17.200000762939453
1931-02-19,,17.43000030517578
1931-02-20,,17.709999084472656
1931-02-24,,18.170000076293945
1931-02-25,,17.969999313354492
1931-02-26,,18.170000076293945
1931-02-27,,18.030000686645508
1931-03-02,,17.520000457763672
1931-03-03,,17.5
1931-03-04,,17.34000015258789
1931-03-05,,17.690000534057617
1931-03-06,,17.31999969482422
1931-03-09,,17.760000228881836
1931-03-10,,17.719999313354492
1931-03-11,,17.520000457763672
1931-03-12,,17.399999618530273
1931-03-13,,17.31999969482422
1931-03-16,,17.770000457763672
1931-03-17,,17.579999923706055
1931-03-18,,17.809999465942383
1931-03-19,,18.010000228881836
1931-03-20,,18.059999465942383
1931-03-23,,17.760000228881836
1931-03-24,,17.8799991607666
1931-03-25,,17.780000686645508
1931-03-26,,17.540000915527344
1931-03-27,,17.209999084472656
1931-03-30,,16.65999984741211
1931-03-31,,16.690000534057617
1931-04-01,,16.520000457763672
1931-04-02,,16.450000762939453
1931-04-06,,16.5
1931-04-07,,16.280000686645508
1931-04-08,,16.5
1931-04-09,,16.40999984741211
1931-04-10,,16.459999084472656
1931-04-13,,16.719999313354492
1931-04-14,,16.510000228881836
1931-04-15,,16.18000030517578
1931-04-16,,15.979999542236328
1931-04-17,,15.729999542236328
1931-04-20,,15.960000038146973
1931-04-21,,15.539999961853027
1931-04-22,,15.220000267028809
1931-04-23,,15.289999961853027
1931-04-24,,15.289999961853027
1931-04-27,,14.760000228881836
1931-04-28,,14.670000076293945
1931-04-29,,14.369999885559082
1931-04-30,,15.09000015258789
1931-05-01,,14.649999618530273
1931-05-04,,15.0600004196167
1931-05-05,,14.9399995803833
1931-05-06,,15.010000228881836
1931-05-07,,14.949999809265137
1931-05-08,,15.4399995803833
1931-05-11,,15.1899995803833
1931-05-12,,15.039999961853027
1931-05-13,,14.989999771118164
1931-05-14,,14.65999984741211
1931-05-15,,14.4399995803833
1931-05-18,,13.84000015258789
1931-05-19,,13.829999923706055
1931-05-20,,13.75
1931-05-21,,13.890000343322754
1931-05-22,,13.9399995803833
1931-05-25,,13.399999618530273
1931-05-26,,13.40999984741211
1931-05-27,,13.260000228881836
1931-05-28,,13.3100004196167
1931-05-29,,13.020000457763672
1931-06-01,,12.399999618530273
1931-06-02,,12.199999809265137
1931-06-03,,13.119999885559082
1931-06-04,,13.550000190734863
1931-06-05,,13.399999618530273
1931-06-08,,13.5600004196167
1931-06-09,,13.34000015258789
1931-06-10,,13.699999809265137
1931-06-11,,13.729999542236328
1931-06-12,,13.75
1931-06-15,,13.630000114440918
1931-06-16,,13.65999984741211
1931-06-17,,13.510000228881836
1931-06-18,,13.270000457763672
1931-06-19,,13.220000267028809
1931-06-22,,14.609999656677246
1931-06-23,,14.40999984741211
1931-06-24,,15.09000015258789
1931-06-25,,14.989999771118164
1931-06-26,,15.350000381469727
1931-06-29,,15.09000015258789
1931-06-30,,14.829999923706055
1931-07-01,,15.069999694824219
1931-07-02,,14.9399995803833
1931-07-03,,15.260000228881836
1931-07-06,,15.100000381469727
1931-07-07,,14.510000228881836
1931-07-08,,14.369999885559082
1931-07-09,,14.489999771118164
1931-07-10,,14.630000114440918
1931-07-13,,14.229999542236328
1931-07-14,,14.09000015258789
1931-07-15,,13.800000190734863
1931-07-16,,14.140000343322754
1931-07-17,,14.270000457763672
1931-07-20,,14.460000038146973
1931-07-21,,14.619999885559082
1931-07-22,,14.279999732971191
1931-07-23,,14.279999732971191
1931-07-24,,13.970000267028809
1931-07-27,,14.029999732971191
1931-07-28,,14.180000305175781
1931-07-29,,13.739999771118164
1931-07-30,,13.800000190734863
1931-07-31,,13.729999542236328
1931-08-03,,13.930000305175781
1931-08-04,,13.84000015258789
1931-08-05,,13.640000343322754
1931-08-06,,13.550000190734863
1931-08-07,,13.609999656677246
1931-08-10,,13.550000190734863
1931-08-11,,13.989999771118164
1931-08-12,,13.800000190734863
1931-08-13,,14.020000457763672
1931-08-14,,14.289999961853027
1931-08-17,,14.050000190734863
1931-08-18,,14.100000381469727
1931-08-19,,14.140000343322754
1931-08-20,,14.170000076293945
1931-08-21,,13.859999656677246
1931-08-24,,13.75
1931-08-25,,13.699999809265137
1931-08-26,,13.930000305175781
1931-08-27,,13.850000381469727
1931-08-28,,13.989999771118164
1931-08-31,,13.859999656677246
1931-09-01,,13.920000076293945
1931-09-02,,13.65999984741211
1931-09-03,,13.350000381469727
1931-09-04,,13.289999961853027
1931-09-08,,12.869999885559082
1931-09-09,,12.760000228881836
1931-09-10,,12.619999885559082
1931-09-11,,12.6899995803833
1931-09-14,,12.100000381469727
1931-09-15,,11.989999771118164
1931-09-16,,11.819999694824219
1931-09-17,,12.039999961853027
1931-09-18,,11.460000038146973
1931-09-21,,10.930000305175781
1931-09-22,,10.800000190734863
1931-09-23,,11.520000457763672
1931-09-24,,10.680000305175781
1931-09-25,,10.920000076293945
1931-09-28,,10.5
1931-09-29,,10.0600004196167
1931-09-30,,9.710000038146973
1931-10-01,,9.529999732971191
1931-10-02,,9.699999809265137
1931-10-05,,8.819999694824219
1931-10-06,,9.90999984741211
1931-10-07,,9.779999732971191
1931-10-08,,10.619999885559082
1931-10-09,,10.550000190734863
1931-10-13,,10.100000381469727
1931-10-14,,9.869999885559082
1931-10-15,,10.050000190734863
1931-10-16,,10.359999656677246
1931-10-19,,10.489999771118164
1931-10-20,,10.960000038146973
1931-10-21,,10.859999656677246
1931-10-22,,10.5
1931-10-23,,10.84000015258789
1931-10-26,,10.640000343322754
1931-10-27,,10.40999984741211
1931-10-28,,10.069999694824219
1931-10-29,,10.109999656677246
1931-10-30,,10.430000305175781
1931-11-02,,10.5
1931-11-04,,10.819999694824219
1931-11-05,,10.779999732971191
1931-11-06,,11.109999656677246
1931-11-09,,11.520000457763672
1931-11-10,,11.279999732971191
1931-11-11,,11.109999656677246
1931-11-12,,11.069999694824219
1931-11-13,,10.720000267028809
1931-11-16,,10.430000305175781
1931-11-17,,10.600000381469727
1931-11-18,,10.210000038146973
1931-11-19,,10.15999984741211
1931-11-20,,9.850000381469727
1931-11-23,,9.699999809265137
1931-11-24,,9.869999885559082
1931-11-25,,9.529999732971191
1931-11-27,,9.3100004196167
1931-11-30,,9.5
1931-12-01,,9.380000114440918
1931-12-02,,9.050000190734863
1931-12-03,,9.220000267028809
1931-12-04,,9.020000457763672
1931-12-07,,9.289999961853027
1931-12-08,,9.020000457763672
1931-12-09,,8.779999732971191
1931-12-10,,8.579999923706055
1931-12-11,,8.3100004196167
1931-12-14,,8.010000228881836
1931-12-15,,8.119999885559082
1931-12-16,,7.929999828338623
1931-12-17,,7.71999979019165
1931-12-18,,8.359999656677246
1931-12-21,,8.149999618530273
1931-12-22,,8.289999961853027
1931-12-23,,7.949999809265137
1931-12-24,,7.960000038146973
1931-12-28,,7.760000228881836
1931-12-29,,7.960000038146973
1931-12-30,,8.100000381469727
1931-12-31,,8.119999885559082
1932-01-04,,7.559999942779541
1932-01-05,,7.550000190734863
1932-01-06,,8.079999923706055
1932-01-07,,8.220000267028809
1932-01-08,,8.569999694824219
1932-01-11,,8.479999542236328
1932-01-12,,8.390000343322754
1932-01-13,,8.800000190734863
1932-01-14,,8.899999618530273
1932-01-15,,8.920000076293945
1932-01-18,,8.510000228881836
1932-01-19,,8.479999542236328
1932-01-20,,8.630000114440918
1932-01-21,,8.579999923706055
1932-01-22,,8.210000038146973
1932-01-25,,8.199999809265137
1932-01-26,,8.3100004196167
1932-01-27,,8.149999618530273
1932-01-28,,8.029999732971191
1932-01-29,,7.940000057220459
1932-02-01,,8.229999542236328
1932-02-02,,8.050000190734863
1932-02-03,,8.09000015258789
1932-02-04,,8.039999961853027
1932-02-05,,7.78000020980835
1932-02-08,,7.619999885559082
1932-02-09,,7.53000020980835
1932-02-10,,7.5
1932-02-11,,8.119999885559082
1932-02-15,,8.5
1932-02-16,,8.84000015258789
1932-02-17,,8.479999542236328
1932-02-18,,8.710000038146973
1932-02-19,,8.720000267028809
1932-02-23,,8.220000267028809
1932-02-24,,8.430000305175781
1932-02-25,,8.350000381469727
1932-02-26,,8.34000015258789
1932-02-29,,8.289999961853027
1932-03-01,,8.350000381469727
1932-03-02,,8.710000038146973
1932-03-03,,8.710000038146973
1932-03-04,,8.720000267028809
1932-03-07,,8.819999694824219
1932-03-08,,8.979999542236328
1932-03-09,,8.8100004196167
1932-03-10,,8.729999542236328
1932-03-11,,8.520000457763672
1932-03-14,,8.3100004196167
1932-03-15,,8.3100004196167
1932-03-16,,8.109999656677246
1932-03-17,,8.279999732971191
1932-03-18,,8.020000457763672
1932-03-21,,8.0600004196167
1932-03-22,,8.050000190734863
1932-03-23,,7.940000057220459
1932-03-24,,7.860000133514404
1932-03-28,,7.590000152587891
1932-03-29,,7.579999923706055
1932-03-30,,7.739999771118164
1932-03-31,,7.309999942779541
1932-04-01,,7.179999828338623
1932-04-04,,7.059999942779541
1932-04-05,,6.730000019073486
1932-04-06,,6.53000020980835
1932-04-07,,6.460000038146973
1932-04-08,,6.260000228881836
1932-04-11,,6.070000171661377
1932-04-12,,6.059999942779541
1932-04-13,,5.980000019073486
1932-04-14,,6.25
1932-04-15,,6.420000076293945
1932-04-18,,6.119999885559082
1932-04-19,,6.03000020980835
1932-04-20,,6.03000020980835
1932-04-21,,6.239999771118164
1932-04-22,,5.960000038146973
1932-04-25,,6.03000020980835
1932-04-26,,6.119999885559082
1932-04-27,,6.269999980926514
1932-04-28,,6.03000020980835
1932-04-29,,5.829999923706055
1932-05-02,,5.739999771118164
1932-05-03,,5.659999847412109
1932-05-04,,5.739999771118164
1932-05-05,,5.679999828338623
1932-05-06,,6.090000152587891
1932-05-09,,5.960000038146973
1932-05-10,,6.010000228881836
1932-05-11,,6.0
1932-05-12,,5.800000190734863
1932-05-13,,5.599999904632568
1932-05-16,,5.610000133514404
1932-05-17,,5.590000152587891
1932-05-18,,5.449999809265137
1932-05-19,,5.480000019073486
1932-05-20,,5.480000019073486
1932-05-23,,5.429999828338623
1932-05-24,,5.210000038146973
1932-05-25,,5.03000020980835
1932-05-26,,5.110000133514404
1932-05-27,,4.829999923706055
1932-05-31,,4.46999979019165
1932-06-01,,4.400000095367432
1932-06-02,,4.639999866485596
1932-06-03,,4.889999866485596
1932-06-06,,5.070000171661377
1932-06-07,,4.849999904632568
1932-06-08,,4.570000171661377
1932-06-09,,4.570000171661377
1932-06-10,,4.920000076293945
1932-06-13,,4.820000171661377
1932-06-14,,4.940000057220459
1932-06-15,,5.119999885559082
1932-06-16,,5.119999885559082
1932-06-17,,4.829999923706055
1932-06-20,,4.889999866485596
1932-06-21,,4.769999980926514
1932-06-22,,4.769999980926514
1932-06-23,,4.800000190734863
1932-06-24,,4.599999904632568
1932-06-27,,4.440000057220459
1932-06-28,,4.440000057220459
1932-06-29,,4.510000228881836
1932-06-30,,4.429999828338623
1932-07-01,,4.599999904632568
1932-07-05,,4.5
1932-07-06,,4.599999904632568
1932-07-07,,4.449999809265137
1932-07-08,,4.409999847412109
1932-07-11,,4.599999904632568
1932-07-12,,4.599999904632568
1932-07-13,,4.820000171661377
1932-07-14,,4.789999961853027
1932-07-15,,4.929999828338623
1932-07-18,,4.800000190734863
1932-07-19,,4.78000020980835
1932-07-20,,4.929999828338623
1932-07-21,,5.050000190734863
1932-07-22,,5.199999809265137
1932-07-25,,5.480000019073486
1932-07-26,,5.400000095367432
1932-07-27,,5.670000076293945
1932-07-28,,5.849999904632568
1932-07-29,,6.03000020980835
1932-08-01,,6.110000133514404
1932-08-02,,5.869999885559082
1932-08-03,,6.389999866485596
1932-08-04,,6.519999980926514
1932-08-05,,6.800000190734863
1932-08-08,,7.429999828338623
1932-08-09,,7.389999866485596
1932-08-10,,7.650000095367432
1932-08-11,,7.610000133514404
1932-08-12,,7.0
1932-08-15,,7.440000057220459
1932-08-16,,7.679999828338623
1932-08-17,,7.510000228881836
1932-08-18,,7.599999904632568
1932-08-19,,7.53000020980835
1932-08-22,,7.769999980926514
1932-08-23,,8.149999618530273
1932-08-24,,8.329999923706055
1932-08-25,,8.260000228881836
1932-08-26,,8.390000343322754
1932-08-29,,8.579999923706055
1932-08-30,,8.470000267028809
1932-08-31,,8.390000343322754
1932-09-01,,8.470000267028809
1932-09-02,,8.84000015258789
1932-09-06,,8.90999984741211
1932-09-07,,9.3100004196167
1932-09-08,,8.970000267028809
1932-09-09,,8.75
1932-09-12,,8.149999618530273
1932-09-13,,7.800000190734863
1932-09-14,,7.349999904632568
1932-09-15,,7.659999847412109
1932-09-16,,7.570000171661377
1932-09-19,,7.340000152587891
1932-09-20,,7.619999885559082
1932-09-21,,8.520000457763672
1932-09-22,,8.260000228881836
1932-09-23,,8.399999618530273
1932-09-26,,8.039999961853027
1932-09-27,,8.130000114440918
1932-09-28,,8.359999656677246
1932-09-29,,8.100000381469727
1932-09-30,,8.079999923706055
1932-10-03,,8.0600004196167
1932-10-04,,8.050000190734863
1932-10-05,,7.389999866485596
1932-10-06,,7.429999828338623
1932-10-07,,7.019999980926514
1932-10-10,,6.420000076293945
1932-10-11,,6.880000114440918
1932-10-13,,6.670000076293945
1932-10-14,,7.130000114440918
1932-10-17,,7.0
1932-10-18,,7.130000114440918
1932-10-19,,7.400000095367432
1932-10-20,,7.230000019073486
1932-10-21,,6.820000171661377
1932-10-24,,6.829999923706055
1932-10-25,,6.760000228881836
1932-10-26,,6.889999866485596
1932-10-27,,6.949999809265137
1932-10-28,,7.090000152587891
1932-10-31,,6.960000038146973
1932-11-01,,6.760000228881836
1932-11-02,,6.519999980926514
1932-11-03,,6.480000019073486
1932-11-04,,6.880000114440918
1932-11-07,,7.239999771118164
1932-11-09,,6.920000076293945
1932-11-10,,7.440000057220459
1932-11-11,,7.679999828338623
1932-11-14,,7.429999828338623
1932-11-15,,7.429999828338623
1932-11-16,,7.199999809265137
1932-11-17,,7.150000095367432
1932-11-18,,7.130000114440918
1932-11-21,,7.199999809265137
1932-11-22,,7.170000076293945
1932-11-23,,6.849999904632568
1932-11-25,,6.78000020980835
1932-11-28,,6.800000190734863
1932-11-29,,6.78000020980835
1932-11-30,,6.550000190734863
1932-12-01,,6.730000019073486
1932-12-02,,6.46999979019165
1932-12-05,,6.539999961853027
1932-12-06,,6.869999885559082
1932-12-07,,6.889999866485596
1932-12-08,,6.889999866485596
1932-12-09,,7.079999923706055
1932-12-12,,7.070000171661377
1932-12-13,,6.989999771118164
1932-12-14,,7.119999885559082
1932-12-15,,7.050000190734863
1932-12-16,,7.0
1932-12-19,,6.96999979019165
1932-12-20,,6.820000171661377
1932-12-21,,6.800000190734863
1932-12-22,,6.570000171661377
1932-12-23,,6.570000171661377
1932-12-27,,6.610000133514404
1932-12-28,,6.599999904632568
1932-12-29,,6.75
1932-12-30,,6.920000076293945
1933-01-03,,6.829999923706055
1933-01-04,,7.150000095367432
1933-01-05,,7.119999885559082
1933-01-06,,7.230000019073486
1933-01-09,,7.130000114440918
1933-01-10,,7.340000152587891
1933-01-11,,7.320000171661377
1933-01-12,,7.230000019073486
1933-01-13,,7.25
1933-01-16,,7.059999942779541
1933-01-17,,7.079999923706055
1933-01-18,,6.949999809265137
1933-01-19,,6.980000019073486
1933-01-20,,7.059999942779541
1933-01-23,,7.03000020980835
1933-01-24,,6.980000019073486
1933-01-25,,7.099999904632568
1933-01-26,,7.050000190734863
1933-01-27,,7.039999961853027
1933-01-30,,6.980000019073486
1933-01-31,,6.940000057220459
1933-02-01,,6.670000076293945
1933-02-02,,6.550000190734863
1933-02-03,,6.53000020980835
1933-02-06,,6.480000019073486
1933-02-07,,6.539999961853027
1933-02-08,,6.619999885559082
1933-02-09,,6.760000228881836
1933-02-10,,6.659999847412109
1933-02-14,,6.320000171661377
1933-02-15,,6.28000020980835
1933-02-16,,6.130000114440918
1933-02-17,,6.230000019073486
1933-02-20,,6.0
1933-02-21,,5.960000038146973
1933-02-23,,5.679999828338623
1933-02-24,,5.900000095367432
1933-02-27,,5.53000020980835
1933-02-28,,5.659999847412109
1933-03-01,,5.769999980926514
1933-03-02,,5.650000095367432
1933-03-03,,5.840000152587891
1933-03-15,,6.809999942779541
1933-03-16,,6.929999828338623
1933-03-17,,6.630000114440918
1933-03-20,,6.5
1933-03-21,,6.199999809265137
1933-03-22,,6.119999885559082
1933-03-23,,6.25
1933-03-24,,6.25
1933-03-27,,6.090000152587891
1933-03-28,,6.210000038146973
1933-03-29,,6.070000171661377
1933-03-30,,6.050000190734863
1933-03-31,,5.849999904632568
1933-04-03,,5.869999885559082
1933-04-04,,5.900000095367432
1933-04-05,,5.949999809265137
1933-04-06,,6.050000190734863
1933-04-07,,6.119999885559082
1933-04-10,,6.539999961853027
1933-04-11,,6.510000228881836
1933-04-12,,6.409999847412109
1933-04-13,,6.670000076293945
1933-04-17,,6.53000020980835
1933-04-18,,6.659999847412109
1933-04-19,,7.139999866485596
1933-04-20,,7.820000171661377
1933-04-21,,7.440000057220459
1933-04-24,,7.909999847412109
1933-04-25,,7.71999979019165
1933-04-26,,7.769999980926514
1933-04-27,,7.699999809265137
1933-04-28,,7.829999923706055
1933-05-01,,8.430000305175781
1933-05-02,,8.460000038146973
1933-05-03,,8.40999984741211
1933-05-04,,8.649999618530273
1933-05-05,,8.739999771118164
1933-05-08,,8.34000015258789
1933-05-09,,8.399999618530273
1933-05-10,,8.819999694824219
1933-05-11,,9.069999694824219
1933-05-12,,9.029999732971191
1933-05-15,,8.680000305175781
1933-05-16,,8.850000381469727
1933-05-17,,8.9399995803833
1933-05-18,,8.890000343322754
1933-05-19,,8.819999694824219
1933-05-22,,8.640000343322754
1933-05-23,,8.960000038146973
1933-05-24,,9.149999618530273
1933-05-25,,9.079999923706055
1933-05-26,,9.34000015258789
1933-05-29,,9.779999732971191
1933-05-31,,9.640000343322754
1933-06-01,,9.739999771118164
1933-06-02,,10.130000114440918
1933-06-05,,10.069999694824219
1933-06-06,,10.039999961853027
1933-06-07,,10.220000267028809
1933-06-08,,10.3100004196167
1933-06-09,,10.40999984741211
1933-06-12,,10.890000343322754
1933-06-13,,10.569999694824219
1933-06-14,,10.470000267028809
1933-06-15,,9.739999771118164
1933-06-16,,9.8100004196167
1933-06-19,,10.680000305175781
1933-06-20,,10.520000457763672
1933-06-21,,10.579999923706055
1933-06-22,,10.220000267028809
1933-06-23,,10.5600004196167
1933-06-26,,10.869999885559082
1933-06-27,,10.979999542236328
1933-06-28,,10.84000015258789
1933-06-29,,10.739999771118164
1933-06-30,,10.90999984741211
1933-07-03,,11.619999885559082
1933-07-05,,11.550000190734863
1933-07-06,,11.850000381469727
1933-07-07,,11.960000038146973
1933-07-10,,11.859999656677246
1933-07-11,,11.710000038146973
1933-07-12,,11.869999885559082
1933-07-13,,12.0
1933-07-14,,11.850000381469727
1933-07-17,,12.010000228881836
1933-07-18,,12.199999809265137
1933-07-19,,11.600000381469727
1933-07-20,,10.569999694824219
1933-07-21,,9.649999618530273
1933-07-24,,10.5
1933-07-25,,10.319999694824219
1933-07-26,,10.59000015258789
1933-07-27,,10.680000305175781
1933-07-28,,10.430000305175781
1933-07-31,,9.949999809265137
1933-08-01,,10.25
1933-08-02,,10.489999771118164
1933-08-03,,10.359999656677246
1933-08-04,,10.130000114440918
1933-08-07,,10.050000190734863
1933-08-08,,10.390000343322754
1933-08-09,,10.8100004196167
1933-08-10,,10.630000114440918
1933-08-11,,10.59000015258789
1933-08-14,,10.460000038146973
1933-08-15,,10.479999542236328
1933-08-16,,10.199999809265137
1933-08-17,,10.760000228881836
1933-08-18,,10.579999923706055
1933-08-21,,10.75
1933-08-22,,10.920000076293945
1933-08-23,,10.779999732971191
1933-08-24,,10.880000114440918
1933-08-25,,11.279999732971191
1933-08-28,,11.260000228881836
1933-08-29,,11.199999809265137
1933-08-30,,11.100000381469727
1933-08-31,,11.09000015258789
1933-09-01,,11.229999542236328
1933-09-05,,10.84000015258789
1933-09-06,,10.850000381469727
1933-09-07,,10.699999809265137
1933-09-08,,10.65999984741211
1933-09-11,,11.130000114440918
1933-09-12,,11.0600004196167
1933-09-13,,11.109999656677246
1933-09-14,,11.130000114440918
1933-09-15,,10.819999694824219
1933-09-18,,11.0
1933-09-19,,11.039999961853027
1933-09-20,,10.6899995803833
1933-09-21,,10.029999732971191
1933-09-22,,10.260000228881836
1933-09-25,,10.15999984741211
1933-09-26,,10.069999694824219
1933-09-27,,9.649999618530273
1933-09-28,,9.789999961853027
1933-09-29,,9.720000267028809
1933-10-02,,9.619999885559082
1933-10-03,,9.670000076293945
1933-10-04,,10.289999961853027
1933-10-05,,10.15999984741211
1933-10-06,,10.050000190734863
1933-10-09,,10.319999694824219
1933-10-10,,10.229999542236328
1933-10-11,,10.239999771118164
1933-10-13,,9.850000381469727
1933-10-16,,9.210000038146973
1933-10-17,,9.510000228881836
1933-10-18,,9.069999694824219
1933-10-19,,8.609999656677246
1933-10-20,,8.859999656677246
1933-10-23,,9.020000457763672
1933-10-24,,9.380000114440918
1933-10-25,,9.630000114440918
1933-10-26,,9.4399995803833
1933-10-27,,9.539999961853027
1933-10-30,,9.039999961853027
1933-10-31,,8.960000038146973
1933-11-01,,9.119999885559082
1933-11-02,,9.220000267028809
1933-11-03,,9.539999961853027
1933-11-06,,9.449999809265137
1933-11-08,,9.800000190734863
1933-11-09,,9.869999885559082
1933-11-10,,9.720000267028809
1933-11-13,,9.8100004196167
1933-11-14,,9.6899995803833
1933-11-15,,9.579999923706055
1933-11-16,,10.029999732971191
1933-11-17,,9.920000076293945
1933-11-20,,10.229999542236328
1933-11-21,,10.100000381469727
1933-11-22,,10.050000190734863
1933-11-23,,9.869999885559082
1933-11-24,,10.010000228881836
1933-11-27,,9.6899995803833
1933-11-28,,9.699999809265137
1933-11-29,,9.880000114440918
1933-12-01,,9.90999984741211
1933-12-04,,9.899999618530273
1933-12-05,,10.199999809265137
1933-12-06,,10.130000114440918
1933-12-07,,10.199999809265137
1933-12-08,,10.100000381469727
1933-12-11,,10.3100004196167
1933-12-12,,10.289999961853027
1933-12-13,,10.1899995803833
1933-12-14,,10.229999542236328
1933-12-15,,10.069999694824219
1933-12-18,,9.770000457763672
1933-12-19,,9.75
1933-12-20,,9.569999694824219
1933-12-21,,9.550000190734863
1933-12-22,,9.859999656677246
1933-12-26,,9.579999923706055
1933-12-27,,9.710000038146973
1933-12-28,,9.989999771118164
1933-12-29,,9.970000267028809
1934-01-02,,10.109999656677246
1934-01-03,,9.970000267028809
1934-01-04,,9.9399995803833
1934-01-05,,9.8100004196167
1934-01-08,,9.760000228881836
1934-01-09,,9.869999885559082
1934-01-10,,10.140000343322754
1934-01-11,,10.1899995803833
1934-01-12,,10.069999694824219
1934-01-15,,10.640000343322754
1934-01-16,,10.6899995803833
1934-01-17,,10.65999984741211
1934-01-18,,10.630000114440918
1934-01-19,,10.930000305175781
1934-01-22,,10.90999984741211
1934-01-23,,11.050000190734863
1934-01-24,,11.119999885559082
1934-01-25,,11.119999885559082
1934-01-26,,11.020000457763672
1934-01-29,,11.1899995803833
1934-01-30,,11.329999923706055
1934-01-31,,11.170000076293945
1934-02-01,,11.460000038146973
1934-02-02,,11.449999809265137
1934-02-05,,11.8100004196167
1934-02-06,,11.819999694824219
1934-02-07,,11.449999809265137
1934-02-08,,11.5
1934-02-09,,11.180000305175781
1934-02-13,,11.220000267028809
1934-02-14,,11.289999961853027
1934-02-15,,11.510000228881836
1934-02-16,,11.539999961853027
1934-02-19,,11.359999656677246
1934-02-20,,11.399999618530273
1934-02-21,,11.430000305175781
1934-02-23,,11.130000114440918
1934-02-26,,10.6899995803833
1934-02-27,,10.8100004196167
1934-02-28,,10.760000228881836
1934-03-01,,10.720000267028809
1934-03-02,,11.069999694824219
1934-03-05,,11.010000228881836
1934-03-06,,10.880000114440918
1934-03-07,,10.600000381469727
1934-03-08,,10.800000190734863
1934-03-09,,10.729999542236328
1934-03-12,,10.960000038146973
1934-03-13,,10.960000038146973
1934-03-14,,10.970000267028809
1934-03-15,,10.789999961853027
1934-03-16,,10.819999694824219
1934-03-19,,10.449999809265137
1934-03-20,,10.65999984741211
1934-03-21,,10.449999809265137
1934-03-22,,10.640000343322754
1934-03-23,,10.529999732971191
1934-03-26,,10.710000038146973
1934-03-27,,10.420000076293945
1934-03-28,,10.449999809265137
1934-03-29,,10.619999885559082
1934-04-02,,10.760000228881836
1934-04-03,,10.84000015258789
1934-04-04,,10.869999885559082
1934-04-05,,10.899999618530273
1934-04-06,,10.949999809265137
1934-04-09,,10.869999885559082
1934-04-10,,11.029999732971191
1934-04-11,,11.020000457763672
1934-04-12,,10.989999771118164
1934-04-13,,10.949999809265137
1934-04-16,,10.779999732971191
1934-04-17,,10.890000343322754
1934-04-18,,11.029999732971191
1934-04-19,,11.050000190734863
1934-04-20,,11.15999984741211
1934-04-23,,11.09000015258789
1934-04-24,,11.0
1934-04-25,,10.9399995803833
1934-04-26,,10.789999961853027
1934-04-27,,10.800000190734863
1934-04-30,,10.460000038146973
1934-05-01,,10.460000038146973
1934-05-02,,10.25
1934-05-03,,10.289999961853027
1934-05-04,,10.319999694824219
1934-05-07,,9.8100004196167
1934-05-08,,10.050000190734863
1934-05-09,,9.880000114440918
1934-05-10,,9.649999618530273
1934-05-11,,9.550000190734863
1934-05-14,,9.449999809265137
1934-05-15,,9.630000114440918
1934-05-16,,9.5600004196167
1934-05-17,,9.59000015258789
1934-05-18,,9.850000381469727
1934-05-21,,9.869999885559082
1934-05-22,,9.649999618530273
1934-05-23,,9.5600004196167
1934-05-24,,9.59000015258789
1934-05-25,,9.699999809265137
1934-05-28,,9.829999923706055
1934-05-29,,9.789999961853027
1934-05-31,,9.609999656677246
1934-06-01,,9.380000114440918
1934-06-04,,9.489999771118164
1934-06-05,,9.720000267028809
1934-06-06,,9.739999771118164
1934-06-07,,9.710000038146973
1934-06-08,,10.170000076293945
1934-06-11,,10.09000015258789
1934-06-12,,10.199999809265137
1934-06-13,,10.199999809265137
1934-06-14,,10.050000190734863
1934-06-15,,10.229999542236328
1934-06-18,,10.369999885559082
1934-06-19,,10.1899995803833
1934-06-20,,10.079999923706055
1934-06-21,,9.979999542236328
1934-06-22,,9.760000228881836
1934-06-25,,9.729999542236328
1934-06-26,,9.960000038146973
1934-06-27,,9.930000305175781
1934-06-28,,9.979999542236328
1934-06-29,,9.8100004196167
1934-07-02,,9.6899995803833
1934-07-03,,9.65999984741211
1934-07-05,,9.819999694824219
1934-07-06,,9.90999984741211
1934-07-09,,9.880000114440918
1934-07-10,,9.9399995803833
1934-07-11,,9.989999771118164
1934-07-12,,9.90999984741211
1934-07-13,,9.930000305175781
1934-07-16,,9.720000267028809
1934-07-17,,9.680000305175781
1934-07-18,,9.84000015258789
1934-07-19,,9.739999771118164
1934-07-20,,9.470000267028809
1934-07-23,,9.09000015258789
1934-07-24,,8.989999771118164
1934-07-25,,9.069999694824219
1934-07-26,,8.359999656677246
1934-07-27,,8.600000381469727
1934-07-30,,8.670000076293945
1934-07-31,,8.680000305175781
1934-08-01,,8.949999809265137
1934-08-02,,9.010000228881836
1934-08-03,,8.899999618530273
1934-08-06,,8.710000038146973
1934-08-07,,8.6899995803833
1934-08-08,,8.829999923706055
1934-08-09,,9.130000114440918
1934-08-10,,8.930000305175781
1934-08-13,,9.170000076293945
1934-08-14,,9.100000381469727
1934-08-15,,9.039999961853027
1934-08-16,,9.109999656677246
1934-08-17,,9.0600004196167
1934-08-20,,8.970000267028809
1934-08-21,,9.1899995803833
1934-08-22,,9.399999618530273
1934-08-23,,9.350000381469727
1934-08-24,,9.520000457763672
1934-08-27,,9.390000343322754
1934-08-28,,9.34000015258789
1934-08-29,,9.260000228881836
1934-08-30,,9.15999984741211
1934-08-31,,9.149999618530273
1934-09-04,,9.0600004196167
1934-09-05,,9.210000038146973
1934-09-06,,9.020000457763672
1934-09-07,,8.920000076293945
1934-09-10,,8.699999809265137
1934-09-11,,8.720000267028809
1934-09-12,,8.75
1934-09-13,,8.720000267028809
1934-09-14,,8.470000267028809
1934-09-17,,8.449999809265137
1934-09-18,,8.520000457763672
1934-09-19,,8.739999771118164
1934-09-20,,8.770000457763672
1934-09-21,,8.949999809265137
1934-09-24,,8.899999618530273
1934-09-25,,9.149999618530273
1934-09-26,,9.09000015258789
1934-09-27,,9.180000305175781
1934-09-28,,9.079999923706055
1934-10-01,,8.829999923706055
1934-10-02,,8.859999656677246
1934-10-03,,8.829999923706055
1934-10-04,,8.819999694824219
1934-10-05,,9.0
1934-10-08,,8.920000076293945
1934-10-09,,8.829999923706055
1934-10-10,,9.069999694824219
1934-10-11,,9.1899995803833
1934-10-15,,9.0
1934-10-16,,9.09000015258789
1934-10-17,,9.109999656677246
1934-10-18,,9.069999694824219
1934-10-19,,9.029999732971191
1934-10-22,,9.020000457763672
1934-10-23,,8.989999771118164
1934-10-24,,9.140000343322754
1934-10-25,,8.930000305175781
1934-10-26,,8.800000190734863
1934-10-29,,8.760000228881836
1934-10-30,,8.789999961853027
1934-10-31,,8.8100004196167
1934-11-01,,8.770000457763672
1934-11-02,,8.869999885559082
1934-11-05,,9.020000457763672
1934-11-07,,9.1899995803833
1934-11-08,,9.119999885559082
1934-11-09,,9.300000190734863
1934-11-13,,9.229999542236328
1934-11-14,,9.199999809265137
1934-11-15,,9.0
1934-11-16,,9.180000305175781
1934-11-19,,9.100000381469727
1934-11-20,,9.140000343322754
1934-11-21,,9.100000381469727
1934-11-22,,9.140000343322754
1934-11-23,,9.270000457763672
1934-11-26,,9.520000457763672
1934-11-27,,9.430000305175781
1934-11-28,,9.539999961853027
1934-11-30,,9.539999961853027
1934-12-03,,9.40999984741211
1934-12-04,,9.479999542236328
1934-12-05,,9.5600004196167
1934-12-06,,9.539999961853027
1934-12-07,,9.460000038146973
1934-12-10,,9.359999656677246
1934-12-11,,9.170000076293945
1934-12-12,,9.180000305175781
1934-12-13,,9.130000114440918
1934-12-14,,9.109999656677246
1934-12-17,,9.170000076293945
1934-12-18,,9.15999984741211
1934-12-19,,9.029999732971191
1934-12-20,,9.020000457763672
1934-12-21,,9.039999961853027
1934-12-24,,9.109999656677246
1934-12-26,,9.0600004196167
1934-12-27,,9.069999694824219
1934-12-28,,9.40999984741211
1934-12-31,,9.5
1935-01-02,,9.510000228881836
1935-01-03,,9.529999732971191
1935-01-04,,9.510000228881836
1935-01-07,,9.579999923706055
1935-01-08,,9.470000267028809
1935-01-09,,9.460000038146973
1935-01-10,,9.4399995803833
1935-01-11,,9.25
1935-01-14,,9.170000076293945
1935-01-15,,8.960000038146973
1935-01-16,,9.0
1935-01-17,,9.140000343322754
1935-01-18,,9.180000305175781
1935-01-21,,9.279999732971191
1935-01-22,,9.199999809265137
1935-01-23,,9.199999809265137
1935-01-24,,9.180000305175781
1935-01-25,,9.229999542236328
1935-01-28,,9.069999694824219
1935-01-29,,8.979999542236328
1935-01-30,,9.029999732971191
1935-01-31,,9.100000381469727
1935-02-01,,9.050000190734863
1935-02-04,,8.989999771118164
1935-02-05,,8.890000343322754
1935-02-06,,8.8100004196167
1935-02-07,,8.880000114440918
1935-02-08,,9.029999732971191
1935-02-11,,9.020000457763672
1935-02-13,,9.010000228881836
1935-02-14,,9.010000228881836
1935-02-15,,9.0600004196167
1935-02-18,,9.34000015258789
1935-02-19,,9.1899995803833
1935-02-20,,9.039999961853027
1935-02-21,,9.029999732971191
1935-02-25,,8.850000381469727
1935-02-26,,8.760000228881836
1935-02-27,,8.789999961853027
1935-02-28,,8.739999771118164
1935-03-01,,8.789999961853027
1935-03-04,,8.720000267028809
1935-03-05,,8.470000267028809
1935-03-06,,8.449999809265137
1935-03-07,,8.5600004196167
1935-03-08,,8.539999961853027
1935-03-11,,8.319999694824219
1935-03-12,,8.15999984741211
1935-03-13,,8.1899995803833
1935-03-14,,8.0600004196167
1935-03-15,,8.229999542236328
1935-03-18,,8.140000343322754
1935-03-19,,8.260000228881836
1935-03-20,,8.25
1935-03-21,,8.420000076293945
1935-03-22,,8.550000190734863
1935-03-25,,8.420000076293945
1935-03-26,,8.350000381469727
1935-03-27,,8.4399995803833
1935-03-28,,8.449999809265137
1935-03-29,,8.449999809265137
1935-04-01,,8.539999961853027
1935-04-02,,8.5
1935-04-03,,8.479999542236328
1935-04-04,,8.569999694824219
1935-04-05,,8.779999732971191
1935-04-08,,8.779999732971191
1935-04-09,,8.9399995803833
1935-04-10,,8.899999618530273
1935-04-11,,8.850000381469727
1935-04-12,,8.949999809265137
1935-04-15,,9.130000114440918
1935-04-16,,8.220000267028809
1935-04-17,,9.010000228881836
1935-04-18,,9.140000343322754
1935-04-22,,9.40999984741211
1935-04-23,,9.4399995803833
1935-04-24,,9.319999694824219
1935-04-25,,9.4399995803833
1935-04-26,,9.399999618530273
1935-04-29,,9.390000343322754
1935-04-30,,9.279999732971191
1935-05-01,,9.229999542236328
1935-05-02,,9.270000457763672
1935-05-03,,9.420000076293945
1935-05-06,,9.420000076293945
1935-05-07,,9.380000114440918
1935-05-08,,9.649999618530273
1935-05-09,,9.6899995803833
1935-05-10,,9.75
1935-05-13,,9.800000190734863
1935-05-14,,9.8100004196167
1935-05-15,,9.819999694824219
1935-05-16,,9.149999618530273
1935-05-17,,10.010000228881836
1935-05-20,,9.890000343322754
1935-05-21,,9.979999542236328
1935-05-22,,10.0600004196167
1935-05-23,,10.069999694824219
1935-05-24,,10.020000457763672
1935-05-27,,10.029999732971191
1935-05-28,,9.850000381469727
1935-05-29,,9.6899995803833
1935-05-31,,9.579999923706055
1935-06-03,,9.670000076293945
1935-06-04,,9.920000076293945
1935-06-05,,9.90999984741211
1935-06-06,,9.84000015258789
1935-06-07,,9.899999618530273
1935-06-10,,10.029999732971191
1935-06-11,,10.130000114440918
1935-06-12,,10.0600004196167
1935-06-13,,10.119999885559082
1935-06-14,,10.220000267028809
1935-06-17,,10.220000267028809
1935-06-18,,10.279999732971191
1935-06-19,,10.229999542236328
1935-06-20,,10.149999618530273
1935-06-21,,10.380000114440918
1935-06-24,,10.470000267028809
1935-06-25,,10.319999694824219
1935-06-26,,10.199999809265137
1935-06-27,,10.149999618530273
1935-06-28,,10.239999771118164
1935-07-01,,10.279999732971191
1935-07-02,,10.289999961853027
1935-07-03,,10.350000381469727
1935-07-05,,10.470000267028809
1935-07-08,,10.600000381469727
1935-07-09,,10.550000190734863
1935-07-10,,10.630000114440918
1935-07-11,,10.520000457763672
1935-07-12,,10.619999885559082
1935-07-15,,10.600000381469727
1935-07-16,,10.609999656677246
1935-07-17,,10.670000076293945
1935-07-18,,10.65999984741211
1935-07-19,,10.579999923706055
1935-07-22,,10.770000457763672
1935-07-23,,10.760000228881836
1935-07-24,,10.84000015258789
1935-07-25,,10.729999542236328
1935-07-26,,10.789999961853027
1935-07-29,,11.039999961853027
1935-07-30,,10.9399995803833
1935-07-31,,11.079999923706055
1935-08-01,,11.039999961853027
1935-08-02,,10.949999809265137
1935-08-05,,11.199999809265137
1935-08-06,,11.1899995803833
1935-08-07,,11.180000305175781
1935-08-08,,11.220000267028809
1935-08-09,,11.489999771118164
1935-08-12,,11.600000381469727
1935-08-13,,11.670000076293945
1935-08-14,,11.670000076293945
1935-08-15,,11.539999961853027
1935-08-16,,10.619999885559082
1935-08-19,,11.420000076293945
1935-08-20,,11.449999809265137
1935-08-21,,11.550000190734863
1935-08-22,,11.59000015258789
1935-08-23,,11.5600004196167
1935-08-26,,11.460000038146973
1935-08-27,,11.119999885559082
1935-08-28,,11.100000381469727
1935-08-29,,11.170000076293945
1935-08-30,,11.239999771118164
1935-09-03,,11.210000038146973
1935-09-04,,11.359999656677246
1935-09-05,,11.470000267028809
1935-09-06,,11.649999618530273
1935-09-09,,11.760000228881836
1935-09-10,,11.859999656677246
1935-09-11,,11.920000076293945
1935-09-12,,11.779999732971191
1935-09-13,,11.800000190734863
1935-09-16,,11.640000343322754
1935-09-17,,11.720000267028809
1935-09-18,,11.819999694824219
1935-09-19,,11.579999923706055
1935-09-20,,11.260000228881836
1935-09-23,,11.399999618530273
1935-09-24,,11.539999961853027
1935-09-25,,11.59000015258789
1935-09-26,,11.59000015258789
1935-09-27,,11.5600004196167
1935-09-30,,11.59000015258789
1935-10-01,,11.479999542236328
1935-10-02,,11.100000381469727
1935-10-03,,11.260000228881836
1935-10-04,,11.359999656677246
1935-10-07,,11.529999732971191
1935-10-08,,11.449999809265137
1935-10-09,,11.510000228881836
1935-10-10,,11.739999771118164
1935-10-11,,11.75
1935-10-14,,11.880000114440918
1935-10-15,,11.960000038146973
1935-10-16,,11.720000267028809
1935-10-17,,11.850000381469727
1935-10-18,,11.8100004196167
1935-10-21,,12.1899995803833
1935-10-22,,12.25
1935-10-23,,12.329999923706055
1935-10-24,,12.3100004196167
1935-10-25,,12.430000305175781
1935-10-28,,12.460000038146973
1935-10-29,,12.449999809265137
1935-10-30,,12.359999656677246
1935-10-31,,12.460000038146973
1935-11-01,,12.609999656677246
1935-11-04,,12.619999885559082
1935-11-06,,12.859999656677246
1935-11-07,,12.8100004196167
1935-11-08,,12.920000076293945
1935-11-12,,12.8100004196167
1935-11-13,,12.960000038146973
1935-11-14,,13.199999809265137
1935-11-15,,13.25
1935-11-18,,13.279999732971191
1935-11-19,,13.460000038146973
1935-11-20,,13.289999961853027
1935-11-21,,13.420000076293945
1935-11-22,,13.140000343322754
1935-11-25,,13.180000305175781
1935-11-26,,12.989999771118164
1935-11-27,,13.09000015258789
1935-11-29,,12.9399995803833
1935-12-02,,12.75
1935-12-03,,13.100000381469727
1935-12-04,,13.210000038146973
1935-12-05,,13.180000305175781
1935-12-06,,13.149999618530273
1935-12-09,,13.319999694824219
1935-12-10,,13.09000015258789
1935-12-11,,13.140000343322754
1935-12-12,,12.960000038146973
1935-12-13,,12.84000015258789
1935-12-16,,13.329999923706055
1935-12-17,,12.899999618530273
1935-12-18,,12.859999656677246
1935-12-19,,12.800000190734863
1935-12-20,,12.880000114440918
1935-12-23,,12.960000038146973
1935-12-24,,13.09000015258789
1935-12-26,,13.119999885559082
1935-12-27,,13.109999656677246
1935-12-30,,13.300000190734863
1935-12-31,,13.430000305175781
1936-01-02,,13.399999618530273
1936-01-03,,13.550000190734863
1936-01-06,,13.40999984741211
1936-01-07,,13.619999885559082
1936-01-08,,13.699999809265137
1936-01-09,,13.670000076293945
1936-01-10,,13.779999732971191
1936-01-13,,13.720000267028809
1936-01-14,,13.800000190734863
1936-01-15,,13.710000038146973
1936-01-16,,13.770000457763672
1936-01-17,,13.75
1936-01-20,,13.520000457763672
1936-01-21,,13.470000267028809
1936-01-22,,13.760000228881836
1936-01-23,,13.90999984741211
1936-01-24,,13.850000381469727
1936-01-27,,13.989999771118164
1936-01-28,,14.010000228881836
1936-01-29,,14.149999618530273
1936-01-30,,14.079999923706055
1936-01-31,,14.3100004196167
1936-02-03,,14.4399995803833
1936-02-04,,14.420000076293945
1936-02-05,,14.369999885559082
1936-02-06,,14.390000343322754
1936-02-07,,14.319999694824219
1936-02-10,,14.430000305175781
1936-02-11,,14.630000114440918
1936-02-13,,14.720000267028809
1936-02-14,,14.65999984741211
1936-02-17,,14.579999923706055
1936-02-18,,14.739999771118164
1936-02-19,,14.640000343322754
1936-02-20,,14.869999885559082
1936-02-21,,14.829999923706055
1936-02-24,,14.6899995803833
1936-02-25,,14.420000076293945
1936-02-26,,14.350000381469727
1936-02-27,,14.6899995803833
1936-02-28,,14.600000381469727
1936-03-02,,14.770000457763672
1936-03-03,,14.979999542236328
1936-03-04,,15.020000457763672
1936-03-05,,15.039999961853027
1936-03-06,,15.100000381469727
1936-03-09,,14.510000228881836
1936-03-10,,14.729999542236328
1936-03-11,,14.880000114440918
1936-03-12,,14.460000038146973
1936-03-13,,14.239999771118164
1936-03-16,,14.569999694824219
1936-03-17,,14.920000076293945
1936-03-18,,14.859999656677246
1936-03-19,,15.0600004196167
1936-03-20,,15.039999961853027
1936-03-23,,15.050000190734863
1936-03-24,,14.970000267028809
1936-03-25,,15.100000381469727
1936-03-26,,15.050000190734863
1936-03-27,,14.819999694824219
1936-03-30,,14.8100004196167
1936-03-31,,14.920000076293945
1936-04-01,,15.1899995803833
1936-04-02,,15.34000015258789
1936-04-03,,15.270000457763672
1936-04-06,,15.510000228881836
1936-04-07,,15.430000305175781
1936-04-08,,15.4399995803833
1936-04-09,,15.390000343322754
1936-04-13,,15.420000076293945
1936-04-14,,15.109999656677246
1936-04-15,,15.260000228881836
1936-04-16,,15.1899995803833
1936-04-17,,15.100000381469727
1936-04-20,,14.619999885559082
1936-04-21,,14.600000381469727
1936-04-22,,14.850000381469727
1936-04-23,,14.399999618530273
1936-04-24,,14.4399995803833
1936-04-27,,13.960000038146973
1936-04-28,,13.9399995803833
1936-04-29,,13.529999732971191
1936-04-30,,13.770000457763672
1936-05-01,,13.869999885559082
1936-05-04,,13.819999694824219
1936-05-05,,14.020000457763672
1936-05-06,,14.180000305175781
1936-05-07,,13.920000076293945
1936-05-08,,13.899999618530273
1936-05-11,,13.859999656677246
1936-05-12,,13.859999656677246
1936-05-13,,13.970000267028809
1936-05-14,,14.289999961853027
1936-05-15,,14.289999961853027
1936-05-18,,14.1899995803833
1936-05-19,,13.850000381469727
1936-05-20,,13.989999771118164
1936-05-21,,13.9399995803833
1936-05-22,,14.09000015258789
1936-05-25,,14.25
1936-05-26,,14.449999809265137
1936-05-27,,14.420000076293945
1936-05-28,,14.300000190734863
1936-05-29,,14.399999618530273
1936-06-01,,14.390000343322754
1936-06-02,,14.390000343322754
1936-06-03,,14.34000015258789
1936-06-04,,14.130000114440918
1936-06-05,,14.119999885559082
1936-06-08,,14.34000015258789
1936-06-09,,14.479999542236328
1936-06-10,,14.550000190734863
1936-06-11,,14.760000228881836
1936-06-12,,14.59000015258789
1936-06-15,,14.739999771118164
1936-06-16,,14.920000076293945
1936-06-17,,14.850000381469727
1936-06-18,,14.920000076293945
1936-06-19,,14.829999923706055
1936-06-22,,15.069999694824219
1936-06-23,,15.0
1936-06-24,,15.15999984741211
1936-06-25,,15.0
1936-06-26,,14.949999809265137
1936-06-29,,14.890000343322754
1936-06-30,,14.84000015258789
1936-07-01,,14.899999618530273
1936-07-02,,14.880000114440918
1936-07-03,,15.020000457763672
1936-07-06,,14.9399995803833
1936-07-07,,14.8100004196167
1936-07-08,,14.890000343322754
1936-07-09,,15.069999694824219
1936-07-10,,15.350000381469727
1936-07-13,,15.449999809265137
1936-07-14,,15.630000114440918
1936-07-15,,15.640000343322754
1936-07-16,,15.630000114440918
1936-07-17,,15.65999984741211
1936-07-20,,15.829999923706055
1936-07-21,,15.930000305175781
1936-07-22,,15.829999923706055
1936-07-23,,15.890000343322754
1936-07-24,,15.829999923706055
1936-07-27,,16.149999618530273
1936-07-28,,16.1200008392334
1936-07-29,,15.960000038146973
1936-07-30,,16.020000457763672
1936-07-31,,15.850000381469727
1936-08-03,,15.90999984741211
1936-08-04,,15.869999885559082
1936-08-05,,15.770000457763672
1936-08-06,,15.869999885559082
1936-08-07,,16.079999923706055
1936-08-10,,16.200000762939453
1936-08-11,,16.079999923706055
1936-08-12,,16.15999984741211
1936-08-13,,16.079999923706055
1936-08-14,,15.869999885559082
1936-08-17,,15.800000190734863
1936-08-18,,15.8100004196167
1936-08-19,,15.899999618530273
1936-08-20,,15.8100004196167
1936-08-21,,15.319999694824219
1936-08-24,,15.649999618530273
1936-08-25,,15.670000076293945
1936-08-26,,15.550000190734863
1936-08-27,,15.890000343322754
1936-08-28,,15.920000076293945
1936-08-31,,15.989999771118164
1936-09-01,,15.949999809265137
1936-09-02,,16.010000228881836
1936-09-03,,15.949999809265137
1936-09-04,,16.020000457763672
1936-09-08,,16.290000915527344
1936-09-09,,16.170000076293945
1936-09-10,,16.15999984741211
1936-09-11,,16.110000610351562
1936-09-14,,15.960000038146973
1936-09-15,,15.930000305175781
1936-09-16,,15.0
1936-09-17,,15.869999885559082
1936-09-18,,16.030000686645508
1936-09-21,,16.15999984741211
1936-09-22,,16.219999313354492
1936-09-23,,16.139999389648438
1936-09-24,,16.170000076293945
1936-09-25,,15.880000114440918
1936-09-28,,16.1299991607666
1936-09-29,,16.059999465942383
1936-09-30,,16.010000228881836
1936-10-01,,16.040000915527344
1936-10-02,,16.350000381469727
1936-10-05,,16.530000686645508
1936-10-06,,16.68000030517578
1936-10-07,,16.719999313354492
1936-10-08,,16.809999465942383
1936-10-09,,16.8700008392334
1936-10-13,,16.959999084472656
1936-10-14,,16.8799991607666
1936-10-15,,16.850000381469727
1936-10-16,,17.040000915527344
1936-10-19,,17.1299991607666
1936-10-20,,17.110000610351562
1936-10-21,,17.18000030517578
1936-10-22,,17.040000915527344
1936-10-23,,17.09000015258789
1936-10-26,,16.649999618530273
1936-10-27,,16.93000030517578
1936-10-28,,16.940000534057617
1936-10-29,,17.200000762939453
1936-10-30,,17.229999542236328
1936-11-02,,17.170000076293945
1936-11-04,,17.43000030517578
1936-11-05,,17.559999465942383
1936-11-06,,17.43000030517578
1936-11-09,,17.690000534057617
1936-11-10,,17.6299991607666
1936-11-12,,17.43000030517578
1936-11-13,,17.239999771118164
1936-11-16,,17.399999618530273
1936-11-17,,17.639999389648438
1936-11-18,,17.510000228881836
1936-11-19,,17.299999237060547
1936-11-20,,17.1299991607666
1936-11-23,,16.889999389648438
1936-11-24,,17.18000030517578
1936-11-25,,17.09000015258789
1936-11-27,,17.34000015258789
1936-11-30,,17.280000686645508
1936-12-01,,17.139999389648438
1936-12-02,,16.950000762939453
1936-12-03,,17.040000915527344
1936-12-04,,17.010000228881836
1936-12-07,,16.90999984741211
1936-12-08,,16.969999313354492
1936-12-09,,17.049999237060547
1936-12-10,,17.219999313354492
1936-12-11,,17.139999389648438
1936-12-14,,17.31999969482422
1936-12-15,,17.31999969482422
1936-12-16,,17.290000915527344
1936-12-17,,17.15999984741211
1936-12-18,,17.0
1936-12-21,,16.649999618530273
1936-12-22,,16.860000610351562
1936-12-23,,17.030000686645508
1936-12-24,,17.059999465942383
1936-12-28,,16.940000534057617
1936-12-29,,17.010000228881836
1936-12-30,,17.270000457763672
1936-12-31,,17.18000030517578
1937-01-04,,16.93000030517578
1937-01-05,,17.079999923706055
1937-01-06,,17.09000015258789
1937-01-07,,17.479999542236328
1937-01-08,,17.479999542236328
1937-01-11,,17.56999969482422
1937-01-12,,17.579999923706055
1937-01-13,,17.610000610351562
1937-01-14,,17.65999984741211
1937-01-15,,17.739999771118164
1937-01-18,,17.739999771118164
1937-01-19,,17.6200008392334
1937-01-20,,17.84000015258789
1937-01-21,,17.959999084472656
1937-01-22,,17.8700008392334
1937-01-25,,17.770000457763672
1937-01-26,,17.510000228881836
1937-01-27,,17.649999618530273
1937-01-28,,17.6299991607666
1937-01-29,,17.770000457763672
1937-02-01,,17.8799991607666
1937-02-02,,18.0
1937-02-03,,18.1299991607666
1937-02-04,,18.149999618530273
1937-02-05,,17.860000610351562
1937-02-08,,18.06999969482422
1937-02-09,,17.989999771118164
1937-02-10,,18.170000076293945
1937-02-11,,18.31999969482422
1937-02-15,,18.100000381469727
1937-02-16,,18.149999618530273
1937-02-17,,18.1200008392334
1937-02-18,,18.219999313354492
1937-02-19,,18.3700008392334
1937-02-23,,17.969999313354492
1937-02-24,,18.06999969482422
1937-02-25,,18.0
1937-02-26,,18.059999465942383
1937-03-01,,18.09000015258789
1937-03-02,,18.34000015258789
1937-03-03,,18.549999237060547
1937-03-04,,18.3799991607666
1937-03-05,,18.6200008392334
1937-03-08,,18.559999465942383
1937-03-09,,18.540000915527344
1937-03-10,,18.670000076293945
1937-03-11,,18.3799991607666
1937-03-12,,18.360000610351562
1937-03-15,,18.139999389648438
1937-03-16,,18.229999542236328
1937-03-17,,18.110000610351562
1937-03-18,,17.729999542236328
1937-03-19,,17.719999313354492
1937-03-22,,17.219999313354492
1937-03-23,,17.489999771118164
1937-03-24,,17.700000762939453
1937-03-25,,17.68000030517578
1937-03-29,,17.6299991607666
1937-03-30,,17.950000762939453
1937-03-31,,17.920000076293945
1937-04-01,,17.709999084472656
1937-04-02,,17.489999771118164
1937-04-05,,17.6200008392334
1937-04-06,,17.459999084472656
1937-04-07,,16.90999984741211
1937-04-08,,16.989999771118164
1937-04-09,,17.030000686645508
1937-04-12,,17.100000381469727
1937-04-13,,17.280000686645508
1937-04-14,,17.299999237060547
1937-04-15,,17.229999542236328
1937-04-16,,17.15999984741211
1937-04-19,,17.1299991607666
1937-04-20,,17.18000030517578
1937-04-21,,17.40999984741211
1937-04-22,,17.190000534057617
1937-04-23,,16.850000381469727
1937-04-26,,16.15999984741211
1937-04-27,,16.43000030517578
1937-04-28,,15.989999771118164
1937-04-29,,15.989999771118164
1937-04-30,,16.43000030517578
1937-05-03,,16.469999313354492
1937-05-04,,16.729999542236328
1937-05-05,,16.59000015258789
1937-05-06,,16.709999084472656
1937-05-07,,16.649999618530273
1937-05-10,,16.280000686645508
1937-05-11,,16.290000915527344
1937-05-12,,16.190000534057617
1937-05-13,,15.649999618530273
1937-05-14,,15.8100004196167
1937-05-17,,15.619999885559082
1937-05-18,,15.880000114440918
1937-05-19,,15.84000015258789
1937-05-20,,16.260000228881836
1937-05-21,,16.270000457763672
1937-05-24,,16.459999084472656
1937-05-25,,16.25
1937-05-26,,16.229999542236328
1937-05-27,,16.260000228881836
1937-05-28,,16.260000228881836
1937-06-01,,15.960000038146973
1937-06-02,,16.06999969482422
1937-06-03,,16.100000381469727
1937-06-04,,16.280000686645508
1937-06-07,,16.1299991607666
1937-06-08,,16.18000030517578
1937-06-09,,16.040000915527344
1937-06-10,,15.9399995803833
1937-06-11,,15.729999542236328
1937-06-14,,15.199999809265137
1937-06-15,,15.34000015258789
1937-06-16,,15.180000305175781
1937-06-17,,15.390000343322754
1937-06-18,,15.510000228881836
1937-06-21,,15.350000381469727
1937-06-22,,15.380000114440918
1937-06-23,,15.510000228881836
1937-06-24,,15.619999885559082
1937-06-25,,15.520000457763672
1937-06-28,,15.119999885559082
1937-06-29,,15.140000343322754
1937-06-30,,15.399999618530273
1937-07-01,,15.470000267028809
1937-07-02,,15.699999809265137
1937-07-06,,16.25
1937-07-07,,16.3700008392334
1937-07-08,,16.399999618530273
1937-07-09,,16.31999969482422
1937-07-12,,16.540000915527344
1937-07-13,,16.399999618530273
1937-07-14,,16.3799991607666
1937-07-15,,16.459999084472656
1937-07-16,,16.420000076293945
1937-07-19,,16.739999771118164
1937-07-20,,16.940000534057617
1937-07-21,,16.81999969482422
1937-07-22,,16.8700008392334
1937-07-23,,16.940000534057617
1937-07-26,,17.059999465942383
1937-07-27,,17.040000915527344
1937-07-28,,16.780000686645508
1937-07-29,,16.719999313354492
1937-07-30,,16.770000457763672
1937-08-02,,17.06999969482422
1937-08-03,,16.93000030517578
1937-08-04,,17.020000457763672
1937-08-05,,16.90999984741211
1937-08-06,,16.850000381469727
1937-08-09,,17.06999969482422
1937-08-10,,17.040000915527344
1937-08-11,,17.010000228881836
1937-08-12,,17.100000381469727
1937-08-13,,17.270000457763672
1937-08-16,,17.170000076293945
1937-08-17,,17.06999969482422
1937-08-18,,16.90999984741211
1937-08-19,,16.65999984741211
1937-08-20,,16.489999771118164
1937-08-23,,16.459999084472656
1937-08-24,,16.59000015258789
1937-08-25,,16.469999313354492
1937-08-26,,16.149999618530273
1937-08-27,,15.880000114440918
1937-08-30,,16.1200008392334
1937-08-31,,16.040000915527344
1937-09-01,,15.609999656677246
1937-09-02,,15.359999656677246
1937-09-03,,15.460000038146973
1937-09-07,,14.6899995803833
1937-09-08,,14.609999656677246
1937-09-09,,14.979999542236328
1937-09-10,,14.1899995803833
1937-09-13,,14.229999542236328
1937-09-14,,14.680000305175781
1937-09-15,,14.609999656677246
1937-09-16,,14.890000343322754
1937-09-17,,14.569999694824219
1937-09-20,,13.9399995803833
1937-09-21,,14.079999923706055
1937-09-22,,14.140000343322754
1937-09-23,,13.789999961853027
1937-09-24,,13.199999809265137
1937-09-27,,13.630000114440918
1937-09-28,,13.720000267028809
1937-09-29,,13.789999961853027
1937-09-30,,13.760000228881836
1937-10-01,,13.720000267028809
1937-10-04,,13.59000015258789
1937-10-05,,12.850000381469727
1937-10-06,,13.15999984741211
1937-10-07,,13.0600004196167
1937-10-08,,12.75
1937-10-11,,12.220000267028809
1937-10-13,,12.210000038146973
1937-10-14,,11.970000267028809
1937-10-15,,11.84000015258789
1937-10-18,,10.760000228881836
1937-10-19,,11.100000381469727
1937-10-20,,11.930000305175781
1937-10-21,,12.170000076293945
1937-10-22,,11.84000015258789
1937-10-25,,12.0
1937-10-26,,11.739999771118164
1937-10-27,,11.760000228881836
1937-10-28,,12.050000190734863
1937-10-29,,12.350000381469727
1937-11-01,,12.079999923706055
1937-11-03,,11.520000457763672
1937-11-04,,11.460000038146973
1937-11-05,,11.460000038146973
1937-11-08,,11.119999885559082
1937-11-09,,11.350000381469727
1937-11-10,,11.960000038146973
1937-11-12,,11.90999984741211
1937-11-15,,11.529999732971191
1937-11-16,,11.479999542236328
1937-11-17,,11.390000343322754
1937-11-18,,11.15999984741211
1937-11-19,,10.510000228881836
1937-11-22,,10.25
1937-11-23,,10.430000305175781
1937-11-24,,10.170000076293945
1937-11-26,,10.670000076293945
1937-11-29,,10.960000038146973
1937-11-30,,11.109999656677246
1937-12-01,,10.970000267028809
1937-12-02,,11.1899995803833
1937-12-03,,11.34000015258789
1937-12-06,,11.130000114440918
1937-12-07,,11.319999694824219
1937-12-08,,11.420000076293945
1937-12-09,,11.210000038146973
1937-12-10,,11.100000381469727
1937-12-13,,10.739999771118164
1937-12-14,,10.829999923706055
1937-12-15,,10.90999984741211
1937-12-16,,11.079999923706055
1937-12-17,,11.0
1937-12-20,,11.3100004196167
1937-12-21,,11.380000114440918
1937-12-22,,11.180000305175781
1937-12-23,,11.119999885559082
1937-12-24,,11.0600004196167
1937-12-27,,10.6899995803833
1937-12-28,,10.3100004196167
1937-12-29,,10.420000076293945
1937-12-30,,10.5600004196167
1937-12-31,,10.550000190734863
1938-01-03,,10.520000457763672
1938-01-04,,10.989999771118164
1938-01-05,,10.920000076293945
1938-01-06,,11.739999771118164
1938-01-07,,11.319999694824219
1938-01-10,,11.869999885559082
1938-01-11,,11.949999809265137
1938-01-12,,11.84000015258789
1938-01-13,,11.670000076293945
1938-01-14,,11.699999809265137
1938-01-17,,11.670000076293945
1938-01-18,,11.550000190734863
1938-01-19,,11.449999809265137
1938-01-20,,11.65999984741211
1938-01-21,,11.4399995803833
1938-01-24,,11.399999618530273
1938-01-25,,11.220000267028809
1938-01-26,,10.789999961853027
1938-01-27,,10.640000343322754
1938-01-28,,10.550000190734863
1938-01-31,,10.6899995803833
1938-02-01,,10.890000343322754
1938-02-02,,10.739999771118164
1938-02-03,,10.34000015258789
1938-02-04,,10.539999961853027
1938-02-07,,10.5600004196167
1938-02-08,,10.979999542236328
1938-02-09,,10.899999618530273
1938-02-10,,10.970000267028809
1938-02-11,,10.930000305175781
1938-02-14,,11.020000457763672
1938-02-15,,10.890000343322754
1938-02-16,,10.869999885559082
1938-02-17,,11.149999618530273
1938-02-18,,11.020000457763672
1938-02-21,,11.380000114440918
1938-02-23,,11.680000305175781
1938-02-24,,11.510000228881836
1938-02-25,,11.569999694824219
1938-02-28,,11.34000015258789
1938-03-01,,11.460000038146973
1938-03-02,,11.350000381469727
1938-03-03,,11.239999771118164
1938-03-04,,11.130000114440918
1938-03-07,,10.880000114440918
1938-03-08,,10.880000114440918
1938-03-09,,10.890000343322754
1938-03-10,,10.770000457763672
1938-03-11,,10.579999923706055
1938-03-14,,10.779999732971191
1938-03-15,,11.109999656677246
1938-03-16,,10.619999885559082
1938-03-17,,10.529999732971191
1938-03-18,,10.1899995803833
1938-03-21,,10.380000114440918
1938-03-22,,10.0600004196167
1938-03-23,,9.859999656677246
1938-03-24,,9.890000343322754
1938-03-25,,9.350000381469727
1938-03-28,,9.270000457763672
1938-03-29,,8.729999542236328
1938-03-30,,8.619999885559082
1938-03-31,,8.5
1938-04-01,,8.90999984741211
1938-04-04,,9.239999771118164
1938-04-05,,9.479999542236328
1938-04-06,,9.270000457763672
1938-04-07,,9.199999809265137
1938-04-08,,9.619999885559082
1938-04-11,,9.949999809265137
1938-04-12,,10.050000190734863
1938-04-13,,10.100000381469727
1938-04-14,,10.199999809265137
1938-04-18,,10.40999984741211
1938-04-19,,10.109999656677246
1938-04-20,,10.0600004196167
1938-04-21,,10.15999984741211
1938-04-22,,10.449999809265137
1938-04-25,,10.210000038146973
1938-04-26,,9.949999809265137
1938-04-27,,10.079999923706055
1938-04-28,,9.770000457763672
1938-04-29,,9.779999732971191
1938-05-02,,9.59000015258789
1938-05-03,,9.850000381469727
1938-05-04,,10.010000228881836
1938-05-05,,9.970000267028809
1938-05-06,,10.430000305175781
1938-05-09,,10.630000114440918
1938-05-10,,10.430000305175781
1938-05-11,,10.489999771118164
1938-05-12,,10.430000305175781
1938-05-13,,10.260000228881836
1938-05-16,,10.079999923706055
1938-05-17,,10.140000343322754
1938-05-18,,10.0
1938-05-19,,10.109999656677246
1938-05-20,,9.960000038146973
1938-05-23,,9.890000343322754
1938-05-24,,9.710000038146973
1938-05-25,,9.539999961853027
1938-05-26,,9.289999961853027
1938-05-27,,9.279999732971191
1938-05-31,,9.270000457763672
1938-06-01,,9.569999694824219
1938-06-02,,9.539999961853027
1938-06-03,,9.420000076293945
1938-06-06,,9.739999771118164
1938-06-07,,9.699999809265137
1938-06-08,,9.729999542236328
1938-06-09,,9.9399995803833
1938-06-10,,9.800000190734863
1938-06-13,,9.520000457763672
1938-06-14,,9.630000114440918
1938-06-15,,9.670000076293945
1938-06-16,,9.760000228881836
1938-06-17,,9.670000076293945
1938-06-20,,10.1899995803833
1938-06-21,,10.460000038146973
1938-06-22,,10.729999542236328
1938-06-23,,11.029999732971191
1938-06-24,,11.149999618530273
1938-06-27,,11.260000228881836
1938-06-28,,11.25
1938-06-29,,11.720000267028809
1938-06-30,,11.5600004196167
1938-07-01,,11.90999984741211
1938-07-05,,11.979999542236328
1938-07-06,,12.140000343322754
1938-07-07,,12.09000015258789
1938-07-08,,11.890000343322754
1938-07-11,,11.729999542236328
1938-07-12,,12.039999961853027
1938-07-13,,11.949999809265137
1938-07-14,,11.84000015258789
1938-07-15,,12.0
1938-07-18,,12.350000381469727
1938-07-19,,12.670000076293945
1938-07-20,,12.529999732971191
1938-07-21,,12.539999961853027
1938-07-22,,12.550000190734863
1938-07-25,,12.800000190734863
1938-07-26,,12.619999885559082
1938-07-27,,12.25
1938-07-28,,12.479999542236328
1938-07-29,,12.329999923706055
1938-08-01,,12.25
1938-08-02,,12.40999984741211
1938-08-03,,12.300000190734863
1938-08-04,,12.380000114440918
1938-08-05,,12.65999984741211
1938-08-08,,12.729999542236328
1938-08-09,,12.649999618530273
1938-08-10,,12.489999771118164
1938-08-11,,12.170000076293945
1938-08-12,,11.920000076293945
1938-08-15,,11.920000076293945
1938-08-16,,12.079999923706055
1938-08-17,,12.100000381469727
1938-08-18,,12.09000015258789
1938-08-19,,12.3100004196167
1938-08-22,,12.270000457763672
1938-08-23,,12.550000190734863
1938-08-24,,12.520000457763672
1938-08-25,,12.619999885559082
1938-08-26,,12.5
1938-08-29,,11.850000381469727
1938-08-30,,12.039999961853027
1938-08-31,,12.0600004196167
1938-09-01,,11.920000076293945
1938-09-02,,12.260000228881836
1938-09-06,,12.220000267028809
1938-09-07,,12.40999984741211
1938-09-08,,12.289999961853027
1938-09-09,,12.020000457763672
1938-09-12,,12.0600004196167
1938-09-13,,11.369999885559082
1938-09-14,,11.300000190734863
1938-09-15,,11.670000076293945
1938-09-16,,11.430000305175781
1938-09-19,,11.5
1938-09-20,,11.890000343322754
1938-09-21,,11.960000038146973
1938-09-22,,11.75
1938-09-23,,11.359999656677246
1938-09-26,,11.020000457763672
1938-09-27,,10.989999771118164
1938-09-28,,11.479999542236328
1938-09-29,,11.899999618530273
1938-09-30,,12.239999771118164
1938-10-03,,12.520000457763672
1938-10-04,,12.479999542236328
1938-10-05,,12.859999656677246
1938-10-06,,12.819999694824219
1938-10-07,,12.850000381469727
1938-10-10,,13.90999984741211
1938-10-11,,12.84000015258789
1938-10-13,,13.239999771118164
1938-10-14,,13.149999618530273
1938-10-17,,13.069999694824219
1938-10-18,,13.25
1938-10-19,,13.010000228881836
1938-10-20,,13.210000038146973
1938-10-21,,13.25
1938-10-24,,13.399999618530273
1938-10-25,,13.430000305175781
1938-10-26,,13.260000228881836
1938-10-27,,13.329999923706055
1938-10-28,,13.140000343322754
1938-10-31,,13.170000076293945
1938-11-01,,13.100000381469727
1938-11-02,,13.149999618530273
1938-11-03,,13.1899995803833
1938-11-04,,13.170000076293945
1938-11-07,,13.430000305175781
1938-11-09,,13.789999961853027
1938-11-10,,13.699999809265137
1938-11-14,,13.430000305175781
1938-11-15,,13.350000381469727
1938-11-16,,12.970000267028809
1938-11-17,,13.119999885559082
1938-11-18,,12.84000015258789
1938-11-21,,12.880000114440918
1938-11-22,,12.770000457763672
1938-11-23,,12.800000190734863
1938-11-25,,12.819999694824219
1938-11-28,,12.369999885559082
1938-11-29,,12.430000305175781
1938-11-30,,12.729999542236328
1938-12-01,,12.609999656677246
1938-12-02,,12.479999542236328
1938-12-05,,12.399999618530273
1938-12-06,,12.5
1938-12-07,,12.539999961853027
1938-12-08,,12.390000343322754
1938-12-09,,12.319999694824219
1938-12-12,,12.460000038146973
1938-12-13,,12.59000015258789
1938-12-14,,12.859999656677246
1938-12-15,,12.890000343322754
1938-12-16,,12.899999618530273
1938-12-19,,12.680000305175781
1938-12-20,,12.65999984741211
1938-12-21,,12.579999923706055
1938-12-22,,12.670000076293945
1938-12-23,,12.8100004196167
1938-12-27,,12.729999542236328
1938-12-28,,12.850000381469727
1938-12-29,,13.130000114440918
1938-12-30,,13.140000343322754
1939-01-03,,13.079999923706055
1939-01-04,,13.229999542236328
1939-01-05,,13.0600004196167
1939-01-06,,13.069999694824219
1939-01-09,,12.789999961853027
1939-01-10,,12.8100004196167
1939-01-11,,12.569999694824219
1939-01-12,,12.470000267028809
1939-01-13,,12.329999923706055
1939-01-16,,12.630000114440918
1939-01-17,,12.729999542236328
1939-01-18,,12.710000038146973
1939-01-19,,12.800000190734863
1939-01-20,,12.75
1939-01-23,,11.930000305175781
1939-01-24,,11.979999542236328
1939-01-25,,11.90999984741211
1939-01-26,,11.529999732971191
1939-01-27,,11.859999656677246
1939-01-30,,12.15999984741211
1939-01-31,,12.300000190734863
1939-02-01,,12.119999885559082
1939-02-02,,12.380000114440918
1939-02-03,,12.300000190734863
1939-02-06,,12.470000267028809
1939-02-07,,12.319999694824219
1939-02-08,,12.479999542236328
1939-02-09,,12.300000190734863
1939-02-10,,12.329999923706055
1939-02-14,,12.359999656677246
1939-02-15,,12.380000114440918
1939-02-16,,12.479999542236328
1939-02-17,,12.399999618530273
1939-02-20,,12.15999984741211
1939-02-21,,12.229999542236328
1939-02-23,,12.239999771118164
1939-02-24,,12.539999961853027
1939-02-27,,12.630000114440918
1939-02-28,,12.699999809265137
1939-03-01,,12.699999809265137
1939-03-02,,12.680000305175781
1939-03-03,,12.859999656677246
1939-03-06,,12.789999961853027
1939-03-07,,12.850000381469727
1939-03-08,,13.069999694824219
1939-03-09,,13.010000228881836
1939-03-10,,13.100000381469727
1939-03-13,,12.920000076293945
1939-03-14,,12.970000267028809
1939-03-15,,12.609999656677246
1939-03-16,,12.579999923706055
1939-03-17,,12.210000038146973
1939-03-20,,11.949999809265137
1939-03-21,,12.15999984741211
1939-03-22,,11.75
1939-03-23,,11.920000076293945
1939-03-24,,12.069999694824219
1939-03-27,,11.989999771118164
1939-03-28,,11.829999923706055
1939-03-29,,11.920000076293945
1939-03-30,,11.510000228881836
1939-03-31,,10.979999542236328
1939-04-03,,11.260000228881836
1939-04-04,,11.020000457763672
1939-04-05,,11.0600004196167
1939-04-06,,10.65999984741211
1939-04-10,,10.4399995803833
1939-04-11,,10.420000076293945
1939-04-12,,10.699999809265137
1939-04-13,,10.789999961853027
1939-04-14,,10.630000114440918
1939-04-17,,10.829999923706055
1939-04-18,,10.65999984741211
1939-04-19,,10.789999961853027
1939-04-20,,10.920000076293945
1939-04-21,,10.960000038146973
1939-04-24,,10.779999732971191
1939-04-25,,10.800000190734863
1939-04-26,,10.90999984741211
1939-04-27,,11.029999732971191
1939-04-28,,10.930000305175781
1939-05-01,,10.859999656677246
1939-05-02,,11.0
1939-05-03,,11.289999961853027
1939-05-04,,11.25
1939-05-05,,11.210000038146973
1939-05-08,,11.229999542236328
1939-05-09,,11.430000305175781
1939-05-10,,11.289999961853027
1939-05-11,,11.289999961853027
1939-05-12,,11.210000038146973
1939-05-15,,11.25
1939-05-16,,10.9399995803833
1939-05-17,,10.869999885559082
1939-05-18,,10.890000343322754
1939-05-19,,10.989999771118164
1939-05-22,,11.170000076293945
1939-05-23,,11.109999656677246
1939-05-24,,11.430000305175781
1939-05-25,,11.449999809265137
1939-05-26,,11.489999771118164
1939-05-29,,11.649999618530273
1939-05-31,,11.600000381469727
1939-06-01,,11.420000076293945
1939-06-02,,11.479999542236328
1939-06-05,,11.510000228881836
1939-06-06,,11.65999984741211
1939-06-07,,11.670000076293945
1939-06-08,,11.640000343322754
1939-06-09,,11.800000190734863
1939-06-12,,11.65999984741211
1939-06-13,,11.579999923706055
1939-06-14,,11.529999732971191
1939-06-15,,11.25
1939-06-16,,11.279999732971191
1939-06-19,,11.420000076293945
1939-06-20,,11.520000457763672
1939-06-21,,11.520000457763672
1939-06-22,,11.449999809265137
1939-06-23,,11.5
1939-06-26,,11.239999771118164
1939-06-27,,11.289999961853027
1939-06-28,,11.0600004196167
1939-06-29,,10.789999961853027
1939-06-30,,10.859999656677246
1939-07-03,,11.0
1939-07-05,,11.199999809265137
1939-07-06,,11.1899995803833
1939-07-07,,11.130000114440918
1939-07-10,,11.170000076293945
1939-07-11,,11.3100004196167
1939-07-12,,11.550000190734863
1939-07-13,,11.640000343322754
1939-07-14,,11.550000190734863
1939-07-17,,12.069999694824219
1939-07-18,,12.15999984741211
1939-07-19,,12.0
1939-07-20,,11.850000381469727
1939-07-21,,12.09000015258789
1939-07-24,,12.130000114440918
1939-07-25,,12.050000190734863
1939-07-26,,12.170000076293945
1939-07-27,,12.180000305175781
1939-07-28,,12.140000343322754
1939-07-31,,12.039999961853027
1939-08-01,,12.039999961853027
1939-08-02,,12.15999984741211
1939-08-03,,12.119999885559082
1939-08-04,,11.899999618530273
1939-08-07,,11.84000015258789
1939-08-08,,11.869999885559082
1939-08-09,,11.779999732971191
1939-08-10,,11.539999961853027
1939-08-11,,11.5600004196167
1939-08-14,,11.779999732971191
1939-08-15,,11.890000343322754
1939-08-16,,11.579999923706055
1939-08-17,,11.569999694824219
1939-08-18,,11.329999923706055
1939-08-21,,11.029999732971191
1939-08-22,,11.239999771118164
1939-08-23,,10.890000343322754
1939-08-24,,10.859999656677246
1939-08-25,,11.09000015258789
1939-08-28,,11.170000076293945
1939-08-29,,11.479999542236328
1939-08-30,,11.359999656677246
1939-08-31,,11.180000305175781
1939-09-01,,11.300000190734863
1939-09-05,,12.640000343322754
1939-09-06,,12.529999732971191
1939-09-07,,12.5
1939-09-08,,12.6899995803833
1939-09-11,,13.020000457763672
1939-09-12,,13.170000076293945
1939-09-13,,13.029999732971191
1939-09-14,,13.079999923706055
1939-09-15,,13.069999694824219
1939-09-18,,12.470000267028809
1939-09-19,,12.949999809265137
1939-09-20,,12.9399995803833
1939-09-21,,13.020000457763672
1939-09-22,,12.920000076293945
1939-09-25,,12.949999809265137
1939-09-26,,13.109999656677246
1939-09-27,,13.109999656677246
1939-09-28,,12.859999656677246
1939-09-29,,12.789999961853027
1939-10-02,,12.880000114440918
1939-10-03,,12.770000457763672
1939-10-04,,12.789999961853027
1939-10-05,,12.819999694824219
1939-10-06,,12.800000190734863
1939-10-09,,12.729999542236328
1939-10-10,,12.760000228881836
1939-10-11,,12.84000015258789
1939-10-13,,12.739999771118164
1939-10-16,,12.739999771118164
1939-10-17,,13.09000015258789
1939-10-18,,13.0
1939-10-19,,12.979999542236328
1939-10-20,,12.9399995803833
1939-10-23,,12.989999771118164
1939-10-24,,13.020000457763672
1939-10-25,,13.210000038146973
1939-10-26,,13.079999923706055
1939-10-27,,13.020000457763672
1939-10-30,,12.960000038146973
1939-10-31,,12.829999923706055
1939-11-01,,12.819999694824219
1939-11-02,,12.84000015258789
1939-11-03,,12.949999809265137
1939-11-06,,12.819999694824219
1939-11-08,,12.75
1939-11-09,,12.579999923706055
1939-11-10,,12.640000343322754
1939-11-13,,12.649999618530273
1939-11-14,,12.739999771118164
1939-11-15,,12.630000114440918
1939-11-16,,12.789999961853027
1939-11-17,,12.75
1939-11-20,,12.789999961853027
1939-11-21,,12.699999809265137
1939-11-22,,12.680000305175781
1939-11-24,,12.489999771118164
1939-11-27,,12.520000457763672
1939-11-28,,12.470000267028809
1939-11-29,,12.329999923706055
1939-11-30,,12.199999809265137
1939-12-01,,12.289999961853027
1939-12-04,,12.279999732971191
1939-12-05,,12.260000228881836
1939-12-06,,12.449999809265137
1939-12-07,,12.460000038146973
1939-12-08,,12.359999656677246
1939-12-11,,12.229999542236328
1939-12-12,,12.1899995803833
1939-12-13,,12.380000114440918
1939-12-14,,12.359999656677246
1939-12-15,,12.399999618530273
1939-12-18,,12.369999885559082
1939-12-19,,12.34000015258789
1939-12-20,,12.390000343322754
1939-12-21,,12.380000114440918
1939-12-22,,12.4399995803833
1939-12-26,,12.380000114440918
1939-12-27,,12.3100004196167
1939-12-28,,12.420000076293945
1939-12-29,,12.460000038146973
1940-01-02,,12.630000114440918
1940-01-03,,12.770000457763672
1940-01-04,,12.729999542236328
1940-01-05,,12.65999984741211
1940-01-08,,12.670000076293945
1940-01-09,,12.550000190734863
1940-01-10,,12.569999694824219
1940-01-11,,12.369999885559082
1940-01-12,,12.130000114440918
1940-01-15,,12.069999694824219
1940-01-16,,12.140000343322754
1940-01-17,,12.149999618530273
1940-01-18,,12.130000114440918
1940-01-19,,12.149999618530273
1940-01-22,,12.0600004196167
1940-01-23,,12.109999656677246
1940-01-24,,12.270000457763672
1940-01-25,,12.15999984741211
1940-01-26,,12.149999618530273
1940-01-29,,12.15999984741211
1940-01-30,,12.09000015258789
1940-01-31,,12.050000190734863
1940-02-01,,12.050000190734863
1940-02-02,,12.0600004196167
1940-02-05,,12.039999961853027
1940-02-06,,12.140000343322754
1940-02-07,,12.220000267028809
1940-02-08,,12.369999885559082
1940-02-09,,12.369999885559082
1940-02-13,,12.329999923706055
1940-02-14,,12.279999732971191
1940-02-15,,12.279999732971191
1940-02-16,,12.289999961853027
1940-02-19,,12.289999961853027
1940-02-20,,12.350000381469727
1940-02-21,,12.319999694824219
1940-02-23,,12.229999542236328
1940-02-26,,12.15999984741211
1940-02-27,,12.140000343322754
1940-02-28,,12.149999618530273
1940-02-29,,12.130000114440918
1940-03-01,,12.0600004196167
1940-03-04,,12.09000015258789
1940-03-05,,12.149999618530273
1940-03-06,,12.239999771118164
1940-03-07,,12.25
1940-03-08,,12.199999809265137
1940-03-11,,12.239999771118164
1940-03-12,,12.270000457763672
1940-03-13,,12.25
1940-03-14,,12.220000267028809
1940-03-15,,12.069999694824219
1940-03-18,,12.0
1940-03-19,,12.09000015258789
1940-03-20,,12.140000343322754
1940-03-21,,12.140000343322754
1940-03-25,,12.069999694824219
1940-03-26,,12.010000228881836
1940-03-27,,12.170000076293945
1940-03-28,,12.140000343322754
1940-03-29,,12.180000305175781
1940-04-01,,12.210000038146973
1940-04-02,,12.25
1940-04-03,,12.4399995803833
1940-04-04,,12.520000457763672
1940-04-05,,12.479999542236328
1940-04-08,,12.59000015258789
1940-04-09,,12.460000038146973
1940-04-10,,12.350000381469727
1940-04-11,,12.390000343322754
1940-04-12,,12.319999694824219
1940-04-15,,12.319999694824219
1940-04-16,,12.149999618530273
1940-04-17,,12.15999984741211
1940-04-18,,12.039999961853027
1940-04-19,,12.039999961853027
1940-04-22,,12.140000343322754
1940-04-23,,12.229999542236328
1940-04-24,,12.180000305175781
1940-04-25,,12.1899995803833
1940-04-26,,12.079999923706055
1940-04-29,,12.119999885559082
1940-04-30,,12.1899995803833
1940-05-01,,12.029999732971191
1940-05-02,,12.100000381469727
1940-05-03,,12.119999885559082
1940-05-06,,12.0600004196167
1940-05-07,,12.09000015258789
1940-05-08,,12.109999656677246
1940-05-09,,12.119999885559082
1940-05-10,,11.760000228881836
1940-05-13,,11.109999656677246
1940-05-14,,10.279999732971191
1940-05-15,,10.380000114440918
1940-05-16,,10.479999542236328
1940-05-17,,9.949999809265137
1940-05-20,,9.789999961853027
1940-05-21,,9.140000343322754
1940-05-22,,9.180000305175781
1940-05-23,,9.199999809265137
1940-05-24,,9.15999984741211
1940-05-27,,9.380000114440918
1940-05-28,,9.1899995803833
1940-05-29,,9.25
1940-05-31,,9.270000457763672
1940-06-03,,9.109999656677246
1940-06-04,,9.229999542236328
1940-06-05,,9.09000015258789
1940-06-06,,9.220000267028809
1940-06-07,,9.34000015258789
1940-06-10,,8.989999771118164
1940-06-11,,9.420000076293945
1940-06-12,,9.890000343322754
1940-06-13,,9.699999809265137
1940-06-14,,9.9399995803833
1940-06-17,,9.979999542236328
1940-06-18,,10.010000228881836
1940-06-19,,10.029999732971191
1940-06-20,,9.90999984741211
1940-06-21,,9.90999984741211
1940-06-24,,10.100000381469727
1940-06-25,,9.8100004196167
1940-06-26,,9.75
1940-06-27,,9.850000381469727
1940-06-28,,9.979999542236328
1940-07-01,,9.869999885559082
1940-07-02,,9.850000381469727
1940-07-03,,9.880000114440918
1940-07-05,,9.9399995803833
1940-07-08,,9.9399995803833
1940-07-09,,9.9399995803833
1940-07-10,,9.970000267028809
1940-07-11,,9.970000267028809
1940-07-12,,9.949999809265137
1940-07-15,,9.979999542236328
1940-07-16,,10.09000015258789
1940-07-17,,10.0600004196167
1940-07-18,,10.069999694824219
1940-07-19,,9.970000267028809
1940-07-22,,9.970000267028809
1940-07-23,,9.979999542236328
1940-07-24,,9.890000343322754
1940-07-25,,9.920000076293945
1940-07-26,,9.970000267028809
1940-07-29,,10.079999923706055
1940-07-30,,10.329999923706055
1940-07-31,,10.289999961853027
1940-08-01,,10.260000228881836
1940-08-02,,10.25
1940-08-05,,10.279999732971191
1940-08-06,,10.170000076293945
1940-08-07,,10.170000076293945
1940-08-08,,10.170000076293945
1940-08-09,,10.270000457763672
1940-08-12,,10.380000114440918
1940-08-13,,10.0
1940-08-14,,9.90999984741211
1940-08-15,,10.0
1940-08-16,,9.84000015258789
1940-08-19,,9.90999984741211
1940-08-20,,10.029999732971191
1940-08-21,,10.210000038146973
1940-08-22,,10.319999694824219
1940-08-23,,10.1899995803833
1940-08-26,,10.229999542236328
1940-08-27,,10.229999542236328
1940-08-28,,10.369999885559082
1940-08-29,,10.319999694824219
1940-08-30,,10.5
1940-09-03,,10.5600004196167
1940-09-04,,10.779999732971191
1940-09-05,,10.930000305175781
1940-09-06,,10.850000381469727
1940-09-09,,10.520000457763672
1940-09-10,,10.529999732971191
1940-09-11,,10.449999809265137
1940-09-12,,10.300000190734863
1940-09-13,,10.3100004196167
1940-09-16,,10.460000038146973
1940-09-17,,10.539999961853027
1940-09-18,,10.619999885559082
1940-09-19,,10.59000015258789
1940-09-20,,10.59000015258789
1940-09-23,,10.899999618530273
1940-09-24,,10.859999656677246
1940-09-25,,10.84000015258789
1940-09-26,,10.770000457763672
1940-09-27,,10.579999923706055
1940-09-30,,10.65999984741211
1940-10-01,,10.8100004196167
1940-10-02,,10.859999656677246
1940-10-03,,10.869999885559082
1940-10-04,,10.779999732971191
1940-10-07,,10.720000267028809
1940-10-08,,10.539999961853027
1940-10-09,,10.479999542236328
1940-10-10,,10.470000267028809
1940-10-11,,10.579999923706055
1940-10-14,,10.529999732971191
1940-10-15,,10.640000343322754
1940-10-16,,10.680000305175781
1940-10-17,,10.729999542236328
1940-10-18,,10.720000267028809
1940-10-21,,10.649999618530273
1940-10-22,,10.699999809265137
1940-10-23,,10.800000190734863
1940-10-24,,10.729999542236328
1940-10-25,,10.729999542236328
1940-10-28,,10.8100004196167
1940-10-29,,10.829999923706055
1940-10-30,,10.920000076293945
1940-10-31,,11.079999923706055
1940-11-01,,11.079999923706055
1940-11-04,,11.15999984741211
1940-11-06,,10.789999961853027
1940-11-07,,11.390000343322754
1940-11-08,,11.229999542236328
1940-11-12,,11.359999656677246
1940-11-13,,11.260000228881836
1940-11-14,,11.289999961853027
1940-11-15,,11.170000076293945
1940-11-18,,11.039999961853027
1940-11-19,,11.050000190734863
1940-11-20,,10.789999961853027
1940-11-22,,10.789999961853027
1940-11-25,,10.789999961853027
1940-11-26,,10.760000228881836
1940-11-27,,10.5600004196167
1940-11-28,,10.5600004196167
1940-11-29,,10.569999694824219
1940-12-02,,10.619999885559082
1940-12-03,,10.579999923706055
1940-12-04,,10.579999923706055
1940-12-05,,10.510000228881836
1940-12-06,,10.529999732971191
1940-12-09,,10.609999656677246
1940-12-10,,10.609999656677246
1940-12-11,,10.630000114440918
1940-12-12,,10.670000076293945
1940-12-13,,10.6899995803833
1940-12-16,,10.579999923706055
1940-12-17,,10.539999961853027
1940-12-18,,10.4399995803833
1940-12-19,,10.399999618530273
1940-12-20,,10.40999984741211
1940-12-23,,10.380000114440918
1940-12-24,,10.399999618530273
1940-12-26,,10.390000343322754
1940-12-27,,10.4399995803833
1940-12-30,,10.569999694824219
1940-12-31,,10.579999923706055
1941-01-02,,10.479999542236328
1941-01-03,,10.720000267028809
1941-01-06,,10.739999771118164
1941-01-07,,10.75
1941-01-08,,10.770000457763672
1941-01-09,,10.829999923706055
1941-01-10,,10.859999656677246
1941-01-13,,10.819999694824219
1941-01-14,,10.760000228881836
1941-01-15,,10.670000076293945
1941-01-16,,10.539999961853027
1941-01-17,,10.520000457763672
1941-01-20,,10.470000267028809
1941-01-21,,10.369999885559082
1941-01-22,,10.430000305175781
1941-01-23,,10.420000076293945
1941-01-24,,10.449999809265137
1941-01-27,,10.489999771118164
1941-01-28,,10.430000305175781
1941-01-29,,10.220000267028809
1941-01-30,,10.039999961853027
1941-01-31,,10.069999694824219
1941-02-03,,9.960000038146973
1941-02-04,,9.970000267028809
1941-02-05,,10.149999618530273
1941-02-06,,10.1899995803833
1941-02-07,,10.15999984741211
1941-02-10,,10.149999618530273
1941-02-11,,9.979999542236328
1941-02-13,,9.84000015258789
1941-02-14,,9.529999732971191
1941-02-17,,9.649999618530273
1941-02-18,,9.630000114440918
1941-02-19,,9.550000190734863
1941-02-20,,9.720000267028809
1941-02-21,,9.760000228881836
1941-02-24,,9.84000015258789
1941-02-25,,9.930000305175781
1941-02-26,,9.949999809265137
1941-02-27,,9.880000114440918
1941-02-28,,9.920000076293945
1941-03-03,,9.770000457763672
1941-03-04,,9.819999694824219
1941-03-05,,9.760000228881836
1941-03-06,,9.949999809265137
1941-03-07,,9.899999618530273
1941-03-10,,10.100000381469727
1941-03-11,,10.020000457763672
1941-03-12,,10.020000457763672
1941-03-13,,9.970000267028809
1941-03-14,,9.979999542236328
1941-03-17,,10.029999732971191
1941-03-18,,10.069999694824219
1941-03-19,,10.010000228881836
1941-03-20,,10.020000457763672
1941-03-21,,9.930000305175781
1941-03-24,,9.920000076293945
1941-03-25,,9.960000038146973
1941-03-26,,9.930000305175781
1941-03-27,,10.010000228881836
1941-03-28,,9.9399995803833
1941-03-31,,9.960000038146973
1941-04-01,,9.970000267028809
1941-04-02,,10.010000228881836
1941-04-03,,10.15999984741211
1941-04-04,,10.140000343322754
1941-04-07,,10.050000190734863
1941-04-08,,9.84000015258789
1941-04-09,,9.699999809265137
1941-04-10,,9.6899995803833
1941-04-14,,9.619999885559082
1941-04-15,,9.59000015258789
1941-04-16,,9.59000015258789
1941-04-17,,9.539999961853027
1941-04-18,,9.399999618530273
1941-04-21,,9.369999885559082
1941-04-22,,9.319999694824219
1941-04-23,,9.430000305175781
1941-04-24,,9.470000267028809
1941-04-25,,9.399999618530273
1941-04-28,,9.420000076293945
1941-04-29,,9.4399995803833
1941-04-30,,9.3100004196167
1941-05-01,,9.300000190734863
1941-05-02,,9.329999923706055
1941-05-05,,9.34000015258789
1941-05-06,,9.5
1941-05-07,,9.470000267028809
1941-05-08,,9.449999809265137
1941-05-09,,9.449999809265137
1941-05-12,,9.5600004196167
1941-05-13,,9.5600004196167
1941-05-14,,9.489999771118164
1941-05-15,,9.329999923706055
1941-05-16,,9.350000381469727
1941-05-19,,9.399999618530273
1941-05-20,,9.5600004196167
1941-05-21,,9.550000190734863
1941-05-22,,9.4399995803833
1941-05-23,,9.4399995803833
1941-05-26,,9.329999923706055
1941-05-27,,9.390000343322754
1941-05-28,,9.390000343322754
1941-05-29,,9.380000114440918
1941-06-02,,9.359999656677246
1941-06-03,,9.470000267028809
1941-06-04,,9.460000038146973
1941-06-05,,9.5
1941-06-06,,9.489999771118164
1941-06-09,,9.65999984741211
1941-06-10,,9.819999694824219
1941-06-11,,9.819999694824219
1941-06-12,,9.869999885559082
1941-06-13,,9.850000381469727
1941-06-16,,9.8100004196167
1941-06-17,,9.890000343322754
1941-06-18,,9.899999618530273
1941-06-19,,9.880000114440918
1941-06-20,,9.760000228881836
1941-06-23,,9.949999809265137
1941-06-24,,9.880000114440918
1941-06-25,,9.899999618530273
1941-06-26,,9.9399995803833
1941-06-27,,9.890000343322754
1941-06-30,,9.850000381469727
1941-07-01,,9.819999694824219
1941-07-02,,9.890000343322754
1941-07-03,,9.90999984741211
1941-07-07,,10.09000015258789
1941-07-08,,10.279999732971191
1941-07-09,,10.279999732971191
1941-07-10,,10.3100004196167
1941-07-11,,10.279999732971191
1941-07-14,,10.300000190734863
1941-07-15,,10.329999923706055
1941-07-16,,10.279999732971191
1941-07-17,,10.210000038146973
1941-07-18,,10.25
1941-07-21,,10.460000038146973
1941-07-22,,10.449999809265137
1941-07-23,,10.420000076293945
1941-07-24,,10.359999656677246
1941-07-25,,10.34000015258789
1941-07-28,,10.470000267028809
1941-07-29,,10.449999809265137
1941-07-30,,10.399999618530273
1941-07-31,,10.390000343322754
1941-08-01,,10.34000015258789
1941-08-04,,10.359999656677246
1941-08-05,,10.359999656677246
1941-08-06,,10.359999656677246
1941-08-07,,10.34000015258789
1941-08-08,,10.229999542236328
1941-08-11,,10.140000343322754
1941-08-12,,10.140000343322754
1941-08-13,,10.09000015258789
1941-08-14,,10.130000114440918
1941-08-15,,10.029999732971191
1941-08-18,,10.130000114440918
1941-08-19,,10.140000343322754
1941-08-20,,10.180000305175781
1941-08-21,,10.170000076293945
1941-08-22,,10.149999618530273
1941-08-25,,10.170000076293945
1941-08-26,,10.25
1941-08-27,,10.260000228881836
1941-08-28,,10.289999961853027
1941-08-29,,10.279999732971191
1941-09-02,,10.34000015258789
1941-09-03,,10.270000457763672
1941-09-04,,10.239999771118164
1941-09-05,,10.210000038146973
1941-09-08,,10.229999542236328
1941-09-09,,10.199999809265137
1941-09-10,,10.119999885559082
1941-09-11,,10.229999542236328
1941-09-12,,10.229999542236328
1941-09-15,,10.239999771118164
1941-09-16,,10.289999961853027
1941-09-17,,10.470000267028809
1941-09-18,,10.390000343322754
1941-09-19,,10.289999961853027
1941-09-22,,10.279999732971191
1941-09-23,,10.319999694824219
1941-09-24,,10.25
1941-09-25,,10.119999885559082
1941-09-26,,10.09000015258789
1941-09-29,,10.130000114440918
1941-09-30,,10.199999809265137
1941-10-01,,10.170000076293945
1941-10-02,,10.140000343322754
1941-10-03,,10.130000114440918
1941-10-06,,10.119999885559082
1941-10-07,,10.0
1941-10-08,,9.979999542236328
1941-10-09,,9.84000015258789
1941-10-10,,9.84000015258789
1941-10-14,,9.779999732971191
1941-10-15,,9.720000267028809
1941-10-16,,9.579999923706055
1941-10-17,,9.619999885559082
1941-10-20,,9.710000038146973
1941-10-21,,9.800000190734863
1941-10-22,,9.760000228881836
1941-10-23,,9.770000457763672
1941-10-24,,9.819999694824219
1941-10-27,,9.65999984741211
1941-10-28,,9.649999618530273
1941-10-29,,9.619999885559082
1941-10-30,,9.619999885559082
1941-10-31,,9.5
1941-11-03,,9.59000015258789
1941-11-05,,9.65999984741211
1941-11-06,,9.579999923706055
1941-11-07,,9.550000190734863
1941-11-10,,9.479999542236328
1941-11-12,,9.260000228881836
1941-11-13,,9.210000038146973
1941-11-14,,9.300000190734863
1941-11-17,,9.279999732971191
1941-11-18,,9.260000228881836
1941-11-19,,9.34000015258789
1941-11-21,,9.380000114440918
1941-11-24,,9.399999618530273
1941-11-25,,9.350000381469727
1941-11-26,,9.270000457763672
1941-11-27,,9.210000038146973
1941-11-28,,9.119999885559082
1941-12-01,,9.069999694824219
1941-12-02,,9.260000228881836
1941-12-03,,9.359999656677246
1941-12-04,,9.380000114440918
1941-12-05,,9.319999694824219
1941-12-08,,8.970000267028809
1941-12-09,,8.680000305175781
1941-12-10,,8.680000305175781
1941-12-11,,8.819999694824219
1941-12-12,,8.729999542236328
1941-12-15,,8.729999542236328
1941-12-16,,8.710000038146973
1941-12-17,,8.569999694824219
1941-12-18,,8.489999771118164
1941-12-19,,8.489999771118164
1941-12-22,,8.399999618530273
1941-12-23,,8.380000114440918
1941-12-24,,8.390000343322754
1941-12-26,,8.420000076293945
1941-12-29,,8.369999885559082
1941-12-30,,8.739999771118164
1941-12-31,,8.6899995803833
1942-01-02,,8.890000343322754
1942-01-05,,9.09000015258789
1942-01-06,,9.050000190734863
1942-01-07,,9.0
1942-01-08,,8.880000114440918
1942-01-09,,8.850000381469727
1942-01-12,,8.84000015258789
1942-01-13,,9.020000457763672
1942-01-14,,9.020000457763672
1942-01-15,,9.039999961853027
1942-01-16,,8.960000038146973
1942-01-19,,8.960000038146973
1942-01-20,,8.9399995803833
1942-01-21,,8.8100004196167
1942-01-22,,8.8100004196167
1942-01-23,,8.84000015258789
1942-01-26,,8.970000267028809
1942-01-27,,8.989999771118164
1942-01-28,,8.930000305175781
1942-01-29,,8.90999984741211
1942-01-30,,8.850000381469727
1942-02-02,,8.84000015258789
1942-02-03,,8.899999618530273
1942-02-04,,8.970000267028809
1942-02-05,,8.949999809265137
1942-02-06,,8.850000381469727
1942-02-09,,8.739999771118164
1942-02-10,,8.619999885559082
1942-02-11,,8.600000381469727
1942-02-13,,8.619999885559082
1942-02-16,,8.649999618530273
1942-02-17,,8.489999771118164
1942-02-18,,8.479999542236328
1942-02-19,,8.5
1942-02-20,,8.470000267028809
1942-02-24,,8.520000457763672
1942-02-25,,8.460000038146973
1942-02-26,,8.520000457763672
1942-02-27,,8.59000015258789
1942-03-02,,8.470000267028809
1942-03-03,,8.600000381469727
1942-03-04,,8.510000228881836
1942-03-05,,8.380000114440918
1942-03-06,,8.15999984741211
1942-03-09,,8.199999809265137
1942-03-10,,8.140000343322754
1942-03-11,,7.980000019073486
1942-03-12,,7.980000019073486
1942-03-13,,8.029999732971191
1942-03-16,,8.119999885559082
1942-03-17,,8.289999961853027
1942-03-18,,8.210000038146973
1942-03-19,,8.199999809265137
1942-03-20,,8.109999656677246
1942-03-23,,8.149999618530273
1942-03-24,,8.220000267028809
1942-03-25,,8.15999984741211
1942-03-26,,8.130000114440918
1942-03-27,,8.050000190734863
1942-03-30,,8.0600004196167
1942-03-31,,8.010000228881836
1942-04-01,,8.050000190734863
1942-04-02,,8.109999656677246
1942-04-06,,8.199999809265137
1942-04-07,,8.15999984741211
1942-04-08,,8.119999885559082
1942-04-09,,7.989999771118164
1942-04-10,,7.980000019073486
1942-04-13,,7.960000038146973
1942-04-14,,7.829999923706055
1942-04-15,,7.809999942779541
1942-04-16,,7.820000171661377
1942-04-17,,7.699999809265137
1942-04-20,,7.789999961853027
1942-04-21,,7.809999942779541
1942-04-22,,7.789999961853027
1942-04-23,,7.590000152587891
1942-04-24,,7.550000190734863
1942-04-27,,7.539999961853027
1942-04-28,,7.46999979019165
1942-04-29,,7.610000133514404
1942-04-30,,7.659999847412109
1942-05-01,,7.710000038146973
1942-05-04,,7.769999980926514
1942-05-05,,7.800000190734863
1942-05-06,,7.789999961853027
1942-05-07,,7.889999866485596
1942-05-08,,7.889999866485596
1942-05-11,,8.0
1942-05-12,,7.940000057220459
1942-05-13,,7.809999942779541
1942-05-14,,7.789999961853027
1942-05-15,,7.880000114440918
1942-05-18,,7.940000057220459
1942-05-19,,7.909999847412109
1942-05-20,,7.889999866485596
1942-05-21,,8.020000457763672
1942-05-22,,8.010000228881836
1942-05-25,,7.980000019073486
1942-05-26,,8.0
1942-05-27,,8.15999984741211
1942-05-28,,8.180000305175781
1942-05-29,,8.149999618530273
1942-06-01,,8.1899995803833
1942-06-02,,8.180000305175781
1942-06-03,,8.239999771118164
1942-06-04,,8.350000381469727
1942-06-05,,8.369999885559082
1942-06-08,,8.470000267028809
1942-06-09,,8.390000343322754
1942-06-10,,8.34000015258789
1942-06-11,,8.369999885559082
1942-06-12,,8.319999694824219
1942-06-15,,8.380000114440918
1942-06-16,,8.390000343322754
1942-06-17,,8.529999732971191
1942-06-18,,8.489999771118164
1942-06-19,,8.399999618530273
1942-06-22,,8.25
1942-06-23,,8.25
1942-06-24,,8.210000038146973
1942-06-25,,8.220000267028809
1942-06-26,,8.229999542236328
1942-06-29,,8.279999732971191
1942-06-30,,8.300000190734863
1942-07-01,,8.229999542236328
1942-07-02,,8.359999656677246
1942-07-03,,8.4399995803833
1942-07-06,,8.529999732971191
1942-07-07,,8.510000228881836
1942-07-08,,8.720000267028809
1942-07-09,,8.8100004196167
1942-07-10,,8.800000190734863
1942-07-13,,8.729999542236328
1942-07-14,,8.819999694824219
1942-07-15,,8.829999923706055
1942-07-16,,8.819999694824219
1942-07-17,,8.720000267028809
1942-07-20,,8.75
1942-07-21,,8.770000457763672
1942-07-22,,8.739999771118164
1942-07-23,,8.619999885559082
1942-07-24,,8.630000114440918
1942-07-27,,8.630000114440918
1942-07-28,,8.619999885559082
1942-07-29,,8.479999542236328
1942-07-30,,8.5
1942-07-31,,8.5600004196167
1942-08-03,,8.569999694824219
1942-08-04,,8.550000190734863
1942-08-05,,8.470000267028809
1942-08-06,,8.460000038146973
1942-08-07,,8.489999771118164
1942-08-10,,8.479999542236328
1942-08-11,,8.510000228881836
1942-08-12,,8.510000228881836
1942-08-13,,8.539999961853027
1942-08-14,,8.579999923706055
1942-08-17,,8.649999618530273
1942-08-18,,8.729999542236328
1942-08-19,,8.720000267028809
1942-08-20,,8.6899995803833
1942-08-21,,8.710000038146973
1942-08-24,,8.729999542236328
1942-08-25,,8.649999618530273
1942-08-26,,8.539999961853027
1942-08-27,,8.59000015258789
1942-08-28,,8.609999656677246
1942-08-31,,8.619999885559082
1942-09-01,,8.619999885559082
1942-09-02,,8.630000114440918
1942-09-03,,8.619999885559082
1942-09-04,,8.609999656677246
1942-09-08,,8.680000305175781
1942-09-09,,8.640000343322754
1942-09-10,,8.579999923706055
1942-09-11,,8.539999961853027
1942-09-14,,8.550000190734863
1942-09-15,,8.59000015258789
1942-09-16,,8.600000381469727
1942-09-17,,8.59000015258789
1942-09-18,,8.65999984741211
1942-09-21,,8.649999618530273
1942-09-22,,8.680000305175781
1942-09-23,,8.75
1942-09-24,,8.859999656677246
1942-09-25,,8.899999618530273
1942-09-28,,8.890000343322754
1942-09-29,,8.850000381469727
1942-09-30,,8.850000381469727
1942-10-01,,8.920000076293945
1942-10-02,,9.050000190734863
1942-10-05,,9.130000114440918
1942-10-06,,9.130000114440918
1942-10-07,,9.170000076293945
1942-10-08,,9.300000190734863
1942-10-09,,9.34000015258789
1942-10-13,,9.449999809265137
1942-10-14,,9.430000305175781
1942-10-15,,9.3100004196167
1942-10-16,,9.350000381469727
1942-10-19,,9.350000381469727
1942-10-20,,9.470000267028809
1942-10-21,,9.460000038146973
1942-10-22,,9.460000038146973
1942-10-23,,9.430000305175781
1942-10-26,,9.479999542236328
1942-10-27,,9.390000343322754
1942-10-28,,9.3100004196167
1942-10-29,,9.300000190734863
1942-10-30,,9.359999656677246
1942-11-02,,9.479999542236328
1942-11-04,,9.4399995803833
1942-11-05,,9.460000038146973
1942-11-06,,9.579999923706055
1942-11-09,,9.6899995803833
1942-11-10,,9.609999656677246
1942-11-12,,9.630000114440918
1942-11-13,,9.569999694824219
1942-11-16,,9.479999542236328
1942-11-17,,9.359999656677246
1942-11-18,,9.399999618530273
1942-11-19,,9.390000343322754
1942-11-20,,9.479999542236328
1942-11-23,,9.369999885559082
1942-11-24,,9.350000381469727
1942-11-25,,9.3100004196167
1942-11-27,,9.34000015258789
1942-11-30,,9.289999961853027
1942-12-01,,9.279999732971191
1942-12-02,,9.3100004196167
1942-12-03,,9.34000015258789
1942-12-04,,9.34000015258789
1942-12-07,,9.300000190734863
1942-12-08,,9.359999656677246
1942-12-09,,9.359999656677246
1942-12-10,,9.369999885559082
1942-12-11,,9.369999885559082
1942-12-14,,9.420000076293945
1942-12-15,,9.4399995803833
1942-12-16,,9.520000457763672
1942-12-17,,9.6899995803833
1942-12-18,,9.680000305175781
1942-12-21,,9.680000305175781
1942-12-22,,9.670000076293945
1942-12-23,,9.699999809265137
1942-12-24,,9.739999771118164
1942-12-28,,9.649999618530273
1942-12-29,,9.649999618530273
1942-12-30,,9.760000228881836
1942-12-31,,9.770000457763672
1943-01-04,,9.920000076293945
1943-01-05,,9.899999618530273
1943-01-06,,9.890000343322754
1943-01-07,,9.90999984741211
1943-01-08,,9.920000076293945
1943-01-11,,9.960000038146973
1943-01-12,,9.930000305175781
1943-01-13,,9.949999809265137
1943-01-14,,10.010000228881836
1943-01-15,,10.09000015258789
1943-01-18,,10.119999885559082
1943-01-19,,10.020000457763672
1943-01-20,,10.029999732971191
1943-01-21,,10.180000305175781
1943-01-22,,10.170000076293945
1943-01-25,,10.300000190734863
1943-01-26,,10.350000381469727
1943-01-27,,10.34000015258789
1943-01-28,,10.350000381469727
1943-01-29,,10.4399995803833
1943-02-01,,10.520000457763672
1943-02-02,,10.520000457763672
1943-02-03,,10.4399995803833
1943-02-04,,10.430000305175781
1943-02-05,,10.510000228881836
1943-02-08,,10.5
1943-02-09,,10.579999923706055
1943-02-10,,10.649999618530273
1943-02-11,,10.670000076293945
1943-02-15,,10.8100004196167
1943-02-16,,10.789999961853027
1943-02-17,,10.8100004196167
1943-02-18,,10.65999984741211
1943-02-19,,10.640000343322754
1943-02-23,,10.84000015258789
1943-02-24,,10.899999618530273
1943-02-25,,10.970000267028809
1943-02-26,,10.970000267028809
1943-03-01,,10.920000076293945
1943-03-02,,10.84000015258789
1943-03-03,,10.979999542236328
1943-03-04,,11.0
1943-03-05,,11.050000190734863
1943-03-08,,11.010000228881836
1943-03-09,,10.949999809265137
1943-03-10,,10.899999618530273
1943-03-11,,11.010000228881836
1943-03-12,,11.050000190734863
1943-03-15,,11.039999961853027
1943-03-16,,11.010000228881836
1943-03-17,,10.930000305175781
1943-03-18,,10.90999984741211
1943-03-19,,10.880000114440918
1943-03-22,,10.920000076293945
1943-03-23,,10.949999809265137
1943-03-24,,10.979999542236328
1943-03-25,,11.210000038146973
1943-03-26,,11.300000190734863
1943-03-29,,11.489999771118164
1943-03-30,,11.59000015258789
1943-03-31,,11.579999923706055
1943-04-01,,11.59000015258789
1943-04-02,,11.5600004196167
1943-04-05,,11.59000015258789
1943-04-06,,11.760000228881836
1943-04-07,,11.699999809265137
1943-04-08,,11.600000381469727
1943-04-09,,11.140000343322754
1943-04-12,,11.149999618530273
1943-04-13,,11.140000343322754
1943-04-14,,11.279999732971191
1943-04-15,,11.359999656677246
1943-04-16,,11.329999923706055
1943-04-19,,11.380000114440918
1943-04-20,,11.34000015258789
1943-04-21,,11.449999809265137
1943-04-22,,11.479999542236328
1943-04-26,,11.479999542236328
1943-04-27,,11.479999542236328
1943-04-28,,11.479999542236328
1943-04-29,,11.59000015258789
1943-04-30,,11.59000015258789
1943-05-03,,11.819999694824219
1943-05-04,,11.859999656677246
1943-05-05,,11.930000305175781
1943-05-06,,11.970000267028809
1943-05-07,,11.8100004196167
1943-05-10,,11.970000267028809
1943-05-11,,11.930000305175781
1943-05-12,,11.880000114440918
1943-05-13,,11.920000076293945
1943-05-14,,11.699999809265137
1943-05-17,,11.720000267028809
1943-05-18,,11.8100004196167
1943-05-19,,11.930000305175781
1943-05-20,,11.899999618530273
1943-05-21,,11.899999618530273
1943-05-24,,11.869999885559082
1943-05-25,,11.899999618530273
1943-05-26,,11.989999771118164
1943-05-27,,12.020000457763672
1943-05-28,,12.050000190734863
1943-06-01,,12.180000305175781
1943-06-02,,12.1899995803833
1943-06-03,,12.239999771118164
1943-06-04,,12.180000305175781
1943-06-07,,12.149999618530273
1943-06-08,,12.079999923706055
1943-06-09,,12.119999885559082
1943-06-10,,12.140000343322754
1943-06-11,,12.079999923706055
1943-06-14,,11.880000114440918
1943-06-15,,11.930000305175781
1943-06-16,,11.949999809265137
1943-06-17,,11.970000267028809
1943-06-18,,11.960000038146973
1943-06-21,,11.899999618530273
1943-06-22,,11.920000076293945
1943-06-23,,11.890000343322754
1943-06-24,,11.949999809265137
1943-06-25,,12.210000038146973
1943-06-28,,12.319999694824219
1943-06-29,,12.279999732971191
1943-06-30,,12.350000381469727
1943-07-01,,12.359999656677246
1943-07-02,,12.350000381469727
1943-07-06,,12.369999885559082
1943-07-07,,12.350000381469727
1943-07-08,,12.359999656677246
1943-07-09,,12.40999984741211
1943-07-12,,12.489999771118164
1943-07-13,,12.569999694824219
1943-07-14,,12.640000343322754
1943-07-15,,12.569999694824219
1943-07-16,,12.539999961853027
1943-07-19,,12.550000190734863
1943-07-20,,12.470000267028809
1943-07-21,,12.5
1943-07-22,,12.5
1943-07-23,,12.510000228881836
1943-07-26,,12.3100004196167
1943-07-27,,11.920000076293945
1943-07-28,,11.880000114440918
1943-07-29,,12.079999923706055
1943-07-30,,11.850000381469727
1943-08-02,,11.470000267028809
1943-08-03,,11.720000267028809
1943-08-04,,11.789999961853027
1943-08-05,,11.75
1943-08-06,,11.630000114440918
1943-08-09,,11.600000381469727
1943-08-10,,11.710000038146973
1943-08-11,,11.800000190734863
1943-08-12,,11.729999542236328
1943-08-13,,11.84000015258789
1943-08-16,,11.8100004196167
1943-08-17,,11.880000114440918
1943-08-18,,11.920000076293945
1943-08-19,,11.90999984741211
1943-08-20,,11.8100004196167
1943-08-23,,11.600000381469727
1943-08-24,,11.6899995803833
1943-08-25,,11.710000038146973
1943-08-26,,11.75
1943-08-27,,11.670000076293945
1943-08-30,,11.670000076293945
1943-08-31,,11.800000190734863
1943-09-01,,11.84000015258789
1943-09-02,,11.84000015258789
1943-09-03,,11.819999694824219
1943-09-07,,11.850000381469727
1943-09-08,,11.779999732971191
1943-09-09,,11.90999984741211
1943-09-10,,11.930000305175781
1943-09-13,,11.90999984741211
1943-09-14,,11.890000343322754
1943-09-15,,11.90999984741211
1943-09-16,,11.979999542236328
1943-09-17,,12.100000381469727
1943-09-20,,12.229999542236328
1943-09-21,,12.239999771118164
1943-09-22,,12.210000038146973
1943-09-23,,12.100000381469727
1943-09-24,,12.100000381469727
1943-09-27,,12.0
1943-09-28,,11.979999542236328
1943-09-29,,12.010000228881836
1943-09-30,,12.079999923706055
1943-10-01,,12.09000015258789
1943-10-04,,12.020000457763672
1943-10-05,,11.970000267028809
1943-10-06,,11.829999923706055
1943-10-07,,11.670000076293945
1943-10-08,,11.720000267028809
1943-10-11,,11.699999809265137
1943-10-13,,11.699999809265137
1943-10-14,,11.75
1943-10-15,,11.829999923706055
1943-10-18,,11.850000381469727
1943-10-19,,11.90999984741211
1943-10-20,,11.949999809265137
1943-10-21,,11.84000015258789
1943-10-22,,11.890000343322754
1943-10-25,,11.880000114440918
1943-10-26,,11.920000076293945
1943-10-27,,11.989999771118164
1943-10-28,,11.960000038146973
1943-10-29,,11.90999984741211
1943-11-01,,11.920000076293945
1943-11-03,,11.779999732971191
1943-11-04,,11.680000305175781
1943-11-05,,11.59000015258789
1943-11-08,,11.260000228881836
1943-11-09,,11.300000190734863
1943-11-10,,11.40999984741211
1943-11-12,,11.289999961853027
1943-11-15,,11.25
1943-11-16,,11.199999809265137
1943-11-17,,11.130000114440918
1943-11-18,,11.15999984741211
1943-11-19,,11.300000190734863
1943-11-22,,11.34000015258789
1943-11-23,,11.300000190734863
1943-11-24,,11.239999771118164
1943-11-26,,11.149999618530273
1943-11-29,,10.989999771118164
1943-11-30,,11.020000457763672
1943-12-01,,11.130000114440918
1943-12-02,,11.220000267028809
1943-12-03,,11.229999542236328
1943-12-06,,11.279999732971191
1943-12-07,,11.380000114440918
1943-12-08,,11.5
1943-12-09,,11.430000305175781
1943-12-10,,11.489999771118164
1943-12-13,,11.479999542236328
1943-12-14,,11.449999809265137
1943-12-15,,11.4399995803833
1943-12-16,,11.5
1943-12-17,,11.5600004196167
1943-12-20,,11.640000343322754
1943-12-21,,11.609999656677246
1943-12-22,,11.600000381469727
1943-12-23,,11.59000015258789
1943-12-24,,11.609999656677246
1943-12-27,,11.59000015258789
1943-12-28,,11.479999542236328
1943-12-29,,11.479999542236328
1943-12-30,,11.6899995803833
1943-12-31,,11.670000076293945
1944-01-03,,11.65999984741211
1944-01-04,,11.8100004196167
1944-01-05,,11.9399995803833
1944-01-06,,11.890000343322754
1944-01-07,,11.869999885559082
1944-01-10,,11.850000381469727
1944-01-11,,11.920000076293945
1944-01-12,,11.84000015258789
1944-01-13,,11.8100004196167
1944-01-14,,11.859999656677246
1944-01-17,,11.899999618530273
1944-01-18,,11.869999885559082
1944-01-19,,11.880000114440918
1944-01-20,,11.880000114440918
1944-01-21,,11.899999618530273
1944-01-24,,11.890000343322754
1944-01-25,,11.880000114440918
1944-01-26,,11.760000228881836
1944-01-27,,11.739999771118164
1944-01-28,,11.8100004196167
1944-01-31,,11.850000381469727
1944-02-01,,11.829999923706055
1944-02-02,,11.800000190734863
1944-02-03,,11.699999809265137
1944-02-04,,11.600000381469727
1944-02-07,,11.5600004196167
1944-02-08,,11.670000076293945
1944-02-09,,11.670000076293945
1944-02-10,,11.75
1944-02-11,,11.739999771118164
1944-02-14,,11.739999771118164
1944-02-15,,11.819999694824219
1944-02-16,,11.789999961853027
1944-02-17,,11.869999885559082
1944-02-18,,11.779999732971191
1944-02-21,,11.760000228881836
1944-02-23,,11.859999656677246
1944-02-24,,11.880000114440918
1944-02-25,,11.800000190734863
1944-02-28,,11.890000343322754
1944-02-29,,11.819999694824219
1944-03-01,,11.869999885559082
1944-03-02,,11.880000114440918
1944-03-03,,11.899999618530273
1944-03-06,,11.930000305175781
1944-03-07,,12.010000228881836
1944-03-08,,12.109999656677246
1944-03-09,,12.079999923706055
1944-03-10,,12.100000381469727
1944-03-13,,12.239999771118164
1944-03-14,,12.220000267028809
1944-03-15,,12.279999732971191
1944-03-16,,12.289999961853027
1944-03-17,,12.3100004196167
1944-03-20,,12.199999809265137
1944-03-21,,12.25
1944-03-22,,12.229999542236328
1944-03-23,,12.100000381469727
1944-03-24,,12.130000114440918
1944-03-27,,12.100000381469727
1944-03-28,,11.979999542236328
1944-03-29,,11.949999809265137
1944-03-30,,12.029999732971191
1944-03-31,,12.020000457763672
1944-04-03,,11.960000038146973
1944-04-04,,11.970000267028809
1944-04-05,,11.979999542236328
1944-04-06,,12.039999961853027
1944-04-10,,12.0600004196167
1944-04-11,,12.0600004196167
1944-04-12,,11.979999542236328
1944-04-13,,11.949999809265137
1944-04-14,,11.949999809265137
1944-04-17,,11.9399995803833
1944-04-18,,11.729999542236328
1944-04-19,,11.6899995803833
1944-04-20,,11.779999732971191
1944-04-21,,11.800000190734863
1944-04-24,,11.670000076293945
1944-04-25,,11.6899995803833
1944-04-26,,11.760000228881836
1944-04-27,,11.8100004196167
1944-04-28,,11.869999885559082
1944-05-01,,11.960000038146973
1944-05-02,,11.949999809265137
1944-05-03,,12.029999732971191
1944-05-04,,12.010000228881836
1944-05-05,,12.079999923706055
1944-05-08,,12.09000015258789
1944-05-09,,12.079999923706055
1944-05-10,,12.079999923706055
1944-05-11,,12.09000015258789
1944-05-12,,12.0
1944-05-15,,11.989999771118164
1944-05-16,,12.0
1944-05-17,,12.079999923706055
1944-05-18,,12.100000381469727
1944-05-19,,12.119999885559082
1944-05-22,,12.130000114440918
1944-05-23,,12.170000076293945
1944-05-24,,12.220000267028809
1944-05-25,,12.199999809265137
1944-05-26,,12.220000267028809
1944-05-29,,12.270000457763672
1944-05-31,,12.350000381469727
1944-06-01,,12.3100004196167
1944-06-02,,12.300000190734863
1944-06-05,,12.229999542236328
1944-06-06,,12.3100004196167
1944-06-07,,12.300000190734863
1944-06-08,,12.25
1944-06-09,,12.270000457763672
1944-06-12,,12.550000190734863
1944-06-13,,12.640000343322754
1944-06-14,,12.65999984741211
1944-06-15,,12.729999542236328
1944-06-16,,12.819999694824219
1944-06-19,,12.949999809265137
1944-06-20,,12.970000267028809
1944-06-21,,12.9399995803833
1944-06-22,,12.920000076293945
1944-06-23,,12.899999618530273
1944-06-26,,12.979999542236328
1944-06-27,,13.020000457763672
1944-06-28,,12.949999809265137
1944-06-29,,12.9399995803833
1944-06-30,,12.979999542236328
1944-07-03,,13.109999656677246
1944-07-05,,13.180000305175781
1944-07-06,,13.130000114440918
1944-07-07,,13.15999984741211
1944-07-10,,13.270000457763672
1944-07-11,,13.25
1944-07-12,,13.270000457763672
1944-07-13,,13.220000267028809
1944-07-14,,13.229999542236328
1944-07-17,,13.100000381469727
1944-07-18,,12.979999542236328
1944-07-19,,13.069999694824219
1944-07-20,,12.960000038146973
1944-07-21,,12.779999732971191
1944-07-24,,12.699999809265137
1944-07-25,,12.800000190734863
1944-07-26,,12.770000457763672
1944-07-27,,12.770000457763672
1944-07-28,,12.699999809265137
1944-07-31,,12.710000038146973
1944-08-01,,12.779999732971191
1944-08-02,,12.8100004196167
1944-08-03,,12.729999542236328
1944-08-04,,12.609999656677246
1944-08-07,,12.670000076293945
1944-08-08,,12.619999885559082
1944-08-09,,12.680000305175781
1944-08-10,,12.779999732971191
1944-08-11,,12.829999923706055
1944-08-14,,12.850000381469727
1944-08-15,,12.84000015258789
1944-08-16,,12.899999618530273
1944-08-17,,12.979999542236328
1944-08-18,,13.039999961853027
1944-08-21,,12.979999542236328
1944-08-22,,12.890000343322754
1944-08-23,,12.90999984741211
1944-08-24,,12.829999923706055
1944-08-25,,12.800000190734863
1944-08-28,,12.800000190734863
1944-08-29,,12.84000015258789
1944-08-30,,12.869999885559082
1944-08-31,,12.819999694824219
1944-09-01,,12.859999656677246
1944-09-05,,12.779999732971191
1944-09-06,,12.470000267028809
1944-09-07,,12.430000305175781
1944-09-08,,12.40999984741211
1944-09-11,,12.479999542236328
1944-09-12,,12.539999961853027
1944-09-13,,12.420000076293945
1944-09-14,,12.350000381469727
1944-09-15,,12.449999809265137
1944-09-18,,12.529999732971191
1944-09-19,,12.640000343322754
1944-09-20,,12.65999984741211
1944-09-21,,12.619999885559082
1944-09-22,,12.649999618530273
1944-09-25,,12.760000228881836
1944-09-26,,12.729999542236328
1944-09-27,,12.729999542236328
1944-09-28,,12.6899995803833
1944-09-29,,12.739999771118164
1944-10-02,,12.800000190734863
1944-10-03,,12.800000190734863
1944-10-04,,12.869999885559082
1944-10-05,,12.949999809265137
1944-10-06,,12.970000267028809
1944-10-09,,12.890000343322754
1944-10-10,,12.930000305175781
1944-10-11,,13.010000228881836
1944-10-13,,13.020000457763672
1944-10-16,,12.949999809265137
1944-10-17,,13.0
1944-10-18,,13.069999694824219
1944-10-19,,13.039999961853027
1944-10-20,,13.020000457763672
1944-10-23,,12.800000190734863
1944-10-24,,12.829999923706055
1944-10-25,,12.829999923706055
1944-10-26,,12.729999542236328
1944-10-27,,12.75
1944-10-30,,12.760000228881836
1944-10-31,,12.779999732971191
1944-11-01,,12.829999923706055
1944-11-02,,12.899999618530273
1944-11-03,,12.890000343322754
1944-11-06,,12.960000038146973
1944-11-08,,12.9399995803833
1944-11-09,,12.970000267028809
1944-11-10,,12.979999542236328
1944-11-13,,12.869999885559082
1944-11-14,,12.710000038146973
1944-11-15,,12.680000305175781
1944-11-16,,12.6899995803833
1944-11-17,,12.670000076293945
1944-11-20,,12.720000267028809
1944-11-21,,12.8100004196167
1944-11-22,,12.819999694824219
1944-11-24,,12.75
1944-11-27,,12.789999961853027
1944-11-28,,12.779999732971191
1944-11-29,,12.850000381469727
1944-11-30,,12.829999923706055
1944-12-01,,12.800000190734863
1944-12-04,,12.90999984741211
1944-12-05,,12.960000038146973
1944-12-06,,12.960000038146973
1944-12-07,,12.989999771118164
1944-12-08,,13.09000015258789
1944-12-11,,13.170000076293945
1944-12-12,,13.140000343322754
1944-12-13,,13.100000381469727
1944-12-14,,13.140000343322754
1944-12-15,,13.270000457763672
1944-12-18,,13.1899995803833
1944-12-19,,13.229999542236328
1944-12-20,,13.140000343322754
1944-12-21,,13.109999656677246
1944-12-22,,13.119999885559082
1944-12-26,,13.029999732971191
1944-12-27,,12.970000267028809
1944-12-28,,13.100000381469727
1944-12-29,,13.279999732971191
1945-01-02,,13.329999923706055
1945-01-03,,13.470000267028809
1945-01-04,,13.489999771118164
1945-01-05,,13.460000038146973
1945-01-08,,13.579999923706055
1945-01-09,,13.59000015258789
1945-01-10,,13.6899995803833
1945-01-11,,13.680000305175781
1945-01-12,,13.640000343322754
1945-01-15,,13.550000190734863
1945-01-16,,13.539999961853027
1945-01-17,,13.630000114440918
1945-01-18,,13.569999694824219
1945-01-19,,13.4399995803833
1945-01-22,,13.300000190734863
1945-01-23,,13.210000038146973
1945-01-24,,13.25
1945-01-25,,13.329999923706055
1945-01-26,,13.460000038146973
1945-01-29,,13.539999961853027
1945-01-30,,13.460000038146973
1945-01-31,,13.470000267028809
1945-02-01,,13.5
1945-02-02,,13.600000381469727
1945-02-05,,13.699999809265137
1945-02-06,,13.729999542236328
1945-02-07,,13.760000228881836
1945-02-08,,13.760000228881836
1945-02-09,,13.680000305175781
1945-02-13,,13.899999618530273
1945-02-14,,13.970000267028809
1945-02-15,,14.069999694824219
1945-02-16,,14.050000190734863
1945-02-19,,14.15999984741211
1945-02-20,,14.210000038146973
1945-02-21,,14.1899995803833
1945-02-23,,14.15999984741211
1945-02-26,,14.09000015258789
1945-02-27,,14.199999809265137
1945-02-28,,14.300000190734863
1945-03-01,,14.319999694824219
1945-03-02,,14.229999542236328
1945-03-05,,14.300000190734863
1945-03-06,,14.369999885559082
1945-03-07,,14.380000114440918
1945-03-08,,14.119999885559082
1945-03-09,,13.819999694824219
1945-03-12,,13.989999771118164
1945-03-13,,13.989999771118164
1945-03-14,,14.010000228881836
1945-03-15,,14.069999694824219
1945-03-16,,14.09000015258789
1945-03-19,,14.010000228881836
1945-03-20,,13.819999694824219
1945-03-21,,13.6899995803833
1945-03-22,,13.680000305175781
1945-03-23,,13.739999771118164
1945-03-26,,13.390000343322754
1945-03-27,,13.470000267028809
1945-03-28,,13.579999923706055
1945-03-29,,13.609999656677246
1945-04-02,,13.770000457763672
1945-04-03,,13.789999961853027
1945-04-04,,13.770000457763672
1945-04-05,,13.670000076293945
1945-04-06,,13.770000457763672
1945-04-09,,13.8100004196167
1945-04-10,,13.859999656677246
1945-04-11,,14.0600004196167
1945-04-12,,14.050000190734863
1945-04-13,,14.199999809265137
1945-04-16,,14.489999771118164
1945-04-17,,14.510000228881836
1945-04-18,,14.649999618530273
1945-04-19,,14.510000228881836
1945-04-20,,14.489999771118164
1945-04-23,,14.630000114440918
1945-04-24,,14.699999809265137
1945-04-25,,14.670000076293945
1945-04-26,,14.640000343322754
1945-04-27,,14.699999809265137
1945-04-30,,14.84000015258789
1945-05-01,,14.789999961853027
1945-05-02,,14.770000457763672
1945-05-03,,14.869999885559082
1945-05-04,,14.920000076293945
1945-05-07,,14.930000305175781
1945-05-08,,14.960000038146973
1945-05-09,,14.8100004196167
1945-05-10,,14.619999885559082
1945-05-11,,14.619999885559082
1945-05-14,,14.630000114440918
1945-05-15,,14.680000305175781
1945-05-16,,14.6899995803833
1945-05-17,,14.770000457763672
1945-05-18,,14.869999885559082
1945-05-21,,14.819999694824219
1945-05-22,,14.8100004196167
1945-05-23,,14.699999809265137
1945-05-24,,14.699999809265137
1945-05-25,,14.789999961853027
1945-05-28,,15.029999732971191
1945-05-29,,15.109999656677246
1945-05-31,,15.010000228881836
1945-06-01,,15.029999732971191
1945-06-04,,15.050000190734863
1945-06-05,,15.029999732971191
1945-06-06,,14.960000038146973
1945-06-07,,14.970000267028809
1945-06-08,,14.930000305175781
1945-06-11,,14.890000343322754
1945-06-12,,14.920000076293945
1945-06-13,,14.989999771118164
1945-06-14,,15.050000190734863
1945-06-15,,15.100000381469727
1945-06-18,,15.09000015258789
1945-06-19,,15.109999656677246
1945-06-20,,15.180000305175781
1945-06-21,,15.260000228881836
1945-06-22,,15.279999732971191
1945-06-25,,15.350000381469727
1945-06-26,,15.369999885559082
1945-06-27,,15.350000381469727
1945-06-28,,15.039999961853027
1945-06-29,,14.869999885559082
1945-07-02,,15.029999732971191
1945-07-03,,15.029999732971191
1945-07-05,,14.859999656677246
1945-07-06,,14.90999984741211
1945-07-09,,15.039999961853027
1945-07-10,,15.100000381469727
1945-07-11,,15.050000190734863
1945-07-12,,15.09000015258789
1945-07-13,,15.050000190734863
1945-07-16,,14.9399995803833
1945-07-17,,14.609999656677246
1945-07-18,,14.5600004196167
1945-07-19,,14.65999984741211
1945-07-20,,14.65999984741211
1945-07-23,,14.510000228881836
1945-07-24,,14.539999961853027
1945-07-25,,14.680000305175781
1945-07-26,,14.380000114440918
1945-07-27,,14.449999809265137
1945-07-30,,14.600000381469727
1945-07-31,,14.65999984741211
1945-08-01,,14.680000305175781
1945-08-02,,14.619999885559082
1945-08-03,,14.680000305175781
1945-08-06,,14.720000267028809
1945-08-07,,14.520000457763672
1945-08-08,,14.550000190734863
1945-08-09,,14.789999961853027
1945-08-10,,14.779999732971191
1945-08-13,,14.609999656677246
1945-08-14,,14.699999809265137
1945-08-17,,14.619999885559082
1945-08-20,,14.399999618530273
1945-08-21,,14.460000038146973
1945-08-22,,14.5600004196167
1945-08-23,,14.850000381469727
1945-08-24,,15.050000190734863
1945-08-27,,15.270000457763672
1945-08-28,,15.319999694824219
1945-08-29,,15.300000190734863
1945-08-30,,15.350000381469727
1945-08-31,,15.510000228881836
1945-09-04,,15.510000228881836
1945-09-05,,15.529999732971191
1945-09-06,,15.739999771118164
1945-09-07,,15.729999542236328
1945-09-10,,15.779999732971191
1945-09-11,,15.880000114440918
1945-09-12,,15.949999809265137
1945-09-13,,15.949999809265137
1945-09-14,,15.859999656677246
1945-09-17,,15.510000228881836
1945-09-18,,15.819999694824219
1945-09-19,,15.970000267028809
1945-09-20,,16.030000686645508
1945-09-21,,15.949999809265137
1945-09-24,,15.90999984741211
1945-09-25,,15.930000305175781
1945-09-26,,15.920000076293945
1945-09-27,,15.859999656677246
1945-09-28,,16.049999237060547
1945-10-01,,16.329999923706055
1945-10-02,,16.329999923706055
1945-10-03,,16.299999237060547
1945-10-04,,16.299999237060547
1945-10-05,,16.3799991607666
1945-10-08,,16.5
1945-10-09,,16.540000915527344
1945-10-10,,16.600000381469727
1945-10-11,,16.579999923706055
1945-10-15,,16.59000015258789
1945-10-16,,16.59000015258789
1945-10-17,,16.65999984741211
1945-10-18,,16.719999313354492
1945-10-19,,16.59000015258789
1945-10-22,,16.709999084472656
1945-10-23,,16.579999923706055
1945-10-24,,16.329999923706055
1945-10-25,,16.40999984741211
1945-10-26,,16.489999771118164
1945-10-29,,16.299999237060547
1945-10-30,,16.3799991607666
1945-10-31,,16.649999618530273
1945-11-01,,16.8700008392334
1945-11-02,,16.860000610351562
1945-11-05,,16.940000534057617
1945-11-07,,17.139999389648438
1945-11-08,,17.079999923706055
1945-11-09,,17.100000381469727
1945-11-13,,17.040000915527344
1945-11-14,,16.950000762939453
1945-11-15,,17.079999923706055
1945-11-16,,17.0
1945-11-19,,17.190000534057617
1945-11-20,,17.270000457763672
1945-11-21,,17.020000457763672
1945-11-23,,16.850000381469727
1945-11-26,,16.940000534057617
1945-11-27,,17.149999618530273
1945-11-28,,17.059999465942383
1945-11-29,,17.030000686645508
1945-11-30,,17.190000534057617
1945-12-03,,17.440000534057617
1945-12-04,,17.420000076293945
1945-12-05,,17.40999984741211
1945-12-06,,17.5
1945-12-07,,17.540000915527344
1945-12-10,,17.68000030517578
1945-12-11,,17.639999389648438
1945-12-12,,17.3700008392334
1945-12-13,,17.290000915527344
1945-12-14,,17.309999465942383
1945-12-17,,16.940000534057617
1945-12-18,,17.100000381469727
1945-12-19,,17.100000381469727
1945-12-20,,16.989999771118164
1945-12-21,,16.979999542236328
1945-12-26,,17.40999984741211
1945-12-27,,17.280000686645508
1945-12-28,,17.309999465942383
1945-12-31,,17.360000610351562
1946-01-02,,17.25
1946-01-03,,17.270000457763672
1946-01-04,,17.229999542236328
1946-01-07,,17.309999465942383
1946-01-08,,17.690000534057617
1946-01-09,,17.950000762939453
1946-01-10,,18.06999969482422
1946-01-11,,18.1299991607666
1946-01-14,,18.329999923706055
1946-01-15,,18.360000610351562
1946-01-16,,18.3799991607666
1946-01-17,,18.34000015258789
1946-01-18,,18.299999237060547
1946-01-21,,17.739999771118164
1946-01-22,,17.860000610351562
1946-01-23,,18.06999969482422
1946-01-24,,18.1200008392334
1946-01-25,,18.09000015258789
1946-01-28,,18.6200008392334
1946-01-29,,18.670000076293945
1946-01-30,,18.559999465942383
1946-01-31,,18.56999969482422
1946-02-01,,18.639999389648438
1946-02-04,,18.6200008392334
1946-02-05,,18.700000762939453
1946-02-06,,18.56999969482422
1946-02-07,,18.56999969482422
1946-02-08,,18.549999237060547
1946-02-11,,18.239999771118164
1946-02-13,,17.979999542236328
1946-02-14,,18.09000015258789
1946-02-15,,18.440000534057617
1946-02-18,,18.3799991607666
1946-02-19,,17.700000762939453
1946-02-20,,17.3700008392334
1946-02-21,,17.719999313354492
1946-02-25,,16.90999984741211
1946-02-26,,16.809999465942383
1946-02-27,,17.149999618530273
1946-02-28,,17.280000686645508
1946-03-01,,17.209999084472656
1946-03-04,,17.09000015258789
1946-03-05,,17.270000457763672
1946-03-06,,17.190000534057617
1946-03-07,,17.34000015258789
1946-03-08,,17.489999771118164
1946-03-11,,17.3799991607666
1946-03-12,,17.420000076293945
1946-03-13,,17.149999618530273
1946-03-14,,17.09000015258789
1946-03-15,,17.280000686645508
1946-03-18,,17.56999969482422
1946-03-19,,17.450000762939453
1946-03-20,,17.579999923706055
1946-03-21,,17.700000762939453
1946-03-22,,17.700000762939453
1946-03-25,,18.06999969482422
1946-03-26,,18.059999465942383
1946-03-27,,17.950000762939453
1946-03-28,,17.93000030517578
1946-03-29,,18.040000915527344
1946-04-01,,18.059999465942383
1946-04-02,,18.06999969482422
1946-04-03,,18.3799991607666
1946-04-04,,18.579999923706055
1946-04-05,,18.540000915527344
1946-04-08,,18.6200008392334
1946-04-09,,18.8799991607666
1946-04-10,,18.809999465942383
1946-04-11,,18.770000457763672
1946-04-12,,18.770000457763672
1946-04-15,,18.6200008392334
1946-04-16,,18.8700008392334
1946-04-17,,18.84000015258789
1946-04-18,,18.899999618530273
1946-04-22,,18.8799991607666
1946-04-23,,18.84000015258789
1946-04-24,,18.649999618530273
1946-04-25,,18.540000915527344
1946-04-26,,18.579999923706055
1946-04-29,,18.719999313354492
1946-04-30,,18.760000228881836
1946-05-01,,18.709999084472656
1946-05-02,,18.6200008392334
1946-05-03,,18.459999084472656
1946-05-06,,18.260000228881836
1946-05-07,,18.510000228881836
1946-05-08,,18.469999313354492
1946-05-09,,18.440000534057617
1946-05-10,,18.739999771118164
1946-05-13,,18.790000915527344
1946-05-14,,18.670000076293945
1946-05-15,,18.530000686645508
1946-05-16,,18.639999389648438
1946-05-17,,18.600000381469727
1946-05-20,,18.639999389648438
1946-05-21,,18.68000030517578
1946-05-22,,18.799999237060547
1946-05-23,,18.780000686645508
1946-05-24,,18.780000686645508
1946-05-27,,18.920000076293945
1946-05-28,,19.200000762939453
1946-05-29,,19.25
1946-05-31,,19.18000030517578
1946-06-03,,19.049999237060547
1946-06-04,,18.93000030517578
1946-06-05,,18.81999969482422
1946-06-06,,18.809999465942383
1946-06-07,,18.81999969482422
1946-06-10,,18.850000381469727
1946-06-11,,18.649999618530273
1946-06-12,,18.690000534057617
1946-06-13,,18.799999237060547
1946-06-14,,18.790000915527344
1946-06-17,,18.809999465942383
1946-06-18,,18.549999237060547
1946-06-19,,18.440000534057617
1946-06-20,,18.030000686645508
1946-06-21,,18.229999542236328
1946-06-24,,18.270000457763672
1946-06-25,,18.139999389648438
1946-06-26,,18.110000610351562
1946-06-27,,18.389999389648438
1946-06-28,,18.43000030517578
1946-07-01,,18.540000915527344
1946-07-02,,18.530000686645508
1946-07-03,,18.489999771118164
1946-07-05,,18.43000030517578
1946-07-08,,18.360000610351562
1946-07-09,,18.459999084472656
1946-07-10,,18.489999771118164
1946-07-11,,18.389999389648438
1946-07-12,,18.270000457763672
1946-07-15,,17.950000762939453
1946-07-16,,17.969999313354492
1946-07-17,,18.06999969482422
1946-07-18,,18.040000915527344
1946-07-19,,17.979999542236328
1946-07-22,,17.93000030517578
1946-07-23,,17.389999389648438
1946-07-24,,17.40999984741211
1946-07-25,,17.5
1946-07-26,,17.600000381469727
1946-07-29,,17.65999984741211
1946-07-30,,17.760000228881836
1946-07-31,,17.959999084472656
1946-08-01,,18.010000228881836
1946-08-02,,18.020000457763672
1946-08-05,,17.90999984741211
1946-08-06,,17.860000610351562
1946-08-07,,18.030000686645508
1946-08-08,,18.110000610351562
1946-08-09,,18.049999237060547
1946-08-12,,18.079999923706055
1946-08-13,,18.229999542236328
1946-08-14,,18.200000762939453
1946-08-15,,17.989999771118164
1946-08-16,,17.84000015258789
1946-08-19,,17.809999465942383
1946-08-20,,17.90999984741211
1946-08-21,,17.739999771118164
1946-08-22,,17.559999465942383
1946-08-23,,17.579999923706055
1946-08-26,,17.469999313354492
1946-08-27,,16.920000076293945
1946-08-28,,16.729999542236328
1946-08-29,,16.760000228881836
1946-08-30,,16.649999618530273
1946-09-03,,15.0
1946-09-04,,15.460000038146973
1946-09-05,,15.989999771118164
1946-09-06,,15.84000015258789
1946-09-09,,15.010000228881836
1946-09-10,,14.59000015258789
1946-09-11,,15.050000190734863
1946-09-12,,15.020000457763672
1946-09-13,,15.3100004196167
1946-09-16,,15.399999618530273
1946-09-17,,15.279999732971191
1946-09-18,,14.800000190734863
1946-09-19,,14.329999923706055
1946-09-20,,14.6899995803833
1946-09-23,,14.40999984741211
1946-09-24,,14.720000267028809
1946-09-25,,15.100000381469727
1946-09-26,,15.270000457763672
1946-09-27,,15.109999656677246
1946-09-30,,14.960000038146973
1946-10-01,,14.920000076293945
1946-10-02,,15.0
1946-10-03,,14.979999542236328
1946-10-04,,14.8100004196167
1946-10-07,,14.699999809265137
1946-10-08,,14.529999732971191
1946-10-09,,14.119999885559082
1946-10-10,,14.329999923706055
1946-10-11,,14.630000114440918
1946-10-14,,14.710000038146973
1946-10-15,,15.300000190734863
1946-10-16,,15.239999771118164
1946-10-17,,15.010000228881836
1946-10-18,,14.970000267028809
1946-10-21,,15.0
1946-10-22,,14.880000114440918
1946-10-23,,14.770000457763672
1946-10-24,,14.779999732971191
1946-10-25,,14.699999809265137
1946-10-28,,14.390000343322754
1946-10-29,,14.260000228881836
1946-10-30,,14.319999694824219
1946-10-31,,14.84000015258789
1946-11-01,,15.069999694824219
1946-11-04,,15.329999923706055
1946-11-06,,14.670000076293945
1946-11-07,,14.789999961853027
1946-11-08,,14.850000381469727
1946-11-12,,14.9399995803833
1946-11-13,,14.8100004196167
1946-11-14,,14.890000343322754
1946-11-15,,14.729999542236328
1946-11-18,,14.579999923706055
1946-11-19,,14.569999694824219
1946-11-20,,14.460000038146973
1946-11-21,,14.210000038146973
1946-11-22,,14.130000114440918
1946-11-25,,14.3100004196167
1946-11-26,,14.449999809265137
1946-11-27,,14.550000190734863
1946-11-29,,14.680000305175781
1946-12-02,,14.4399995803833
1946-12-03,,14.489999771118164
1946-12-04,,14.720000267028809
1946-12-05,,14.640000343322754
1946-12-06,,14.699999809265137
1946-12-09,,15.319999694824219
1946-12-10,,15.319999694824219
1946-12-11,,15.359999656677246
1946-12-12,,15.149999618530273
1946-12-13,,15.170000076293945
1946-12-16,,15.239999771118164
1946-12-17,,15.180000305175781
1946-12-18,,15.210000038146973
1946-12-19,,15.449999809265137
1946-12-20,,15.5
1946-12-23,,15.40999984741211
1946-12-24,,15.369999885559082
1946-12-26,,15.210000038146973
1946-12-27,,15.1899995803833
1946-12-30,,15.170000076293945
1946-12-31,,15.300000190734863
1947-01-02,,15.199999809265137
1947-01-03,,15.260000228881836
1947-01-06,,15.4399995803833
1947-01-07,,15.319999694824219
1947-01-08,,15.40999984741211
1947-01-09,,15.4399995803833
1947-01-10,,15.239999771118164
1947-01-13,,14.800000190734863
1947-01-14,,14.869999885559082
1947-01-15,,14.770000457763672
1947-01-16,,14.779999732971191
1947-01-17,,15.069999694824219
1947-01-20,,15.020000457763672
1947-01-21,,14.970000267028809
1947-01-22,,15.039999961853027
1947-01-23,,15.1899995803833
1947-01-24,,15.210000038146973
1947-01-27,,15.34000015258789
1947-01-28,,15.470000267028809
1947-01-29,,15.649999618530273
1947-01-30,,15.600000381469727
1947-01-31,,15.65999984741211
1947-02-03,,15.800000190734863
1947-02-04,,15.829999923706055
1947-02-05,,15.920000076293945
1947-02-06,,15.859999656677246
1947-02-07,,16.1200008392334
1947-02-10,,16.049999237060547
1947-02-11,,16.139999389648438
1947-02-13,,15.930000305175781
1947-02-14,,15.859999656677246
1947-02-17,,15.880000114440918
1947-02-18,,15.880000114440918
1947-02-19,,15.6899995803833
1947-02-20,,15.720000267028809
1947-02-21,,15.800000190734863
1947-02-24,,15.670000076293945
1947-02-25,,15.470000267028809
1947-02-26,,15.300000190734863
1947-02-27,,15.479999542236328
1947-02-28,,15.430000305175781
1947-03-03,,15.40999984741211
1947-03-04,,15.40999984741211
1947-03-05,,15.59000015258789
1947-03-06,,15.649999618530273
1947-03-07,,15.15999984741211
1947-03-10,,15.010000228881836
1947-03-11,,14.880000114440918
1947-03-12,,14.970000267028809
1947-03-13,,14.930000305175781
1947-03-14,,14.779999732971191
1947-03-17,,14.819999694824219
1947-03-18,,15.010000228881836
1947-03-19,,15.079999923706055
1947-03-20,,15.069999694824219
1947-03-21,,15.25
1947-03-24,,15.109999656677246
1947-03-25,,15.020000457763672
1947-03-26,,15.229999542236328
1947-03-27,,15.399999618530273
1947-03-28,,15.329999923706055
1947-03-31,,15.170000076293945
1947-04-01,,15.229999542236328
1947-04-02,,15.220000267028809
1947-04-03,,15.180000305175781
1947-04-07,,15.050000190734863
1947-04-08,,14.829999923706055
1947-04-09,,14.819999694824219
1947-04-10,,14.829999923706055
1947-04-11,,14.720000267028809
1947-04-14,,14.140000343322754
1947-04-15,,14.149999618530273
1947-04-16,,14.289999961853027
1947-04-17,,14.270000457763672
1947-04-18,,14.09000015258789
1947-04-21,,14.449999809265137
1947-04-22,,14.5600004196167
1947-04-23,,14.579999923706055
1947-04-24,,14.489999771118164
1947-04-25,,14.390000343322754
1947-04-28,,14.369999885559082
1947-04-29,,14.399999618530273
1947-04-30,,14.579999923706055
1947-05-01,,14.6899995803833
1947-05-02,,14.789999961853027
1947-05-05,,14.850000381469727
1947-05-06,,14.6899995803833
1947-05-07,,14.680000305175781
1947-05-08,,14.600000381469727
1947-05-09,,14.630000114440918
1947-05-12,,14.460000038146973
1947-05-13,,14.149999618530273
1947-05-14,,14.109999656677246
1947-05-15,,14.239999771118164
1947-05-16,,13.960000038146973
1947-05-19,,13.770000457763672
1947-05-20,,13.829999923706055
1947-05-21,,14.09000015258789
1947-05-22,,14.1899995803833
1947-05-23,,14.0
1947-05-26,,14.140000343322754
1947-05-27,,14.119999885559082
1947-05-28,,14.34000015258789
1947-05-29,,14.449999809265137
1947-06-02,,14.300000190734863
1947-06-03,,14.5
1947-06-04,,14.399999618530273
1947-06-05,,14.390000343322754
1947-06-06,,14.5
1947-06-09,,14.420000076293945
1947-06-10,,14.5600004196167
1947-06-11,,14.899999618530273
1947-06-12,,14.819999694824219
1947-06-13,,14.979999542236328
1947-06-16,,15.020000457763672
1947-06-17,,14.960000038146973
1947-06-18,,14.960000038146973
1947-06-19,,15.140000343322754
1947-06-20,,15.15999984741211
1947-06-23,,15.239999771118164
1947-06-24,,14.9399995803833
1947-06-25,,15.0600004196167
1947-06-26,,15.119999885559082
1947-06-27,,15.119999885559082
1947-06-30,,15.210000038146973
1947-07-01,,15.460000038146973
1947-07-02,,15.4399995803833
1947-07-03,,15.600000381469727
1947-07-07,,15.609999656677246
1947-07-08,,15.670000076293945
1947-07-09,,15.520000457763672
1947-07-10,,15.680000305175781
1947-07-11,,15.869999885559082
1947-07-14,,15.960000038146973
1947-07-15,,15.930000305175781
1947-07-16,,15.920000076293945
1947-07-17,,15.75
1947-07-18,,15.850000381469727
1947-07-21,,15.800000190734863
1947-07-22,,15.869999885559082
1947-07-23,,15.949999809265137
1947-07-24,,16.1200008392334
1947-07-25,,16.079999923706055
1947-07-28,,15.9399995803833
1947-07-29,,15.59000015258789
1947-07-30,,15.520000457763672
1947-07-31,,15.760000228881836
1947-08-01,,15.800000190734863
1947-08-04,,15.619999885559082
1947-08-05,,15.670000076293945
1947-08-06,,15.619999885559082
1947-08-07,,15.640000343322754
1947-08-08,,15.430000305175781
1947-08-11,,15.329999923706055
1947-08-12,,15.430000305175781
1947-08-13,,15.520000457763672
1947-08-14,,15.470000267028809
1947-08-15,,15.579999923706055
1947-08-18,,15.5
1947-08-19,,15.460000038146973
1947-08-20,,15.390000343322754
1947-08-21,,15.430000305175781
1947-08-22,,15.449999809265137
1947-08-25,,15.229999542236328
1947-08-26,,15.229999542236328
1947-08-27,,15.25
1947-08-28,,15.220000267028809
1947-08-29,,15.319999694824219
1947-09-02,,15.369999885559082
1947-09-03,,15.329999923706055
1947-09-04,,15.140000343322754
1947-09-05,,15.100000381469727
1947-09-08,,14.859999656677246
1947-09-09,,14.890000343322754
1947-09-10,,15.029999732971191
1947-09-11,,15.039999961853027
1947-09-12,,14.989999771118164
1947-09-15,,14.930000305175781
1947-09-16,,15.069999694824219
1947-09-17,,15.270000457763672
1947-09-18,,15.210000038146973
1947-09-19,,15.199999809265137
1947-09-22,,15.180000305175781
1947-09-23,,14.930000305175781
1947-09-24,,14.989999771118164
1947-09-25,,14.899999618530273
1947-09-26,,14.850000381469727
1947-09-29,,14.9399995803833
1947-09-30,,15.109999656677246
1947-10-01,,15.15999984741211
1947-10-02,,15.170000076293945
1947-10-03,,15.239999771118164
1947-10-06,,15.279999732971191
1947-10-07,,15.279999732971191
1947-10-08,,15.15999984741211
1947-10-09,,15.260000228881836
1947-10-10,,15.289999961853027
1947-10-14,,15.550000190734863
1947-10-15,,15.59000015258789
1947-10-16,,15.569999694824219
1947-10-17,,15.579999923706055
1947-10-20,,15.789999961853027
1947-10-21,,15.760000228881836
1947-10-22,,15.6899995803833
1947-10-23,,15.699999809265137
1947-10-24,,15.5
1947-10-27,,15.529999732971191
1947-10-28,,15.539999961853027
1947-10-29,,15.489999771118164
1947-10-30,,15.329999923706055
1947-10-31,,15.430000305175781
1947-11-03,,15.460000038146973
1947-11-05,,15.34000015258789
1947-11-06,,15.34000015258789
1947-11-07,,15.3100004196167
1947-11-10,,15.369999885559082
1947-11-12,,15.3100004196167
1947-11-13,,15.15999984741211
1947-11-14,,15.1899995803833
1947-11-17,,15.1899995803833
1947-11-18,,15.300000190734863
1947-11-19,,15.34000015258789
1947-11-20,,15.40999984741211
1947-11-21,,15.329999923706055
1947-11-24,,15.239999771118164
1947-11-25,,15.199999809265137
1947-11-26,,15.130000114440918
1947-11-28,,14.979999542236328
1947-12-01,,15.069999694824219
1947-12-02,,15.09000015258789
1947-12-03,,14.949999809265137
1947-12-04,,14.859999656677246
1947-12-05,,14.630000114440918
1947-12-08,,14.770000457763672
1947-12-09,,14.819999694824219
1947-12-10,,14.84000015258789
1947-12-11,,14.829999923706055
1947-12-12,,14.9399995803833
1947-12-15,,15.109999656677246
1947-12-16,,15.09000015258789
1947-12-17,,15.119999885559082
1947-12-18,,15.069999694824219
1947-12-19,,15.119999885559082
1947-12-22,,15.199999809265137
1947-12-23,,15.260000228881836
1947-12-24,,15.25
1947-12-26,,15.119999885559082
1947-12-29,,15.039999961853027
1947-12-30,,15.220000267028809
1947-12-31,,15.300000190734863
1948-01-02,,15.34000015258789
1948-01-05,,15.199999809265137
1948-01-06,,15.149999618530273
1948-01-07,,15.229999542236328
1948-01-08,,15.3100004196167
1948-01-09,,15.229999542236328
1948-01-12,,15.170000076293945
1948-01-13,,14.949999809265137
1948-01-14,,14.949999809265137
1948-01-15,,14.880000114440918
1948-01-16,,14.869999885559082
1948-01-19,,14.699999809265137
1948-01-20,,14.710000038146973
1948-01-21,,14.539999961853027
1948-01-22,,14.420000076293945
1948-01-23,,14.350000381469727
1948-01-26,,14.319999694824219
1948-01-27,,14.34000015258789
1948-01-28,,14.489999771118164
1948-01-29,,14.649999618530273
1948-01-30,,14.680000305175781
1948-02-02,,14.710000038146973
1948-02-03,,14.619999885559082
1948-02-04,,14.0
1948-02-05,,14.199999809265137
1948-02-06,,14.1899995803833
1948-02-09,,14.3100004196167
1948-02-10,,13.890000343322754
1948-02-11,,13.880000114440918
1948-02-13,,13.850000381469727
1948-02-16,,14.039999961853027
1948-02-17,,14.039999961853027
1948-02-18,,14.050000190734863
1948-02-19,,14.020000457763672
1948-02-20,,13.960000038146973
1948-02-24,,14.0
1948-02-25,,14.069999694824219
1948-02-26,,13.979999542236328
1948-02-27,,13.930000305175781
1948-03-01,,14.069999694824219
1948-03-02,,14.15999984741211
1948-03-03,,14.170000076293945
1948-03-04,,14.079999923706055
1948-03-05,,14.109999656677246
1948-03-08,,14.039999961853027
1948-03-09,,13.949999809265137
1948-03-10,,14.010000228881836
1948-03-11,,13.989999771118164
1948-03-12,,13.989999771118164
1948-03-15,,14.0600004196167
1948-03-16,,13.84000015258789
1948-03-17,,13.949999809265137
1948-03-18,,14.029999732971191
1948-03-19,,14.319999694824219
1948-03-22,,14.699999809265137
1948-03-23,,14.699999809265137
1948-03-24,,14.6899995803833
1948-03-25,,14.75
1948-03-29,,14.699999809265137
1948-03-30,,14.869999885559082
1948-03-31,,15.079999923706055
1948-04-01,,15.119999885559082
1948-04-02,,15.149999618530273
1948-04-05,,15.180000305175781
1948-04-06,,15.279999732971191
1948-04-07,,15.229999542236328
1948-04-08,,15.270000457763672
1948-04-09,,15.289999961853027
1948-04-12,,15.279999732971191
1948-04-13,,15.300000190734863
1948-04-14,,15.279999732971191
1948-04-15,,15.380000114440918
1948-04-16,,15.430000305175781
1948-04-19,,15.470000267028809
1948-04-20,,15.460000038146973
1948-04-21,,15.539999961853027
1948-04-22,,15.680000305175781
1948-04-23,,15.779999732971191
1948-04-26,,15.539999961853027
1948-04-27,,15.550000190734863
1948-04-28,,15.569999694824219
1948-04-29,,15.520000457763672
1948-04-30,,15.479999542236328
1948-05-03,,15.600000381469727
1948-05-04,,15.59000015258789
1948-05-05,,15.5
1948-05-06,,15.630000114440918
1948-05-07,,15.720000267028809
1948-05-10,,15.8100004196167
1948-05-11,,15.859999656677246
1948-05-12,,15.880000114440918
1948-05-13,,16.0
1948-05-14,,16.389999389648438
1948-05-17,,16.610000610351562
1948-05-18,,16.389999389648438
1948-05-19,,16.3700008392334
1948-05-20,,16.459999084472656
1948-05-21,,16.5
1948-05-24,,16.540000915527344
1948-05-25,,16.530000686645508
1948-05-26,,16.68000030517578
1948-05-27,,16.68000030517578
1948-05-28,,16.690000534057617
1948-06-01,,16.739999771118164
1948-06-02,,16.760000228881836
1948-06-03,,16.719999313354492
1948-06-04,,16.59000015258789
1948-06-07,,16.540000915527344
1948-06-08,,16.81999969482422
1948-06-09,,16.889999389648438
1948-06-10,,16.899999618530273
1948-06-11,,16.950000762939453
1948-06-14,,16.969999313354492
1948-06-15,,17.059999465942383
1948-06-16,,17.010000228881836
1948-06-17,,16.989999771118164
1948-06-18,,16.959999084472656
1948-06-21,,16.790000915527344
1948-06-22,,16.760000228881836
1948-06-23,,16.93000030517578
1948-06-24,,16.889999389648438
1948-06-25,,16.829999923706055
1948-06-28,,16.610000610351562
1948-06-29,,16.690000534057617
1948-06-30,,16.739999771118164
1948-07-01,,16.700000762939453
1948-07-02,,16.850000381469727
1948-07-06,,16.850000381469727
1948-07-07,,16.790000915527344
1948-07-08,,16.809999465942383
1948-07-09,,16.920000076293945
1948-07-12,,16.8799991607666
1948-07-13,,16.780000686645508
1948-07-14,,16.799999237060547
1948-07-15,,16.479999542236328
1948-07-16,,16.25
1948-07-19,,15.720000267028809
1948-07-20,,15.960000038146973
1948-07-21,,16.09000015258789
1948-07-22,,16.209999084472656
1948-07-23,,16.270000457763672
1948-07-26,,16.1200008392334
1948-07-27,,16.290000915527344
1948-07-28,,16.18000030517578
1948-07-29,,16.049999237060547
1948-07-30,,15.850000381469727
1948-08-02,,15.850000381469727
1948-08-03,,15.899999618530273
1948-08-04,,16.149999618530273
1948-08-05,,16.09000015258789
1948-08-06,,16.1200008392334
1948-08-09,,15.960000038146973
1948-08-10,,15.739999771118164
1948-08-11,,15.670000076293945
1948-08-12,,15.710000038146973
1948-08-13,,15.699999809265137
1948-08-16,,15.739999771118164
1948-08-17,,15.930000305175781
1948-08-18,,15.930000305175781
1948-08-19,,15.979999542236328
1948-08-20,,16.149999618530273
1948-08-23,,15.9399995803833
1948-08-24,,16.020000457763672
1948-08-25,,15.989999771118164
1948-08-26,,16.040000915527344
1948-08-27,,16.110000610351562
1948-08-30,,15.979999542236328
1948-08-31,,15.970000267028809
1948-09-01,,16.15999984741211
1948-09-02,,16.239999771118164
1948-09-03,,16.270000457763672
1948-09-07,,16.350000381469727
1948-09-08,,16.06999969482422
1948-09-09,,15.8100004196167
1948-09-10,,15.829999923706055
1948-09-13,,15.699999809265137
1948-09-14,,15.819999694824219
1948-09-15,,15.800000190734863
1948-09-16,,15.800000190734863
1948-09-17,,15.729999542236328
1948-09-20,,15.4399995803833
1948-09-21,,15.550000190734863
1948-09-22,,15.59000015258789
1948-09-23,,15.5600004196167
1948-09-24,,15.600000381469727
1948-09-27,,15.1899995803833
1948-09-28,,15.359999656677246
1948-09-29,,15.550000190734863
1948-09-30,,15.489999771118164
1948-10-01,,15.670000076293945
1948-10-04,,15.850000381469727
1948-10-05,,15.819999694824219
1948-10-06,,15.84000015258789
1948-10-07,,15.930000305175781
1948-10-08,,15.899999618530273
1948-10-11,,15.899999618530273
1948-10-13,,16.09000015258789
1948-10-14,,16.139999389648438
1948-10-15,,16.1200008392334
1948-10-18,,16.190000534057617
1948-10-19,,16.280000686645508
1948-10-20,,16.34000015258789
1948-10-21,,16.360000610351562
1948-10-22,,16.610000610351562
1948-10-25,,16.579999923706055
1948-10-26,,16.59000015258789
1948-10-27,,16.56999969482422
1948-10-28,,16.459999084472656
1948-10-29,,16.5
1948-11-01,,16.700000762939453
1948-11-03,,15.930000305175781
1948-11-04,,16.139999389648438
1948-11-05,,15.430000305175781
1948-11-08,,15.5
1948-11-09,,15.010000228881836
1948-11-10,,15.0
1948-11-12,,15.039999961853027
1948-11-15,,15.270000457763672
1948-11-16,,15.260000228881836
1948-11-17,,15.220000267028809
1948-11-18,,15.260000228881836
1948-11-19,,15.3100004196167
1948-11-22,,15.210000038146973
1948-11-23,,15.1899995803833
1948-11-24,,14.90999984741211
1948-11-26,,14.90999984741211
1948-11-29,,14.789999961853027
1948-11-30,,14.75
1948-12-01,,15.010000228881836
1948-12-02,,15.0
1948-12-03,,15.130000114440918
1948-12-06,,15.229999542236328
1948-12-07,,15.239999771118164
1948-12-08,,15.199999809265137
1948-12-09,,15.170000076293945
1948-12-10,,15.220000267028809
1948-12-13,,15.329999923706055
1948-12-14,,15.25
1948-12-15,,15.170000076293945
1948-12-16,,15.15999984741211
1948-12-17,,15.199999809265137
1948-12-20,,15.1899995803833
1948-12-21,,15.140000343322754
1948-12-22,,15.149999618530273
1948-12-23,,15.149999618530273
1948-12-24,,15.25
1948-12-27,,15.1899995803833
1948-12-28,,15.079999923706055
1948-12-29,,15.279999732971191
1948-12-30,,15.279999732971191
1948-12-31,,15.199999809265137
1949-01-03,,14.949999809265137
1949-01-04,,15.029999732971191
1949-01-05,,15.15999984741211
1949-01-06,,15.5
1949-01-07,,15.609999656677246
1949-01-10,,15.510000228881836
1949-01-11,,15.5
1949-01-12,,15.470000267028809
1949-01-13,,15.390000343322754
1949-01-14,,15.239999771118164
1949-01-17,,15.380000114440918
1949-01-18,,15.380000114440918
1949-01-19,,15.4399995803833
1949-01-20,,15.5
1949-01-21,,15.470000267028809
1949-01-24,,15.0
1949-01-25,,15.329999923706055
1949-01-26,,15.289999961853027
1949-01-27,,15.25
1949-01-28,,15.199999809265137
1949-01-31,,15.220000267028809
1949-02-01,,15.34000015258789
1949-02-02,,15.350000381469727
1949-02-03,,15.319999694824219
1949-02-04,,15.09000015258789
1949-02-07,,14.760000228881836
1949-02-08,,14.699999809265137
1949-02-09,,14.779999732971191
1949-02-10,,14.579999923706055
1949-02-11,,14.5600004196167
1949-02-14,,14.609999656677246
1949-02-15,,14.649999618530273
1949-02-16,,14.729999542236328
1949-02-17,,14.829999923706055
1949-02-18,,14.789999961853027
1949-02-21,,14.739999771118164
1949-02-23,,14.600000381469727
1949-02-24,,14.420000076293945
1949-02-25,,14.380000114440918
1949-02-28,,14.619999885559082
1949-03-01,,14.710000038146973
1949-03-02,,14.670000076293945
1949-03-03,,14.649999618530273
1949-03-04,,14.670000076293945
1949-03-07,,14.859999656677246
1949-03-08,,14.890000343322754
1949-03-09,,14.859999656677246
1949-03-10,,14.869999885559082
1949-03-11,,15.020000457763672
1949-03-14,,15.069999694824219
1949-03-15,,14.979999542236328
1949-03-16,,14.920000076293945
1949-03-17,,14.970000267028809
1949-03-18,,14.9399995803833
1949-03-21,,14.869999885559082
1949-03-22,,14.770000457763672
1949-03-23,,14.949999809265137
1949-03-24,,14.970000267028809
1949-03-25,,14.890000343322754
1949-03-28,,14.930000305175781
1949-03-29,,15.220000267028809
1949-03-30,,15.210000038146973
1949-03-31,,15.0600004196167
1949-04-01,,14.9399995803833
1949-04-04,,14.979999542236328
1949-04-05,,14.960000038146973
1949-04-06,,14.920000076293945
1949-04-07,,14.930000305175781
1949-04-08,,14.970000267028809
1949-04-11,,14.989999771118164
1949-04-12,,15.029999732971191
1949-04-13,,15.020000457763672
1949-04-14,,14.989999771118164
1949-04-18,,15.069999694824219
1949-04-19,,15.010000228881836
1949-04-20,,14.970000267028809
1949-04-21,,14.720000267028809
1949-04-22,,14.699999809265137
1949-04-25,,14.680000305175781
1949-04-26,,14.760000228881836
1949-04-27,,14.760000228881836
1949-04-28,,14.6899995803833
1949-04-29,,14.710000038146973
1949-05-02,,14.779999732971191
1949-05-03,,14.850000381469727
1949-05-04,,15.020000457763672
1949-05-05,,15.010000228881836
1949-05-06,,14.920000076293945
1949-05-09,,14.880000114440918
1949-05-10,,14.819999694824219
1949-05-11,,14.850000381469727
1949-05-12,,14.869999885559082
1949-05-13,,14.880000114440918
1949-05-16,,14.960000038146973
1949-05-17,,14.930000305175781
1949-05-18,,14.890000343322754
1949-05-19,,14.800000190734863
1949-05-20,,14.729999542236328
1949-05-23,,14.579999923706055
1949-05-24,,14.5
1949-05-25,,14.569999694824219
1949-05-26,,14.5600004196167
1949-05-27,,14.510000228881836
1949-05-31,,14.1899995803833
1949-06-01,,14.140000343322754
1949-06-02,,14.140000343322754
1949-06-03,,14.050000190734863
1949-06-06,,13.819999694824219
1949-06-07,,13.84000015258789
1949-06-08,,13.930000305175781
1949-06-09,,13.930000305175781
1949-06-10,,13.8100004196167
1949-06-13,,13.550000190734863
1949-06-14,,13.640000343322754
1949-06-15,,13.899999618530273
1949-06-16,,13.850000381469727
1949-06-17,,13.869999885559082
1949-06-20,,14.069999694824219
1949-06-21,,14.079999923706055
1949-06-22,,14.039999961853027
1949-06-23,,14.109999656677246
1949-06-24,,14.130000114440918
1949-06-27,,14.119999885559082
1949-06-28,,14.0
1949-06-29,,14.09000015258789
1949-06-30,,14.15999984741211
1949-07-01,,14.260000228881836
1949-07-05,,14.34000015258789
1949-07-06,,14.520000457763672
1949-07-07,,14.520000457763672
1949-07-08,,14.510000228881836
1949-07-11,,14.510000228881836
1949-07-12,,14.609999656677246
1949-07-13,,14.779999732971191
1949-07-14,,14.789999961853027
1949-07-15,,14.760000228881836
1949-07-18,,14.800000190734863
1949-07-19,,14.9399995803833
1949-07-20,,14.970000267028809
1949-07-21,,14.899999618530273
1949-07-22,,14.890000343322754
1949-07-25,,14.9399995803833
1949-07-26,,15.0600004196167
1949-07-27,,15.0600004196167
1949-07-28,,15.039999961853027
1949-07-29,,15.039999961853027
1949-08-01,,15.119999885559082
1949-08-02,,15.15999984741211
1949-08-03,,15.149999618530273
1949-08-04,,15.130000114440918
1949-08-05,,15.350000381469727
1949-08-08,,15.510000228881836
1949-08-09,,15.369999885559082
1949-08-10,,15.4399995803833
1949-08-11,,15.390000343322754
1949-08-12,,15.319999694824219
1949-08-15,,15.25
1949-08-16,,15.289999961853027
1949-08-17,,15.460000038146973
1949-08-18,,15.5
1949-08-19,,15.40999984741211
1949-08-22,,15.369999885559082
1949-08-23,,15.170000076293945
1949-08-24,,15.180000305175781
1949-08-25,,15.220000267028809
1949-08-26,,15.279999732971191
1949-08-29,,15.119999885559082
1949-08-30,,15.210000038146973
1949-08-31,,15.220000267028809
1949-09-01,,15.3100004196167
1949-09-02,,15.289999961853027
1949-09-06,,15.279999732971191
1949-09-07,,15.380000114440918
1949-09-08,,15.40999984741211
1949-09-09,,15.399999618530273
1949-09-12,,15.520000457763672
1949-09-13,,15.739999771118164
1949-09-14,,15.729999542236328
1949-09-15,,15.609999656677246
1949-09-16,,15.65999984741211
1949-09-19,,15.550000190734863
1949-09-20,,15.1899995803833
1949-09-21,,15.40999984741211
1949-09-22,,15.5
1949-09-23,,15.569999694824219
1949-09-26,,15.529999732971191
1949-09-27,,15.40999984741211
1949-09-28,,15.529999732971191
1949-09-29,,15.619999885559082
1949-09-30,,15.579999923706055
1949-10-03,,15.600000381469727
1949-10-04,,15.75
1949-10-05,,15.779999732971191
1949-10-06,,15.84000015258789
1949-10-07,,15.850000381469727
1949-10-10,,15.829999923706055
1949-10-11,,15.970000267028809
1949-10-13,,15.970000267028809
1949-10-14,,15.90999984741211
1949-10-17,,15.729999542236328
1949-10-18,,15.84000015258789
1949-10-19,,15.930000305175781
1949-10-20,,15.899999618530273
1949-10-21,,15.850000381469727
1949-10-24,,15.869999885559082
1949-10-25,,15.949999809265137
1949-10-26,,16.059999465942383
1949-10-27,,16.149999618530273
1949-10-28,,16.079999923706055
1949-10-31,,16.040000915527344
1949-11-01,,16.200000762939453
1949-11-02,,16.329999923706055
1949-11-03,,16.290000915527344
1949-11-04,,16.209999084472656
1949-11-07,,16.15999984741211
1949-11-09,,16.18000030517578
1949-11-10,,16.139999389648438
1949-11-14,,16.030000686645508
1949-11-15,,15.75
1949-11-16,,15.84000015258789
1949-11-17,,15.960000038146973
1949-11-18,,16.139999389648438
1949-11-21,,16.06999969482422
1949-11-22,,16.149999618530273
1949-11-23,,16.190000534057617
1949-11-25,,16.100000381469727
1949-11-28,,16.049999237060547
1949-11-29,,16.020000457763672
1949-11-30,,16.059999465942383
1949-12-01,,16.149999618530273
1949-12-02,,16.280000686645508
1949-12-05,,16.40999984741211
1949-12-06,,16.389999389648438
1949-12-07,,16.43000030517578
1949-12-08,,16.43000030517578
1949-12-09,,16.420000076293945
1949-12-12,,16.56999969482422
1949-12-13,,16.639999389648438
1949-12-14,,16.670000076293945
1949-12-15,,16.68000030517578
1949-12-16,,16.65999984741211
1949-12-19,,16.59000015258789
1949-12-20,,16.530000686645508
1949-12-21,,16.489999771118164
1949-12-22,,16.639999389648438
1949-12-23,,16.639999389648438
1949-12-27,,16.579999923706055
1949-12-28,,16.65999984741211
1949-12-29,,16.68000030517578
1949-12-30,,16.790000915527344
1950-01-03,,16.65999984741211
1950-01-04,,16.850000381469727
1950-01-05,,16.93000030517578
1950-01-06,,16.979999542236328
1950-01-09,,17.079999923706055
1950-01-10,,17.030000686645508
1950-01-11,,17.09000015258789
1950-01-12,,16.760000228881836
1950-01-13,,16.670000076293945
1950-01-16,,16.719999313354492
1950-01-17,,16.860000610351562
1950-01-18,,16.850000381469727
1950-01-19,,16.8700008392334
1950-01-20,,16.899999618530273
1950-01-23,,16.920000076293945
1950-01-24,,16.860000610351562
1950-01-25,,16.739999771118164
1950-01-26,,16.729999542236328
1950-01-27,,16.81999969482422
1950-01-30,,17.020000457763672
1950-01-31,,17.049999237060547
1950-02-01,,17.049999237060547
1950-02-02,,17.229999542236328
1950-02-03,,17.290000915527344
1950-02-06,,17.31999969482422
1950-02-07,,17.229999542236328
1950-02-08,,17.209999084472656
1950-02-09,,17.280000686645508
1950-02-10,,17.239999771118164
1950-02-14,,17.059999465942383
1950-02-15,,17.059999465942383
1950-02-16,,16.989999771118164
1950-02-17,,17.149999618530273
1950-02-20,,17.200000762939453
1950-02-21,,17.170000076293945
1950-02-23,,17.209999084472656
1950-02-24,,17.280000686645508
1950-02-27,,17.280000686645508
1950-02-28,,17.219999313354492
1950-03-01,,17.239999771118164
1950-03-02,,17.229999542236328
1950-03-03,,17.290000915527344
1950-03-06,,17.31999969482422
1950-03-07,,17.200000762939453
1950-03-08,,17.190000534057617
1950-03-09,,17.06999969482422
1950-03-10,,17.09000015258789
1950-03-13,,17.1200008392334
1950-03-14,,17.25
1950-03-15,,17.450000762939453
1950-03-16,,17.489999771118164
1950-03-17,,17.450000762939453
1950-03-20,,17.440000534057617
1950-03-21,,17.450000762939453
1950-03-22,,17.549999237060547
1950-03-23,,17.559999465942383
1950-03-24,,17.559999465942383
1950-03-27,,17.459999084472656
1950-03-28,,17.530000686645508
1950-03-29,,17.440000534057617
1950-03-30,,17.299999237060547
1950-03-31,,17.290000915527344
1950-04-03,,17.530000686645508
1950-04-04,,17.549999237060547
1950-04-05,,17.6299991607666
1950-04-06,,17.780000686645508
1950-04-10,,17.850000381469727
1950-04-11,,17.75
1950-04-12,,17.940000534057617
1950-04-13,,17.979999542236328
1950-04-14,,17.959999084472656
1950-04-17,,17.8799991607666
1950-04-18,,18.030000686645508
1950-04-19,,18.049999237060547
1950-04-20,,17.93000030517578
1950-04-21,,17.959999084472656
1950-04-24,,17.829999923706055
1950-04-25,,17.829999923706055
1950-04-26,,17.760000228881836
1950-04-27,,17.860000610351562
1950-04-28,,17.959999084472656
1950-05-01,,18.219999313354492
1950-05-02,,18.110000610351562
1950-05-03,,18.270000457763672
1950-05-04,,18.1200008392334
1950-05-05,,18.219999313354492
1950-05-08,,18.270000457763672
1950-05-09,,18.270000457763672
1950-05-10,,18.290000915527344
1950-05-11,,18.290000915527344
1950-05-12,,18.18000030517578
1950-05-15,,18.260000228881836
1950-05-16,,18.440000534057617
1950-05-17,,18.520000457763672
1950-05-18,,18.559999465942383
1950-05-19,,18.68000030517578
1950-05-22,,18.600000381469727
1950-05-23,,18.709999084472656
1950-05-24,,18.690000534057617
1950-05-25,,18.690000534057617
1950-05-26,,18.670000076293945
1950-05-29,,18.719999313354492
1950-05-31,,18.780000686645508
1950-06-01,,18.770000457763672
1950-06-02,,18.790000915527344
1950-06-05,,18.600000381469727
1950-06-06,,18.8799991607666
1950-06-07,,18.93000030517578
1950-06-08,,19.139999389648438
1950-06-09,,19.260000228881836
1950-06-12,,19.399999618530273
1950-06-13,,19.25
1950-06-14,,18.979999542236328
1950-06-15,,18.93000030517578
1950-06-16,,18.969999313354492
1950-06-19,,18.920000076293945
1950-06-20,,18.829999923706055
1950-06-21,,19.0
1950-06-22,,19.15999984741211
1950-06-23,,19.139999389648438
1950-06-26,,18.110000610351562
1950-06-27,,17.90999984741211
1950-06-28,,18.110000610351562
1950-06-29,,17.440000534057617
1950-06-30,,17.690000534057617
1950-07-03,,17.639999389648438
1950-07-05,,17.809999465942383
1950-07-06,,17.90999984741211
1950-07-07,,17.670000076293945
1950-07-10,,17.59000015258789
1950-07-11,,17.31999969482422
1950-07-12,,16.8700008392334
1950-07-13,,16.690000534057617
1950-07-14,,16.8700008392334
1950-07-17,,16.68000030517578
1950-07-18,,17.059999465942383
1950-07-19,,17.360000610351562
1950-07-20,,17.610000610351562
1950-07-21,,17.59000015258789
1950-07-24,,17.479999542236328
1950-07-25,,17.229999542236328
1950-07-26,,17.270000457763672
1950-07-27,,17.5
1950-07-28,,17.690000534057617
1950-07-31,,17.84000015258789
1950-08-01,,18.020000457763672
1950-08-02,,17.950000762939453
1950-08-03,,17.989999771118164
1950-08-04,,18.139999389648438
1950-08-07,,18.40999984741211
1950-08-08,,18.459999084472656
1950-08-09,,18.610000610351562
1950-08-10,,18.479999542236328
1950-08-11,,18.280000686645508
1950-08-14,,18.290000915527344
1950-08-15,,18.31999969482422
1950-08-16,,18.34000015258789
1950-08-17,,18.540000915527344
1950-08-18,,18.68000030517578
1950-08-21,,18.700000762939453
1950-08-22,,18.68000030517578
1950-08-23,,18.81999969482422
1950-08-24,,18.790000915527344
1950-08-25,,18.540000915527344
1950-08-28,,18.530000686645508
1950-08-29,,18.540000915527344
1950-08-30,,18.43000030517578
1950-08-31,,18.420000076293945
1950-09-01,,18.549999237060547
1950-09-05,,18.68000030517578
1950-09-06,,18.540000915527344
1950-09-07,,18.59000015258789
1950-09-08,,18.75
1950-09-11,,18.610000610351562
1950-09-12,,18.8700008392334
1950-09-13,,19.09000015258789
1950-09-14,,19.18000030517578
1950-09-15,,19.290000915527344
1950-09-18,,19.3700008392334
1950-09-19,,19.309999465942383
1950-09-20,,19.209999084472656
1950-09-21,,19.3700008392334
1950-09-22,,19.440000534057617
1950-09-25,,19.420000076293945
1950-09-26,,19.139999389648438
1950-09-27,,19.40999984741211
1950-09-28,,19.420000076293945
1950-09-29,,19.450000762939453
1950-10-02,,19.690000534057617
1950-10-03,,19.65999984741211
1950-10-04,,20.0
1950-10-05,,19.889999389648438
1950-10-06,,20.1200008392334
1950-10-09,,20.0
1950-10-10,,19.780000686645508
1950-10-11,,19.860000610351562
1950-10-13,,19.850000381469727
1950-10-16,,19.709999084472656
1950-10-17,,19.889999389648438
1950-10-18,,20.010000228881836
1950-10-19,,20.020000457763672
1950-10-20,,19.959999084472656
1950-10-23,,19.959999084472656
1950-10-24,,20.079999923706055
1950-10-25,,20.049999237060547
1950-10-26,,19.610000610351562
1950-10-27,,19.770000457763672
1950-10-30,,19.610000610351562
1950-10-31,,19.530000686645508
1950-11-01,,19.559999465942383
1950-11-02,,19.729999542236328
1950-11-03,,19.850000381469727
1950-11-06,,19.360000610351562
1950-11-08,,19.559999465942383
1950-11-09,,19.790000915527344
1950-11-10,,19.940000534057617
1950-11-13,,20.010000228881836
1950-11-14,,19.860000610351562
1950-11-15,,19.81999969482422
1950-11-16,,19.719999313354492
1950-11-17,,19.860000610351562
1950-11-20,,19.93000030517578
1950-11-21,,19.8799991607666
1950-11-22,,20.15999984741211
1950-11-24,,20.31999969482422
1950-11-27,,20.18000030517578
1950-11-28,,19.559999465942383
1950-11-29,,19.3700008392334
1950-11-30,,19.510000228881836
1950-12-01,,19.65999984741211
1950-12-04,,19.0
1950-12-05,,19.309999465942383
1950-12-06,,19.450000762939453
1950-12-07,,19.399999618530273
1950-12-08,,19.399999618530273
1950-12-11,,19.719999313354492
1950-12-12,,19.68000030517578
1950-12-13,,19.670000076293945
1950-12-14,,19.43000030517578
1950-12-15,,19.329999923706055
1950-12-18,,19.850000381469727
1950-12-19,,19.959999084472656
1950-12-20,,19.969999313354492
1950-12-21,,19.979999542236328
1950-12-22,,20.06999969482422
1950-12-26,,19.920000076293945
1950-12-27,,20.299999237060547
1950-12-28,,20.3799991607666
1950-12-29,,20.43000030517578
1951-01-02,,20.770000457763672
1951-01-03,,20.690000534057617
1951-01-04,,20.8700008392334
1951-01-05,,20.8700008392334
1951-01-08,,21.0
1951-01-09,,21.1200008392334
1951-01-10,,20.850000381469727
1951-01-11,,21.190000534057617
1951-01-12,,21.110000610351562
1951-01-15,,21.299999237060547
1951-01-16,,21.459999084472656
1951-01-17,,21.549999237060547
1951-01-18,,21.399999618530273
1951-01-19,,21.360000610351562
1951-01-22,,21.18000030517578
1951-01-23,,21.260000228881836
1951-01-24,,21.15999984741211
1951-01-25,,21.030000686645508
1951-01-26,,21.260000228881836
1951-01-29,,21.670000076293945
1951-01-30,,21.739999771118164
1951-01-31,,21.65999984741211
1951-02-01,,21.770000457763672
1951-02-02,,21.959999084472656
1951-02-05,,22.200000762939453
1951-02-06,,22.1200008392334
1951-02-07,,21.989999771118164
1951-02-08,,22.09000015258789
1951-02-09,,22.170000076293945
1951-02-13,,22.18000030517578
1951-02-14,,22.1200008392334
1951-02-15,,22.0
1951-02-16,,22.1299991607666
1951-02-19,,21.829999923706055
1951-02-20,,21.790000915527344
1951-02-21,,21.860000610351562
1951-02-23,,21.920000076293945
1951-02-26,,21.93000030517578
1951-02-27,,21.760000228881836
1951-02-28,,21.799999237060547
1951-03-01,,21.850000381469727
1951-03-02,,21.93000030517578
1951-03-05,,21.790000915527344
1951-03-06,,21.790000915527344
1951-03-07,,21.860000610351562
1951-03-08,,21.950000762939453
1951-03-09,,21.950000762939453
1951-03-12,,21.700000762939453
1951-03-13,,21.40999984741211
1951-03-14,,21.25
1951-03-15,,21.290000915527344
1951-03-16,,21.639999389648438
1951-03-19,,21.559999465942383
1951-03-20,,21.520000457763672
1951-03-21,,21.639999389648438
1951-03-22,,21.729999542236328
1951-03-26,,21.530000686645508
1951-03-27,,21.510000228881836
1951-03-28,,21.260000228881836
1951-03-29,,21.329999923706055
1951-03-30,,21.479999542236328
1951-04-02,,21.31999969482422
1951-04-03,,21.260000228881836
1951-04-04,,21.399999618530273
1951-04-05,,21.690000534057617
1951-04-06,,21.719999313354492
1951-04-09,,21.68000030517578
1951-04-10,,21.649999618530273
1951-04-11,,21.639999389648438
1951-04-12,,21.829999923706055
1951-04-13,,22.09000015258789
1951-04-16,,22.040000915527344
1951-04-17,,22.09000015258789
1951-04-18,,22.1299991607666
1951-04-19,,22.040000915527344
1951-04-20,,22.040000915527344
1951-04-23,,22.049999237060547
1951-04-24,,21.959999084472656
1951-04-25,,21.969999313354492
1951-04-26,,22.15999984741211
1951-04-27,,22.389999389648438
1951-04-30,,22.43000030517578
1951-05-01,,22.530000686645508
1951-05-02,,22.6200008392334
1951-05-03,,22.809999465942383
1951-05-04,,22.770000457763672
1951-05-07,,22.6299991607666
1951-05-08,,22.610000610351562
1951-05-09,,22.639999389648438
1951-05-10,,22.510000228881836
1951-05-11,,22.329999923706055
1951-05-14,,22.18000030517578
1951-05-15,,21.760000228881836
1951-05-16,,21.690000534057617
1951-05-17,,21.90999984741211
1951-05-18,,21.510000228881836
1951-05-21,,21.459999084472656
1951-05-22,,21.360000610351562
1951-05-23,,21.15999984741211
1951-05-24,,21.049999237060547
1951-05-25,,21.030000686645508
1951-05-28,,21.209999084472656
1951-05-29,,21.350000381469727
1951-05-31,,21.520000457763672
1951-06-01,,21.479999542236328
1951-06-04,,21.239999771118164
1951-06-05,,21.329999923706055
1951-06-06,,21.479999542236328
1951-06-07,,21.559999465942383
1951-06-08,,21.489999771118164
1951-06-11,,21.610000610351562
1951-06-12,,21.520000457763672
1951-06-13,,21.549999237060547
1951-06-14,,21.84000015258789
1951-06-15,,22.040000915527344
1951-06-18,,22.049999237060547
1951-06-19,,22.020000457763672
1951-06-20,,21.90999984741211
1951-06-21,,21.780000686645508
1951-06-22,,21.549999237060547
1951-06-25,,21.290000915527344
1951-06-26,,21.299999237060547
1951-06-27,,21.3700008392334
1951-06-28,,21.100000381469727
1951-06-29,,20.959999084472656
1951-07-02,,21.100000381469727
1951-07-03,,21.229999542236328
1951-07-05,,21.639999389648438
1951-07-06,,21.639999389648438
1951-07-09,,21.729999542236328
1951-07-10,,21.6299991607666
1951-07-11,,21.68000030517578
1951-07-12,,21.799999237060547
1951-07-13,,21.979999542236328
1951-07-16,,21.729999542236328
1951-07-17,,21.920000076293945
1951-07-18,,21.8799991607666
1951-07-19,,21.84000015258789
1951-07-20,,21.8799991607666
1951-07-23,,22.100000381469727
1951-07-24,,22.440000534057617
1951-07-25,,22.31999969482422
1951-07-26,,22.469999313354492
1951-07-27,,22.530000686645508
1951-07-30,,22.6299991607666
1951-07-31,,22.399999618530273
1951-08-01,,22.510000228881836
1951-08-02,,22.81999969482422
1951-08-03,,22.850000381469727
1951-08-06,,23.010000228881836
1951-08-07,,23.030000686645508
1951-08-08,,22.93000030517578
1951-08-09,,22.84000015258789
1951-08-10,,22.790000915527344
1951-08-13,,22.799999237060547
1951-08-14,,22.700000762939453
1951-08-15,,22.790000915527344
1951-08-16,,22.8700008392334
1951-08-17,,22.940000534057617
1951-08-20,,22.93000030517578
1951-08-21,,22.829999923706055
1951-08-22,,22.75
1951-08-23,,22.899999618530273
1951-08-24,,22.8799991607666
1951-08-27,,22.850000381469727
1951-08-28,,22.899999618530273
1951-08-29,,23.079999923706055
1951-08-30,,23.239999771118164
1951-08-31,,23.280000686645508
1951-09-04,,23.280000686645508
1951-09-05,,23.420000076293945
1951-09-06,,23.469999313354492
1951-09-07,,23.530000686645508
1951-09-10,,23.6200008392334
1951-09-11,,23.5
1951-09-12,,23.600000381469727
1951-09-13,,23.709999084472656
1951-09-14,,23.690000534057617
1951-09-17,,23.6200008392334
1951-09-18,,23.59000015258789
1951-09-19,,23.59000015258789
1951-09-20,,23.56999969482422
1951-09-21,,23.399999618530273
1951-09-24,,23.299999237060547
1951-09-25,,23.3799991607666
1951-09-26,,23.399999618530273
1951-09-27,,23.270000457763672
1951-09-28,,23.260000228881836
1951-10-01,,23.469999313354492
1951-10-02,,23.639999389648438
1951-10-03,,23.790000915527344
1951-10-04,,23.719999313354492
1951-10-05,,23.780000686645508
1951-10-08,,23.75
1951-10-09,,23.649999618530273
1951-10-10,,23.610000610351562
1951-10-11,,23.700000762939453
1951-10-15,,23.850000381469727
1951-10-16,,23.770000457763672
1951-10-17,,23.690000534057617
1951-10-18,,23.670000076293945
1951-10-19,,23.31999969482422
1951-10-22,,22.75
1951-10-23,,22.84000015258789
1951-10-24,,23.030000686645508
1951-10-25,,22.959999084472656
1951-10-26,,22.809999465942383
1951-10-29,,22.690000534057617
1951-10-30,,22.65999984741211
1951-10-31,,22.940000534057617
1951-11-01,,23.100000381469727
1951-11-02,,22.93000030517578
1951-11-05,,22.81999969482422
1951-11-07,,22.489999771118164
1951-11-08,,22.469999313354492
1951-11-09,,22.75
1951-11-13,,22.790000915527344
1951-11-14,,22.850000381469727
1951-11-15,,22.84000015258789
1951-11-16,,22.81999969482422
1951-11-19,,22.729999542236328
1951-11-20,,22.68000030517578
1951-11-21,,22.639999389648438
1951-11-23,,22.399999618530273
1951-11-26,,22.43000030517578
1951-11-27,,22.65999984741211
1951-11-28,,22.610000610351562
1951-11-29,,22.670000076293945
1951-11-30,,22.8799991607666
1951-12-03,,23.010000228881836
1951-12-04,,23.139999389648438
1951-12-05,,23.06999969482422
1951-12-06,,23.34000015258789
1951-12-07,,23.3799991607666
1951-12-10,,23.420000076293945
1951-12-11,,23.299999237060547
1951-12-12,,23.3700008392334
1951-12-13,,23.389999389648438
1951-12-14,,23.3700008392334
1951-12-17,,23.40999984741211
1951-12-18,,23.489999771118164
1951-12-19,,23.56999969482422
1951-12-20,,23.56999969482422
1951-12-21,,23.510000228881836
1951-12-24,,23.540000915527344
1951-12-26,,23.440000534057617
1951-12-27,,23.649999618530273
1951-12-28,,23.690000534057617
1951-12-31,,23.770000457763672
1952-01-02,,23.799999237060547
1952-01-03,,23.8799991607666
1952-01-04,,23.920000076293945
1952-01-07,,23.90999984741211
1952-01-08,,23.81999969482422
1952-01-09,,23.739999771118164
1952-01-10,,23.860000610351562
1952-01-11,,23.979999542236328
1952-01-14,,24.15999984741211
1952-01-15,,24.059999465942383
1952-01-16,,24.09000015258789
1952-01-17,,24.200000762939453
1952-01-18,,24.25
1952-01-21,,24.459999084472656
1952-01-22,,24.65999984741211
1952-01-23,,24.540000915527344
1952-01-24,,24.559999465942383
1952-01-25,,24.549999237060547
1952-01-28,,24.610000610351562
1952-01-29,,24.56999969482422
1952-01-30,,24.229999542236328
1952-01-31,,24.139999389648438
1952-02-01,,24.299999237060547
1952-02-04,,24.1200008392334
1952-02-05,,24.110000610351562
1952-02-06,,24.18000030517578
1952-02-07,,24.110000610351562
1952-02-08,,24.239999771118164
1952-02-11,,24.110000610351562
1952-02-13,,23.920000076293945
1952-02-14,,23.8700008392334
1952-02-15,,23.860000610351562
1952-02-18,,23.739999771118164
1952-02-19,,23.360000610351562
1952-02-20,,23.09000015258789
1952-02-21,,23.15999984741211
1952-02-25,,23.229999542236328
1952-02-26,,23.149999618530273
1952-02-27,,23.18000030517578
1952-02-28,,23.290000915527344
1952-02-29,,23.260000228881836
1952-03-03,,23.290000915527344
1952-03-04,,23.68000030517578
1952-03-05,,23.709999084472656
1952-03-06,,23.690000534057617
1952-03-07,,23.719999313354492
1952-03-10,,23.600000381469727
1952-03-11,,23.6200008392334
1952-03-12,,23.729999542236328
1952-03-13,,23.75
1952-03-14,,23.75
1952-03-17,,23.920000076293945
1952-03-18,,23.8700008392334
1952-03-19,,23.81999969482422
1952-03-20,,23.889999389648438
1952-03-21,,23.93000030517578
1952-03-24,,23.93000030517578
1952-03-25,,23.790000915527344
1952-03-26,,23.780000686645508
1952-03-27,,23.989999771118164
1952-03-28,,24.18000030517578
1952-03-31,,24.3700008392334
1952-04-01,,24.18000030517578
1952-04-02,,24.1200008392334
1952-04-03,,24.1200008392334
1952-04-04,,24.020000457763672
1952-04-07,,23.799999237060547
1952-04-08,,23.90999984741211
1952-04-09,,23.940000534057617
1952-04-10,,24.110000610351562
1952-04-14,,23.950000762939453
1952-04-15,,23.649999618530273
1952-04-16,,23.579999923706055
1952-04-17,,23.40999984741211
1952-04-18,,23.5
1952-04-21,,23.690000534057617
1952-04-22,,23.579999923706055
1952-04-23,,23.479999542236328
1952-04-24,,23.43000030517578
1952-04-25,,23.540000915527344
1952-04-28,,23.549999237060547
1952-04-29,,23.489999771118164
1952-04-30,,23.31999969482422
1952-05-01,,23.170000076293945
1952-05-02,,23.559999465942383
1952-05-05,,23.65999984741211
1952-05-06,,23.670000076293945
1952-05-07,,23.809999465942383
1952-05-08,,23.860000610351562
1952-05-09,,23.84000015258789
1952-05-12,,23.75
1952-05-13,,23.780000686645508
1952-05-14,,23.68000030517578
1952-05-15,,23.600000381469727
1952-05-16,,23.559999465942383
1952-05-19,,23.610000610351562
1952-05-20,,23.739999771118164
1952-05-21,,23.780000686645508
1952-05-22,,23.90999984741211
1952-05-23,,23.889999389648438
1952-05-26,,23.940000534057617
1952-05-27,,23.8799991607666
1952-05-28,,23.84000015258789
1952-05-29,,23.860000610351562
1952-06-02,,23.799999237060547
1952-06-03,,23.780000686645508
1952-06-04,,23.950000762939453
1952-06-05,,24.100000381469727
1952-06-06,,24.260000228881836
1952-06-09,,24.3700008392334
1952-06-10,,24.229999542236328
1952-06-11,,24.309999465942383
1952-06-12,,24.309999465942383
1952-06-13,,24.3700008392334
1952-06-16,,24.299999237060547
1952-06-17,,24.329999923706055
1952-06-18,,24.43000030517578
1952-06-19,,24.510000228881836
1952-06-20,,24.59000015258789
1952-06-23,,24.559999465942383
1952-06-24,,24.600000381469727
1952-06-25,,24.65999984741211
1952-06-26,,24.75
1952-06-27,,24.829999923706055
1952-06-30,,24.959999084472656
1952-07-01,,25.1200008392334
1952-07-02,,25.059999465942383
1952-07-03,,25.049999237060547
1952-07-07,,24.969999313354492
1952-07-08,,24.959999084472656
1952-07-09,,24.860000610351562
1952-07-10,,24.809999465942383
1952-07-11,,24.979999542236328
1952-07-14,,25.030000686645508
1952-07-15,,25.15999984741211
1952-07-16,,25.15999984741211
1952-07-17,,25.049999237060547
1952-07-18,,24.850000381469727
1952-07-21,,24.950000762939453
1952-07-22,,25.0
1952-07-23,,25.110000610351562
1952-07-24,,25.239999771118164
1952-07-25,,25.15999984741211
1952-07-28,,25.200000762939453
1952-07-29,,25.260000228881836
1952-07-30,,25.3700008392334
1952-07-31,,25.399999618530273
1952-08-01,,25.450000762939453
1952-08-04,,25.43000030517578
1952-08-05,,25.459999084472656
1952-08-06,,25.440000534057617
1952-08-07,,25.520000457763672
1952-08-08,,25.549999237060547
1952-08-11,,25.520000457763672
1952-08-12,,25.309999465942383
1952-08-13,,25.280000686645508
1952-08-14,,25.280000686645508
1952-08-15,,25.200000762939453
1952-08-18,,24.940000534057617
1952-08-19,,24.889999389648438
1952-08-20,,24.950000762939453
1952-08-21,,24.979999542236328
1952-08-22,,24.989999771118164
1952-08-25,,24.8700008392334
1952-08-26,,24.829999923706055
1952-08-27,,24.940000534057617
1952-08-28,,24.969999313354492
1952-08-29,,25.030000686645508
1952-09-02,,25.149999618530273
1952-09-03,,25.25
1952-09-04,,25.239999771118164
1952-09-05,,25.209999084472656
1952-09-08,,25.110000610351562
1952-09-09,,24.860000610351562
1952-09-10,,24.690000534057617
1952-09-11,,24.719999313354492
1952-09-12,,24.709999084472656
1952-09-15,,24.450000762939453
1952-09-16,,24.530000686645508
1952-09-17,,24.579999923706055
1952-09-18,,24.510000228881836
1952-09-19,,24.56999969482422
1952-09-22,,24.59000015258789
1952-09-23,,24.700000762939453
1952-09-24,,24.790000915527344
1952-09-25,,24.809999465942383
1952-09-26,,24.729999542236328
1952-09-29,,24.68000030517578
1952-09-30,,24.540000915527344
1952-10-01,,24.479999542236328
1952-10-02,,24.520000457763672
1952-10-03,,24.5
1952-10-06,,24.440000534057617
1952-10-07,,24.399999618530273
1952-10-08,,24.579999923706055
1952-10-09,,24.56999969482422
1952-10-10,,24.549999237060547
1952-10-14,,24.479999542236328
1952-10-15,,24.059999465942383
1952-10-16,,23.90999984741211
1952-10-17,,24.200000762939453
1952-10-20,,24.1299991607666
1952-10-21,,24.06999969482422
1952-10-22,,23.799999237060547
1952-10-23,,23.8700008392334
1952-10-24,,24.030000686645508
1952-10-27,,24.09000015258789
1952-10-28,,24.1299991607666
1952-10-29,,24.149999618530273
1952-10-30,,24.149999618530273
1952-10-31,,24.520000457763672
1952-11-03,,24.600000381469727
1952-11-05,,24.670000076293945
1952-11-06,,24.770000457763672
1952-11-07,,24.780000686645508
1952-11-10,,24.770000457763672
1952-11-12,,24.649999618530273
1952-11-13,,24.709999084472656
1952-11-14,,24.75
1952-11-17,,24.799999237060547
1952-11-18,,25.15999984741211
1952-11-19,,25.329999923706055
1952-11-20,,25.280000686645508
1952-11-21,,25.270000457763672
1952-11-24,,25.420000076293945
1952-11-25,,25.360000610351562
1952-11-26,,25.520000457763672
1952-11-28,,25.65999984741211
1952-12-01,,25.68000030517578
1952-12-02,,25.739999771118164
1952-12-03,,25.709999084472656
1952-12-04,,25.610000610351562
1952-12-05,,25.6200008392334
1952-12-08,,25.760000228881836
1952-12-09,,25.93000030517578
1952-12-10,,25.979999542236328
1952-12-11,,25.959999084472656
1952-12-12,,26.040000915527344
1952-12-15,,26.040000915527344
1952-12-16,,26.06999969482422
1952-12-17,,26.040000915527344
1952-12-18,,26.030000686645508
1952-12-19,,26.149999618530273
1952-12-22,,26.299999237060547
1952-12-23,,26.190000534057617
1952-12-24,,26.209999084472656
1952-12-26,,26.25
1952-12-29,,26.399999618530273
1952-12-30,,26.59000015258789
1952-12-31,,26.56999969482422
1953-01-02,,26.540000915527344
1953-01-05,,26.65999984741211
1953-01-06,,26.479999542236328
1953-01-07,,26.3700008392334
1953-01-08,,26.329999923706055
1953-01-09,,26.079999923706055
1953-01-12,,25.860000610351562
1953-01-13,,26.020000457763672
1953-01-14,,26.079999923706055
1953-01-15,,26.1299991607666
1953-01-16,,26.020000457763672
1953-01-19,,26.010000228881836
1953-01-20,,26.139999389648438
1953-01-21,,26.09000015258789
1953-01-22,,26.1200008392334
1953-01-23,,26.06999969482422
1953-01-26,,26.020000457763672
1953-01-27,,26.049999237060547
1953-01-28,,26.1299991607666
1953-01-29,,26.200000762939453
1953-01-30,,26.3799991607666
1953-02-02,,26.510000228881836
1953-02-03,,26.540000915527344
1953-02-04,,26.420000076293945
1953-02-05,,26.149999618530273
1953-02-06,,26.510000228881836
1953-02-09,,25.690000534057617
1953-02-10,,25.6200008392334
1953-02-11,,25.639999389648438
1953-02-13,,25.739999771118164
1953-02-16,,25.649999618530273
1953-02-17,,25.5
1953-02-18,,25.479999542236328
1953-02-19,,25.56999969482422
1953-02-20,,25.6299991607666
1953-02-24,,25.75
1953-02-25,,25.90999984741211
1953-02-26,,25.950000762939453
1953-02-27,,25.899999618530273
1953-03-02,,25.93000030517578
1953-03-03,,26.0
1953-03-04,,25.780000686645508
1953-03-05,,25.790000915527344
1953-03-06,,25.84000015258789
1953-03-09,,25.829999923706055
1953-03-10,,25.90999984741211
1953-03-11,,26.1200008392334
1953-03-12,,26.1299991607666
1953-03-13,,26.18000030517578
1953-03-16,,26.219999313354492
1953-03-17,,26.329999923706055
1953-03-18,,26.239999771118164
1953-03-19,,26.219999313354492
1953-03-20,,26.18000030517578
1953-03-23,,26.020000457763672
1953-03-24,,26.170000076293945
1953-03-25,,26.100000381469727
1953-03-26,,25.950000762939453
1953-03-27,,25.989999771118164
1953-03-30,,25.610000610351562
1953-03-31,,25.290000915527344
1953-04-01,,25.25
1953-04-02,,25.229999542236328
1953-04-06,,24.610000610351562
1953-04-07,,24.709999084472656
1953-04-08,,24.93000030517578
1953-04-09,,24.8799991607666
1953-04-10,,24.81999969482422
1953-04-13,,24.770000457763672
1953-04-14,,24.860000610351562
1953-04-15,,24.959999084472656
1953-04-16,,24.90999984741211
1953-04-17,,24.6200008392334
1953-04-20,,24.729999542236328
1953-04-21,,24.670000076293945
1953-04-22,,24.459999084472656
1953-04-23,,24.190000534057617
1953-04-24,,24.200000762939453
1953-04-27,,24.34000015258789
1953-04-28,,24.520000457763672
1953-04-29,,24.68000030517578
1953-04-30,,24.6200008392334
1953-05-01,,24.729999542236328
1953-05-04,,25.0
1953-05-05,,25.030000686645508
1953-05-06,,25.0
1953-05-07,,24.899999618530273
1953-05-08,,24.899999618530273
1953-05-11,,24.90999984741211
1953-05-12,,24.739999771118164
1953-05-13,,24.709999084472656
1953-05-14,,24.850000381469727
1953-05-15,,24.84000015258789
1953-05-18,,24.75
1953-05-19,,24.700000762939453
1953-05-20,,24.93000030517578
1953-05-21,,25.059999465942383
1953-05-22,,25.030000686645508
1953-05-25,,24.989999771118164
1953-05-26,,24.8700008392334
1953-05-27,,24.639999389648438
1953-05-28,,24.459999084472656
1953-05-29,,24.540000915527344
1953-06-01,,24.149999618530273
1953-06-02,,24.219999313354492
1953-06-03,,24.18000030517578
1953-06-04,,24.030000686645508
1953-06-05,,24.09000015258789
1953-06-08,,24.010000228881836
1953-06-09,,23.600000381469727
1953-06-10,,23.540000915527344
1953-06-11,,23.75
1953-06-12,,23.81999969482422
1953-06-15,,23.6200008392334
1953-06-16,,23.549999237060547
1953-06-17,,23.850000381469727
1953-06-18,,23.84000015258789
1953-06-19,,23.84000015258789
1953-06-22,,23.959999084472656
1953-06-23,,24.1200008392334
1953-06-24,,24.09000015258789
1953-06-25,,24.190000534057617
1953-06-26,,24.209999084472656
1953-06-29,,24.139999389648438
1953-06-30,,24.139999389648438
1953-07-01,,24.239999771118164
1953-07-02,,24.309999465942383
1953-07-03,,24.360000610351562
1953-07-06,,24.3799991607666
1953-07-07,,24.510000228881836
1953-07-08,,24.5
1953-07-09,,24.43000030517578
1953-07-10,,24.40999984741211
1953-07-13,,24.170000076293945
1953-07-14,,24.079999923706055
1953-07-15,,24.149999618530273
1953-07-16,,24.18000030517578
1953-07-17,,24.350000381469727
1953-07-20,,24.219999313354492
1953-07-21,,24.15999984741211
1953-07-22,,24.190000534057617
1953-07-23,,24.229999542236328
1953-07-24,,24.229999542236328
1953-07-27,,24.06999969482422
1953-07-28,,24.110000610351562
1953-07-29,,24.260000228881836
1953-07-30,,24.489999771118164
1953-07-31,,24.75
1953-08-03,,24.84000015258789
1953-08-04,,24.780000686645508
1953-08-05,,24.68000030517578
1953-08-06,,24.799999237060547
1953-08-07,,24.780000686645508
1953-08-10,,24.75
1953-08-11,,24.719999313354492
1953-08-12,,24.780000686645508
1953-08-13,,24.729999542236328
1953-08-14,,24.6200008392334
1953-08-17,,24.559999465942383
1953-08-18,,24.459999084472656
1953-08-19,,24.309999465942383
1953-08-20,,24.290000915527344
1953-08-21,,24.350000381469727
1953-08-24,,24.09000015258789
1953-08-25,,23.93000030517578
1953-08-26,,23.860000610351562
1953-08-27,,23.790000915527344
1953-08-28,,23.739999771118164
1953-08-31,,23.31999969482422
1953-09-01,,23.420000076293945
1953-09-02,,23.559999465942383
1953-09-03,,23.510000228881836
1953-09-04,,23.56999969482422
1953-09-08,,23.610000610351562
1953-09-09,,23.649999618530273
1953-09-10,,23.40999984741211
1953-09-11,,23.139999389648438
1953-09-14,,22.709999084472656
1953-09-15,,22.899999618530273
1953-09-16,,23.010000228881836
1953-09-17,,23.06999969482422
1953-09-18,,22.950000762939453
1953-09-21,,22.8799991607666
1953-09-22,,23.200000762939453
1953-09-23,,23.229999542236328
1953-09-24,,23.239999771118164
1953-09-25,,23.299999237060547
1953-09-28,,23.450000762939453
1953-09-29,,23.489999771118164
1953-09-30,,23.350000381469727
1953-10-01,,23.489999771118164
1953-10-02,,23.59000015258789
1953-10-05,,23.479999542236328
1953-10-06,,23.389999389648438
1953-10-07,,23.579999923706055
1953-10-08,,23.6200008392334
1953-10-09,,23.65999984741211
1953-10-13,,23.56999969482422
1953-10-14,,23.68000030517578
1953-10-15,,23.950000762939453
1953-10-16,,24.139999389648438
1953-10-19,,24.15999984741211
1953-10-20,,24.170000076293945
1953-10-21,,24.190000534057617
1953-10-22,,24.299999237060547
1953-10-23,,24.350000381469727
1953-10-26,,24.309999465942383
1953-10-27,,24.260000228881836
1953-10-28,,24.290000915527344
1953-10-29,,24.579999923706055
1953-10-30,,24.540000915527344
1953-11-02,,24.65999984741211
1953-11-04,,24.510000228881836
1953-11-05,,24.639999389648438
1953-11-06,,24.610000610351562
1953-11-09,,24.65999984741211
1953-11-10,,24.3700008392334
1953-11-12,,24.459999084472656
1953-11-13,,24.540000915527344
1953-11-16,,24.3799991607666
1953-11-17,,24.25
1953-11-18,,24.290000915527344
1953-11-19,,24.399999618530273
1953-11-20,,24.440000534057617
1953-11-23,,24.360000610351562
1953-11-24,,24.5
1953-11-25,,24.520000457763672
1953-11-27,,24.65999984741211
1953-11-30,,24.760000228881836
1953-12-01,,24.780000686645508
1953-12-02,,24.950000762939453
1953-12-03,,24.969999313354492
1953-12-04,,24.979999542236328
1953-12-07,,24.950000762939453
1953-12-08,,24.8700008392334
1953-12-09,,24.84000015258789
1953-12-10,,24.780000686645508
1953-12-11,,24.760000228881836
1953-12-14,,24.690000534057617
1953-12-15,,24.709999084472656
1953-12-16,,24.959999084472656
1953-12-17,,24.940000534057617
1953-12-18,,24.989999771118164
1953-12-21,,24.950000762939453
1953-12-22,,24.760000228881836
1953-12-23,,24.690000534057617
1953-12-24,,24.799999237060547
1953-12-28,,24.709999084472656
1953-12-29,,24.549999237060547
1953-12-30,,24.760000228881836
1953-12-31,,24.809999465942383
1954-01-04,,24.950000762939453
1954-01-05,,25.100000381469727
1954-01-06,,25.139999389648438
1954-01-07,,25.059999465942383
1954-01-08,,24.93000030517578
1954-01-11,,24.799999237060547
1954-01-12,,24.93000030517578
1954-01-13,,25.06999969482422
1954-01-14,,25.190000534057617
1954-01-15,,25.43000030517578
1954-01-18,,25.43000030517578
1954-01-19,,25.68000030517578
1954-01-20,,25.75
1954-01-21,,25.790000915527344
1954-01-22,,25.850000381469727
1954-01-25,,25.93000030517578
1954-01-26,,26.09000015258789
1954-01-27,,26.010000228881836
1954-01-28,,26.020000457763672
1954-01-29,,26.079999923706055
1954-02-01,,25.989999771118164
1954-02-02,,25.920000076293945
1954-02-03,,26.010000228881836
1954-02-04,,26.200000762939453
1954-02-05,,26.299999237060547
1954-02-08,,26.229999542236328
1954-02-09,,26.170000076293945
1954-02-10,,26.139999389648438
1954-02-11,,26.059999465942383
1954-02-12,,26.1200008392334
1954-02-15,,26.040000915527344
1954-02-16,,25.809999465942383
1954-02-17,,25.860000610351562
1954-02-18,,25.860000610351562
1954-02-19,,25.920000076293945
1954-02-23,,25.829999923706055
1954-02-24,,25.829999923706055
1954-02-25,,25.90999984741211
1954-02-26,,26.149999618530273
1954-03-01,,26.25
1954-03-02,,26.31999969482422
1954-03-03,,26.31999969482422
1954-03-04,,26.40999984741211
1954-03-05,,26.520000457763672
1954-03-08,,26.450000762939453
1954-03-09,,26.510000228881836
1954-03-10,,26.56999969482422
1954-03-11,,26.690000534057617
1954-03-12,,26.690000534057617
1954-03-15,,26.56999969482422
1954-03-16,,26.559999465942383
1954-03-17,,26.6200008392334
1954-03-18,,26.729999542236328
1954-03-19,,26.809999465942383
1954-03-22,,26.790000915527344
1954-03-23,,26.600000381469727
1954-03-24,,26.469999313354492
1954-03-25,,26.420000076293945
1954-03-26,,26.559999465942383
1954-03-29,,26.65999984741211
1954-03-30,,26.690000534057617
1954-03-31,,26.940000534057617
1954-04-01,,27.170000076293945
1954-04-02,,27.209999084472656
1954-04-05,,27.260000228881836
1954-04-06,,27.010000228881836
1954-04-07,,27.110000610351562
1954-04-08,,27.3799991607666
1954-04-09,,27.3799991607666
1954-04-12,,27.56999969482422
1954-04-13,,27.639999389648438
1954-04-14,,27.850000381469727
1954-04-15,,27.940000534057617
1954-04-19,,27.760000228881836
1954-04-20,,27.75
1954-04-21,,27.639999389648438
1954-04-22,,27.68000030517578
1954-04-23,,27.780000686645508
1954-04-26,,27.8799991607666
1954-04-27,,27.709999084472656
1954-04-28,,27.760000228881836
1954-04-29,,28.18000030517578
1954-04-30,,28.260000228881836
1954-05-03,,28.209999084472656
1954-05-04,,28.280000686645508
1954-05-05,,28.290000915527344
1954-05-06,,28.510000228881836
1954-05-07,,28.649999618530273
1954-05-10,,28.6200008392334
1954-05-11,,28.489999771118164
1954-05-12,,28.719999313354492
1954-05-13,,28.559999465942383
1954-05-14,,28.799999237060547
1954-05-17,,28.84000015258789
1954-05-18,,28.850000381469727
1954-05-19,,28.719999313354492
1954-05-20,,28.81999969482422
1954-05-21,,28.989999771118164
1954-05-24,,29.0
1954-05-25,,28.93000030517578
1954-05-26,,29.170000076293945
1954-05-27,,29.049999237060547
1954-05-28,,29.190000534057617
1954-06-01,,29.190000534057617
1954-06-02,,29.15999984741211
1954-06-03,,29.149999618530273
1954-06-04,,29.100000381469727
1954-06-07,,28.989999771118164
1954-06-08,,28.34000015258789
1954-06-09,,28.149999618530273
1954-06-10,,28.34000015258789
1954-06-11,,28.579999923706055
1954-06-14,,28.6200008392334
1954-06-15,,28.829999923706055
1954-06-16,,29.040000915527344
1954-06-17,,28.959999084472656
1954-06-18,,29.040000915527344
1954-06-21,,29.059999465942383
1954-06-22,,29.079999923706055
1954-06-23,,29.1299991607666
1954-06-24,,29.260000228881836
1954-06-25,,29.200000762939453
1954-06-28,,29.280000686645508
1954-06-29,,29.43000030517578
1954-06-30,,29.209999084472656
1954-07-01,,29.209999084472656
1954-07-02,,29.59000015258789
1954-07-06,,29.920000076293945
1954-07-07,,29.940000534057617
1954-07-08,,29.940000534057617
1954-07-09,,30.139999389648438
1954-07-12,,30.1200008392334
1954-07-13,,30.020000457763672
1954-07-14,,30.09000015258789
1954-07-15,,30.190000534057617
1954-07-16,,30.059999465942383
1954-07-19,,29.979999542236328
1954-07-20,,29.84000015258789
1954-07-21,,30.030000686645508
1954-07-22,,30.270000457763672
1954-07-23,,30.309999465942383
1954-07-26,,30.34000015258789
1954-07-27,,30.520000457763672
1954-07-28,,30.579999923706055
1954-07-29,,30.690000534057617
1954-07-30,,30.8799991607666
1954-08-02,,30.989999771118164
1954-08-03,,30.93000030517578
1954-08-04,,30.899999618530273
1954-08-05,,30.770000457763672
1954-08-06,,30.3799991607666
1954-08-09,,30.1200008392334
1954-08-10,,30.3700008392334
1954-08-11,,30.719999313354492
1954-08-12,,30.59000015258789
1954-08-13,,30.719999313354492
1954-08-16,,31.049999237060547
1954-08-17,,31.1200008392334
1954-08-18,,31.09000015258789
1954-08-19,,31.15999984741211
1954-08-20,,31.209999084472656
1954-08-23,,31.0
1954-08-24,,30.8700008392334
1954-08-25,,30.649999618530273
1954-08-26,,30.56999969482422
1954-08-27,,30.65999984741211
1954-08-30,,30.350000381469727
1954-08-31,,29.829999923706055
1954-09-01,,30.040000915527344
1954-09-02,,30.270000457763672
1954-09-03,,30.5
1954-09-07,,30.65999984741211
1954-09-08,,30.68000030517578
1954-09-09,,30.729999542236328
1954-09-10,,30.84000015258789
1954-09-13,,31.1200008392334
1954-09-14,,31.280000686645508
1954-09-15,,31.290000915527344
1954-09-16,,31.459999084472656
1954-09-17,,31.709999084472656
1954-09-20,,31.56999969482422
1954-09-21,,31.790000915527344
1954-09-22,,32.0
1954-09-23,,32.18000030517578
1954-09-24,,32.400001525878906
1954-09-27,,32.529998779296875
1954-09-28,,32.689998626708984
1954-09-29,,32.5
1954-09-30,,32.310001373291016
1954-10-01,,32.290000915527344
1954-10-04,,32.470001220703125
1954-10-05,,32.630001068115234
1954-10-06,,32.7599983215332
1954-10-07,,32.689998626708984
1954-10-08,,32.66999816894531
1954-10-11,,32.40999984741211
1954-10-12,,32.279998779296875
1954-10-13,,32.27000045776367
1954-10-14,,31.8799991607666
1954-10-15,,31.709999084472656
1954-10-18,,31.829999923706055
1954-10-19,,31.90999984741211
1954-10-20,,32.16999816894531
1954-10-21,,32.130001068115234
1954-10-22,,32.130001068115234
1954-10-25,,31.959999084472656
1954-10-26,,31.940000534057617
1954-10-27,,32.02000045776367
1954-10-28,,31.8799991607666
1954-10-29,,31.68000030517578
1954-11-01,,31.790000915527344
1954-11-03,,32.439998626708984
1954-11-04,,32.81999969482422
1954-11-05,,32.709999084472656
1954-11-08,,33.02000045776367
1954-11-09,,33.150001525878906
1954-11-10,,33.18000030517578
1954-11-11,,33.470001220703125
1954-11-12,,33.540000915527344
1954-11-15,,33.470001220703125
1954-11-16,,33.56999969482422
1954-11-17,,33.630001068115234
1954-11-18,,33.439998626708984
1954-11-19,,33.45000076293945
1954-11-22,,33.58000183105469
1954-11-23,,34.029998779296875
1954-11-24,,34.220001220703125
1954-11-26,,34.54999923706055
1954-11-29,,34.540000915527344
1954-11-30,,34.2400016784668
1954-12-01,,33.9900016784668
1954-12-02,,34.18000030517578
1954-12-03,,34.4900016784668
1954-12-06,,34.7599983215332
1954-12-07,,34.91999816894531
1954-12-08,,34.86000061035156
1954-12-09,,34.689998626708984
1954-12-10,,34.560001373291016
1954-12-13,,34.59000015258789
1954-12-14,,34.349998474121094
1954-12-15,,34.560001373291016
1954-12-16,,34.93000030517578
1954-12-17,,35.91999816894531
1954-12-20,,35.33000183105469
1954-12-21,,35.380001068115234
1954-12-22,,35.34000015258789
1954-12-23,,35.369998931884766
1954-12-27,,35.06999969482422
1954-12-28,,35.43000030517578
1954-12-29,,35.7400016784668
1954-12-30,,35.7400016784668
1954-12-31,,35.97999954223633
1955-01-03,,36.75
1955-01-04,,36.41999816894531
1955-01-05,,35.52000045776367
1955-01-06,,35.040000915527344
1955-01-07,,35.33000183105469
1955-01-10,,35.790000915527344
1955-01-11,,35.68000030517578
1955-01-12,,35.58000183105469
1955-01-13,,35.43000030517578
1955-01-14,,35.279998779296875
1955-01-17,,34.58000183105469
1955-01-18,,34.79999923706055
1955-01-19,,34.959999084472656
1955-01-20,,35.130001068115234
1955-01-21,,35.439998626708984
1955-01-24,,35.52000045776367
1955-01-25,,35.5099983215332
1955-01-26,,35.95000076293945
1955-01-27,,35.9900016784668
1955-01-28,,36.189998626708984
1955-01-31,,36.630001068115234
1955-02-01,,36.720001220703125
1955-02-02,,36.61000061035156
1955-02-03,,36.439998626708984
1955-02-04,,36.959999084472656
1955-02-07,,36.959999084472656
1955-02-08,,36.459999084472656
1955-02-09,,36.75
1955-02-10,,37.08000183105469
1955-02-11,,37.150001525878906
1955-02-14,,36.88999938964844
1955-02-15,,36.88999938964844
1955-02-16,,36.77000045776367
1955-02-17,,36.84000015258789
1955-02-18,,36.88999938964844
1955-02-21,,36.849998474121094
1955-02-23,,36.81999969482422
1955-02-24,,36.619998931884766
1955-02-25,,36.56999969482422
1955-02-28,,36.7599983215332
1955-03-01,,36.83000183105469
1955-03-02,,37.150001525878906
1955-03-03,,37.290000915527344
1955-03-04,,37.52000045776367
1955-03-07,,37.279998779296875
1955-03-08,,36.58000183105469
1955-03-09,,36.220001220703125
1955-03-10,,36.45000076293945
1955-03-11,,35.81999969482422
1955-03-14,,34.959999084472656
1955-03-15,,35.709999084472656
1955-03-16,,35.97999954223633
1955-03-17,,36.119998931884766
1955-03-18,,36.18000030517578
1955-03-21,,35.95000076293945
1955-03-22,,36.16999816894531
1955-03-23,,36.63999938964844
1955-03-24,,36.93000030517578
1955-03-25,,36.959999084472656
1955-03-28,,36.83000183105469
1955-03-29,,36.849998474121094
1955-03-30,,36.52000045776367
1955-03-31,,36.58000183105469
1955-04-01,,36.95000076293945
1955-04-04,,36.83000183105469
1955-04-05,,36.97999954223633
1955-04-06,,37.16999816894531
1955-04-07,,37.34000015258789
1955-04-11,,37.439998626708984
1955-04-12,,37.65999984741211
1955-04-13,,37.709999084472656
1955-04-14,,37.790000915527344
1955-04-15,,37.959999084472656
1955-04-18,,38.27000045776367
1955-04-19,,38.220001220703125
1955-04-20,,38.279998779296875
1955-04-21,,38.31999969482422
1955-04-22,,38.0099983215332
1955-04-25,,38.11000061035156
1955-04-26,,38.310001373291016
1955-04-27,,38.11000061035156
1955-04-28,,37.68000030517578
1955-04-29,,37.959999084472656
1955-05-02,,38.040000915527344
1955-05-03,,37.70000076293945
1955-05-04,,37.63999938964844
1955-05-05,,37.81999969482422
1955-05-06,,37.88999938964844
1955-05-09,,37.93000030517578
1955-05-10,,37.849998474121094
1955-05-11,,37.41999816894531
1955-05-12,,37.20000076293945
1955-05-13,,37.439998626708984
1955-05-16,,37.02000045776367
1955-05-17,,36.970001220703125
1955-05-18,,37.279998779296875
1955-05-19,,37.4900016784668
1955-05-20,,37.7400016784668
1955-05-23,,37.47999954223633
1955-05-24,,37.459999084472656
1955-05-25,,37.599998474121094
1955-05-26,,37.849998474121094
1955-05-27,,37.93000030517578
1955-05-31,,37.90999984741211
1955-06-01,,37.959999084472656
1955-06-02,,38.0099983215332
1955-06-03,,38.369998931884766
1955-06-06,,39.689998626708984
1955-06-07,,39.959999084472656
1955-06-08,,39.220001220703125
1955-06-09,,39.0099983215332
1955-06-10,,39.25
1955-06-13,,39.619998931884766
1955-06-14,,39.66999816894531
1955-06-15,,39.88999938964844
1955-06-16,,39.959999084472656
1955-06-17,,40.099998474121094
1955-06-20,,40.13999938964844
1955-06-21,,40.5099983215332
1955-06-22,,40.599998474121094
1955-06-23,,40.75
1955-06-24,,40.959999084472656
1955-06-27,,40.9900016784668
1955-06-28,,40.77000045776367
1955-06-29,,40.790000915527344
1955-06-30,,41.029998779296875
1955-07-01,,41.189998626708984
1955-07-05,,41.689998626708984
1955-07-06,,43.18000030517578
1955-07-07,,42.58000183105469
1955-07-08,,42.63999938964844
1955-07-11,,42.75
1955-07-12,,42.75
1955-07-13,,42.2400016784668
1955-07-14,,42.25
1955-07-15,,42.400001525878906
1955-07-18,,42.36000061035156
1955-07-19,,42.099998474121094
1955-07-20,,42.22999954223633
1955-07-21,,42.63999938964844
1955-07-22,,43.0
1955-07-25,,43.47999954223633
1955-07-26,,43.58000183105469
1955-07-27,,43.7599983215332
1955-07-28,,43.5
1955-07-29,,43.52000045776367
1955-08-01,,42.93000030517578
1955-08-02,,43.029998779296875
1955-08-03,,43.09000015258789
1955-08-04,,42.36000061035156
1955-08-05,,42.560001373291016
1955-08-08,,42.310001373291016
1955-08-09,,41.75
1955-08-10,,41.7400016784668
1955-08-11,,42.130001068115234
1955-08-12,,42.209999084472656
1955-08-15,,42.16999816894531
1955-08-16,,41.86000061035156
1955-08-17,,41.900001525878906
1955-08-18,,41.84000015258789
1955-08-19,,42.02000045776367
1955-08-22,,41.97999954223633
1955-08-23,,42.54999923706055
1955-08-24,,42.61000061035156
1955-08-25,,42.79999923706055
1955-08-26,,42.9900016784668
1955-08-29,,42.959999084472656
1955-08-30,,42.91999816894531
1955-08-31,,43.18000030517578
1955-09-01,,43.369998931884766
1955-09-02,,43.599998474121094
1955-09-06,,43.86000061035156
1955-09-07,,43.849998474121094
1955-09-08,,43.880001068115234
1955-09-09,,43.88999938964844
1955-09-12,,44.189998626708984
1955-09-13,,44.79999923706055
1955-09-14,,44.9900016784668
1955-09-15,,44.75
1955-09-16,,45.09000015258789
1955-09-19,,45.15999984741211
1955-09-20,,45.130001068115234
1955-09-21,,45.38999938964844
1955-09-22,,45.38999938964844
1955-09-23,,45.630001068115234
1955-09-26,,42.61000061035156
1955-09-27,,43.58000183105469
1955-09-28,,44.310001373291016
1955-09-29,,44.029998779296875
1955-09-30,,43.66999816894531
1955-10-03,,42.4900016784668
1955-10-04,,42.81999969482422
1955-10-05,,42.9900016784668
1955-10-06,,42.70000076293945
1955-10-07,,42.380001068115234
1955-10-10,,41.150001525878906
1955-10-11,,40.79999923706055
1955-10-12,,41.52000045776367
1955-10-13,,41.38999938964844
1955-10-14,,41.220001220703125
1955-10-17,,41.349998474121094
1955-10-18,,41.650001525878906
1955-10-19,,42.06999969482422
1955-10-20,,42.59000015258789
1955-10-21,,42.59000015258789
1955-10-24,,42.90999984741211
1955-10-25,,42.630001068115234
1955-10-26,,42.290000915527344
1955-10-27,,42.34000015258789
1955-10-28,,42.369998931884766
1955-10-31,,42.34000015258789
1955-11-01,,42.279998779296875
1955-11-02,,42.349998474121094
1955-11-03,,43.2400016784668
1955-11-04,,43.959999084472656
1955-11-07,,44.150001525878906
1955-11-09,,44.61000061035156
1955-11-10,,44.720001220703125
1955-11-11,,45.2400016784668
1955-11-14,,46.40999984741211
1955-11-15,,46.209999084472656
1955-11-16,,45.90999984741211
1955-11-17,,45.59000015258789
1955-11-18,,45.540000915527344
1955-11-21,,45.220001220703125
1955-11-22,,45.65999984741211
1955-11-23,,45.720001220703125
1955-11-25,,45.68000030517578
1955-11-28,,45.380001068115234
1955-11-29,,45.560001373291016
1955-11-30,,45.5099983215332
1955-12-01,,45.349998474121094
1955-12-02,,45.439998626708984
1955-12-05,,45.70000076293945
1955-12-06,,45.70000076293945
1955-12-07,,45.54999923706055
1955-12-08,,45.81999969482422
1955-12-09,,45.88999938964844
1955-12-12,,45.41999816894531
1955-12-13,,45.45000076293945
1955-12-14,,45.06999969482422
1955-12-15,,45.060001373291016
1955-12-16,,45.130001068115234
1955-12-19,,45.02000045776367
1955-12-20,,44.95000076293945
1955-12-21,,45.84000015258789
1955-12-22,,45.40999984741211
1955-12-23,,45.5
1955-12-27,,45.220001220703125
1955-12-28,,45.04999923706055
1955-12-29,,45.150001525878906
1955-12-30,,45.47999954223633
1956-01-03,,45.15999984741211
1956-01-04,,45.0
1956-01-05,,44.95000076293945
1956-01-06,,45.13999938964844
1956-01-09,,44.5099983215332
1956-01-10,,44.15999984741211
1956-01-11,,44.380001068115234
1956-01-12,,44.75
1956-01-13,,44.66999816894531
1956-01-16,,44.13999938964844
1956-01-17,,44.470001220703125
1956-01-18,,44.16999816894531
1956-01-19,,43.720001220703125
1956-01-20,,43.220001220703125
1956-01-23,,43.11000061035156
1956-01-24,,43.650001525878906
1956-01-25,,43.720001220703125
1956-01-26,,43.459999084472656
1956-01-27,,43.349998474121094
1956-01-30,,43.5
1956-01-31,,43.81999969482422
1956-02-01,,44.029998779296875
1956-02-02,,44.220001220703125
1956-02-03,,44.779998779296875
1956-02-06,,44.810001373291016
1956-02-07,,44.599998474121094
1956-02-08,,44.15999984741211
1956-02-09,,43.65999984741211
1956-02-10,,43.63999938964844
1956-02-13,,43.58000183105469
1956-02-14,,43.41999816894531
1956-02-15,,44.040000915527344
1956-02-16,,43.81999969482422
1956-02-17,,44.52000045776367
1956-02-20,,44.45000076293945
1956-02-21,,44.560001373291016
1956-02-23,,44.95000076293945
1956-02-24,,45.31999969482422
1956-02-27,,45.27000045776367
1956-02-28,,45.43000030517578
1956-02-29,,45.34000015258789
1956-03-01,,45.540000915527344
1956-03-02,,45.810001373291016
1956-03-05,,46.060001373291016
1956-03-06,,46.040000915527344
1956-03-07,,46.0099983215332
1956-03-08,,46.119998931884766
1956-03-09,,46.70000076293945
1956-03-12,,47.130001068115234
1956-03-13,,47.060001373291016
1956-03-14,,47.529998779296875
1956-03-15,,47.9900016784668
1956-03-16,,48.13999938964844
1956-03-19,,48.59000015258789
1956-03-20,,48.869998931884766
1956-03-21,,48.22999954223633
1956-03-22,,48.720001220703125
1956-03-23,,48.83000183105469
1956-03-26,,48.619998931884766
1956-03-27,,48.25
1956-03-28,,48.5099983215332
1956-03-29,,48.47999954223633
1956-04-02,,48.70000076293945
1956-04-03,,48.529998779296875
1956-04-04,,48.79999923706055
1956-04-05,,48.56999969482422
1956-04-06,,48.849998474121094
1956-04-09,,48.61000061035156
1956-04-10,,47.93000030517578
1956-04-11,,48.310001373291016
1956-04-12,,48.02000045776367
1956-04-13,,47.95000076293945
1956-04-16,,47.959999084472656
1956-04-17,,47.93000030517578
1956-04-18,,47.7400016784668
1956-04-19,,47.56999969482422
1956-04-20,,47.7599983215332
1956-04-23,,47.650001525878906
1956-04-24,,47.2599983215332
1956-04-25,,47.09000015258789
1956-04-26,,47.4900016784668
1956-04-27,,47.9900016784668
1956-04-30,,48.380001068115234
1956-05-01,,48.15999984741211
1956-05-02,,48.16999816894531
1956-05-03,,48.34000015258789
1956-05-04,,48.5099983215332
1956-05-07,,48.220001220703125
1956-05-08,,48.02000045776367
1956-05-09,,47.939998626708984
1956-05-10,,47.15999984741211
1956-05-11,,47.119998931884766
1956-05-14,,46.86000061035156
1956-05-15,,46.369998931884766
1956-05-16,,46.04999923706055
1956-05-17,,46.61000061035156
1956-05-18,,46.38999938964844
1956-05-21,,45.9900016784668
1956-05-22,,45.2599983215332
1956-05-23,,45.02000045776367
1956-05-24,,44.599998474121094
1956-05-25,,44.619998931884766
1956-05-28,,44.099998474121094
1956-05-29,,45.11000061035156
1956-05-31,,45.20000076293945
1956-06-01,,45.58000183105469
1956-06-04,,45.849998474121094
1956-06-05,,45.86000061035156
1956-06-06,,45.630001068115234
1956-06-07,,45.9900016784668
1956-06-08,,45.13999938964844
1956-06-11,,45.709999084472656
1956-06-12,,46.36000061035156
1956-06-13,,46.41999816894531
1956-06-14,,46.310001373291016
1956-06-15,,46.369998931884766
1956-06-18,,46.16999816894531
1956-06-19,,46.220001220703125
1956-06-20,,46.40999984741211
1956-06-21,,46.72999954223633
1956-06-22,,46.59000015258789
1956-06-25,,46.40999984741211
1956-06-26,,46.720001220703125
1956-06-27,,47.06999969482422
1956-06-28,,47.130001068115234
1956-06-29,,46.970001220703125
1956-07-02,,46.93000030517578
1956-07-03,,47.31999969482422
1956-07-05,,47.79999923706055
1956-07-06,,48.040000915527344
1956-07-09,,48.25
1956-07-10,,48.540000915527344
1956-07-11,,48.689998626708984
1956-07-12,,48.58000183105469
1956-07-13,,48.720001220703125
1956-07-16,,49.13999938964844
1956-07-17,,49.310001373291016
1956-07-18,,49.29999923706055
1956-07-19,,49.31999969482422
1956-07-20,,49.349998474121094
1956-07-23,,49.33000183105469
1956-07-24,,49.33000183105469
1956-07-25,,49.439998626708984
1956-07-26,,49.47999954223633
1956-07-27,,49.08000183105469
1956-07-30,,49.0
1956-07-31,,49.38999938964844
1956-08-01,,49.619998931884766
1956-08-02,,49.63999938964844
1956-08-03,,49.63999938964844
1956-08-06,,48.959999084472656
1956-08-07,,49.15999984741211
1956-08-08,,49.36000061035156
1956-08-09,,49.31999969482422
1956-08-10,,49.09000015258789
1956-08-13,,48.58000183105469
1956-08-14,,48.0
1956-08-15,,48.9900016784668
1956-08-16,,48.880001068115234
1956-08-17,,48.81999969482422
1956-08-20,,48.25
1956-08-21,,47.88999938964844
1956-08-22,,47.41999816894531
1956-08-23,,48.0
1956-08-24,,47.95000076293945
1956-08-27,,47.65999984741211
1956-08-28,,47.56999969482422
1956-08-29,,47.36000061035156
1956-08-30,,46.939998626708984
1956-08-31,,47.5099983215332
1956-09-04,,47.88999938964844
1956-09-05,,48.02000045776367
1956-09-06,,48.099998474121094
1956-09-07,,47.810001373291016
1956-09-10,,47.560001373291016
1956-09-11,,47.380001068115234
1956-09-12,,47.04999923706055
1956-09-13,,46.09000015258789
1956-09-14,,47.209999084472656
1956-09-17,,47.099998474121094
1956-09-18,,46.790000915527344
1956-09-19,,46.2400016784668
1956-09-20,,46.209999084472656
1956-09-21,,46.58000183105469
1956-09-24,,46.400001525878906
1956-09-25,,45.75
1956-09-26,,45.81999969482422
1956-09-27,,45.599998474121094
1956-09-28,,45.349998474121094
1956-10-01,,44.70000076293945
1956-10-02,,45.52000045776367
1956-10-03,,46.279998779296875
1956-10-04,,46.290000915527344
1956-10-05,,46.45000076293945
1956-10-08,,46.43000030517578
1956-10-09,,46.20000076293945
1956-10-10,,46.84000015258789
1956-10-11,,46.810001373291016
1956-10-12,,47.0
1956-10-15,,46.86000061035156
1956-10-16,,46.619998931884766
1956-10-17,,46.2599983215332
1956-10-18,,46.34000015258789
1956-10-19,,46.2400016784668
1956-10-22,,46.22999954223633
1956-10-23,,46.119998931884766
1956-10-24,,45.93000030517578
1956-10-25,,45.849998474121094
1956-10-26,,46.27000045776367
1956-10-29,,46.400001525878906
1956-10-30,,46.369998931884766
1956-10-31,,45.58000183105469
1956-11-01,,46.52000045776367
1956-11-02,,46.97999954223633
1956-11-05,,47.599998474121094
1956-11-07,,47.11000061035156
1956-11-08,,46.72999954223633
1956-11-09,,46.34000015258789
1956-11-12,,46.4900016784668
1956-11-13,,46.27000045776367
1956-11-14,,46.0099983215332
1956-11-15,,45.720001220703125
1956-11-16,,45.7400016784668
1956-11-19,,45.290000915527344
1956-11-20,,44.88999938964844
1956-11-21,,44.66999816894531
1956-11-23,,45.13999938964844
1956-11-26,,44.869998931884766
1956-11-27,,44.90999984741211
1956-11-28,,44.43000030517578
1956-11-29,,44.380001068115234
1956-11-30,,45.08000183105469
1956-12-03,,45.97999954223633
1956-12-04,,45.84000015258789
1956-12-05,,46.38999938964844
1956-12-06,,46.810001373291016
1956-12-07,,47.040000915527344
1956-12-10,,46.79999923706055
1956-12-11,,46.47999954223633
1956-12-12,,46.130001068115234
1956-12-13,,46.5
1956-12-14,,46.540000915527344
1956-12-17,,46.540000915527344
1956-12-18,,46.540000915527344
1956-12-19,,46.43000030517578
1956-12-20,,46.06999969482422
1956-12-21,,46.369998931884766
1956-12-26,,46.38999938964844
1956-12-27,,46.349998474121094
1956-12-28,,46.560001373291016
1956-12-31,,46.66999816894531
1957-01-02,,46.20000076293945
1957-01-03,,46.599998474121094
1957-01-04,,46.65999984741211
1957-01-07,,46.41999816894531
1957-01-08,,46.25
1957-01-09,,46.15999984741211
1957-01-10,,46.27000045776367
1957-01-11,,46.18000030517578
1957-01-14,,45.86000061035156
1957-01-15,,45.18000030517578
1957-01-16,,45.22999954223633
1957-01-17,,45.220001220703125
1957-01-18,,44.63999938964844
1957-01-21,,44.400001525878906
1957-01-22,,44.529998779296875
1957-01-23,,44.869998931884766
1957-01-24,,45.029998779296875
1957-01-25,,44.81999969482422
1957-01-28,,44.4900016784668
1957-01-29,,44.709999084472656
1957-01-30,,44.90999984741211
1957-01-31,,44.720001220703125
1957-02-01,,44.619998931884766
1957-02-04,,44.529998779296875
1957-02-05,,43.88999938964844
1957-02-06,,43.81999969482422
1957-02-07,,43.619998931884766
1957-02-08,,43.31999969482422
1957-02-11,,42.56999969482422
1957-02-12,,42.38999938964844
1957-02-13,,43.040000915527344
1957-02-14,,42.9900016784668
1957-02-15,,43.5099983215332
1957-02-18,,43.459999084472656
1957-02-19,,43.4900016784668
1957-02-20,,43.630001068115234
1957-02-21,,43.47999954223633
1957-02-25,,43.380001068115234
1957-02-26,,43.45000076293945
1957-02-27,,43.40999984741211
1957-02-28,,43.2599983215332
1957-03-01,,43.7400016784668
1957-03-04,,44.060001373291016
1957-03-05,,44.220001220703125
1957-03-06,,44.22999954223633
1957-03-07,,44.209999084472656
1957-03-08,,44.06999969482422
1957-03-11,,43.779998779296875
1957-03-12,,43.75
1957-03-13,,44.040000915527344
1957-03-14,,44.06999969482422
1957-03-15,,44.04999923706055
1957-03-18,,43.849998474121094
1957-03-19,,44.040000915527344
1957-03-20,,44.099998474121094
1957-03-21,,44.11000061035156
1957-03-22,,44.060001373291016
1957-03-25,,43.880001068115234
1957-03-26,,43.90999984741211
1957-03-27,,44.09000015258789
1957-03-28,,44.18000030517578
1957-03-29,,44.11000061035156
1957-04-01,,44.13999938964844
1957-04-02,,44.41999816894531
1957-04-03,,44.540000915527344
1957-04-04,,44.439998626708984
1957-04-05,,44.4900016784668
1957-04-08,,44.38999938964844
1957-04-09,,44.790000915527344
1957-04-10,,44.97999954223633
1957-04-11,,44.97999954223633
1957-04-12,,44.97999954223633
1957-04-15,,44.95000076293945
1957-04-16,,45.02000045776367
1957-04-17,,45.08000183105469
1957-04-18,,45.40999984741211
1957-04-22,,45.47999954223633
1957-04-23,,45.650001525878906
1957-04-24,,45.720001220703125
1957-04-25,,45.560001373291016
1957-04-26,,45.5
1957-04-29,,45.72999954223633
1957-04-30,,45.7400016784668
1957-05-01,,46.02000045776367
1957-05-02,,46.38999938964844
1957-05-03,,46.34000015258789
1957-05-06,,46.27000045776367
1957-05-07,,46.130001068115234
1957-05-08,,46.310001373291016
1957-05-09,,46.36000061035156
1957-05-10,,46.59000015258789
1957-05-13,,46.880001068115234
1957-05-14,,46.66999816894531
1957-05-15,,46.83000183105469
1957-05-16,,47.02000045776367
1957-05-17,,47.150001525878906
1957-05-20,,47.349998474121094
1957-05-21,,47.33000183105469
1957-05-22,,47.13999938964844
1957-05-23,,47.150001525878906
1957-05-24,,47.209999084472656
1957-05-27,,46.779998779296875
1957-05-28,,46.689998626708984
1957-05-29,,47.11000061035156
1957-05-31,,47.43000030517578
1957-06-03,,47.369998931884766
1957-06-04,,47.279998779296875
1957-06-05,,47.27000045776367
1957-06-06,,47.79999923706055
1957-06-07,,47.849998474121094
1957-06-10,,47.900001525878906
1957-06-11,,47.939998626708984
1957-06-12,,48.04999923706055
1957-06-13,,48.13999938964844
1957-06-14,,48.150001525878906
1957-06-17,,48.2400016784668
1957-06-18,,48.040000915527344
1957-06-19,,47.720001220703125
1957-06-20,,47.43000030517578
1957-06-21,,47.150001525878906
1957-06-24,,46.779998779296875
1957-06-25,,47.150001525878906
1957-06-26,,47.09000015258789
1957-06-27,,47.2599983215332
1957-06-28,,47.369998931884766
1957-07-01,,47.43000030517578
1957-07-02,,47.900001525878906
1957-07-03,,48.459999084472656
1957-07-05,,48.689998626708984
1957-07-08,,48.900001525878906
1957-07-09,,48.900001525878906
1957-07-10,,49.0
1957-07-11,,48.86000061035156
1957-07-12,,49.08000183105469
1957-07-15,,49.130001068115234
1957-07-16,,48.880001068115234
1957-07-17,,48.58000183105469
1957-07-18,,48.529998779296875
1957-07-19,,48.58000183105469
1957-07-22,,48.470001220703125
1957-07-23,,48.560001373291016
1957-07-24,,48.61000061035156
1957-07-25,,48.61000061035156
1957-07-26,,48.45000076293945
1957-07-29,,47.91999816894531
1957-07-30,,47.91999816894531
1957-07-31,,47.90999984741211
1957-08-01,,47.790000915527344
1957-08-02,,47.68000030517578
1957-08-05,,47.2599983215332
1957-08-06,,46.66999816894531
1957-08-07,,47.029998779296875
1957-08-08,,46.900001525878906
1957-08-09,,46.91999816894531
1957-08-12,,46.33000183105469
1957-08-13,,46.29999923706055
1957-08-14,,45.72999954223633
1957-08-15,,45.75
1957-08-16,,45.83000183105469
1957-08-19,,44.90999984741211
1957-08-20,,45.290000915527344
1957-08-21,,45.4900016784668
1957-08-22,,45.15999984741211
1957-08-23,,44.5099983215332
1957-08-26,,43.88999938964844
1957-08-27,,44.61000061035156
1957-08-28,,44.63999938964844
1957-08-29,,44.459999084472656
1957-08-30,,45.220001220703125
1957-09-03,,45.439998626708984
1957-09-04,,45.04999923706055
1957-09-05,,44.81999969482422
1957-09-06,,44.68000030517578
1957-09-09,,44.279998779296875
1957-09-10,,43.869998931884766
1957-09-11,,44.2599983215332
1957-09-12,,44.81999969482422
1957-09-13,,44.79999923706055
1957-09-16,,44.58000183105469
1957-09-17,,44.63999938964844
1957-09-18,,44.689998626708984
1957-09-19,,44.400001525878906
1957-09-20,,43.689998626708984
1957-09-23,,42.689998626708984
1957-09-24,,42.97999954223633
1957-09-25,,42.97999954223633
1957-09-26,,42.56999969482422
1957-09-27,,42.54999923706055
1957-09-30,,42.41999816894531
1957-10-01,,42.7599983215332
1957-10-02,,43.099998474121094
1957-10-03,,43.13999938964844
1957-10-04,,42.790000915527344
1957-10-07,,42.220001220703125
1957-10-08,,41.95000076293945
1957-10-09,,41.9900016784668
1957-10-10,,40.959999084472656
1957-10-11,,40.939998626708984
1957-10-14,,41.2400016784668
1957-10-15,,41.66999816894531
1957-10-16,,41.33000183105469
1957-10-17,,40.650001525878906
1957-10-18,,40.33000183105469
1957-10-21,,39.150001525878906
1957-10-22,,38.97999954223633
1957-10-23,,40.72999954223633
1957-10-24,,40.709999084472656
1957-10-25,,40.59000015258789
1957-10-28,,40.41999816894531
1957-10-29,,40.689998626708984
1957-10-30,,41.02000045776367
1957-10-31,,41.060001373291016
1957-11-01,,40.439998626708984
1957-11-04,,40.369998931884766
1957-11-06,,40.43000030517578
1957-11-07,,40.66999816894531
1957-11-08,,40.189998626708984
1957-11-11,,40.18000030517578
1957-11-12,,39.599998474121094
1957-11-13,,39.54999923706055
1957-11-14,,39.439998626708984
1957-11-15,,40.369998931884766
1957-11-18,,40.040000915527344
1957-11-19,,39.810001373291016
1957-11-20,,39.91999816894531
1957-11-21,,40.47999954223633
1957-11-22,,40.869998931884766
1957-11-25,,41.18000030517578
1957-11-26,,40.09000015258789
1957-11-27,,41.25
1957-11-29,,41.720001220703125
1957-12-02,,41.36000061035156
1957-12-03,,41.369998931884766
1957-12-04,,41.540000915527344
1957-12-05,,41.52000045776367
1957-12-06,,41.310001373291016
1957-12-09,,40.91999816894531
1957-12-10,,40.560001373291016
1957-12-11,,40.5099983215332
1957-12-12,,40.54999923706055
1957-12-13,,40.72999954223633
1957-12-16,,40.119998931884766
1957-12-17,,39.41999816894531
1957-12-18,,39.380001068115234
1957-12-19,,39.79999923706055
1957-12-20,,39.47999954223633
1957-12-23,,39.47999954223633
1957-12-24,,39.52000045776367
1957-12-26,,39.91999816894531
1957-12-27,,39.779998779296875
1957-12-30,,39.58000183105469
1957-12-31,,39.9900016784668
1958-01-02,,40.33000183105469
1958-01-03,,40.869998931884766
1958-01-06,,40.68000030517578
1958-01-07,,41.0
1958-01-08,,40.9900016784668
1958-01-09,,40.75
1958-01-10,,40.369998931884766
1958-01-13,,40.4900016784668
1958-01-14,,40.66999816894531
1958-01-15,,40.9900016784668
1958-01-16,,41.060001373291016
1958-01-17,,41.099998474121094
1958-01-20,,41.349998474121094
1958-01-21,,41.29999923706055
1958-01-22,,41.20000076293945
1958-01-23,,41.36000061035156
1958-01-24,,41.709999084472656
1958-01-27,,41.59000015258789
1958-01-28,,41.630001068115234
1958-01-29,,41.880001068115234
1958-01-30,,41.68000030517578
1958-01-31,,41.70000076293945
1958-02-03,,42.040000915527344
1958-02-04,,42.459999084472656
1958-02-05,,42.189998626708984
1958-02-06,,42.099998474121094
1958-02-07,,41.72999954223633
1958-02-10,,41.47999954223633
1958-02-11,,41.11000061035156
1958-02-12,,40.93000030517578
1958-02-13,,40.939998626708984
1958-02-14,,41.33000183105469
1958-02-17,,41.11000061035156
1958-02-18,,41.16999816894531
1958-02-19,,41.150001525878906
1958-02-20,,40.90999984741211
1958-02-21,,40.880001068115234
1958-02-24,,40.650001525878906
1958-02-25,,40.61000061035156
1958-02-26,,40.91999816894531
1958-02-27,,40.68000030517578
1958-02-28,,40.84000015258789
1958-03-03,,41.130001068115234
1958-03-04,,41.349998474121094
1958-03-05,,41.470001220703125
1958-03-06,,42.0
1958-03-07,,42.06999969482422
1958-03-10,,42.209999084472656
1958-03-11,,42.5099983215332
1958-03-12,,42.40999984741211
1958-03-13,,42.459999084472656
1958-03-14,,42.33000183105469
1958-03-17,,42.040000915527344
1958-03-18,,41.88999938964844
1958-03-19,,42.09000015258789
1958-03-20,,42.11000061035156
1958-03-21,,42.41999816894531
1958-03-24,,42.58000183105469
1958-03-25,,42.439998626708984
1958-03-26,,42.29999923706055
1958-03-27,,42.16999816894531
1958-03-28,,42.20000076293945
1958-03-31,,42.099998474121094
1958-04-01,,41.93000030517578
1958-04-02,,41.599998474121094
1958-04-03,,41.47999954223633
1958-04-07,,41.33000183105469
1958-04-08,,41.43000030517578
1958-04-09,,41.650001525878906
1958-04-10,,41.70000076293945
1958-04-11,,41.7400016784668
1958-04-14,,42.0
1958-04-15,,42.43000030517578
1958-04-16,,42.099998474121094
1958-04-17,,42.25
1958-04-18,,42.709999084472656
1958-04-21,,42.93000030517578
1958-04-22,,42.79999923706055
1958-04-23,,42.79999923706055
1958-04-24,,43.13999938964844
1958-04-25,,43.36000061035156
1958-04-28,,43.220001220703125
1958-04-29,,43.0
1958-04-30,,43.439998626708984
1958-05-01,,43.540000915527344
1958-05-02,,43.689998626708984
1958-05-05,,43.790000915527344
1958-05-06,,44.0099983215332
1958-05-07,,43.93000030517578
1958-05-08,,43.9900016784668
1958-05-09,,44.09000015258789
1958-05-12,,43.75
1958-05-13,,43.619998931884766
1958-05-14,,43.119998931884766
1958-05-15,,43.34000015258789
1958-05-16,,43.36000061035156
1958-05-19,,43.2400016784668
1958-05-20,,43.61000061035156
1958-05-21,,43.54999923706055
1958-05-22,,43.779998779296875
1958-05-23,,43.869998931884766
1958-05-26,,43.849998474121094
1958-05-27,,43.790000915527344
1958-05-28,,43.849998474121094
1958-05-29,,44.09000015258789
1958-06-02,,44.310001373291016
1958-06-03,,44.459999084472656
1958-06-04,,44.5
1958-06-05,,44.54999923706055
1958-06-06,,44.63999938964844
1958-06-09,,44.56999969482422
1958-06-10,,44.47999954223633
1958-06-11,,44.4900016784668
1958-06-12,,44.75
1958-06-13,,45.02000045776367
1958-06-16,,45.18000030517578
1958-06-17,,44.939998626708984
1958-06-18,,45.34000015258789
1958-06-19,,44.61000061035156
1958-06-20,,44.849998474121094
1958-06-23,,44.689998626708984
1958-06-24,,44.52000045776367
1958-06-25,,44.630001068115234
1958-06-26,,44.84000015258789
1958-06-27,,44.900001525878906
1958-06-30,,45.2400016784668
1958-07-01,,45.279998779296875
1958-07-02,,45.31999969482422
1958-07-03,,45.470001220703125
1958-07-07,,45.619998931884766
1958-07-08,,45.400001525878906
1958-07-09,,45.25
1958-07-10,,45.41999816894531
1958-07-11,,45.720001220703125
1958-07-14,,45.13999938964844
1958-07-15,,45.11000061035156
1958-07-16,,45.25
1958-07-17,,45.54999923706055
1958-07-18,,45.77000045776367
1958-07-21,,46.33000183105469
1958-07-22,,46.40999984741211
1958-07-23,,46.400001525878906
1958-07-24,,46.650001525878906
1958-07-25,,46.970001220703125
1958-07-28,,47.150001525878906
1958-07-29,,46.959999084472656
1958-07-30,,47.09000015258789
1958-07-31,,47.189998626708984
1958-08-01,,47.4900016784668
1958-08-04,,47.939998626708984
1958-08-05,,47.75
1958-08-06,,47.459999084472656
1958-08-07,,47.77000045776367
1958-08-08,,48.04999923706055
1958-08-11,,48.15999984741211
1958-08-12,,47.72999954223633
1958-08-13,,47.810001373291016
1958-08-14,,47.90999984741211
1958-08-15,,47.5
1958-08-18,,47.220001220703125
1958-08-19,,47.29999923706055
1958-08-20,,47.31999969482422
1958-08-21,,47.630001068115234
1958-08-22,,47.72999954223633
1958-08-25,,47.7400016784668
1958-08-26,,47.900001525878906
1958-08-27,,47.90999984741211
1958-08-28,,47.65999984741211
1958-08-29,,47.75
1958-09-02,,48.0
1958-09-03,,48.18000030517578
1958-09-04,,48.099998474121094
1958-09-05,,47.970001220703125
1958-09-08,,48.130001068115234
1958-09-09,,48.459999084472656
1958-09-10,,48.310001373291016
1958-09-11,,48.63999938964844
1958-09-12,,48.529998779296875
1958-09-15,,48.959999084472656
1958-09-16,,49.349998474121094
1958-09-17,,49.349998474121094
1958-09-18,,49.380001068115234
1958-09-19,,49.400001525878906
1958-09-22,,49.20000076293945
1958-09-23,,49.560001373291016
1958-09-24,,49.779998779296875
1958-09-25,,49.56999969482422
1958-09-26,,49.65999984741211
1958-09-29,,49.869998931884766
1958-09-30,,50.060001373291016
1958-10-01,,49.97999954223633
1958-10-02,,50.16999816894531
1958-10-03,,50.369998931884766
1958-10-06,,51.06999969482422
1958-10-07,,51.06999969482422
1958-10-08,,51.060001373291016
1958-10-09,,51.04999923706055
1958-10-10,,51.38999938964844
1958-10-13,,51.619998931884766
1958-10-14,,51.2599983215332
1958-10-15,,50.58000183105469
1958-10-16,,50.939998626708984
1958-10-17,,51.459999084472656
1958-10-20,,51.27000045776367
1958-10-21,,51.27000045776367
1958-10-22,,51.06999969482422
1958-10-23,,50.970001220703125
1958-10-24,,50.810001373291016
1958-10-27,,50.41999816894531
1958-10-28,,50.58000183105469
1958-10-29,,51.06999969482422
1958-10-30,,51.27000045776367
1958-10-31,,51.33000183105469
1958-11-03,,51.560001373291016
1958-11-05,,52.029998779296875
1958-11-06,,52.45000076293945
1958-11-07,,52.2599983215332
1958-11-10,,52.56999969482422
1958-11-11,,52.97999954223633
1958-11-12,,53.04999923706055
1958-11-13,,52.83000183105469
1958-11-14,,53.09000015258789
1958-11-17,,53.2400016784668
1958-11-18,,53.130001068115234
1958-11-19,,53.20000076293945
1958-11-20,,53.209999084472656
1958-11-21,,52.70000076293945
1958-11-24,,52.029998779296875
1958-11-25,,51.02000045776367
1958-11-26,,51.900001525878906
1958-11-28,,52.47999954223633
1958-12-01,,52.689998626708984
1958-12-02,,52.459999084472656
1958-12-03,,52.529998779296875
1958-12-04,,52.54999923706055
1958-12-05,,52.459999084472656
1958-12-08,,52.459999084472656
1958-12-09,,52.81999969482422
1958-12-10,,53.459999084472656
1958-12-11,,53.349998474121094
1958-12-12,,53.220001220703125
1958-12-15,,53.369998931884766
1958-12-16,,53.56999969482422
1958-12-17,,53.91999816894531
1958-12-18,,54.150001525878906
1958-12-19,,54.06999969482422
1958-12-22,,53.709999084472656
1958-12-23,,53.41999816894531
1958-12-24,,54.11000061035156
1958-12-29,,54.7400016784668
1958-12-30,,54.93000030517578
1958-12-31,,55.209999084472656
1959-01-02,,55.439998626708984
1959-01-05,,55.65999984741211
1959-01-06,,55.59000015258789
1959-01-07,,54.88999938964844
1959-01-08,,55.400001525878906
1959-01-09,,55.77000045776367
1959-01-12,,55.779998779296875
1959-01-13,,55.470001220703125
1959-01-14,,55.619998931884766
1959-01-15,,55.83000183105469
1959-01-16,,55.810001373291016
1959-01-19,,55.68000030517578
1959-01-20,,55.720001220703125
1959-01-21,,56.040000915527344
1959-01-22,,55.970001220703125
1959-01-23,,56.0
1959-01-26,,55.77000045776367
1959-01-27,,55.779998779296875
1959-01-28,,55.15999984741211
1959-01-29,,55.20000076293945
1959-01-30,,55.45000076293945
1959-02-02,,55.209999084472656
1959-02-03,,55.279998779296875
1959-02-04,,55.060001373291016
1959-02-05,,54.810001373291016
1959-02-06,,54.369998931884766
1959-02-09,,53.58000183105469
1959-02-10,,54.31999969482422
1959-02-11,,54.349998474121094
1959-02-12,,54.0
1959-02-13,,54.41999816894531
1959-02-16,,54.5
1959-02-17,,54.290000915527344
1959-02-18,,54.29999923706055
1959-02-19,,55.5
1959-02-20,,55.52000045776367
1959-02-24,,55.47999954223633
1959-02-25,,55.2400016784668
1959-02-26,,55.34000015258789
1959-02-27,,55.40999984741211
1959-03-02,,55.72999954223633
1959-03-03,,56.25
1959-03-04,,56.349998474121094
1959-03-05,,56.43000030517578
1959-03-06,,56.209999084472656
1959-03-09,,56.150001525878906
1959-03-10,,56.310001373291016
1959-03-11,,56.349998474121094
1959-03-12,,56.599998474121094
1959-03-13,,56.66999816894531
1959-03-16,,56.060001373291016
1959-03-17,,56.52000045776367
1959-03-18,,56.38999938964844
1959-03-19,,56.34000015258789
1959-03-20,,56.38999938964844
1959-03-23,,55.869998931884766
1959-03-24,,55.959999084472656
1959-03-25,,55.880001068115234
1959-03-26,,55.7599983215332
1959-03-30,,55.45000076293945
1959-03-31,,55.439998626708984
1959-04-01,,55.689998626708984
1959-04-02,,56.0
1959-04-03,,56.439998626708984
1959-04-06,,56.599998474121094
1959-04-07,,56.47999954223633
1959-04-08,,56.209999084472656
1959-04-09,,56.16999816894531
1959-04-10,,56.220001220703125
1959-04-13,,56.43000030517578
1959-04-14,,56.709999084472656
1959-04-15,,56.959999084472656
1959-04-16,,57.43000030517578
1959-04-17,,57.91999816894531
1959-04-20,,58.16999816894531
1959-04-21,,58.11000061035156
1959-04-22,,57.72999954223633
1959-04-23,,57.599998474121094
1959-04-24,,57.959999084472656
1959-04-27,,58.13999938964844
1959-04-28,,57.91999816894531
1959-04-29,,57.689998626708984
1959-04-30,,57.59000015258789
1959-05-01,,57.650001525878906
1959-05-04,,57.650001525878906
1959-05-05,,57.75
1959-05-06,,57.61000061035156
1959-05-07,,56.880001068115234
1959-05-08,,57.31999969482422
1959-05-11,,57.959999084472656
1959-05-12,,57.959999084472656
1959-05-13,,57.970001220703125
1959-05-14,,58.369998931884766
1959-05-15,,58.15999984741211
1959-05-18,,58.150001525878906
1959-05-19,,58.31999969482422
1959-05-20,,58.09000015258789
1959-05-21,,58.13999938964844
1959-05-22,,58.33000183105469
1959-05-25,,58.18000030517578
1959-05-26,,58.09000015258789
1959-05-27,,58.189998626708984
1959-05-28,,58.38999938964844
1959-05-29,,58.68000030517578
1959-06-01,,58.630001068115234
1959-06-02,,58.22999954223633
1959-06-03,,58.25
1959-06-04,,57.630001068115234
1959-06-05,,57.5099983215332
1959-06-08,,56.7599983215332
1959-06-09,,56.36000061035156
1959-06-10,,57.189998626708984
1959-06-11,,57.25
1959-06-12,,57.290000915527344
1959-06-15,,56.9900016784668
1959-06-16,,56.560001373291016
1959-06-17,,57.09000015258789
1959-06-18,,57.04999923706055
1959-06-19,,57.130001068115234
1959-06-22,,57.130001068115234
1959-06-23,,57.119998931884766
1959-06-24,,57.40999984741211
1959-06-25,,57.72999954223633
1959-06-26,,57.97999954223633
1959-06-29,,58.369998931884766
1959-06-30,,58.470001220703125
1959-07-01,,58.970001220703125
1959-07-02,,59.279998779296875
1959-07-06,,59.650001525878906
1959-07-07,,60.0099983215332
1959-07-08,,60.029998779296875
1959-07-09,,59.970001220703125
1959-07-10,,59.90999984741211
1959-07-13,,59.40999984741211
1959-07-14,,59.54999923706055
1959-07-15,,59.59000015258789
1959-07-16,,59.40999984741211
1959-07-17,,59.189998626708984
1959-07-20,,58.90999984741211
1959-07-21,,59.40999984741211
1959-07-22,,59.61000061035156
1959-07-23,,59.66999816894531
1959-07-24,,59.650001525878906
1959-07-27,,60.02000045776367
1959-07-28,,60.31999969482422
1959-07-29,,60.619998931884766
1959-07-30,,60.5
1959-07-31,,60.5099983215332
1959-08-03,,60.709999084472656
1959-08-04,,60.61000061035156
1959-08-05,,60.29999923706055
1959-08-06,,60.2400016784668
1959-08-07,,59.869998931884766
1959-08-10,,58.619998931884766
1959-08-11,,59.38999938964844
1959-08-12,,59.25
1959-08-13,,59.150001525878906
1959-08-14,,59.290000915527344
1959-08-17,,59.16999816894531
1959-08-18,,58.619998931884766
1959-08-19,,58.27000045776367
1959-08-20,,59.13999938964844
1959-08-21,,59.08000183105469
1959-08-24,,58.869998931884766
1959-08-25,,58.9900016784668
1959-08-26,,59.06999969482422
1959-08-27,,59.58000183105469
1959-08-28,,59.599998474121094
1959-08-31,,59.599998474121094
1959-09-01,,58.869998931884766
1959-09-02,,58.91999816894531
1959-09-03,,58.2599983215332
1959-09-04,,58.540000915527344
1959-09-08,,57.70000076293945
1959-09-09,,57.290000915527344
1959-09-10,,56.9900016784668
1959-09-11,,57.40999984741211
1959-09-14,,56.9900016784668
1959-09-15,,56.68000030517578
1959-09-16,,56.720001220703125
1959-09-17,,56.40999984741211
1959-09-18,,56.189998626708984
1959-09-21,,55.27000045776367
1959-09-22,,55.13999938964844
1959-09-23,,55.81999969482422
1959-09-24,,56.779998779296875
1959-09-25,,56.72999954223633
1959-09-28,,57.150001525878906
1959-09-29,,57.5099983215332
1959-09-30,,56.880001068115234
1959-10-01,,56.939998626708984
1959-10-02,,57.20000076293945
1959-10-05,,57.13999938964844
1959-10-06,,57.09000015258789
1959-10-07,,56.939998626708984
1959-10-08,,56.810001373291016
1959-10-09,,57.0
1959-10-12,,57.31999969482422
1959-10-13,,57.15999984741211
1959-10-14,,56.709999084472656
1959-10-15,,56.869998931884766
1959-10-16,,57.33000183105469
1959-10-19,,57.0099983215332
1959-10-20,,56.65999984741211
1959-10-21,,56.54999923706055
1959-10-22,,56.0
1959-10-23,,56.560001373291016
1959-10-26,,56.939998626708984
1959-10-27,,57.41999816894531
1959-10-28,,57.459999084472656
1959-10-29,,57.40999984741211
1959-10-30,,57.52000045776367
1959-11-02,,57.40999984741211
1959-11-04,,57.2599983215332
1959-11-05,,57.31999969482422
1959-11-06,,57.599998474121094
1959-11-09,,57.5
1959-11-10,,57.47999954223633
1959-11-11,,57.4900016784668
1959-11-12,,57.16999816894531
1959-11-13,,56.849998474121094
1959-11-16,,56.220001220703125
1959-11-17,,56.380001068115234
1959-11-18,,56.9900016784668
1959-11-19,,56.939998626708984
1959-11-20,,56.970001220703125
1959-11-23,,57.08000183105469
1959-11-24,,57.349998474121094
1959-11-25,,57.439998626708984
1959-11-27,,57.70000076293945
1959-11-30,,58.279998779296875
1959-12-01,,58.70000076293945
1959-12-02,,58.599998474121094
1959-12-03,,58.72999954223633
1959-12-04,,58.849998474121094
1959-12-07,,58.959999084472656
1959-12-08,,59.34000015258789
1959-12-09,,58.970001220703125
1959-12-10,,59.02000045776367
1959-12-11,,58.880001068115234
1959-12-14,,59.040000915527344
1959-12-15,,58.900001525878906
1959-12-16,,58.970001220703125
1959-12-17,,58.86000061035156
1959-12-18,,59.13999938964844
1959-12-21,,59.209999084472656
1959-12-22,,59.13999938964844
1959-12-23,,58.959999084472656
1959-12-24,,59.0
1959-12-28,,58.97999954223633
1959-12-29,,59.29999923706055
1959-12-30,,59.77000045776367
1959-12-31,,59.88999938964844
1960-01-04,,59.90999984741211
1960-01-05,,60.38999938964844
1960-01-06,,60.130001068115234
1960-01-07,,59.689998626708984
1960-01-08,,59.5
1960-01-11,,58.77000045776367
1960-01-12,,58.40999984741211
1960-01-13,,58.08000183105469
1960-01-14,,58.400001525878906
1960-01-15,,58.380001068115234
1960-01-18,,57.88999938964844
1960-01-19,,57.27000045776367
1960-01-20,,57.06999969482422
1960-01-21,,57.209999084472656
1960-01-22,,57.380001068115234
1960-01-25,,56.779998779296875
1960-01-26,,56.86000061035156
1960-01-27,,56.720001220703125
1960-01-28,,56.130001068115234
1960-01-29,,55.61000061035156
1960-02-01,,55.959999084472656
1960-02-02,,56.81999969482422
1960-02-03,,56.31999969482422
1960-02-04,,56.27000045776367
1960-02-05,,55.97999954223633
1960-02-08,,55.31999969482422
1960-02-09,,55.84000015258789
1960-02-10,,55.4900016784668
1960-02-11,,55.18000030517578
1960-02-12,,55.459999084472656
1960-02-15,,55.16999816894531
1960-02-16,,54.72999954223633
1960-02-17,,55.029998779296875
1960-02-18,,55.79999923706055
1960-02-19,,56.2400016784668
1960-02-23,,55.939998626708984
1960-02-24,,55.7400016784668
1960-02-25,,55.93000030517578
1960-02-26,,56.15999984741211
1960-02-29,,56.119998931884766
1960-03-01,,56.0099983215332
1960-03-02,,55.619998931884766
1960-03-03,,54.779998779296875
1960-03-04,,54.56999969482422
1960-03-07,,54.02000045776367
1960-03-08,,53.470001220703125
1960-03-09,,54.040000915527344
1960-03-10,,53.83000183105469
1960-03-11,,54.2400016784668
1960-03-14,,54.31999969482422
1960-03-15,,54.7400016784668
1960-03-16,,55.040000915527344
1960-03-17,,54.959999084472656
1960-03-18,,55.0099983215332
1960-03-21,,55.06999969482422
1960-03-22,,55.290000915527344
1960-03-23,,55.7400016784668
1960-03-24,,55.97999954223633
1960-03-25,,55.97999954223633
1960-03-28,,55.86000061035156
1960-03-29,,55.779998779296875
1960-03-30,,55.65999984741211
1960-03-31,,55.34000015258789
1960-04-01,,55.43000030517578
1960-04-04,,55.540000915527344
1960-04-05,,55.369998931884766
1960-04-06,,56.5099983215332
1960-04-07,,56.52000045776367
1960-04-08,,56.38999938964844
1960-04-11,,56.16999816894531
1960-04-12,,56.29999923706055
1960-04-13,,56.29999923706055
1960-04-14,,56.43000030517578
1960-04-18,,56.59000015258789
1960-04-19,,56.130001068115234
1960-04-20,,55.439998626708984
1960-04-21,,55.59000015258789
1960-04-22,,55.41999816894531
1960-04-25,,54.86000061035156
1960-04-26,,55.040000915527344
1960-04-27,,55.040000915527344
1960-04-28,,54.560001373291016
1960-04-29,,54.369998931884766
1960-05-02,,54.130001068115234
1960-05-03,,54.83000183105469
1960-05-04,,55.040000915527344
1960-05-05,,54.86000061035156
1960-05-06,,54.75
1960-05-09,,54.79999923706055
1960-05-10,,54.41999816894531
1960-05-11,,54.56999969482422
1960-05-12,,54.849998474121094
1960-05-13,,55.29999923706055
1960-05-16,,55.25
1960-05-17,,55.459999084472656
1960-05-18,,55.439998626708984
1960-05-19,,55.68000030517578
1960-05-20,,55.72999954223633
1960-05-23,,55.7599983215332
1960-05-24,,55.70000076293945
1960-05-25,,55.66999816894531
1960-05-26,,55.709999084472656
1960-05-27,,55.7400016784668
1960-05-31,,55.83000183105469
1960-06-01,,55.88999938964844
1960-06-02,,56.130001068115234
1960-06-03,,56.22999954223633
1960-06-06,,56.88999938964844
1960-06-07,,57.43000030517578
1960-06-08,,57.88999938964844
1960-06-09,,58.0
1960-06-10,,57.970001220703125
1960-06-13,,57.9900016784668
1960-06-14,,57.90999984741211
1960-06-15,,57.56999969482422
1960-06-16,,57.5
1960-06-17,,57.439998626708984
1960-06-20,,57.15999984741211
1960-06-21,,57.11000061035156
1960-06-22,,57.279998779296875
1960-06-23,,57.59000015258789
1960-06-24,,57.68000030517578
1960-06-27,,57.33000183105469
1960-06-28,,56.939998626708984
1960-06-29,,56.939998626708984
1960-06-30,,56.91999816894531
1960-07-01,,57.060001373291016
1960-07-05,,57.02000045776367
1960-07-06,,56.939998626708984
1960-07-07,,57.2400016784668
1960-07-08,,57.380001068115234
1960-07-11,,56.869998931884766
1960-07-12,,56.25
1960-07-13,,56.099998474121094
1960-07-14,,56.119998931884766
1960-07-15,,56.04999923706055
1960-07-18,,55.70000076293945
1960-07-19,,55.70000076293945
1960-07-20,,55.61000061035156
1960-07-21,,55.099998474121094
1960-07-22,,54.720001220703125
1960-07-25,,54.18000030517578
1960-07-26,,54.5099983215332
1960-07-27,,54.16999816894531
1960-07-28,,54.56999969482422
1960-07-29,,55.5099983215332
1960-08-01,,55.529998779296875
1960-08-02,,55.040000915527344
1960-08-03,,54.720001220703125
1960-08-04,,54.88999938964844
1960-08-05,,55.439998626708984
1960-08-08,,55.52000045776367
1960-08-09,,55.84000015258789
1960-08-10,,56.06999969482422
1960-08-11,,56.279998779296875
1960-08-12,,56.65999984741211
1960-08-15,,56.61000061035156
1960-08-16,,56.720001220703125
1960-08-17,,56.84000015258789
1960-08-18,,56.810001373291016
1960-08-19,,57.0099983215332
1960-08-22,,57.189998626708984
1960-08-23,,57.75
1960-08-24,,58.06999969482422
1960-08-25,,57.790000915527344
1960-08-26,,57.599998474121094
1960-08-29,,57.439998626708984
1960-08-30,,56.84000015258789
1960-08-31,,56.959999084472656
1960-09-01,,57.09000015258789
1960-09-02,,57.0
1960-09-06,,56.4900016784668
1960-09-07,,55.790000915527344
1960-09-08,,55.7400016784668
1960-09-09,,56.11000061035156
1960-09-12,,55.720001220703125
1960-09-13,,55.83000183105469
1960-09-14,,55.439998626708984
1960-09-15,,55.220001220703125
1960-09-16,,55.11000061035156
1960-09-19,,53.86000061035156
1960-09-20,,54.0099983215332
1960-09-21,,54.56999969482422
1960-09-22,,54.36000061035156
1960-09-23,,53.900001525878906
1960-09-26,,53.060001373291016
1960-09-27,,52.939998626708984
1960-09-28,,52.47999954223633
1960-09-29,,52.619998931884766
1960-09-30,,53.52000045776367
1960-10-03,,53.36000061035156
1960-10-04,,52.9900016784668
1960-10-05,,53.38999938964844
1960-10-06,,53.720001220703125
1960-10-07,,54.029998779296875
1960-10-10,,54.13999938964844
1960-10-11,,54.220001220703125
1960-10-12,,54.150001525878906
1960-10-13,,54.56999969482422
1960-10-14,,54.86000061035156
1960-10-17,,54.630001068115234
1960-10-18,,54.349998474121094
1960-10-19,,54.25
1960-10-20,,53.86000061035156
1960-10-21,,53.720001220703125
1960-10-24,,52.70000076293945
1960-10-25,,52.20000076293945
1960-10-26,,53.04999923706055
1960-10-27,,53.619998931884766
1960-10-28,,53.40999984741211
1960-10-31,,53.38999938964844
1960-11-01,,53.939998626708984
1960-11-02,,54.220001220703125
1960-11-03,,54.43000030517578
1960-11-04,,54.900001525878906
1960-11-07,,55.11000061035156
1960-11-09,,55.349998474121094
1960-11-10,,56.43000030517578
1960-11-11,,55.869998931884766
1960-11-14,,55.59000015258789
1960-11-15,,55.810001373291016
1960-11-16,,55.70000076293945
1960-11-17,,55.54999923706055
1960-11-18,,55.81999969482422
1960-11-21,,55.93000030517578
1960-11-22,,55.720001220703125
1960-11-23,,55.79999923706055
1960-11-25,,56.130001068115234
1960-11-28,,56.029998779296875
1960-11-29,,55.83000183105469
1960-11-30,,55.540000915527344
1960-12-01,,55.29999923706055
1960-12-02,,55.38999938964844
1960-12-05,,55.310001373291016
1960-12-06,,55.470001220703125
1960-12-07,,56.02000045776367
1960-12-08,,56.150001525878906
1960-12-09,,56.650001525878906
1960-12-12,,56.849998474121094
1960-12-13,,56.880001068115234
1960-12-14,,56.84000015258789
1960-12-15,,56.68000030517578
1960-12-16,,57.20000076293945
1960-12-19,,57.130001068115234
1960-12-20,,57.09000015258789
1960-12-21,,57.54999923706055
1960-12-22,,57.38999938964844
1960-12-23,,57.439998626708984
1960-12-27,,57.52000045776367
1960-12-28,,57.779998779296875
1960-12-29,,58.04999923706055
1960-12-30,,58.11000061035156
1961-01-03,,57.56999969482422
1961-01-04,,58.36000061035156
1961-01-05,,58.56999969482422
1961-01-06,,58.400001525878906
1961-01-09,,58.810001373291016
1961-01-10,,58.970001220703125
1961-01-11,,59.13999938964844
1961-01-12,,59.31999969482422
1961-01-13,,59.599998474121094
1961-01-16,,59.58000183105469
1961-01-17,,59.63999938964844
1961-01-18,,59.68000030517578
1961-01-19,,59.77000045776367
1961-01-20,,59.959999084472656
1961-01-23,,60.290000915527344
1961-01-24,,60.45000076293945
1961-01-25,,60.529998779296875
1961-01-26,,60.619998931884766
1961-01-27,,61.2400016784668
1961-01-30,,61.970001220703125
1961-01-31,,61.779998779296875
1961-02-01,,61.900001525878906
1961-02-02,,62.29999923706055
1961-02-03,,62.220001220703125
1961-02-06,,61.7599983215332
1961-02-07,,61.650001525878906
1961-02-08,,62.209999084472656
1961-02-09,,62.02000045776367
1961-02-10,,61.5
1961-02-13,,61.13999938964844
1961-02-14,,61.40999984741211
1961-02-15,,61.91999816894531
1961-02-16,,62.29999923706055
1961-02-17,,62.099998474121094
1961-02-20,,62.31999969482422
1961-02-21,,62.36000061035156
1961-02-23,,62.59000015258789
1961-02-24,,62.84000015258789
1961-02-27,,63.29999923706055
1961-02-28,,63.439998626708984
1961-03-01,,63.43000030517578
1961-03-02,,63.849998474121094
1961-03-03,,63.95000076293945
1961-03-06,,64.05000305175781
1961-03-07,,63.470001220703125
1961-03-08,,63.439998626708984
1961-03-09,,63.5
1961-03-10,,63.47999954223633
1961-03-13,,63.65999984741211
1961-03-14,,63.380001068115234
1961-03-15,,63.56999969482422
1961-03-16,,64.20999908447266
1961-03-17,,64.0
1961-03-20,,64.86000061035156
1961-03-21,,64.73999786376953
1961-03-22,,64.69999694824219
1961-03-23,,64.52999877929688
1961-03-24,,64.41999816894531
1961-03-27,,64.3499984741211
1961-03-28,,64.37999725341797
1961-03-29,,64.93000030517578
1961-03-30,,65.05999755859375
1961-04-03,,65.5999984741211
1961-04-04,,65.66000366210938
1961-04-05,,65.45999908447266
1961-04-06,,65.61000061035156
1961-04-07,,65.95999908447266
1961-04-10,,66.52999877929688
1961-04-11,,66.62000274658203
1961-04-12,,66.30999755859375
1961-04-13,,66.26000213623047
1961-04-14,,66.37000274658203
1961-04-17,,68.68000030517578
1961-04-18,,66.19999694824219
1961-04-19,,65.80999755859375
1961-04-20,,65.81999969482422
1961-04-21,,65.7699966430664
1961-04-24,,64.4000015258789
1961-04-25,,65.30000305175781
1961-04-26,,65.55000305175781
1961-04-27,,65.45999908447266
1961-04-28,,65.30999755859375
1961-05-01,,65.16999816894531
1961-05-02,,65.63999938964844
1961-05-03,,66.18000030517578
1961-05-04,,66.44000244140625
1961-05-05,,66.5199966430664
1961-05-08,,66.41000366210938
1961-05-09,,66.47000122070312
1961-05-10,,66.41000366210938
1961-05-11,,66.38999938964844
1961-05-12,,66.5
1961-05-15,,66.83000183105469
1961-05-16,,67.08000183105469
1961-05-17,,67.38999938964844
1961-05-18,,66.98999786376953
1961-05-19,,67.2699966430664
1961-05-22,,66.8499984741211
1961-05-23,,66.68000030517578
1961-05-24,,66.26000213623047
1961-05-25,,66.01000213623047
1961-05-26,,66.43000030517578
1961-05-31,,66.55999755859375
1961-06-01,,66.55999755859375
1961-06-02,,66.7300033569336
1961-06-05,,67.08000183105469
1961-06-06,,66.88999938964844
1961-06-07,,65.63999938964844
1961-06-08,,66.66999816894531
1961-06-09,,66.66000366210938
1961-06-12,,66.1500015258789
1961-06-13,,65.80000305175781
1961-06-14,,65.9800033569336
1961-06-15,,65.69000244140625
1961-06-16,,65.18000030517578
1961-06-19,,64.58000183105469
1961-06-20,,65.1500015258789
1961-06-21,,65.13999938964844
1961-06-22,,64.9000015258789
1961-06-23,,65.16000366210938
1961-06-26,,64.47000122070312
1961-06-27,,64.47000122070312
1961-06-28,,64.58999633789062
1961-06-29,,64.5199966430664
1961-06-30,,64.63999938964844
1961-07-03,,65.20999908447266
1961-07-05,,65.62999725341797
1961-07-06,,65.80999755859375
1961-07-07,,65.7699966430664
1961-07-10,,65.70999908447266
1961-07-11,,65.69000244140625
1961-07-12,,65.31999969482422
1961-07-13,,64.86000061035156
1961-07-14,,65.27999877929688
1961-07-17,,64.79000091552734
1961-07-18,,64.41000366210938
1961-07-19,,64.69999694824219
1961-07-20,,64.70999908447266
1961-07-21,,64.86000061035156
1961-07-24,,64.87000274658203
1961-07-25,,65.2300033569336
1961-07-26,,65.83999633789062
1961-07-27,,66.61000061035156
1961-07-28,,66.70999908447266
1961-07-31,,66.76000213623047
1961-08-01,,67.37000274658203
1961-08-02,,66.94000244140625
1961-08-03,,67.29000091552734
1961-08-04,,67.68000030517578
1961-08-07,,67.66999816894531
1961-08-08,,67.81999969482422
1961-08-09,,67.73999786376953
1961-08-10,,67.94999694824219
1961-08-11,,68.05999755859375
1961-08-14,,67.72000122070312
1961-08-15,,67.55000305175781
1961-08-16,,67.7300033569336
1961-08-17,,68.11000061035156
1961-08-18,,68.29000091552734
1961-08-21,,68.43000030517578
1961-08-22,,68.44000244140625
1961-08-23,,67.9800033569336
1961-08-24,,67.58999633789062
1961-08-25,,67.66999816894531
1961-08-28,,67.69999694824219
1961-08-29,,67.55000305175781
1961-08-30,,67.80999755859375
1961-08-31,,68.06999969482422
1961-09-01,,68.19000244140625
1961-09-05,,67.95999908447266
1961-09-06,,68.45999908447266
1961-09-07,,68.3499984741211
1961-09-08,,67.87999725341797
1961-09-11,,67.27999877929688
1961-09-12,,67.95999908447266
1961-09-13,,68.01000213623047
1961-09-14,,67.52999877929688
1961-09-15,,67.6500015258789
1961-09-18,,67.20999908447266
1961-09-19,,66.08000183105469
1961-09-20,,66.95999908447266
1961-09-21,,66.98999786376953
1961-09-22,,66.72000122070312
1961-09-25,,65.7699966430664
1961-09-26,,65.77999877929688
1961-09-27,,66.47000122070312
1961-09-28,,66.58000183105469
1961-09-29,,66.7300033569336
1961-10-02,,66.7699966430664
1961-10-03,,66.7300033569336
1961-10-04,,67.18000030517578
1961-10-05,,67.7699966430664
1961-10-06,,66.97000122070312
1961-10-09,,67.94000244140625
1961-10-10,,68.11000061035156
1961-10-11,,68.16999816894531
1961-10-12,,68.16000366210938
1961-10-13,,68.04000091552734
1961-10-16,,67.8499984741211
1961-10-17,,67.87000274658203
1961-10-18,,68.20999908447266
1961-10-19,,68.44999694824219
1961-10-20,,68.0
1961-10-23,,68.05999755859375
1961-10-24,,67.9800033569336
1961-10-25,,68.33999633789062
1961-10-26,,68.45999908447266
1961-10-27,,68.33999633789062
1961-10-30,,68.41999816894531
1961-10-31,,68.62000274658203
1961-11-01,,68.7300033569336
1961-11-02,,69.11000061035156
1961-11-03,,69.47000122070312
1961-11-06,,70.01000213623047
1961-11-08,,70.87000274658203
1961-11-09,,70.7699966430664
1961-11-10,,71.06999969482422
1961-11-13,,71.2699966430664
1961-11-14,,71.66000366210938
1961-11-15,,71.66999816894531
1961-11-16,,71.62000274658203
1961-11-17,,71.62000274658203
1961-11-20,,71.72000122070312
1961-11-21,,71.77999877929688
1961-11-22,,71.69999694824219
1961-11-24,,71.83999633789062
1961-11-27,,71.8499984741211
1961-11-28,,71.75
1961-11-29,,71.69999694824219
1961-11-30,,71.31999969482422
1961-12-01,,71.77999877929688
1961-12-04,,72.01000213623047
1961-12-05,,71.93000030517578
1961-12-06,,71.98999786376953
1961-12-07,,71.69999694824219
1961-12-08,,72.04000091552734
1961-12-11,,72.38999938964844
1961-12-12,,72.63999938964844
1961-12-13,,72.52999877929688
1961-12-14,,71.9800033569336
1961-12-15,,72.01000213623047
1961-12-18,,71.76000213623047
1961-12-19,,71.26000213623047
1961-12-20,,71.12000274658203
1961-12-21,,70.86000061035156
1961-12-22,,70.91000366210938
1961-12-26,,71.0199966430664
1961-12-27,,71.6500015258789
1961-12-28,,71.69000244140625
1961-12-29,,71.55000305175781
1962-01-02,,70.95999908447266
1962-01-03,,71.12999725341797
1962-01-04,,70.63999938964844
1962-01-05,,69.66000366210938
1962-01-08,,69.12000274658203
1962-01-09,,69.1500015258789
1962-01-10,,68.95999908447266
1962-01-11,,69.37000274658203
1962-01-12,,69.61000061035156
1962-01-15,,69.47000122070312
1962-01-16,,69.06999969482422
1962-01-17,,68.31999969482422
1962-01-18,,68.38999938964844
1962-01-19,,68.75
1962-01-22,,68.80999755859375
1962-01-23,,68.29000091552734
1962-01-24,,68.4000015258789
1962-01-25,,68.3499984741211
1962-01-26,,68.12999725341797
1962-01-29,,67.9000015258789
1962-01-30,,68.16999816894531
1962-01-31,,68.83999633789062
1962-02-01,,69.26000213623047
1962-02-02,,69.80999755859375
1962-02-05,,69.87999725341797
1962-02-06,,69.95999908447266
1962-02-07,,70.41999816894531
1962-02-08,,70.58000183105469
1962-02-09,,70.4800033569336
1962-02-12,,70.45999908447266
1962-02-13,,70.44999694824219
1962-02-14,,70.41999816894531
1962-02-15,,70.73999786376953
1962-02-16,,70.58999633789062
1962-02-19,,70.41000366210938
1962-02-20,,70.66000366210938
1962-02-21,,70.31999969482422
1962-02-23,,70.16000366210938
1962-02-26,,69.76000213623047
1962-02-27,,69.88999938964844
1962-02-28,,69.95999908447266
1962-03-01,,70.19999694824219
1962-03-02,,70.16000366210938
1962-03-05,,70.01000213623047
1962-03-06,,69.77999877929688
1962-03-07,,69.69000244140625
1962-03-08,,70.19000244140625
1962-03-09,,70.41999816894531
1962-03-12,,70.4000015258789
1962-03-13,,70.5999984741211
1962-03-14,,70.91000366210938
1962-03-15,,71.05999755859375
1962-03-16,,70.94000244140625
1962-03-19,,70.8499984741211
1962-03-20,,70.66000366210938
1962-03-21,,70.51000213623047
1962-03-22,,70.4000015258789
1962-03-23,,70.44999694824219
1962-03-26,,69.88999938964844
1962-03-27,,69.69999694824219
1962-03-28,,70.04000091552734
1962-03-29,,70.01000213623047
1962-03-30,,69.55000305175781
1962-04-02,,69.37000274658203
1962-04-03,,68.80999755859375
1962-04-04,,68.48999786376953
1962-04-05,,68.91000366210938
1962-04-06,,68.83999633789062
1962-04-09,,68.30999755859375
1962-04-10,,68.55999755859375
1962-04-11,,68.41000366210938
1962-04-12,,67.9000015258789
1962-04-13,,67.9000015258789
1962-04-16,,67.5999984741211
1962-04-17,,67.9000015258789
1962-04-18,,68.2699966430664
1962-04-19,,68.58999633789062
1962-04-23,,68.52999877929688
1962-04-24,,68.45999908447266
1962-04-25,,67.70999908447266
1962-04-26,,67.05000305175781
1962-04-27,,66.30000305175781
1962-04-30,,65.23999786376953
1962-05-01,,65.69999694824219
1962-05-02,,65.98999786376953
1962-05-03,,66.52999877929688
1962-05-04,,66.23999786376953
1962-05-07,,66.0199966430664
1962-05-08,,65.16999816894531
1962-05-09,,64.26000213623047
1962-05-10,,63.56999969482422
1962-05-11,,62.650001525878906
1962-05-14,,63.099998474121094
1962-05-15,,64.29000091552734
1962-05-16,,64.2699966430664
1962-05-17,,63.93000030517578
1962-05-18,,63.81999969482422
1962-05-21,,63.59000015258789
1962-05-22,,62.34000015258789
1962-05-23,,61.11000061035156
1962-05-24,,60.619998931884766
1962-05-25,,59.470001220703125
1962-05-28,,55.5
1962-05-29,,58.08000183105469
1962-05-31,,59.630001068115234
1962-06-01,,59.380001068115234
1962-06-04,,57.27000045776367
1962-06-05,,57.56999969482422
1962-06-06,,58.38999938964844
1962-06-07,,58.400001525878906
1962-06-08,,58.45000076293945
1962-06-11,,57.81999969482422
1962-06-12,,56.34000015258789
1962-06-13,,55.5
1962-06-14,,54.33000183105469
1962-06-15,,55.88999938964844
1962-06-18,,55.7400016784668
1962-06-19,,55.540000915527344
1962-06-20,,54.779998779296875
1962-06-21,,53.59000015258789
1962-06-22,,52.68000030517578
1962-06-25,,52.45000076293945
1962-06-26,,52.31999969482422
1962-06-27,,52.599998474121094
1962-06-28,,54.40999984741211
1962-06-29,,54.75
1962-07-02,,55.86000061035156
1962-07-03,,56.4900016784668
1962-07-05,,56.810001373291016
1962-07-06,,56.16999816894531
1962-07-09,,56.54999923706055
1962-07-10,,57.20000076293945
1962-07-11,,57.72999954223633
1962-07-12,,58.029998779296875
1962-07-13,,57.83000183105469
1962-07-16,,57.83000183105469
1962-07-17,,56.779998779296875
1962-07-18,,56.20000076293945
1962-07-19,,56.41999816894531
1962-07-20,,56.810001373291016
1962-07-23,,56.79999923706055
1962-07-24,,56.36000061035156
1962-07-25,,56.459999084472656
1962-07-26,,56.77000045776367
1962-07-27,,57.20000076293945
1962-07-30,,57.83000183105469
1962-07-31,,58.22999954223633
1962-08-01,,57.75
1962-08-02,,57.97999954223633
1962-08-03,,58.119998931884766
1962-08-06,,57.75
1962-08-07,,57.36000061035156
1962-08-08,,57.5099983215332
1962-08-09,,57.56999969482422
1962-08-10,,57.54999923706055
1962-08-13,,57.630001068115234
1962-08-14,,58.25
1962-08-15,,58.65999984741211
1962-08-16,,58.63999938964844
1962-08-17,,59.0099983215332
1962-08-20,,59.369998931884766
1962-08-21,,59.119998931884766
1962-08-22,,59.779998779296875
1962-08-23,,59.70000076293945
1962-08-24,,59.58000183105469
1962-08-27,,59.54999923706055
1962-08-28,,58.790000915527344
1962-08-29,,58.65999984741211
1962-08-30,,58.68000030517578
1962-08-31,,59.119998931884766
1962-09-04,,58.560001373291016
1962-09-05,,58.119998931884766
1962-09-06,,58.36000061035156
1962-09-07,,58.380001068115234
1962-09-10,,58.45000076293945
1962-09-11,,58.59000015258789
1962-09-12,,58.84000015258789
1962-09-13,,58.70000076293945
1962-09-14,,58.88999938964844
1962-09-17,,59.08000183105469
1962-09-18,,59.029998779296875
1962-09-19,,58.95000076293945
1962-09-20,,58.540000915527344
1962-09-21,,57.689998626708984
1962-09-24,,56.630001068115234
1962-09-25,,56.959999084472656
1962-09-26,,56.150001525878906
1962-09-27,,55.77000045776367
1962-09-28,,56.27000045776367
1962-10-01,,55.4900016784668
1962-10-02,,56.099998474121094
1962-10-03,,56.15999984741211
1962-10-04,,56.70000076293945
1962-10-05,,57.06999969482422
1962-10-08,,57.06999969482422
1962-10-09,,57.20000076293945
1962-10-10,,57.2400016784668
1962-10-11,,57.04999923706055
1962-10-12,,56.95000076293945
1962-10-15,,57.27000045776367
1962-10-16,,57.08000183105469
1962-10-17,,56.88999938964844
1962-10-18,,56.34000015258789
1962-10-19,,55.59000015258789
1962-10-22,,54.959999084472656
1962-10-23,,53.4900016784668
1962-10-24,,55.209999084472656
1962-10-25,,54.689998626708984
1962-10-26,,54.540000915527344
1962-10-29,,55.720001220703125
1962-10-30,,56.540000915527344
1962-10-31,,56.52000045776367
1962-11-01,,57.119998931884766
1962-11-02,,57.75
1962-11-05,,58.349998474121094
1962-11-07,,58.709999084472656
1962-11-08,,58.31999969482422
1962-11-09,,58.779998779296875
1962-11-12,,59.59000015258789
1962-11-13,,59.459999084472656
1962-11-14,,60.15999984741211
1962-11-15,,59.970001220703125
1962-11-16,,60.15999984741211
1962-11-19,,59.81999969482422
1962-11-20,,60.45000076293945
1962-11-21,,60.810001373291016
1962-11-23,,61.540000915527344
1962-11-26,,61.36000061035156
1962-11-27,,61.72999954223633
1962-11-28,,62.119998931884766
1962-11-29,,62.40999984741211
1962-11-30,,62.2599983215332
1962-12-03,,61.939998626708984
1962-12-04,,62.63999938964844
1962-12-05,,62.38999938964844
1962-12-06,,62.93000030517578
1962-12-07,,63.060001373291016
1962-12-10,,62.27000045776367
1962-12-11,,62.31999969482422
1962-12-12,,62.630001068115234
1962-12-13,,62.41999816894531
1962-12-14,,62.56999969482422
1962-12-17,,62.369998931884766
1962-12-18,,62.06999969482422
1962-12-19,,62.58000183105469
1962-12-20,,62.81999969482422
1962-12-21,,62.63999938964844
1962-12-24,,62.630001068115234
1962-12-26,,63.02000045776367
1962-12-27,,62.93000030517578
1962-12-28,,62.959999084472656
1962-12-31,,63.099998474121094
1963-01-02,,62.689998626708984
1963-01-03,,63.720001220703125
1963-01-04,,64.12999725341797
1963-01-07,,64.12000274658203
1963-01-08,,64.73999786376953
1963-01-09,,64.58999633789062
1963-01-10,,64.70999908447266
1963-01-11,,64.8499984741211
1963-01-14,,65.19999694824219
1963-01-15,,65.11000061035156
1963-01-16,,64.66999816894531
1963-01-17,,65.12999725341797
1963-01-18,,65.18000030517578
1963-01-21,,65.27999877929688
1963-01-22,,65.44000244140625
1963-01-23,,65.62000274658203
1963-01-24,,65.75
1963-01-25,,65.91999816894531
1963-01-28,,66.23999786376953
1963-01-29,,66.2300033569336
1963-01-30,,65.8499984741211
1963-01-31,,66.19999694824219
1963-02-01,,66.30999755859375
1963-02-04,,66.16999816894531
1963-02-05,,66.11000061035156
1963-02-06,,66.4000015258789
1963-02-07,,66.16999816894531
1963-02-08,,66.16999816894531
1963-02-11,,65.76000213623047
1963-02-12,,65.83000183105469
1963-02-13,,66.1500015258789
1963-02-14,,66.3499984741211
1963-02-15,,66.41000366210938
1963-02-18,,66.5199966430664
1963-02-19,,66.19999694824219
1963-02-20,,65.83000183105469
1963-02-21,,65.91999816894531
1963-02-25,,65.45999908447266
1963-02-26,,65.47000122070312
1963-02-27,,65.01000213623047
1963-02-28,,64.29000091552734
1963-03-01,,64.0999984741211
1963-03-04,,64.72000122070312
1963-03-05,,64.73999786376953
1963-03-06,,64.8499984741211
1963-03-07,,65.26000213623047
1963-03-08,,65.33000183105469
1963-03-11,,65.51000213623047
1963-03-12,,65.66999816894531
1963-03-13,,65.91000366210938
1963-03-14,,65.5999984741211
1963-03-15,,65.93000030517578
1963-03-18,,65.61000061035156
1963-03-19,,65.47000122070312
1963-03-20,,65.94999694824219
1963-03-21,,65.8499984741211
1963-03-22,,66.19000244140625
1963-03-25,,66.20999908447266
1963-03-26,,66.4000015258789
1963-03-27,,66.68000030517578
1963-03-28,,66.58000183105469
1963-03-29,,66.56999969482422
1963-04-01,,66.8499984741211
1963-04-02,,66.83999633789062
1963-04-03,,67.36000061035156
1963-04-04,,67.8499984741211
1963-04-05,,68.27999877929688
1963-04-08,,68.5199966430664
1963-04-09,,68.44999694824219
1963-04-10,,68.29000091552734
1963-04-11,,68.7699966430664
1963-04-15,,69.08999633789062
1963-04-16,,69.13999938964844
1963-04-17,,68.91999816894531
1963-04-18,,68.88999938964844
1963-04-19,,69.2300033569336
1963-04-22,,69.30000305175781
1963-04-23,,69.52999877929688
1963-04-24,,69.72000122070312
1963-04-25,,69.76000213623047
1963-04-26,,69.69999694824219
1963-04-29,,69.6500015258789
1963-04-30,,69.80000305175781
1963-05-01,,69.97000122070312
1963-05-02,,70.16999816894531
1963-05-03,,70.02999877929688
1963-05-06,,69.52999877929688
1963-05-07,,69.44000244140625
1963-05-08,,70.01000213623047
1963-05-09,,70.3499984741211
1963-05-10,,70.5199966430664
1963-05-13,,70.4800033569336
1963-05-14,,70.20999908447266
1963-05-15,,70.43000030517578
1963-05-16,,70.25
1963-05-17,,70.29000091552734
1963-05-20,,69.95999908447266
1963-05-21,,70.13999938964844
1963-05-22,,70.13999938964844
1963-05-23,,70.0999984741211
1963-05-24,,70.0199966430664
1963-05-27,,69.87000274658203
1963-05-28,,70.01000213623047
1963-05-29,,70.33000183105469
1963-05-31,,70.80000305175781
1963-06-03,,70.69000244140625
1963-06-04,,70.69999694824219
1963-06-05,,70.52999877929688
1963-06-06,,70.58000183105469
1963-06-07,,70.41000366210938
1963-06-10,,69.94000244140625
1963-06-11,,70.02999877929688
1963-06-12,,70.41000366210938
1963-06-13,,70.2300033569336
1963-06-14,,70.25
1963-06-17,,69.94999694824219
1963-06-18,,70.0199966430664
1963-06-19,,70.08999633789062
1963-06-20,,70.01000213623047
1963-06-21,,70.25
1963-06-24,,70.19999694824219
1963-06-25,,70.04000091552734
1963-06-26,,69.41000366210938
1963-06-27,,69.06999969482422
1963-06-28,,69.37000274658203
1963-07-01,,68.86000061035156
1963-07-02,,69.45999908447266
1963-07-03,,69.94000244140625
1963-07-05,,70.22000122070312
1963-07-08,,69.73999786376953
1963-07-09,,70.04000091552734
1963-07-10,,69.88999938964844
1963-07-11,,69.76000213623047
1963-07-12,,69.63999938964844
1963-07-15,,69.19999694824219
1963-07-16,,69.13999938964844
1963-07-17,,68.93000030517578
1963-07-18,,68.48999786376953
1963-07-19,,68.3499984741211
1963-07-22,,67.9000015258789
1963-07-23,,67.91000366210938
1963-07-24,,68.27999877929688
1963-07-25,,68.26000213623047
1963-07-26,,68.54000091552734
1963-07-29,,68.66999816894531
1963-07-30,,69.23999786376953
1963-07-31,,69.12999725341797
1963-08-01,,69.06999969482422
1963-08-02,,69.30000305175781
1963-08-05,,69.70999908447266
1963-08-06,,70.16999816894531
1963-08-07,,69.95999908447266
1963-08-08,,70.0199966430664
1963-08-09,,70.4800033569336
1963-08-12,,70.58999633789062
1963-08-13,,70.79000091552734
1963-08-14,,71.06999969482422
1963-08-15,,71.37999725341797
1963-08-16,,71.48999786376953
1963-08-19,,71.44000244140625
1963-08-20,,71.37999725341797
1963-08-21,,71.29000091552734
1963-08-22,,71.54000091552734
1963-08-23,,71.76000213623047
1963-08-26,,71.91000366210938
1963-08-27,,71.5199966430664
1963-08-28,,72.04000091552734
1963-08-29,,72.16000366210938
1963-08-30,,72.5
1963-09-03,,72.66000366210938
1963-09-04,,72.63999938964844
1963-09-05,,73.0
1963-09-06,,72.83999633789062
1963-09-09,,72.58000183105469
1963-09-10,,72.98999786376953
1963-09-11,,73.19999694824219
1963-09-12,,73.1500015258789
1963-09-13,,73.16999816894531
1963-09-16,,73.06999969482422
1963-09-17,,73.12000274658203
1963-09-18,,72.80000305175781
1963-09-19,,73.22000122070312
1963-09-20,,73.30000305175781
1963-09-23,,72.95999908447266
1963-09-24,,73.30000305175781
1963-09-25,,72.88999938964844
1963-09-26,,72.2699966430664
1963-09-27,,72.12999725341797
1963-09-30,,71.69999694824219
1963-10-01,,72.22000122070312
1963-10-02,,72.30000305175781
1963-10-03,,72.83000183105469
1963-10-04,,72.8499984741211
1963-10-07,,72.69999694824219
1963-10-08,,72.5999984741211
1963-10-09,,71.87000274658203
1963-10-10,,72.19999694824219
1963-10-11,,72.2699966430664
1963-10-14,,72.30000305175781
1963-10-15,,72.4000015258789
1963-10-16,,72.97000122070312
1963-10-17,,73.26000213623047
1963-10-18,,73.31999969482422
1963-10-21,,73.37999725341797
1963-10-22,,72.95999908447266
1963-10-23,,73.0
1963-10-24,,73.27999877929688
1963-10-25,,74.01000213623047
1963-10-28,,74.4800033569336
1963-10-29,,74.45999908447266
1963-10-30,,73.80000305175781
1963-10-31,,74.01000213623047
1963-11-01,,73.83000183105469
1963-11-04,,73.44999694824219
1963-11-06,,72.80999755859375
1963-11-07,,73.05999755859375
1963-11-08,,73.36000061035156
1963-11-11,,73.5199966430664
1963-11-12,,73.2300033569336
1963-11-13,,73.29000091552734
1963-11-14,,72.94999694824219
1963-11-15,,72.3499984741211
1963-11-18,,71.83000183105469
1963-11-19,,71.9000015258789
1963-11-20,,72.55999755859375
1963-11-21,,71.62000274658203
1963-11-22,,69.61000061035156
1963-11-26,,72.37999725341797
1963-11-27,,72.25
1963-11-29,,73.2300033569336
1963-12-02,,73.66000366210938
1963-12-03,,73.62000274658203
1963-12-04,,73.80000305175781
1963-12-05,,74.27999877929688
1963-12-06,,74.0
1963-12-09,,73.95999908447266
1963-12-10,,73.98999786376953
1963-12-11,,73.9000015258789
1963-12-12,,73.91000366210938
1963-12-13,,74.05999755859375
1963-12-16,,74.30000305175781
1963-12-17,,74.73999786376953
1963-12-18,,74.62999725341797
1963-12-19,,74.4000015258789
1963-12-20,,74.27999877929688
1963-12-23,,73.80999755859375
1963-12-24,,73.97000122070312
1963-12-26,,74.31999969482422
1963-12-27,,74.44000244140625
1963-12-30,,74.55999755859375
1963-12-31,,75.0199966430664
1964-01-02,,75.43000030517578
1964-01-03,,75.5
1964-01-06,,75.66999816894531
1964-01-07,,75.69000244140625
1964-01-08,,76.0
1964-01-09,,76.27999877929688
1964-01-10,,76.23999786376953
1964-01-13,,76.22000122070312
1964-01-14,,76.36000061035156
1964-01-15,,76.63999938964844
1964-01-16,,76.55000305175781
1964-01-17,,76.55999755859375
1964-01-20,,76.41000366210938
1964-01-21,,76.62000274658203
1964-01-22,,77.02999877929688
1964-01-23,,77.08999633789062
1964-01-24,,77.11000061035156
1964-01-27,,77.08000183105469
1964-01-28,,77.0999984741211
1964-01-29,,76.62999725341797
1964-01-30,,76.69999694824219
1964-01-31,,77.04000091552734
1964-02-03,,76.97000122070312
1964-02-04,,76.87999725341797
1964-02-05,,76.75
1964-02-06,,76.93000030517578
1964-02-07,,77.18000030517578
1964-02-10,,77.05000305175781
1964-02-11,,77.33000183105469
1964-02-12,,77.56999969482422
1964-02-13,,77.5199966430664
1964-02-14,,77.4800033569336
1964-02-17,,77.45999908447266
1964-02-18,,77.47000122070312
1964-02-19,,77.55000305175781
1964-02-20,,77.62000274658203
1964-02-24,,77.68000030517578
1964-02-25,,77.68000030517578
1964-02-26,,77.87000274658203
1964-02-27,,77.62000274658203
1964-02-28,,77.80000305175781
1964-03-02,,77.97000122070312
1964-03-03,,78.22000122070312
1964-03-04,,78.06999969482422
1964-03-05,,78.05999755859375
1964-03-06,,78.30999755859375
1964-03-09,,78.33000183105469
1964-03-10,,78.58999633789062
1964-03-11,,78.94999694824219
1964-03-12,,79.08000183105469
1964-03-13,,79.13999938964844
1964-03-16,,79.13999938964844
1964-03-17,,79.31999969482422
1964-03-18,,79.37999725341797
1964-03-19,,79.30000305175781
1964-03-20,,78.91999816894531
1964-03-23,,78.93000030517578
1964-03-24,,78.79000091552734
1964-03-25,,78.9800033569336
1964-03-26,,79.19000244140625
1964-03-30,,79.13999938964844
1964-03-31,,78.9800033569336
1964-04-01,,79.23999786376953
1964-04-02,,79.69999694824219
1964-04-03,,79.94000244140625
1964-04-06,,80.0199966430664
1964-04-07,,79.73999786376953
1964-04-08,,79.75
1964-04-09,,79.69999694824219
1964-04-10,,79.8499984741211
1964-04-13,,79.7699966430664
1964-04-14,,79.98999786376953
1964-04-15,,80.08999633789062
1964-04-16,,80.19999694824219
1964-04-17,,80.55000305175781
1964-04-20,,80.5
1964-04-21,,80.54000091552734
1964-04-22,,80.48999786376953
1964-04-23,,80.37999725341797
1964-04-24,,79.75
1964-04-27,,79.3499984741211
1964-04-28,,79.9000015258789
1964-04-29,,79.69999694824219
1964-04-30,,79.45999908447266
1964-05-01,,80.16999816894531
1964-05-04,,80.47000122070312
1964-05-05,,80.87999725341797
1964-05-06,,81.05999755859375
1964-05-07,,81.1500015258789
1964-05-08,,81.0
1964-05-11,,80.9000015258789
1964-05-12,,81.16000366210938
1964-05-13,,80.97000122070312
1964-05-14,,80.86000061035156
1964-05-15,,81.0999984741211
1964-05-18,,80.72000122070312
1964-05-19,,80.30000305175781
1964-05-20,,80.66000366210938
1964-05-21,,80.94000244140625
1964-05-22,,80.7300033569336
1964-05-25,,80.55999755859375
1964-05-26,,80.38999938964844
1964-05-27,,80.26000213623047
1964-05-28,,80.37000274658203
1964-06-01,,80.11000061035156
1964-06-02,,79.69999694824219
1964-06-03,,79.48999786376953
1964-06-04,,78.66999816894531
1964-06-05,,79.0199966430664
1964-06-08,,78.63999938964844
1964-06-09,,79.13999938964844
1964-06-10,,79.44000244140625
1964-06-11,,79.7300033569336
1964-06-12,,79.5999984741211
1964-06-15,,79.97000122070312
1964-06-16,,80.4000015258789
1964-06-17,,80.80999755859375
1964-06-18,,80.79000091552734
1964-06-19,,80.88999938964844
1964-06-22,,81.11000061035156
1964-06-23,,80.7699966430664
1964-06-24,,81.05999755859375
1964-06-25,,81.20999908447266
1964-06-26,,81.45999908447266
1964-06-29,,81.63999938964844
1964-06-30,,81.69000244140625
1964-07-01,,82.2699966430664
1964-07-02,,82.5999984741211
1964-07-06,,82.9800033569336
1964-07-07,,83.12000274658203
1964-07-08,,83.12000274658203
1964-07-09,,83.22000122070312
1964-07-10,,83.36000061035156
1964-07-13,,83.30999755859375
1964-07-14,,83.05999755859375
1964-07-15,,83.33999633789062
1964-07-16,,83.63999938964844
1964-07-17,,84.01000213623047
1964-07-20,,83.73999786376953
1964-07-21,,83.54000091552734
1964-07-22,,83.5199966430664
1964-07-23,,83.4800033569336
1964-07-24,,83.45999908447266
1964-07-27,,83.08000183105469
1964-07-28,,82.8499984741211
1964-07-29,,82.91999816894531
1964-07-30,,83.08999633789062
1964-07-31,,83.18000030517578
1964-08-03,,83.0
1964-08-04,,81.95999908447266
1964-08-05,,82.08999633789062
1964-08-06,,81.33999633789062
1964-08-07,,81.86000061035156
1964-08-10,,81.77999877929688
1964-08-11,,81.76000213623047
1964-08-12,,82.16999816894531
1964-08-13,,82.41000366210938
1964-08-14,,82.3499984741211
1964-08-17,,82.36000061035156
1964-08-18,,82.4000015258789
1964-08-19,,82.31999969482422
1964-08-20,,81.94000244140625
1964-08-21,,82.06999969482422
1964-08-24,,81.91000366210938
1964-08-25,,81.44000244140625
1964-08-26,,81.31999969482422
1964-08-27,,81.69999694824219
1964-08-28,,81.98999786376953
1964-08-31,,81.83000183105469
1964-09-01,,82.18000030517578
1964-09-02,,82.30999755859375
1964-09-03,,82.55999755859375
1964-09-04,,82.76000213623047
1964-09-08,,82.87000274658203
1964-09-09,,83.05000305175781
1964-09-10,,83.0999984741211
1964-09-11,,83.44999694824219
1964-09-14,,83.22000122070312
1964-09-15,,83.0
1964-09-16,,83.23999786376953
1964-09-17,,83.79000091552734
1964-09-18,,83.4800033569336
1964-09-21,,83.86000061035156
1964-09-22,,83.88999938964844
1964-09-23,,83.91000366210938
1964-09-24,,84.0
1964-09-25,,84.20999908447266
1964-09-28,,84.27999877929688
1964-09-29,,84.23999786376953
1964-09-30,,84.18000030517578
1964-10-01,,84.08000183105469
1964-10-02,,84.36000061035156
1964-10-05,,84.73999786376953
1964-10-06,,84.79000091552734
1964-10-07,,84.80000305175781
1964-10-08,,85.04000091552734
1964-10-09,,85.22000122070312
1964-10-12,,85.23999786376953
1964-10-13,,84.95999908447266
1964-10-14,,84.79000091552734
1964-10-15,,84.25
1964-10-16,,84.83000183105469
1964-10-19,,84.93000030517578
1964-10-20,,85.18000030517578
1964-10-21,,85.0999984741211
1964-10-22,,84.94000244140625
1964-10-23,,85.13999938964844
1964-10-26,,85.0
1964-10-27,,85.0
1964-10-28,,84.69000244140625
1964-10-29,,84.7300033569336
1964-10-30,,84.86000061035156
1964-11-02,,85.18000030517578
1964-11-04,,85.13999938964844
1964-11-05,,85.16000366210938
1964-11-06,,85.2300033569336
1964-11-09,,85.19000244140625
1964-11-10,,84.83999633789062
1964-11-11,,85.08000183105469
1964-11-12,,85.19000244140625
1964-11-13,,85.20999908447266
1964-11-16,,85.6500015258789
1964-11-17,,86.02999877929688
1964-11-18,,86.22000122070312
1964-11-19,,86.18000030517578
1964-11-20,,86.27999877929688
1964-11-23,,86.0
1964-11-24,,85.7300033569336
1964-11-25,,85.44000244140625
1964-11-27,,85.16000366210938
1964-11-30,,84.41999816894531
1964-12-01,,83.55000305175781
1964-12-02,,83.79000091552734
1964-12-03,,84.18000030517578
1964-12-04,,84.3499984741211
1964-12-07,,84.33000183105469
1964-12-08,,84.0
1964-12-09,,83.45999908447266
1964-12-10,,83.44999694824219
1964-12-11,,83.66000366210938
1964-12-14,,83.44999694824219
1964-12-15,,83.22000122070312
1964-12-16,,83.55000305175781
1964-12-17,,83.9000015258789
1964-12-18,,84.29000091552734
1964-12-21,,84.37999725341797
1964-12-22,,84.33000183105469
1964-12-23,,84.1500015258789
1964-12-24,,84.1500015258789
1964-12-28,,84.06999969482422
1964-12-29,,83.80999755859375
1964-12-30,,84.30000305175781
1964-12-31,,84.75
1965-01-04,,84.2300033569336
1965-01-05,,84.62999725341797
1965-01-06,,84.88999938964844
1965-01-07,,85.26000213623047
1965-01-08,,85.37000274658203
1965-01-11,,85.4000015258789
1965-01-12,,85.61000061035156
1965-01-13,,85.83999633789062
1965-01-14,,85.83999633789062
1965-01-15,,86.20999908447266
1965-01-18,,86.48999786376953
1965-01-19,,86.62999725341797
1965-01-20,,86.5999984741211
1965-01-21,,86.5199966430664
1965-01-22,,86.73999786376953
1965-01-25,,86.86000061035156
1965-01-26,,86.94000244140625
1965-01-27,,87.2300033569336
1965-01-28,,87.4800033569336
1965-01-29,,87.55999755859375
1965-02-01,,87.58000183105469
1965-02-02,,87.55000305175781
1965-02-03,,87.62999725341797
1965-02-04,,87.56999969482422
1965-02-05,,87.29000091552734
1965-02-08,,86.94999694824219
1965-02-09,,87.23999786376953
1965-02-10,,86.45999908447266
1965-02-11,,85.54000091552734
1965-02-12,,86.16999816894531
1965-02-15,,86.06999969482422
1965-02-16,,85.66999816894531
1965-02-17,,85.7699966430664
1965-02-18,,86.05000305175781
1965-02-19,,86.20999908447266
1965-02-23,,86.63999938964844
1965-02-24,,87.16999816894531
1965-02-25,,87.19999694824219
1965-02-26,,87.43000030517578
1965-03-01,,87.25
1965-03-02,,87.4000015258789
1965-03-03,,87.26000213623047
1965-03-04,,86.9800033569336
1965-03-05,,86.80000305175781
1965-03-08,,86.83000183105469
1965-03-09,,86.69000244140625
1965-03-10,,86.54000091552734
1965-03-11,,86.9000015258789
1965-03-12,,87.20999908447266
1965-03-15,,87.23999786376953
1965-03-16,,87.12999725341797
1965-03-17,,87.0199966430664
1965-03-18,,86.80999755859375
1965-03-19,,86.83999633789062
1965-03-22,,86.83000183105469
1965-03-23,,86.93000030517578
1965-03-24,,87.08999633789062
1965-03-25,,86.83999633789062
1965-03-26,,86.19999694824219
1965-03-29,,86.02999877929688
1965-03-30,,86.19999694824219
1965-03-31,,86.16000366210938
1965-04-01,,86.31999969482422
1965-04-02,,86.52999877929688
1965-04-05,,86.52999877929688
1965-04-06,,86.5
1965-04-07,,86.55000305175781
1965-04-08,,87.04000091552734
1965-04-09,,87.55999755859375
1965-04-12,,87.94000244140625
1965-04-13,,88.04000091552734
1965-04-14,,88.23999786376953
1965-04-15,,88.1500015258789
1965-04-19,,88.51000213623047
1965-04-20,,88.45999908447266
1965-04-21,,88.30000305175781
1965-04-22,,88.77999877929688
1965-04-23,,88.87999725341797
1965-04-26,,88.88999938964844
1965-04-27,,89.04000091552734
1965-04-28,,89.0
1965-04-29,,88.93000030517578
1965-04-30,,89.11000061035156
1965-05-03,,89.2300033569336
1965-05-04,,89.51000213623047
1965-05-05,,89.70999908447266
1965-05-06,,89.91999816894531
1965-05-07,,89.8499984741211
1965-05-10,,89.66000366210938
1965-05-11,,89.55000305175781
1965-05-12,,89.94000244140625
1965-05-13,,90.2699966430664
1965-05-14,,90.0999984741211
1965-05-17,,89.54000091552734
1965-05-18,,89.45999908447266
1965-05-19,,89.66999816894531
1965-05-20,,89.18000030517578
1965-05-21,,88.75
1965-05-24,,88.08999633789062
1965-05-25,,88.5999984741211
1965-05-26,,88.30000305175781
1965-05-27,,87.83999633789062
1965-05-28,,88.41999816894531
1965-06-01,,88.72000122070312
1965-06-02,,87.08999633789062
1965-06-03,,86.9000015258789
1965-06-04,,87.11000061035156
1965-06-07,,86.87999725341797
1965-06-08,,85.93000030517578
1965-06-09,,85.04000091552734
1965-06-10,,84.7300033569336
1965-06-11,,85.12000274658203
1965-06-14,,84.01000213623047
1965-06-15,,84.48999786376953
1965-06-16,,85.19999694824219
1965-06-17,,85.73999786376953
1965-06-18,,85.33999633789062
1965-06-21,,85.05000305175781
1965-06-22,,85.20999908447266
1965-06-23,,84.66999816894531
1965-06-24,,83.55999755859375
1965-06-25,,83.05999755859375
1965-06-28,,81.5999984741211
1965-06-29,,82.41000366210938
1965-06-30,,84.12000274658203
1965-07-01,,84.4800033569336
1965-07-02,,85.16000366210938
1965-07-06,,84.98999786376953
1965-07-07,,84.66999816894531
1965-07-08,,85.38999938964844
1965-07-09,,85.70999908447266
1965-07-12,,85.69000244140625
1965-07-13,,85.58999633789062
1965-07-14,,85.87000274658203
1965-07-15,,85.72000122070312
1965-07-16,,85.69000244140625
1965-07-19,,85.62999725341797
1965-07-20,,84.55000305175781
1965-07-21,,84.06999969482422
1965-07-22,,83.8499984741211
1965-07-23,,84.06999969482422
1965-07-26,,84.05000305175781
1965-07-27,,83.87000274658203
1965-07-28,,84.02999877929688
1965-07-29,,84.68000030517578
1965-07-30,,85.25
1965-08-02,,85.41999816894531
1965-08-03,,85.45999908447266
1965-08-04,,85.79000091552734
1965-08-05,,85.79000091552734
1965-08-06,,86.06999969482422
1965-08-09,,85.86000061035156
1965-08-10,,85.87000274658203
1965-08-11,,86.12999725341797
1965-08-12,,86.37999725341797
1965-08-13,,86.7699966430664
1965-08-16,,86.87000274658203
1965-08-17,,87.04000091552734
1965-08-18,,86.98999786376953
1965-08-19,,86.79000091552734
1965-08-20,,86.69000244140625
1965-08-23,,86.55999755859375
1965-08-24,,86.70999908447266
1965-08-25,,86.80999755859375
1965-08-26,,87.13999938964844
1965-08-27,,87.19999694824219
1965-08-30,,87.20999908447266
1965-08-31,,87.16999816894531
1965-09-01,,87.16999816894531
1965-09-02,,87.6500015258789
1965-09-03,,88.05999755859375
1965-09-07,,88.36000061035156
1965-09-08,,88.66000366210938
1965-09-09,,88.88999938964844
1965-09-10,,89.12000274658203
1965-09-13,,89.37999725341797
1965-09-14,,89.02999877929688
1965-09-15,,89.5199966430664
1965-09-16,,90.0199966430664
1965-09-17,,90.05000305175781
1965-09-20,,90.08000183105469
1965-09-21,,89.80999755859375
1965-09-22,,90.22000122070312
1965-09-23,,89.86000061035156
1965-09-24,,90.0199966430664
1965-09-27,,90.6500015258789
1965-09-28,,90.43000030517578
1965-09-29,,90.0199966430664
1965-09-30,,89.95999908447266
1965-10-01,,89.9000015258789
1965-10-04,,90.08000183105469
1965-10-05,,90.62999725341797
1965-10-06,,90.54000091552734
1965-10-07,,90.47000122070312
1965-10-08,,90.8499984741211
1965-10-11,,91.37000274658203
1965-10-12,,91.3499984741211
1965-10-13,,91.33999633789062
1965-10-14,,91.19000244140625
1965-10-15,,91.37999725341797
1965-10-18,,91.68000030517578
1965-10-19,,91.80000305175781
1965-10-20,,91.77999877929688
1965-10-21,,91.94000244140625
1965-10-22,,91.9800033569336
1965-10-25,,91.66999816894531
1965-10-26,,92.19999694824219
1965-10-27,,92.51000213623047
1965-10-28,,92.20999908447266
1965-10-29,,92.41999816894531
1965-11-01,,92.2300033569336
1965-11-03,,92.30999755859375
1965-11-04,,92.45999908447266
1965-11-05,,92.37000274658203
1965-11-08,,92.2300033569336
1965-11-09,,91.93000030517578
1965-11-10,,91.83000183105469
1965-11-11,,92.11000061035156
1965-11-12,,92.55000305175781
1965-11-15,,92.62999725341797
1965-11-16,,92.41000366210938
1965-11-17,,92.5999984741211
1965-11-18,,92.22000122070312
1965-11-19,,92.23999786376953
1965-11-22,,91.63999938964844
1965-11-23,,91.77999877929688
1965-11-24,,91.94000244140625
1965-11-26,,92.02999877929688
1965-11-29,,91.80000305175781
1965-11-30,,91.61000061035156
1965-12-01,,91.5
1965-12-02,,91.20999908447266
1965-12-03,,91.2699966430664
1965-12-06,,90.58999633789062
1965-12-07,,91.38999938964844
1965-12-08,,91.27999877929688
1965-12-09,,91.55999755859375
1965-12-10,,91.80000305175781
1965-12-13,,91.83000183105469
1965-12-14,,91.87999725341797
1965-12-15,,92.0199966430664
1965-12-16,,92.12000274658203
1965-12-17,,92.08000183105469
1965-12-20,,91.6500015258789
1965-12-21,,92.01000213623047
1965-12-22,,92.29000091552734
1965-12-23,,92.19000244140625
1965-12-27,,91.5199966430664
1965-12-28,,91.52999877929688
1965-12-29,,91.80999755859375
1965-12-30,,92.19999694824219
1965-12-31,,92.43000030517578
1966-01-03,,92.18000030517578
1966-01-04,,92.26000213623047
1966-01-05,,92.8499984741211
1966-01-06,,93.05999755859375
1966-01-07,,93.13999938964844
1966-01-10,,93.33000183105469
1966-01-11,,93.41000366210938
1966-01-12,,93.19000244140625
1966-01-13,,93.36000061035156
1966-01-14,,93.5
1966-01-17,,93.7699966430664
1966-01-18,,93.94999694824219
1966-01-19,,93.69000244140625
1966-01-20,,93.36000061035156
1966-01-21,,93.47000122070312
1966-01-24,,93.70999908447266
1966-01-25,,93.8499984741211
1966-01-26,,93.69999694824219
1966-01-27,,93.66999816894531
1966-01-28,,93.30999755859375
1966-01-31,,92.87999725341797
1966-02-01,,92.16000366210938
1966-02-02,,92.52999877929688
1966-02-03,,92.6500015258789
1966-02-04,,93.26000213623047
1966-02-07,,93.58999633789062
1966-02-08,,93.55000305175781
1966-02-09,,94.05999755859375
1966-02-10,,93.83000183105469
1966-02-11,,93.80999755859375
1966-02-14,,93.52999877929688
1966-02-15,,93.16999816894531
1966-02-16,,93.16000366210938
1966-02-17,,92.66000366210938
1966-02-18,,92.41000366210938
1966-02-21,,91.87000274658203
1966-02-23,,91.4800033569336
1966-02-24,,90.88999938964844
1966-02-25,,91.13999938964844
1966-02-28,,91.22000122070312
1966-03-01,,90.05999755859375
1966-03-02,,89.1500015258789
1966-03-03,,89.47000122070312
1966-03-04,,89.23999786376953
1966-03-07,,88.04000091552734
1966-03-08,,88.18000030517578
1966-03-09,,88.95999908447266
1966-03-10,,88.95999908447266
1966-03-11,,88.8499984741211
1966-03-14,,87.8499984741211
1966-03-15,,87.3499984741211
1966-03-16,,87.86000061035156
1966-03-17,,88.16999816894531
1966-03-18,,88.52999877929688
1966-03-21,,89.19999694824219
1966-03-22,,89.45999908447266
1966-03-23,,89.12999725341797
1966-03-24,,89.29000091552734
1966-03-25,,89.54000091552734
1966-03-28,,89.62000274658203
1966-03-29,,89.2699966430664
1966-03-30,,88.77999877929688
1966-03-31,,89.2300033569336
1966-04-01,,89.94000244140625
1966-04-04,,90.76000213623047
1966-04-05,,91.30999755859375
1966-04-06,,91.55999755859375
1966-04-07,,91.76000213623047
1966-04-11,,91.79000091552734
1966-04-12,,91.44999694824219
1966-04-13,,91.54000091552734
1966-04-14,,91.87000274658203
1966-04-15,,91.98999786376953
1966-04-18,,91.58000183105469
1966-04-19,,91.56999969482422
1966-04-20,,92.08000183105469
1966-04-21,,92.41999816894531
1966-04-22,,92.2699966430664
1966-04-25,,92.08000183105469
1966-04-26,,91.98999786376953
1966-04-27,,91.76000213623047
1966-04-28,,91.12999725341797
1966-04-29,,91.05999755859375
1966-05-02,,90.9000015258789
1966-05-03,,89.8499984741211
1966-05-04,,89.38999938964844
1966-05-05,,87.93000030517578
1966-05-06,,87.83999633789062
1966-05-09,,86.31999969482422
1966-05-10,,87.08000183105469
1966-05-11,,87.2300033569336
1966-05-12,,86.2300033569336
1966-05-13,,85.47000122070312
1966-05-16,,84.41000366210938
1966-05-17,,83.62999725341797
1966-05-18,,85.12000274658203
1966-05-19,,85.0199966430664
1966-05-20,,85.43000030517578
1966-05-23,,86.19999694824219
1966-05-24,,86.7699966430664
1966-05-25,,87.06999969482422
1966-05-26,,87.06999969482422
1966-05-27,,87.33000183105469
1966-05-31,,86.12999725341797
1966-06-01,,86.0999984741211
1966-06-02,,85.95999908447266
1966-06-03,,86.05999755859375
1966-06-06,,85.41999816894531
1966-06-07,,84.83000183105469
1966-06-08,,84.93000030517578
1966-06-09,,85.5
1966-06-10,,86.44000244140625
1966-06-13,,86.83000183105469
1966-06-14,,87.06999969482422
1966-06-15,,86.7300033569336
1966-06-16,,86.47000122070312
1966-06-17,,86.51000213623047
1966-06-20,,86.4800033569336
1966-06-21,,86.70999908447266
1966-06-22,,86.8499984741211
1966-06-23,,86.5
1966-06-24,,86.58000183105469
1966-06-27,,86.08000183105469
1966-06-28,,85.66999816894531
1966-06-29,,84.86000061035156
1966-06-30,,84.73999786376953
1966-07-01,,85.61000061035156
1966-07-05,,85.81999969482422
1966-07-06,,87.05999755859375
1966-07-07,,87.37999725341797
1966-07-08,,87.61000061035156
1966-07-11,,87.44999694824219
1966-07-12,,86.87999725341797
1966-07-13,,86.30000305175781
1966-07-14,,86.81999969482422
1966-07-15,,87.08000183105469
1966-07-18,,86.98999786376953
1966-07-19,,86.33000183105469
1966-07-20,,85.51000213623047
1966-07-21,,85.5199966430664
1966-07-22,,85.41000366210938
1966-07-25,,83.83000183105469
1966-07-26,,83.69999694824219
1966-07-27,,84.0999984741211
1966-07-28,,83.7699966430664
1966-07-29,,83.5999984741211
1966-08-01,,82.30999755859375
1966-08-02,,82.33000183105469
1966-08-03,,83.1500015258789
1966-08-04,,83.93000030517578
1966-08-05,,84.0
1966-08-08,,83.75
1966-08-09,,83.48999786376953
1966-08-10,,83.11000061035156
1966-08-11,,83.0199966430664
1966-08-12,,83.16999816894531
1966-08-15,,82.73999786376953
1966-08-16,,81.62999725341797
1966-08-17,,81.18000030517578
1966-08-18,,80.16000366210938
1966-08-19,,79.62000274658203
1966-08-22,,78.23999786376953
1966-08-23,,78.11000061035156
1966-08-24,,79.06999969482422
1966-08-25,,78.05999755859375
1966-08-26,,76.41000366210938
1966-08-29,,74.52999877929688
1966-08-30,,75.86000061035156
1966-08-31,,77.0999984741211
1966-09-01,,77.69999694824219
1966-09-02,,77.41999816894531
1966-09-06,,76.95999908447266
1966-09-07,,76.37000274658203
1966-09-08,,76.05000305175781
1966-09-09,,76.29000091552734
1966-09-12,,77.91000366210938
1966-09-13,,78.31999969482422
1966-09-14,,79.12999725341797
1966-09-15,,80.08000183105469
1966-09-16,,79.98999786376953
1966-09-19,,79.58999633789062
1966-09-20,,79.04000091552734
1966-09-21,,77.70999908447266
1966-09-22,,77.94000244140625
1966-09-23,,77.66999816894531
1966-09-26,,77.86000061035156
1966-09-27,,78.0999984741211
1966-09-28,,77.11000061035156
1966-09-29,,76.30999755859375
1966-09-30,,76.55999755859375
1966-10-03,,74.9000015258789
1966-10-04,,75.0999984741211
1966-10-05,,74.69000244140625
1966-10-06,,74.05000305175781
1966-10-07,,73.19999694824219
1966-10-10,,74.52999877929688
1966-10-11,,74.91000366210938
1966-10-12,,77.04000091552734
1966-10-13,,76.88999938964844
1966-10-14,,76.5999984741211
1966-10-17,,77.47000122070312
1966-10-18,,78.68000030517578
1966-10-19,,78.05000305175781
1966-10-20,,77.83999633789062
1966-10-21,,78.19000244140625
1966-10-24,,78.41999816894531
1966-10-25,,78.9000015258789
1966-10-26,,79.58000183105469
1966-10-27,,80.2300033569336
1966-10-28,,80.23999786376953
1966-10-31,,80.19999694824219
1966-11-01,,80.80999755859375
1966-11-02,,80.87999725341797
1966-11-03,,80.55999755859375
1966-11-04,,80.80999755859375
1966-11-07,,80.7300033569336
1966-11-09,,81.37999725341797
1966-11-10,,81.88999938964844
1966-11-11,,81.94000244140625
1966-11-14,,81.37000274658203
1966-11-15,,81.69000244140625
1966-11-16,,82.37000274658203
1966-11-17,,81.80000305175781
1966-11-18,,81.26000213623047
1966-11-21,,80.08999633789062
1966-11-22,,79.66999816894531
1966-11-23,,80.20999908447266
1966-11-25,,80.8499984741211
1966-11-28,,80.70999908447266
1966-11-29,,80.41999816894531
1966-11-30,,80.44999694824219
1966-12-01,,80.08000183105469
1966-12-02,,80.12999725341797
1966-12-05,,80.23999786376953
1966-12-06,,80.83999633789062
1966-12-07,,81.72000122070312
1966-12-08,,82.05000305175781
1966-12-09,,82.13999938964844
1966-12-12,,83.0
1966-12-13,,82.7300033569336
1966-12-14,,82.63999938964844
1966-12-15,,81.63999938964844
1966-12-16,,81.58000183105469
1966-12-19,,81.2699966430664
1966-12-20,,80.95999908447266
1966-12-21,,81.37999725341797
1966-12-22,,81.69000244140625
1966-12-23,,81.47000122070312
1966-12-27,,81.0
1966-12-28,,80.61000061035156
1966-12-29,,80.37000274658203
1966-12-30,,80.33000183105469
1967-01-03,,80.37999725341797
1967-01-04,,80.55000305175781
1967-01-05,,81.5999984741211
1967-01-06,,82.18000030517578
1967-01-09,,82.80999755859375
1967-01-10,,82.80999755859375
1967-01-11,,83.47000122070312
1967-01-12,,83.91000366210938
1967-01-13,,84.52999877929688
1967-01-16,,84.30999755859375
1967-01-17,,85.23999786376953
1967-01-18,,85.79000091552734
1967-01-19,,85.81999969482422
1967-01-20,,86.06999969482422
1967-01-23,,86.38999938964844
1967-01-24,,86.51000213623047
1967-01-25,,85.8499984741211
1967-01-26,,85.80999755859375
1967-01-27,,86.16000366210938
1967-01-30,,86.66000366210938
1967-01-31,,86.61000061035156
1967-02-01,,86.43000030517578
1967-02-02,,86.7300033569336
1967-02-03,,87.36000061035156
1967-02-06,,87.18000030517578
1967-02-07,,86.94999694824219
1967-02-08,,87.72000122070312
1967-02-09,,87.36000061035156
1967-02-10,,87.62999725341797
1967-02-13,,87.58000183105469
1967-02-14,,88.16999816894531
1967-02-15,,88.2699966430664
1967-02-16,,87.86000061035156
1967-02-17,,87.88999938964844
1967-02-20,,87.4000015258789
1967-02-21,,87.33999633789062
1967-02-23,,87.44999694824219
1967-02-24,,87.41000366210938
1967-02-27,,86.45999908447266
1967-02-28,,86.77999877929688
1967-03-01,,87.68000030517578
1967-03-02,,88.16000366210938
1967-03-03,,88.29000091552734
1967-03-06,,88.0999984741211
1967-03-07,,88.16000366210938
1967-03-08,,88.2699966430664
1967-03-09,,88.52999877929688
1967-03-10,,88.88999938964844
1967-03-13,,88.43000030517578
1967-03-14,,88.3499984741211
1967-03-15,,89.19000244140625
1967-03-16,,90.08999633789062
1967-03-17,,90.25
1967-03-20,,90.19999694824219
1967-03-21,,90.0
1967-03-22,,90.25
1967-03-23,,90.94000244140625
1967-03-27,,90.87000274658203
1967-03-28,,90.91000366210938
1967-03-29,,90.7300033569336
1967-03-30,,90.69999694824219
1967-03-31,,90.19999694824219
1967-04-03,,89.23999786376953
1967-04-04,,89.22000122070312
1967-04-05,,89.79000091552734
1967-04-06,,89.94000244140625
1967-04-07,,89.36000061035156
1967-04-10,,88.23999786376953
1967-04-11,,88.87999725341797
1967-04-12,,88.77999877929688
1967-04-13,,89.45999908447266
1967-04-14,,90.43000030517578
1967-04-17,,91.06999969482422
1967-04-18,,91.86000061035156
1967-04-19,,91.94000244140625
1967-04-20,,92.11000061035156
1967-04-21,,92.30000305175781
1967-04-24,,92.62000274658203
1967-04-25,,93.11000061035156
1967-04-26,,93.0199966430664
1967-04-27,,93.80999755859375
1967-04-28,,94.01000213623047
1967-05-01,,93.83999633789062
1967-05-02,,93.66999816894531
1967-05-03,,93.91000366210938
1967-05-04,,94.31999969482422
1967-05-05,,94.44000244140625
1967-05-08,,94.58000183105469
1967-05-09,,93.5999984741211
1967-05-10,,93.3499984741211
1967-05-11,,93.75
1967-05-12,,93.4800033569336
1967-05-15,,92.70999908447266
1967-05-16,,93.13999938964844
1967-05-17,,92.77999877929688
1967-05-18,,92.52999877929688
1967-05-19,,92.06999969482422
1967-05-22,,91.66999816894531
1967-05-23,,91.2300033569336
1967-05-24,,90.18000030517578
1967-05-25,,91.19000244140625
1967-05-26,,90.9800033569336
1967-05-29,,90.48999786376953
1967-05-31,,89.08000183105469
1967-06-01,,90.2300033569336
1967-06-02,,89.79000091552734
1967-06-05,,88.43000030517578
1967-06-06,,90.2300033569336
1967-06-07,,90.91000366210938
1967-06-08,,91.4000015258789
1967-06-09,,91.55999755859375
1967-06-12,,92.04000091552734
1967-06-13,,92.62000274658203
1967-06-14,,92.4000015258789
1967-06-15,,92.48999786376953
1967-06-16,,92.54000091552734
1967-06-19,,92.51000213623047
1967-06-20,,92.4800033569336
1967-06-21,,92.19999694824219
1967-06-22,,91.97000122070312
1967-06-23,,92.0
1967-06-26,,91.63999938964844
1967-06-27,,91.30000305175781
1967-06-28,,91.30999755859375
1967-06-29,,90.8499984741211
1967-06-30,,90.63999938964844
1967-07-03,,90.91000366210938
1967-07-05,,91.36000061035156
1967-07-06,,91.31999969482422
1967-07-07,,91.69000244140625
1967-07-10,,92.05000305175781
1967-07-11,,92.4800033569336
1967-07-12,,92.4000015258789
1967-07-13,,92.41999816894531
1967-07-14,,92.73999786376953
1967-07-17,,92.75
1967-07-18,,93.5
1967-07-19,,93.6500015258789
1967-07-20,,93.8499984741211
1967-07-21,,94.04000091552734
1967-07-24,,93.7300033569336
1967-07-25,,93.23999786376953
1967-07-26,,94.05999755859375
1967-07-27,,94.3499984741211
1967-07-28,,94.48999786376953
1967-07-31,,94.75
1967-08-01,,95.37000274658203
1967-08-02,,95.77999877929688
1967-08-03,,95.66000366210938
1967-08-04,,95.83000183105469
1967-08-07,,95.58000183105469
1967-08-08,,95.69000244140625
1967-08-09,,95.77999877929688
1967-08-10,,95.52999877929688
1967-08-11,,95.1500015258789
1967-08-14,,94.63999938964844
1967-08-15,,94.7699966430664
1967-08-16,,94.55000305175781
1967-08-17,,94.62999725341797
1967-08-18,,94.77999877929688
1967-08-21,,94.25
1967-08-22,,93.73999786376953
1967-08-23,,93.61000061035156
1967-08-24,,93.08999633789062
1967-08-25,,92.69999694824219
1967-08-28,,92.63999938964844
1967-08-29,,92.87999725341797
1967-08-30,,93.06999969482422
1967-08-31,,93.63999938964844
1967-09-01,,93.68000030517578
1967-09-05,,94.20999908447266
1967-09-06,,94.38999938964844
1967-09-07,,94.33000183105469
1967-09-08,,94.36000061035156
1967-09-11,,94.54000091552734
1967-09-12,,94.98999786376953
1967-09-13,,95.98999786376953
1967-09-14,,96.19999694824219
1967-09-15,,96.2699966430664
1967-09-18,,96.52999877929688
1967-09-19,,96.16999816894531
1967-09-20,,96.12999725341797
1967-09-21,,96.75
1967-09-22,,97.0
1967-09-25,,97.58999633789062
1967-09-26,,96.76000213623047
1967-09-27,,96.79000091552734
1967-09-28,,96.79000091552734
1967-09-29,,96.70999908447266
1967-10-02,,96.31999969482422
1967-10-03,,96.6500015258789
1967-10-04,,96.43000030517578
1967-10-05,,96.66999816894531
1967-10-06,,97.26000213623047
1967-10-09,,97.51000213623047
1967-10-10,,96.83999633789062
1967-10-11,,96.37000274658203
1967-10-12,,95.75
1967-10-13,,96.0
1967-10-16,,95.25
1967-10-17,,95.0
1967-10-18,,95.25
1967-10-19,,95.43000030517578
1967-10-20,,95.37999725341797
1967-10-23,,94.95999908447266
1967-10-24,,94.41999816894531
1967-10-25,,94.5199966430664
1967-10-26,,94.94000244140625
1967-10-27,,94.95999908447266
1967-10-30,,94.79000091552734
1967-10-31,,93.30000305175781
1967-11-01,,92.70999908447266
1967-11-02,,92.33999633789062
1967-11-03,,91.77999877929688
1967-11-06,,91.4800033569336
1967-11-08,,91.13999938964844
1967-11-09,,91.58999633789062
1967-11-10,,92.20999908447266
1967-11-13,,91.97000122070312
1967-11-14,,91.38999938964844
1967-11-15,,91.76000213623047
1967-11-16,,92.5999984741211
1967-11-17,,92.81999969482422
1967-11-20,,91.6500015258789
1967-11-21,,93.0999984741211
1967-11-22,,93.6500015258789
1967-11-24,,93.9000015258789
1967-11-27,,94.16999816894531
1967-11-28,,94.48999786376953
1967-11-29,,94.47000122070312
1967-11-30,,94.0
1967-12-01,,94.5
1967-12-04,,95.0999984741211
1967-12-05,,95.2300033569336
1967-12-06,,95.63999938964844
1967-12-07,,95.52999877929688
1967-12-08,,95.41999816894531
1967-12-11,,95.12000274658203
1967-12-12,,95.01000213623047
1967-12-13,,95.33999633789062
1967-12-14,,95.47000122070312
1967-12-15,,95.02999877929688
1967-12-18,,94.7699966430664
1967-12-19,,94.62999725341797
1967-12-20,,95.1500015258789
1967-12-21,,95.37999725341797
1967-12-22,,95.19999694824219
1967-12-26,,95.26000213623047
1967-12-27,,95.91000366210938
1967-12-28,,95.88999938964844
1967-12-29,,96.47000122070312
1968-01-02,,96.11000061035156
1968-01-03,,95.66999816894531
1968-01-04,,95.36000061035156
1968-01-05,,95.94000244140625
1968-01-08,,96.62000274658203
1968-01-09,,96.5
1968-01-10,,96.5199966430664
1968-01-11,,96.62000274658203
1968-01-12,,96.72000122070312
1968-01-15,,96.41999816894531
1968-01-16,,95.81999969482422
1968-01-17,,95.63999938964844
1968-01-18,,95.55999755859375
1968-01-19,,95.23999786376953
1968-01-22,,94.02999877929688
1968-01-23,,93.66000366210938
1968-01-24,,93.16999816894531
1968-01-25,,93.30000305175781
1968-01-26,,93.44999694824219
1968-01-29,,93.3499984741211
1968-01-30,,92.88999938964844
1968-01-31,,92.23999786376953
1968-02-01,,92.55999755859375
1968-02-02,,92.2699966430664
1968-02-05,,91.87000274658203
1968-02-06,,91.9000015258789
1968-02-07,,92.05999755859375
1968-02-08,,90.9000015258789
1968-02-09,,89.86000061035156
1968-02-13,,89.06999969482422
1968-02-14,,90.13999938964844
1968-02-15,,90.30000305175781
1968-02-16,,89.95999908447266
1968-02-19,,90.30999755859375
1968-02-20,,91.23999786376953
1968-02-21,,91.23999786376953
1968-02-23,,90.88999938964844
1968-02-26,,90.18000030517578
1968-02-27,,90.52999877929688
1968-02-28,,90.08000183105469
1968-02-29,,89.36000061035156
1968-03-01,,89.11000061035156
1968-03-04,,87.91999816894531
1968-03-05,,87.72000122070312
1968-03-06,,89.26000213623047
1968-03-07,,89.0999984741211
1968-03-08,,89.02999877929688
1968-03-11,,90.12999725341797
1968-03-12,,90.2300033569336
1968-03-13,,90.02999877929688
1968-03-14,,88.31999969482422
1968-03-15,,89.0999984741211
1968-03-18,,89.58999633789062
1968-03-19,,88.98999786376953
1968-03-20,,88.9800033569336
1968-03-21,,88.33000183105469
1968-03-22,,88.41999816894531
1968-03-25,,88.33000183105469
1968-03-26,,88.93000030517578
1968-03-27,,89.66000366210938
1968-03-28,,89.56999969482422
1968-03-29,,90.19999694824219
1968-04-01,,92.4800033569336
1968-04-02,,92.63999938964844
1968-04-03,,93.47000122070312
1968-04-04,,93.83999633789062
1968-04-05,,93.29000091552734
1968-04-08,,94.94999694824219
1968-04-10,,95.66999816894531
1968-04-11,,96.52999877929688
1968-04-15,,96.58999633789062
1968-04-16,,96.62000274658203
1968-04-17,,96.80999755859375
1968-04-18,,97.08000183105469
1968-04-19,,95.8499984741211
1968-04-22,,95.31999969482422
1968-04-23,,96.62000274658203
1968-04-24,,96.91999816894531
1968-04-25,,96.62000274658203
1968-04-26,,97.20999908447266
1968-04-29,,97.97000122070312
1968-04-30,,97.45999908447266
1968-05-01,,97.97000122070312
1968-05-02,,98.58999633789062
1968-05-03,,98.66000366210938
1968-05-06,,98.3499984741211
1968-05-07,,98.9000015258789
1968-05-08,,98.91000366210938
1968-05-09,,98.38999938964844
1968-05-10,,98.5
1968-05-13,,98.19000244140625
1968-05-14,,98.12000274658203
1968-05-15,,98.06999969482422
1968-05-16,,97.5999984741211
1968-05-17,,96.9000015258789
1968-05-20,,96.44999694824219
1968-05-21,,96.93000030517578
1968-05-22,,97.18000030517578
1968-05-23,,96.97000122070312
1968-05-24,,97.1500015258789
1968-05-27,,96.98999786376953
1968-05-28,,97.62000274658203
1968-05-29,,97.91999816894531
1968-05-31,,98.68000030517578
1968-06-03,,99.98999786376953
1968-06-04,,100.37999725341797
1968-06-05,,99.88999938964844
1968-06-06,,100.6500015258789
1968-06-07,,101.2699966430664
1968-06-10,,101.41000366210938
1968-06-11,,101.66000366210938
1968-06-13,,101.25
1968-06-14,,101.12999725341797
1968-06-17,,100.12999725341797
1968-06-18,,99.98999786376953
1968-06-20,,101.51000213623047
1968-06-21,,100.66000366210938
1968-06-24,,100.38999938964844
1968-06-25,,100.08000183105469
1968-06-27,,99.9800033569336
1968-06-28,,99.58000183105469
1968-07-01,,99.4000015258789
1968-07-02,,99.73999786376953
1968-07-03,,100.91000366210938
1968-07-08,,101.94000244140625
1968-07-09,,102.2300033569336
1968-07-11,,102.38999938964844
1968-07-12,,102.33999633789062
1968-07-15,,102.26000213623047
1968-07-16,,101.69999694824219
1968-07-18,,101.44000244140625
1968-07-19,,100.45999908447266
1968-07-22,,99.33000183105469
1968-07-23,,99.20999908447266
1968-07-25,,97.94000244140625
1968-07-26,,98.33999633789062
1968-07-29,,97.6500015258789
1968-07-30,,97.73999786376953
1968-08-01,,97.27999877929688
1968-08-02,,96.62999725341797
1968-08-05,,96.8499984741211
1968-08-06,,97.25
1968-08-08,,97.04000091552734
1968-08-09,,97.01000213623047
1968-08-12,,98.01000213623047
1968-08-13,,98.52999877929688
1968-08-15,,98.06999969482422
1968-08-16,,98.68000030517578
1968-08-19,,99.0
1968-08-20,,98.95999908447266
1968-08-22,,98.69999694824219
1968-08-23,,98.69000244140625
1968-08-26,,98.94000244140625
1968-08-27,,98.80999755859375
1968-08-29,,98.73999786376953
1968-08-30,,98.86000061035156
1968-09-03,,99.31999969482422
1968-09-04,,100.0199966430664
1968-09-05,,100.73999786376953
1968-09-06,,101.19999694824219
1968-09-09,,101.2300033569336
1968-09-10,,100.7300033569336
1968-09-12,,100.5199966430664
1968-09-13,,100.86000061035156
1968-09-16,,101.23999786376953
1968-09-17,,101.5
1968-09-19,,101.58999633789062
1968-09-20,,101.66000366210938
1968-09-23,,102.23999786376953
1968-09-24,,102.58999633789062
1968-09-26,,102.36000061035156
1968-09-27,,102.30999755859375
1968-09-30,,102.66999816894531
1968-10-01,,102.86000061035156
1968-10-03,,103.22000122070312
1968-10-04,,103.70999908447266
1968-10-07,,103.69999694824219
1968-10-08,,103.73999786376953
1968-10-10,,103.29000091552734
1968-10-11,,103.18000030517578
1968-10-14,,103.31999969482422
1968-10-15,,103.52999877929688
1968-10-17,,104.01000213623047
1968-10-18,,104.81999969482422
1968-10-21,,104.98999786376953
1968-10-22,,104.56999969482422
1968-10-24,,103.83999633789062
1968-10-25,,104.19999694824219
1968-10-28,,103.9000015258789
1968-10-29,,103.30000305175781
1968-10-31,,103.41000366210938
1968-11-01,,103.05999755859375
1968-11-04,,103.0999984741211
1968-11-06,,103.2699966430664
1968-11-07,,103.5
1968-11-08,,103.94999694824219
1968-11-12,,104.62000274658203
1968-11-13,,105.12999725341797
1968-11-14,,105.19999694824219
1968-11-15,,105.77999877929688
1968-11-18,,105.91999816894531
1968-11-19,,106.13999938964844
1968-11-21,,105.97000122070312
1968-11-22,,106.30000305175781
1968-11-25,,106.4800033569336
1968-11-26,,107.26000213623047
1968-11-27,,107.76000213623047
1968-11-29,,108.37000274658203
1968-12-02,,108.12000274658203
1968-12-03,,108.0199966430664
1968-12-05,,107.66999816894531
1968-12-06,,107.93000030517578
1968-12-09,,107.66000366210938
1968-12-10,,107.38999938964844
1968-12-12,,107.31999969482422
1968-12-13,,107.58000183105469
1968-12-16,,107.0999984741211
1968-12-17,,106.66000366210938
1968-12-19,,106.97000122070312
1968-12-20,,106.33999633789062
1968-12-23,,105.20999908447266
1968-12-24,,105.04000091552734
1968-12-26,,105.1500015258789
1968-12-27,,104.73999786376953
1968-12-30,,103.80000305175781
1968-12-31,,103.86000061035156
1969-01-02,,103.93000030517578
1969-01-03,,103.98999786376953
1969-01-06,,102.47000122070312
1969-01-07,,101.22000122070312
1969-01-08,,100.80000305175781
1969-01-09,,101.22000122070312
1969-01-10,,100.93000030517578
1969-01-13,,100.44000244140625
1969-01-14,,101.12999725341797
1969-01-15,,101.62000274658203
1969-01-16,,102.18000030517578
1969-01-17,,102.02999877929688
1969-01-20,,101.69000244140625
1969-01-21,,101.62999725341797
1969-01-22,,101.9800033569336
1969-01-23,,102.43000030517578
1969-01-24,,102.37999725341797
1969-01-27,,102.4000015258789
1969-01-28,,102.41000366210938
1969-01-29,,102.51000213623047
1969-01-30,,102.55000305175781
1969-01-31,,103.01000213623047
1969-02-03,,102.88999938964844
1969-02-04,,102.91999816894531
1969-02-05,,103.19999694824219
1969-02-06,,103.54000091552734
1969-02-07,,103.52999877929688
1969-02-11,,103.6500015258789
1969-02-12,,103.62999725341797
1969-02-13,,103.70999908447266
1969-02-14,,103.61000061035156
1969-02-17,,102.44000244140625
1969-02-18,,101.4000015258789
1969-02-19,,100.6500015258789
1969-02-20,,99.79000091552734
1969-02-24,,98.5999984741211
1969-02-25,,97.9800033569336
1969-02-26,,98.44999694824219
1969-02-27,,98.13999938964844
1969-02-28,,98.12999725341797
1969-03-03,,98.37999725341797
1969-03-04,,99.31999969482422
1969-03-05,,99.70999908447266
1969-03-06,,98.69999694824219
1969-03-07,,98.6500015258789
1969-03-10,,98.98999786376953
1969-03-11,,99.31999969482422
1969-03-12,,99.05000305175781
1969-03-13,,98.38999938964844
1969-03-14,,98.0
1969-03-17,,98.25
1969-03-18,,98.48999786376953
1969-03-19,,99.20999908447266
1969-03-20,,99.83999633789062
1969-03-21,,99.62999725341797
1969-03-24,,99.5
1969-03-25,,99.66000366210938
1969-03-26,,100.38999938964844
1969-03-27,,101.0999984741211
1969-03-28,,101.51000213623047
1969-04-01,,101.41999816894531
1969-04-02,,100.77999877929688
1969-04-03,,100.68000030517578
1969-04-07,,99.88999938964844
1969-04-08,,100.13999938964844
1969-04-09,,101.0199966430664
1969-04-10,,101.55000305175781
1969-04-11,,101.6500015258789
1969-04-14,,101.56999969482422
1969-04-15,,101.52999877929688
1969-04-16,,100.62999725341797
1969-04-17,,100.77999877929688
1969-04-18,,101.23999786376953
1969-04-21,,100.55999755859375
1969-04-22,,100.77999877929688
1969-04-23,,100.80000305175781
1969-04-24,,101.2699966430664
1969-04-25,,101.72000122070312
1969-04-28,,102.02999877929688
1969-04-29,,102.79000091552734
1969-04-30,,103.69000244140625
1969-05-01,,103.51000213623047
1969-05-02,,104.0
1969-05-05,,104.37000274658203
1969-05-06,,104.86000061035156
1969-05-07,,104.66999816894531
1969-05-08,,105.0999984741211
1969-05-09,,105.05000305175781
1969-05-12,,104.88999938964844
1969-05-13,,105.33999633789062
1969-05-14,,106.16000366210938
1969-05-15,,105.8499984741211
1969-05-16,,105.94000244140625
1969-05-19,,104.97000122070312
1969-05-20,,104.04000091552734
1969-05-21,,104.47000122070312
1969-05-22,,104.5999984741211
1969-05-23,,104.58999633789062
1969-05-26,,104.36000061035156
1969-05-27,,103.56999969482422
1969-05-28,,103.26000213623047
1969-05-29,,103.45999908447266
1969-06-02,,102.94000244140625
1969-06-03,,102.62999725341797
1969-06-04,,102.58999633789062
1969-06-05,,102.76000213623047
1969-06-06,,102.12000274658203
1969-06-09,,101.19999694824219
1969-06-10,,100.41999816894531
1969-06-11,,99.05000305175781
1969-06-12,,98.26000213623047
1969-06-13,,98.6500015258789
1969-06-16,,98.31999969482422
1969-06-17,,97.94999694824219
1969-06-18,,97.80999755859375
1969-06-19,,97.23999786376953
1969-06-20,,96.66999816894531
1969-06-23,,96.2300033569336
1969-06-24,,97.31999969482422
1969-06-25,,97.01000213623047
1969-06-26,,97.25
1969-06-27,,97.33000183105469
1969-06-30,,97.70999908447266
1969-07-01,,98.08000183105469
1969-07-02,,98.94000244140625
1969-07-03,,99.61000061035156
1969-07-07,,99.02999877929688
1969-07-08,,97.62999725341797
1969-07-09,,96.87999725341797
1969-07-10,,95.37999725341797
1969-07-11,,95.7699966430664
1969-07-14,,94.55000305175781
1969-07-15,,94.23999786376953
1969-07-16,,95.18000030517578
1969-07-17,,95.76000213623047
1969-07-18,,94.94999694824219
1969-07-22,,93.5199966430664
1969-07-23,,93.12000274658203
1969-07-24,,92.80000305175781
1969-07-25,,92.05999755859375
1969-07-28,,90.20999908447266
1969-07-29,,89.4800033569336
1969-07-30,,89.93000030517578
1969-07-31,,91.83000183105469
1969-08-01,,93.47000122070312
1969-08-04,,92.98999786376953
1969-08-05,,93.41000366210938
1969-08-06,,93.91999816894531
1969-08-07,,93.98999786376953
1969-08-08,,93.94000244140625
1969-08-11,,93.36000061035156
1969-08-12,,92.62999725341797
1969-08-13,,92.69999694824219
1969-08-14,,93.33999633789062
1969-08-15,,94.0
1969-08-18,,94.56999969482422
1969-08-19,,95.06999969482422
1969-08-20,,95.06999969482422
1969-08-21,,95.3499984741211
1969-08-22,,95.91999816894531
1969-08-25,,94.93000030517578
1969-08-26,,94.30000305175781
1969-08-27,,94.48999786376953
1969-08-28,,94.88999938964844
1969-08-29,,95.51000213623047
1969-09-02,,95.54000091552734
1969-09-03,,94.9800033569336
1969-09-04,,94.19999694824219
1969-09-05,,93.63999938964844
1969-09-08,,92.69999694824219
1969-09-09,,93.37999725341797
1969-09-10,,94.94999694824219
1969-09-11,,94.22000122070312
1969-09-12,,94.12999725341797
1969-09-15,,94.87000274658203
1969-09-16,,94.94999694824219
1969-09-17,,94.76000213623047
1969-09-18,,94.9000015258789
1969-09-19,,95.19000244140625
1969-09-22,,95.62999725341797
1969-09-23,,95.62999725341797
1969-09-24,,95.5
1969-09-25,,94.7699966430664
1969-09-26,,94.16000366210938
1969-09-29,,93.41000366210938
1969-09-30,,93.12000274658203
1969-10-01,,92.5199966430664
1969-10-02,,93.23999786376953
1969-10-03,,93.19000244140625
1969-10-06,,93.37999725341797
1969-10-07,,93.08999633789062
1969-10-08,,92.66999816894531
1969-10-09,,93.02999877929688
1969-10-10,,93.55999755859375
1969-10-13,,94.55000305175781
1969-10-14,,95.69999694824219
1969-10-15,,95.72000122070312
1969-10-16,,96.37000274658203
1969-10-17,,96.26000213623047
1969-10-20,,96.45999908447266
1969-10-21,,97.19999694824219
1969-10-22,,97.83000183105469
1969-10-23,,97.45999908447266
1969-10-24,,98.12000274658203
1969-10-27,,97.97000122070312
1969-10-28,,97.66000366210938
1969-10-29,,96.80999755859375
1969-10-30,,96.93000030517578
1969-10-31,,97.12000274658203
1969-11-03,,97.1500015258789
1969-11-04,,97.20999908447266
1969-11-05,,97.63999938964844
1969-11-06,,97.66999816894531
1969-11-07,,98.26000213623047
1969-11-10,,98.33000183105469
1969-11-11,,98.06999969482422
1969-11-12,,97.88999938964844
1969-11-13,,97.41999816894531
1969-11-14,,97.06999969482422
1969-11-17,,96.41000366210938
1969-11-18,,96.38999938964844
1969-11-19,,95.9000015258789
1969-11-20,,94.91000366210938
1969-11-21,,94.31999969482422
1969-11-24,,93.23999786376953
1969-11-25,,92.94000244140625
1969-11-26,,93.2699966430664
1969-11-28,,93.80999755859375
1969-12-01,,93.22000122070312
1969-12-02,,92.6500015258789
1969-12-03,,91.6500015258789
1969-12-04,,91.94999694824219
1969-12-05,,91.7300033569336
1969-12-08,,90.83999633789062
1969-12-09,,90.55000305175781
1969-12-10,,90.4800033569336
1969-12-11,,90.5199966430664
1969-12-12,,90.80999755859375
1969-12-15,,90.54000091552734
1969-12-16,,89.72000122070312
1969-12-17,,89.19999694824219
1969-12-18,,90.61000061035156
1969-12-19,,91.37999725341797
1969-12-22,,90.58000183105469
1969-12-23,,90.2300033569336
1969-12-24,,91.18000030517578
1969-12-26,,91.88999938964844
1969-12-29,,91.25
1969-12-30,,91.5999984741211
1969-12-31,,92.05999755859375
1970-01-02,,93.0
1970-01-05,,93.45999908447266
1970-01-06,,92.81999969482422
1970-01-07,,92.62999725341797
1970-01-08,,92.68000030517578
1970-01-09,,92.4000015258789
1970-01-12,,91.69999694824219
1970-01-13,,91.91999816894531
1970-01-14,,91.6500015258789
1970-01-15,,91.68000030517578
1970-01-16,,90.91999816894531
1970-01-19,,89.6500015258789
1970-01-20,,89.83000183105469
1970-01-21,,89.94999694824219
1970-01-22,,90.04000091552734
1970-01-23,,89.37000274658203
1970-01-26,,88.16999816894531
1970-01-27,,87.62000274658203
1970-01-28,,86.79000091552734
1970-01-29,,85.69000244140625
1970-01-30,,85.0199966430664
1970-02-02,,85.75
1970-02-03,,86.7699966430664
1970-02-04,,86.23999786376953
1970-02-05,,85.9000015258789
1970-02-06,,86.33000183105469
1970-02-09,,87.01000213623047
1970-02-10,,86.0999984741211
1970-02-11,,86.94000244140625
1970-02-12,,86.7300033569336
1970-02-13,,86.54000091552734
1970-02-16,,86.47000122070312
1970-02-17,,86.37000274658203
1970-02-18,,87.44000244140625
1970-02-19,,87.76000213623047
1970-02-20,,88.02999877929688
1970-02-24,,87.98999786376953
1970-02-25,,89.3499984741211
1970-02-26,,88.9000015258789
1970-02-27,,89.5
1970-03-02,,89.70999908447266
1970-03-03,,90.2300033569336
1970-03-04,,90.04000091552734
1970-03-05,,90.0
1970-03-06,,89.44000244140625
1970-03-09,,88.51000213623047
1970-03-10,,88.75
1970-03-11,,88.69000244140625
1970-03-12,,88.33000183105469
1970-03-13,,87.86000061035156
1970-03-16,,86.91000366210938
1970-03-17,,87.29000091552734
1970-03-18,,87.54000091552734
1970-03-19,,87.41999816894531
1970-03-20,,87.05999755859375
1970-03-23,,86.98999786376953
1970-03-24,,87.9800033569336
1970-03-25,,89.7699966430664
1970-03-26,,89.91999816894531
1970-03-30,,89.62999725341797
1970-03-31,,89.62999725341797
1970-04-01,,90.06999969482422
1970-04-02,,89.79000091552734
1970-04-03,,89.38999938964844
1970-04-06,,88.76000213623047
1970-04-07,,88.5199966430664
1970-04-08,,88.48999786376953
1970-04-09,,88.52999877929688
1970-04-10,,88.23999786376953
1970-04-13,,87.63999938964844
1970-04-14,,86.88999938964844
1970-04-15,,86.7300033569336
1970-04-16,,85.87999725341797
1970-04-17,,85.66999816894531
1970-04-20,,85.83000183105469
1970-04-21,,85.37999725341797
1970-04-22,,84.2699966430664
1970-04-23,,83.04000091552734
1970-04-24,,82.7699966430664
1970-04-27,,81.45999908447266
1970-04-28,,80.2699966430664
1970-04-29,,81.80999755859375
1970-04-30,,81.5199966430664
1970-05-01,,81.44000244140625
1970-05-04,,79.37000274658203
1970-05-05,,78.5999984741211
1970-05-06,,79.47000122070312
1970-05-07,,79.83000183105469
1970-05-08,,79.44000244140625
1970-05-11,,78.5999984741211
1970-05-12,,77.8499984741211
1970-05-13,,76.52999877929688
1970-05-14,,75.44000244140625
1970-05-15,,76.9000015258789
1970-05-18,,76.95999908447266
1970-05-19,,75.45999908447266
1970-05-20,,73.5199966430664
1970-05-21,,72.16000366210938
1970-05-22,,72.25
1970-05-25,,70.25
1970-05-26,,69.29000091552734
1970-05-27,,72.7699966430664
1970-05-28,,74.61000061035156
1970-05-29,,76.55000305175781
1970-06-01,,77.83999633789062
1970-06-02,,77.83999633789062
1970-06-03,,78.5199966430664
1970-06-04,,77.36000061035156
1970-06-05,,76.16999816894531
1970-06-08,,76.29000091552734
1970-06-09,,76.25
1970-06-10,,75.4800033569336
1970-06-11,,74.44999694824219
1970-06-12,,73.87999725341797
1970-06-15,,74.58000183105469
1970-06-16,,76.1500015258789
1970-06-17,,76.0
1970-06-18,,76.51000213623047
1970-06-19,,77.05000305175781
1970-06-22,,76.63999938964844
1970-06-23,,74.76000213623047
1970-06-24,,73.97000122070312
1970-06-25,,74.0199966430664
1970-06-26,,73.47000122070312
1970-06-29,,72.88999938964844
1970-06-30,,72.72000122070312
1970-07-01,,72.94000244140625
1970-07-02,,72.91999816894531
1970-07-06,,71.77999877929688
1970-07-07,,71.2300033569336
1970-07-08,,73.0
1970-07-09,,74.05999755859375
1970-07-10,,74.44999694824219
1970-07-13,,74.55000305175781
1970-07-14,,74.41999816894531
1970-07-15,,75.2300033569336
1970-07-16,,76.33999633789062
1970-07-17,,77.69000244140625
1970-07-20,,77.79000091552734
1970-07-21,,76.9800033569336
1970-07-22,,77.02999877929688
1970-07-23,,78.0
1970-07-24,,77.81999969482422
1970-07-27,,77.6500015258789
1970-07-28,,77.7699966430664
1970-07-29,,78.04000091552734
1970-07-30,,78.06999969482422
1970-07-31,,78.05000305175781
1970-08-03,,77.0199966430664
1970-08-04,,77.19000244140625
1970-08-05,,77.18000030517578
1970-08-06,,77.08000183105469
1970-08-07,,77.27999877929688
1970-08-10,,76.19999694824219
1970-08-11,,75.81999969482422
1970-08-12,,75.41999816894531
1970-08-13,,74.76000213623047
1970-08-14,,75.18000030517578
1970-08-17,,75.33000183105469
1970-08-18,,76.19999694824219
1970-08-19,,76.95999908447266
1970-08-20,,77.83999633789062
1970-08-21,,79.23999786376953
1970-08-24,,80.98999786376953
1970-08-25,,81.12000274658203
1970-08-26,,81.20999908447266
1970-08-27,,81.08000183105469
1970-08-28,,81.86000061035156
1970-08-31,,81.5199966430664
1970-09-01,,80.94999694824219
1970-09-02,,80.95999908447266
1970-09-03,,82.08999633789062
1970-09-04,,82.83000183105469
1970-09-08,,83.04000091552734
1970-09-09,,82.79000091552734
1970-09-10,,82.30000305175781
1970-09-11,,82.5199966430664
1970-09-14,,82.06999969482422
1970-09-15,,81.36000061035156
1970-09-16,,81.79000091552734
1970-09-17,,82.29000091552734
1970-09-18,,82.62000274658203
1970-09-21,,81.91000366210938
1970-09-22,,81.86000061035156
1970-09-23,,81.91000366210938
1970-09-24,,81.66000366210938
1970-09-25,,82.83000183105469
1970-09-28,,83.91000366210938
1970-09-29,,83.86000061035156
1970-09-30,,84.30000305175781
1970-10-01,,84.31999969482422
1970-10-02,,85.16000366210938
1970-10-05,,86.47000122070312
1970-10-06,,86.8499984741211
1970-10-07,,86.88999938964844
1970-10-08,,85.94999694824219
1970-10-09,,85.08000183105469
1970-10-12,,84.16999816894531
1970-10-13,,84.05999755859375
1970-10-14,,84.19000244140625
1970-10-15,,84.6500015258789
1970-10-16,,84.27999877929688
1970-10-19,,83.1500015258789
1970-10-20,,83.63999938964844
1970-10-21,,83.66000366210938
1970-10-22,,83.37999725341797
1970-10-23,,83.7699966430664
1970-10-26,,83.30999755859375
1970-10-27,,83.12000274658203
1970-10-28,,83.43000030517578
1970-10-29,,83.36000061035156
1970-10-30,,83.25
1970-11-02,,83.51000213623047
1970-11-03,,84.22000122070312
1970-11-04,,84.38999938964844
1970-11-05,,84.0999984741211
1970-11-06,,84.22000122070312
1970-11-09,,84.66999816894531
1970-11-10,,84.79000091552734
1970-11-11,,85.02999877929688
1970-11-12,,84.1500015258789
1970-11-13,,83.37000274658203
1970-11-16,,83.23999786376953
1970-11-17,,83.47000122070312
1970-11-18,,82.79000091552734
1970-11-19,,82.91000366210938
1970-11-20,,83.72000122070312
1970-11-23,,84.23999786376953
1970-11-24,,84.77999877929688
1970-11-25,,85.08999633789062
1970-11-27,,85.93000030517578
1970-11-30,,87.19999694824219
1970-12-01,,87.47000122070312
1970-12-02,,88.4800033569336
1970-12-03,,88.9000015258789
1970-12-04,,89.45999908447266
1970-12-07,,89.94000244140625
1970-12-08,,89.47000122070312
1970-12-09,,89.54000091552734
1970-12-10,,89.91999816894531
1970-12-11,,90.26000213623047
1970-12-14,,89.80000305175781
1970-12-15,,89.66000366210938
1970-12-16,,89.72000122070312
1970-12-17,,90.04000091552734
1970-12-18,,90.22000122070312
1970-12-21,,89.94000244140625
1970-12-22,,90.04000091552734
1970-12-23,,90.0999984741211
1970-12-24,,90.61000061035156
1970-12-28,,91.08999633789062
1970-12-29,,92.08000183105469
1970-12-30,,92.2699966430664
1970-12-31,,92.1500015258789
1971-01-04,,91.1500015258789
1971-01-05,,91.80000305175781
1971-01-06,,92.3499984741211
1971-01-07,,92.37999725341797
1971-01-08,,92.19000244140625
1971-01-11,,91.9800033569336
1971-01-12,,92.72000122070312
1971-01-13,,92.55999755859375
1971-01-14,,92.80000305175781
1971-01-15,,93.02999877929688
1971-01-18,,93.41000366210938
1971-01-19,,93.76000213623047
1971-01-20,,93.77999877929688
1971-01-21,,94.19000244140625
1971-01-22,,94.87999725341797
1971-01-25,,95.27999877929688
1971-01-26,,95.58999633789062
1971-01-27,,94.88999938964844
1971-01-28,,95.20999908447266
1971-01-29,,95.87999725341797
1971-02-01,,96.41999816894531
1971-02-02,,96.43000030517578
1971-02-03,,96.62999725341797
1971-02-04,,96.62000274658203
1971-02-05,,96.93000030517578
1971-02-08,,97.44999694824219
1971-02-09,,97.51000213623047
1971-02-10,,97.38999938964844
1971-02-11,,97.91000366210938
1971-02-12,,98.43000030517578
1971-02-16,,98.66000366210938
1971-02-17,,98.19999694824219
1971-02-18,,97.55999755859375
1971-02-19,,96.73999786376953
1971-02-22,,95.72000122070312
1971-02-23,,96.08999633789062
1971-02-24,,96.7300033569336
1971-02-25,,96.95999908447266
1971-02-26,,96.75
1971-03-01,,97.0
1971-03-02,,96.9800033569336
1971-03-03,,96.94999694824219
1971-03-04,,97.91999816894531
1971-03-05,,98.95999908447266
1971-03-08,,99.37999725341797
1971-03-09,,99.45999908447266
1971-03-10,,99.30000305175781
1971-03-11,,99.38999938964844
1971-03-12,,99.56999969482422
1971-03-15,,100.70999908447266
1971-03-16,,101.20999908447266
1971-03-17,,101.12000274658203
1971-03-18,,101.19000244140625
1971-03-19,,101.01000213623047
1971-03-22,,100.62000274658203
1971-03-23,,100.27999877929688
1971-03-24,,99.62000274658203
1971-03-25,,99.61000061035156
1971-03-26,,99.94999694824219
1971-03-29,,100.02999877929688
1971-03-30,,100.26000213623047
1971-03-31,,100.30999755859375
1971-04-01,,100.38999938964844
1971-04-02,,100.55999755859375
1971-04-05,,100.79000091552734
1971-04-06,,101.51000213623047
1971-04-07,,101.9800033569336
1971-04-08,,102.0999984741211
1971-04-12,,102.87999725341797
1971-04-13,,102.9800033569336
1971-04-14,,103.37000274658203
1971-04-15,,103.5199966430664
1971-04-16,,103.48999786376953
1971-04-19,,104.01000213623047
1971-04-20,,103.61000061035156
1971-04-21,,103.36000061035156
1971-04-22,,103.55999755859375
1971-04-23,,104.05000305175781
1971-04-26,,103.94000244140625
1971-04-27,,104.58999633789062
1971-04-28,,104.7699966430664
1971-04-29,,104.62999725341797
1971-04-30,,103.94999694824219
1971-05-03,,103.29000091552734
1971-05-04,,103.79000091552734
1971-05-05,,103.77999877929688
1971-05-06,,103.2300033569336
1971-05-07,,102.87000274658203
1971-05-10,,102.36000061035156
1971-05-11,,102.62000274658203
1971-05-12,,102.9000015258789
1971-05-13,,102.69000244140625
1971-05-14,,102.20999908447266
1971-05-17,,100.69000244140625
1971-05-18,,100.83000183105469
1971-05-19,,101.06999969482422
1971-05-20,,101.30999755859375
1971-05-21,,100.98999786376953
1971-05-24,,100.12999725341797
1971-05-25,,99.47000122070312
1971-05-26,,99.58999633789062
1971-05-27,,99.4000015258789
1971-05-28,,99.62999725341797
1971-06-01,,100.19999694824219
1971-06-02,,100.95999908447266
1971-06-03,,101.01000213623047
1971-06-04,,101.30000305175781
1971-06-07,,101.08999633789062
1971-06-08,,100.31999969482422
1971-06-09,,100.29000091552734
1971-06-10,,100.63999938964844
1971-06-11,,101.06999969482422
1971-06-14,,100.22000122070312
1971-06-15,,100.31999969482422
1971-06-16,,100.5199966430664
1971-06-17,,100.5
1971-06-18,,98.97000122070312
1971-06-21,,97.87000274658203
1971-06-22,,97.58999633789062
1971-06-23,,98.41000366210938
1971-06-24,,98.12999725341797
1971-06-25,,97.98999786376953
1971-06-28,,97.73999786376953
1971-06-29,,98.81999969482422
1971-06-30,,98.69999694824219
1971-07-01,,99.77999877929688
1971-07-02,,99.77999877929688
1971-07-06,,99.76000213623047
1971-07-07,,100.04000091552734
1971-07-08,,100.33999633789062
1971-07-09,,100.69000244140625
1971-07-12,,100.81999969482422
1971-07-13,,99.5
1971-07-14,,99.22000122070312
1971-07-15,,99.27999877929688
1971-07-16,,99.11000061035156
1971-07-19,,98.93000030517578
1971-07-20,,99.31999969482422
1971-07-21,,99.27999877929688
1971-07-22,,99.11000061035156
1971-07-23,,98.94000244140625
1971-07-26,,98.13999938964844
1971-07-27,,97.77999877929688
1971-07-28,,97.06999969482422
1971-07-29,,96.0199966430664
1971-07-30,,95.58000183105469
1971-08-02,,95.95999908447266
1971-08-03,,94.51000213623047
1971-08-04,,93.88999938964844
1971-08-05,,94.08999633789062
1971-08-06,,94.25
1971-08-09,,93.52999877929688
1971-08-10,,93.54000091552734
1971-08-11,,94.66000366210938
1971-08-12,,96.0
1971-08-13,,95.69000244140625
1971-08-16,,98.76000213623047
1971-08-17,,99.98999786376953
1971-08-18,,98.5999984741211
1971-08-19,,98.16000366210938
1971-08-20,,98.33000183105469
1971-08-23,,99.25
1971-08-24,,100.4000015258789
1971-08-25,,100.41000366210938
1971-08-26,,100.23999786376953
1971-08-27,,100.4800033569336
1971-08-30,,99.5199966430664
1971-08-31,,99.02999877929688
1971-09-01,,99.06999969482422
1971-09-02,,99.29000091552734
1971-09-03,,100.69000244140625
1971-09-07,,101.1500015258789
1971-09-08,,101.33999633789062
1971-09-09,,100.80000305175781
1971-09-10,,100.41999816894531
1971-09-13,,100.06999969482422
1971-09-14,,99.33999633789062
1971-09-15,,99.7699966430664
1971-09-16,,99.66000366210938
1971-09-17,,99.95999908447266
1971-09-20,,99.68000030517578
1971-09-21,,99.33999633789062
1971-09-22,,98.47000122070312
1971-09-23,,98.37999725341797
1971-09-24,,98.1500015258789
1971-09-27,,97.62000274658203
1971-09-28,,97.87999725341797
1971-09-29,,97.9000015258789
1971-09-30,,98.33999633789062
1971-10-01,,98.93000030517578
1971-10-04,,99.20999908447266
1971-10-05,,99.11000061035156
1971-10-06,,99.81999969482422
1971-10-07,,100.0199966430664
1971-10-08,,99.36000061035156
1971-10-11,,99.20999908447266
1971-10-12,,99.56999969482422
1971-10-13,,99.02999877929688
1971-10-14,,98.12999725341797
1971-10-15,,97.79000091552734
1971-10-18,,97.3499984741211
1971-10-19,,97.0
1971-10-20,,95.6500015258789
1971-10-21,,95.5999984741211
1971-10-22,,95.56999969482422
1971-10-25,,95.0999984741211
1971-10-26,,94.73999786376953
1971-10-27,,93.79000091552734
1971-10-28,,93.95999908447266
1971-10-29,,94.2300033569336
1971-11-01,,92.80000305175781
1971-11-02,,93.18000030517578
1971-11-03,,94.91000366210938
1971-11-04,,94.79000091552734
1971-11-05,,94.45999908447266
1971-11-08,,94.38999938964844
1971-11-09,,94.45999908447266
1971-11-10,,93.41000366210938
1971-11-11,,92.12000274658203
1971-11-12,,92.12000274658203
1971-11-15,,91.80999755859375
1971-11-16,,92.70999908447266
1971-11-17,,92.8499984741211
1971-11-18,,92.12999725341797
1971-11-19,,91.61000061035156
1971-11-22,,90.79000091552734
1971-11-23,,90.16000366210938
1971-11-24,,90.33000183105469
1971-11-26,,91.94000244140625
1971-11-29,,93.41000366210938
1971-11-30,,93.98999786376953
1971-12-01,,95.44000244140625
1971-12-02,,95.83999633789062
1971-12-03,,97.05999755859375
1971-12-06,,96.51000213623047
1971-12-07,,96.87000274658203
1971-12-08,,96.91999816894531
1971-12-09,,96.95999908447266
1971-12-10,,97.69000244140625
1971-12-13,,97.97000122070312
1971-12-14,,97.66999816894531
1971-12-15,,98.54000091552734
1971-12-16,,99.73999786376953
1971-12-17,,100.26000213623047
1971-12-20,,101.55000305175781
1971-12-21,,101.80000305175781
1971-12-22,,101.18000030517578
1971-12-23,,100.73999786376953
1971-12-27,,100.94999694824219
1971-12-28,,101.94999694824219
1971-12-29,,102.20999908447266
1971-12-30,,101.77999877929688
1971-12-31,,102.08999633789062
1972-01-03,,101.66999816894531
1972-01-04,,102.08999633789062
1972-01-05,,103.05999755859375
1972-01-06,,103.51000213623047
1972-01-07,,103.47000122070312
1972-01-10,,103.31999969482422
1972-01-11,,103.6500015258789
1972-01-12,,103.58999633789062
1972-01-13,,102.98999786376953
1972-01-14,,103.38999938964844
1972-01-17,,103.69999694824219
1972-01-18,,104.05000305175781
1972-01-19,,103.87999725341797
1972-01-20,,103.87999725341797
1972-01-21,,103.6500015258789
1972-01-24,,102.56999969482422
1972-01-25,,102.69999694824219
1972-01-26,,102.5
1972-01-27,,103.5
1972-01-28,,104.16000366210938
1972-01-31,,103.94000244140625
1972-02-01,,104.01000213623047
1972-02-02,,104.68000030517578
1972-02-03,,104.63999938964844
1972-02-04,,104.86000061035156
1972-02-07,,104.54000091552734
1972-02-08,,104.73999786376953
1972-02-09,,105.55000305175781
1972-02-10,,105.58999633789062
1972-02-11,,105.08000183105469
1972-02-14,,104.58999633789062
1972-02-15,,105.02999877929688
1972-02-16,,105.62000274658203
1972-02-17,,105.58999633789062
1972-02-18,,105.27999877929688
1972-02-22,,105.29000091552734
1972-02-23,,105.37999725341797
1972-02-24,,105.44999694824219
1972-02-25,,106.18000030517578
1972-02-28,,106.19000244140625
1972-02-29,,106.56999969482422
1972-03-01,,107.3499984741211
1972-03-02,,107.31999969482422
1972-03-03,,107.94000244140625
1972-03-06,,108.7699966430664
1972-03-07,,108.87000274658203
1972-03-08,,108.95999908447266
1972-03-09,,108.94000244140625
1972-03-10,,108.37999725341797
1972-03-13,,107.33000183105469
1972-03-14,,107.61000061035156
1972-03-15,,107.75
1972-03-16,,107.5
1972-03-17,,107.91999816894531
1972-03-20,,107.58999633789062
1972-03-21,,106.69000244140625
1972-03-22,,106.83999633789062
1972-03-23,,107.75
1972-03-24,,107.5199966430664
1972-03-27,,107.30000305175781
1972-03-28,,107.16999816894531
1972-03-29,,106.48999786376953
1972-03-30,,107.19999694824219
1972-04-03,,107.4800033569336
1972-04-04,,108.12000274658203
1972-04-05,,109.0
1972-04-06,,109.52999877929688
1972-04-07,,109.62000274658203
1972-04-10,,109.44999694824219
1972-04-11,,109.76000213623047
1972-04-12,,110.18000030517578
1972-04-13,,109.91000366210938
1972-04-14,,109.83999633789062
1972-04-17,,109.51000213623047
1972-04-18,,109.7699966430664
1972-04-19,,109.19999694824219
1972-04-20,,109.04000091552734
1972-04-21,,108.88999938964844
1972-04-24,,108.19000244140625
1972-04-25,,107.12000274658203
1972-04-26,,106.88999938964844
1972-04-27,,107.05000305175781
1972-04-28,,107.66999816894531
1972-05-01,,106.69000244140625
1972-05-02,,106.08000183105469
1972-05-03,,105.98999786376953
1972-05-04,,106.25
1972-05-05,,106.62999725341797
1972-05-08,,106.13999938964844
1972-05-09,,104.73999786376953
1972-05-10,,105.41999816894531
1972-05-11,,105.7699966430664
1972-05-12,,106.37999725341797
1972-05-15,,106.86000061035156
1972-05-16,,106.66000366210938
1972-05-17,,106.88999938964844
1972-05-18,,107.94000244140625
1972-05-19,,108.9800033569336
1972-05-22,,109.69000244140625
1972-05-23,,109.77999877929688
1972-05-24,,110.30999755859375
1972-05-25,,110.45999908447266
1972-05-26,,110.66000366210938
1972-05-30,,110.3499984741211
1972-05-31,,109.52999877929688
1972-06-01,,109.69000244140625
1972-06-02,,109.7300033569336
1972-06-05,,108.81999969482422
1972-06-06,,108.20999908447266
1972-06-07,,107.6500015258789
1972-06-08,,107.27999877929688
1972-06-09,,106.86000061035156
1972-06-12,,107.01000213623047
1972-06-13,,107.55000305175781
1972-06-14,,108.38999938964844
1972-06-15,,108.44000244140625
1972-06-16,,108.36000061035156
1972-06-19,,108.11000061035156
1972-06-20,,108.55999755859375
1972-06-21,,108.79000091552734
1972-06-22,,108.68000030517578
1972-06-23,,108.2699966430664
1972-06-26,,107.4800033569336
1972-06-27,,107.37000274658203
1972-06-28,,107.0199966430664
1972-06-29,,106.81999969482422
1972-06-30,,107.13999938964844
1972-07-03,,107.48999786376953
1972-07-05,,108.0999984741211
1972-07-06,,109.04000091552734
1972-07-07,,108.69000244140625
1972-07-10,,108.11000061035156
1972-07-11,,107.31999969482422
1972-07-12,,106.88999938964844
1972-07-13,,106.27999877929688
1972-07-14,,106.80000305175781
1972-07-17,,105.87999725341797
1972-07-18,,105.83000183105469
1972-07-19,,106.13999938964844
1972-07-20,,105.80999755859375
1972-07-21,,106.66000366210938
1972-07-24,,107.91999816894531
1972-07-25,,107.5999984741211
1972-07-26,,107.52999877929688
1972-07-27,,107.27999877929688
1972-07-28,,107.37999725341797
1972-07-31,,107.38999938964844
1972-08-01,,108.4000015258789
1972-08-02,,109.29000091552734
1972-08-03,,110.13999938964844
1972-08-04,,110.43000030517578
1972-08-07,,110.61000061035156
1972-08-08,,110.69000244140625
1972-08-09,,110.86000061035156
1972-08-10,,111.05000305175781
1972-08-11,,111.94999694824219
1972-08-14,,112.55000305175781
1972-08-15,,112.05999755859375
1972-08-16,,111.66000366210938
1972-08-17,,111.33999633789062
1972-08-18,,111.76000213623047
1972-08-21,,111.72000122070312
1972-08-22,,112.41000366210938
1972-08-23,,112.26000213623047
1972-08-24,,111.0199966430664
1972-08-25,,110.66999816894531
1972-08-28,,110.2300033569336
1972-08-29,,110.41000366210938
1972-08-30,,110.56999969482422
1972-08-31,,111.08999633789062
1972-09-01,,111.51000213623047
1972-09-05,,111.2300033569336
1972-09-06,,110.55000305175781
1972-09-07,,110.29000091552734
1972-09-08,,110.1500015258789
1972-09-11,,109.51000213623047
1972-09-12,,108.47000122070312
1972-09-13,,108.9000015258789
1972-09-14,,108.93000030517578
1972-09-15,,108.80999755859375
1972-09-18,,108.61000061035156
1972-09-19,,108.55000305175781
1972-09-20,,108.5999984741211
1972-09-21,,108.43000030517578
1972-09-22,,108.5199966430664
1972-09-25,,108.05000305175781
1972-09-26,,108.12000274658203
1972-09-27,,109.66000366210938
1972-09-28,,110.3499984741211
1972-09-29,,110.55000305175781
1972-10-02,,110.16000366210938
1972-10-03,,110.30000305175781
1972-10-04,,110.08999633789062
1972-10-05,,108.88999938964844
1972-10-06,,109.62000274658203
1972-10-09,,109.9000015258789
1972-10-10,,109.98999786376953
1972-10-11,,109.5
1972-10-12,,108.5999984741211
1972-10-13,,107.91999816894531
1972-10-16,,106.7699966430664
1972-10-17,,107.5
1972-10-18,,108.19000244140625
1972-10-19,,108.05000305175781
1972-10-20,,109.23999786376953
1972-10-23,,110.3499984741211
1972-10-24,,110.80999755859375
1972-10-25,,110.72000122070312
1972-10-26,,110.98999786376953
1972-10-27,,110.62000274658203
1972-10-30,,110.58999633789062
1972-10-31,,111.58000183105469
1972-11-01,,112.66999816894531
1972-11-02,,113.2300033569336
1972-11-03,,114.22000122070312
1972-11-06,,113.9800033569336
1972-11-08,,113.3499984741211
1972-11-09,,113.5
1972-11-10,,113.7300033569336
1972-11-13,,113.9000015258789
1972-11-14,,114.94999694824219
1972-11-15,,114.5
1972-11-16,,115.12999725341797
1972-11-17,,115.48999786376953
1972-11-20,,115.52999877929688
1972-11-21,,116.20999908447266
1972-11-22,,116.9000015258789
1972-11-24,,117.2699966430664
1972-11-27,,116.72000122070312
1972-11-28,,116.47000122070312
1972-11-29,,116.5199966430664
1972-11-30,,116.66999816894531
1972-12-01,,117.37999725341797
1972-12-04,,117.7699966430664
1972-12-05,,117.58000183105469
1972-12-06,,118.01000213623047
1972-12-07,,118.5999984741211
1972-12-08,,118.86000061035156
1972-12-11,,119.12000274658203
1972-12-12,,118.66000366210938
1972-12-13,,118.55999755859375
1972-12-14,,118.23999786376953
1972-12-15,,118.26000213623047
1972-12-18,,116.9000015258789
1972-12-19,,116.33999633789062
1972-12-20,,115.94999694824219
1972-12-21,,115.11000061035156
1972-12-22,,115.83000183105469
1972-12-26,,116.30000305175781
1972-12-27,,116.93000030517578
1972-12-29,,118.05000305175781
1973-01-02,,119.0999984741211
1973-01-03,,119.56999969482422
1973-01-04,,119.4000015258789
1973-01-05,,119.87000274658203
1973-01-08,,119.8499984741211
1973-01-09,,119.7300033569336
1973-01-10,,119.43000030517578
1973-01-11,,120.23999786376953
1973-01-12,,119.30000305175781
1973-01-15,,118.44000244140625
1973-01-16,,118.13999938964844
1973-01-17,,118.68000030517578
1973-01-18,,118.8499984741211
1973-01-19,,118.77999877929688
1973-01-22,,118.20999908447266
1973-01-23,,118.22000122070312
1973-01-24,,116.7300033569336
1973-01-26,,116.44999694824219
1973-01-29,,116.01000213623047
1973-01-30,,115.83000183105469
1973-01-31,,116.02999877929688
1973-02-01,,114.76000213623047
1973-02-02,,114.3499984741211
1973-02-05,,114.2300033569336
1973-02-06,,114.44999694824219
1973-02-07,,113.66000366210938
1973-02-08,,113.16000366210938
1973-02-09,,114.68000030517578
1973-02-12,,116.05999755859375
1973-02-13,,116.77999877929688
1973-02-14,,115.0999984741211
1973-02-15,,114.44999694824219
1973-02-16,,114.9800033569336
1973-02-20,,115.4000015258789
1973-02-21,,114.69000244140625
1973-02-22,,114.44000244140625
1973-02-23,,113.16000366210938
1973-02-26,,112.19000244140625
1973-02-27,,110.9000015258789
1973-02-28,,111.68000030517578
1973-03-01,,111.05000305175781
1973-03-02,,112.27999877929688
1973-03-05,,112.68000030517578
1973-03-06,,114.0999984741211
1973-03-07,,114.44999694824219
1973-03-08,,114.2300033569336
1973-03-09,,113.79000091552734
1973-03-12,,113.86000061035156
1973-03-13,,114.4800033569336
1973-03-14,,114.9800033569336
1973-03-15,,114.12000274658203
1973-03-16,,113.54000091552734
1973-03-19,,112.16999816894531
1973-03-20,,111.94999694824219
1973-03-21,,110.48999786376953
1973-03-22,,108.83999633789062
1973-03-23,,108.87999725341797
1973-03-26,,109.83999633789062
1973-03-27,,111.55999755859375
1973-03-28,,111.62000274658203
1973-03-29,,112.70999908447266
1973-03-30,,111.5199966430664
1973-04-02,,110.18000030517578
1973-04-03,,109.23999786376953
1973-04-04,,108.7699966430664
1973-04-05,,108.5199966430664
1973-04-06,,109.27999877929688
1973-04-09,,110.86000061035156
1973-04-10,,112.20999908447266
1973-04-11,,112.68000030517578
1973-04-12,,112.58000183105469
1973-04-13,,112.08000183105469
1973-04-16,,111.44000244140625
1973-04-17,,110.94000244140625
1973-04-18,,111.54000091552734
1973-04-19,,112.16999816894531
1973-04-23,,111.56999969482422
1973-04-24,,109.98999786376953
1973-04-25,,108.33999633789062
1973-04-26,,108.88999938964844
1973-04-27,,107.2300033569336
1973-04-30,,106.97000122070312
1973-05-01,,107.0999984741211
1973-05-02,,108.43000030517578
1973-05-03,,110.22000122070312
1973-05-04,,111.0
1973-05-07,,110.52999877929688
1973-05-08,,111.25
1973-05-09,,110.44000244140625
1973-05-10,,109.54000091552734
1973-05-11,,108.16999816894531
1973-05-14,,105.9000015258789
1973-05-15,,106.56999969482422
1973-05-16,,106.43000030517578
1973-05-17,,105.55999755859375
1973-05-18,,103.86000061035156
1973-05-21,,102.7300033569336
1973-05-22,,103.58000183105469
1973-05-23,,104.06999969482422
1973-05-24,,107.13999938964844
1973-05-25,,107.94000244140625
1973-05-29,,107.51000213623047
1973-05-30,,105.91000366210938
1973-05-31,,104.94999694824219
1973-06-01,,103.93000030517578
1973-06-04,,102.97000122070312
1973-06-05,,104.62000274658203
1973-06-06,,104.30999755859375
1973-06-07,,105.83999633789062
1973-06-08,,107.02999877929688
1973-06-11,,106.69999694824219
1973-06-12,,108.29000091552734
1973-06-13,,107.5999984741211
1973-06-14,,106.4000015258789
1973-06-15,,105.0999984741211
1973-06-18,,103.5999984741211
1973-06-19,,103.98999786376953
1973-06-20,,104.44000244140625
1973-06-21,,103.20999908447266
1973-06-22,,103.69999694824219
1973-06-25,,102.25
1973-06-26,,103.30000305175781
1973-06-27,,103.62000274658203
1973-06-28,,104.69000244140625
1973-06-29,,104.26000213623047
1973-07-02,,102.9000015258789
1973-07-03,,101.87000274658203
1973-07-05,,101.77999877929688
1973-07-06,,101.27999877929688
1973-07-09,,102.13999938964844
1973-07-10,,103.5199966430664
1973-07-11,,105.80000305175781
1973-07-12,,105.5
1973-07-13,,104.08999633789062
1973-07-16,,105.66999816894531
1973-07-17,,105.72000122070312
1973-07-18,,106.3499984741211
1973-07-19,,106.55000305175781
1973-07-20,,107.13999938964844
1973-07-23,,107.5199966430664
1973-07-24,,108.13999938964844
1973-07-25,,109.63999938964844
1973-07-26,,109.8499984741211
1973-07-27,,109.58999633789062
1973-07-30,,109.25
1973-07-31,,108.22000122070312
1973-08-01,,106.83000183105469
1973-08-02,,106.66999816894531
1973-08-03,,106.48999786376953
1973-08-06,,106.7300033569336
1973-08-07,,106.55000305175781
1973-08-08,,105.55000305175781
1973-08-09,,105.61000061035156
1973-08-10,,104.7699966430664
1973-08-13,,103.70999908447266
1973-08-14,,102.70999908447266
1973-08-15,,103.01000213623047
1973-08-16,,102.29000091552734
1973-08-17,,102.30999755859375
1973-08-20,,101.61000061035156
1973-08-21,,100.88999938964844
1973-08-22,,100.52999877929688
1973-08-23,,101.91000366210938
1973-08-24,,101.62000274658203
1973-08-27,,102.41999816894531
1973-08-28,,103.0199966430664
1973-08-29,,104.02999877929688
1973-08-30,,103.87999725341797
1973-08-31,,104.25
1973-09-04,,104.51000213623047
1973-09-05,,104.63999938964844
1973-09-06,,105.1500015258789
1973-09-07,,104.76000213623047
1973-09-10,,103.8499984741211
1973-09-11,,103.22000122070312
1973-09-12,,103.05999755859375
1973-09-13,,103.36000061035156
1973-09-14,,104.44000244140625
1973-09-17,,104.1500015258789
1973-09-18,,103.7699966430664
1973-09-19,,105.87999725341797
1973-09-20,,106.76000213623047
1973-09-21,,107.19999694824219
1973-09-24,,107.36000061035156
1973-09-25,,108.05000305175781
1973-09-26,,108.83000183105469
1973-09-27,,109.08000183105469
1973-09-28,,108.43000030517578
1973-10-01,,108.20999908447266
1973-10-02,,108.79000091552734
1973-10-03,,108.77999877929688
1973-10-04,,108.41000366210938
1973-10-05,,109.8499984741211
1973-10-08,,110.2300033569336
1973-10-09,,110.12999725341797
1973-10-10,,109.22000122070312
1973-10-11,,111.08999633789062
1973-10-12,,111.44000244140625
1973-10-15,,110.05000305175781
1973-10-16,,110.19000244140625
1973-10-17,,109.97000122070312
1973-10-18,,110.01000213623047
1973-10-19,,110.22000122070312
1973-10-22,,109.16000366210938
1973-10-23,,109.75
1973-10-24,,110.2699966430664
1973-10-25,,110.5
1973-10-26,,111.37999725341797
1973-10-29,,111.1500015258789
1973-10-30,,109.33000183105469
1973-10-31,,108.29000091552734
1973-11-01,,107.69000244140625
1973-11-02,,107.06999969482422
1973-11-05,,105.5199966430664
1973-11-06,,104.95999908447266
1973-11-07,,105.80000305175781
1973-11-08,,107.0199966430664
1973-11-09,,105.30000305175781
1973-11-12,,104.44000244140625
1973-11-13,,104.36000061035156
1973-11-14,,102.44999694824219
1973-11-15,,102.43000030517578
1973-11-16,,103.87999725341797
1973-11-19,,100.70999908447266
1973-11-20,,98.66000366210938
1973-11-21,,99.76000213623047
1973-11-23,,99.44000244140625
1973-11-26,,96.58000183105469
1973-11-27,,95.69999694824219
1973-11-28,,97.6500015258789
1973-11-29,,97.30999755859375
1973-11-30,,95.95999908447266
1973-12-03,,93.9000015258789
1973-12-04,,93.58999633789062
1973-12-05,,92.16000366210938
1973-12-06,,94.41999816894531
1973-12-07,,96.51000213623047
1973-12-10,,97.94999694824219
1973-12-11,,96.04000091552734
1973-12-12,,93.56999969482422
1973-12-13,,92.37999725341797
1973-12-14,,93.29000091552734
1973-12-17,,92.75
1973-12-18,,94.73999786376953
1973-12-19,,94.81999969482422
1973-12-20,,94.55000305175781
1973-12-21,,93.54000091552734
1973-12-24,,92.9000015258789
1973-12-26,,95.73999786376953
1973-12-27,,97.73999786376953
1973-12-28,,97.54000091552734
1973-12-31,,97.55000305175781
1974-01-02,,97.68000030517578
1974-01-03,,99.80000305175781
1974-01-04,,98.9000015258789
1974-01-07,,98.06999969482422
1974-01-08,,96.12000274658203
1974-01-09,,93.41999816894531
1974-01-10,,92.38999938964844
1974-01-11,,93.66000366210938
1974-01-14,,93.41999816894531
1974-01-15,,94.2300033569336
1974-01-16,,95.66999816894531
1974-01-17,,97.30000305175781
1974-01-18,,95.55999755859375
1974-01-21,,95.4000015258789
1974-01-22,,96.55000305175781
1974-01-23,,97.06999969482422
1974-01-24,,96.81999969482422
1974-01-25,,96.62999725341797
1974-01-28,,96.08999633789062
1974-01-29,,96.01000213623047
1974-01-30,,97.05999755859375
1974-01-31,,96.56999969482422
1974-02-01,,95.31999969482422
1974-02-04,,93.29000091552734
1974-02-05,,93.0
1974-02-06,,93.26000213623047
1974-02-07,,93.30000305175781
1974-02-08,,92.33000183105469
1974-02-11,,90.66000366210938
1974-02-12,,90.94000244140625
1974-02-13,,90.9800033569336
1974-02-14,,90.94999694824219
1974-02-15,,92.2699966430664
1974-02-19,,92.12000274658203
1974-02-20,,93.44000244140625
1974-02-21,,94.70999908447266
1974-02-22,,95.38999938964844
1974-02-25,,95.02999877929688
1974-02-26,,96.0
1974-02-27,,96.4000015258789
1974-02-28,,96.22000122070312
1974-03-01,,95.52999877929688
1974-03-04,,95.52999877929688
1974-03-05,,97.31999969482422
1974-03-06,,97.9800033569336
1974-03-07,,96.94000244140625
1974-03-08,,97.77999877929688
1974-03-11,,98.87999725341797
1974-03-12,,99.1500015258789
1974-03-13,,99.73999786376953
1974-03-14,,99.6500015258789
1974-03-15,,99.27999877929688
1974-03-18,,98.05000305175781
1974-03-19,,97.2300033569336
1974-03-20,,97.56999969482422
1974-03-21,,97.33999633789062
1974-03-22,,97.2699966430664
1974-03-25,,97.63999938964844
1974-03-26,,97.94999694824219
1974-03-27,,96.58999633789062
1974-03-28,,94.81999969482422
1974-03-29,,93.9800033569336
1974-04-01,,93.25
1974-04-02,,93.3499984741211
1974-04-03,,94.33000183105469
1974-04-04,,94.33000183105469
1974-04-05,,93.01000213623047
1974-04-08,,92.02999877929688
1974-04-09,,92.61000061035156
1974-04-10,,92.4000015258789
1974-04-11,,92.12000274658203
1974-04-15,,92.05000305175781
1974-04-16,,93.66000366210938
1974-04-17,,94.36000061035156
1974-04-18,,94.77999877929688
1974-04-19,,93.75
1974-04-22,,93.37999725341797
1974-04-23,,91.80999755859375
1974-04-24,,90.30000305175781
1974-04-25,,89.56999969482422
1974-04-26,,90.18000030517578
1974-04-29,,90.0
1974-04-30,,90.30999755859375
1974-05-01,,92.22000122070312
1974-05-02,,92.08999633789062
1974-05-03,,91.29000091552734
1974-05-06,,91.12000274658203
1974-05-07,,91.45999908447266
1974-05-08,,91.63999938964844
1974-05-09,,92.95999908447266
1974-05-10,,91.47000122070312
1974-05-13,,90.66000366210938
1974-05-14,,90.69000244140625
1974-05-15,,90.44999694824219
1974-05-16,,89.72000122070312
1974-05-17,,88.20999908447266
1974-05-20,,87.86000061035156
1974-05-21,,87.91000366210938
1974-05-22,,87.08999633789062
1974-05-23,,87.29000091552734
1974-05-24,,88.58000183105469
1974-05-28,,88.37000274658203
1974-05-29,,86.88999938964844
1974-05-30,,87.43000030517578
1974-05-31,,87.27999877929688
1974-06-03,,89.0999984741211
1974-06-04,,90.13999938964844
1974-06-05,,90.30999755859375
1974-06-06,,91.95999908447266
1974-06-07,,92.55000305175781
1974-06-10,,93.0999984741211
1974-06-11,,92.27999877929688
1974-06-12,,92.05999755859375
1974-06-13,,92.33999633789062
1974-06-14,,91.30000305175781
1974-06-17,,90.04000091552734
1974-06-18,,89.44999694824219
1974-06-19,,88.83999633789062
1974-06-20,,88.20999908447266
1974-06-21,,87.45999908447266
1974-06-24,,87.69000244140625
1974-06-25,,88.9800033569336
1974-06-26,,87.61000061035156
1974-06-27,,86.30999755859375
1974-06-28,,86.0
1974-07-01,,86.0199966430664
1974-07-02,,84.30000305175781
1974-07-03,,84.25
1974-07-05,,83.66000366210938
1974-07-08,,81.08999633789062
1974-07-09,,81.4800033569336
1974-07-10,,79.98999786376953
1974-07-11,,79.88999938964844
1974-07-12,,83.1500015258789
1974-07-15,,83.77999877929688
1974-07-16,,82.80999755859375
1974-07-17,,83.69999694824219
1974-07-18,,83.77999877929688
1974-07-19,,83.54000091552734
1974-07-22,,83.80999755859375
1974-07-23,,84.6500015258789
1974-07-24,,84.98999786376953
1974-07-25,,83.9800033569336
1974-07-26,,82.4000015258789
1974-07-29,,80.94000244140625
1974-07-30,,80.5
1974-07-31,,79.30999755859375
1974-08-01,,78.75
1974-08-02,,78.58999633789062
1974-08-05,,79.29000091552734
1974-08-06,,80.5199966430664
1974-08-07,,82.6500015258789
1974-08-08,,81.56999969482422
1974-08-09,,80.86000061035156
1974-08-12,,79.75
1974-08-13,,78.48999786376953
1974-08-14,,76.7300033569336
1974-08-15,,76.30000305175781
1974-08-16,,75.66999816894531
1974-08-19,,74.56999969482422
1974-08-20,,74.94999694824219
1974-08-21,,73.51000213623047
1974-08-22,,72.80000305175781
1974-08-23,,71.55000305175781
1974-08-26,,72.16000366210938
1974-08-27,,70.94000244140625
1974-08-28,,70.76000213623047
1974-08-29,,69.98999786376953
1974-08-30,,72.1500015258789
1974-09-03,,70.5199966430664
1974-09-04,,68.69000244140625
1974-09-05,,70.87000274658203
1974-09-06,,71.41999816894531
1974-09-09,,69.72000122070312
1974-09-10,,69.23999786376953
1974-09-11,,68.55000305175781
1974-09-12,,66.70999908447266
1974-09-13,,65.19999694824219
1974-09-16,,66.26000213623047
1974-09-17,,67.37999725341797
1974-09-18,,67.72000122070312
1974-09-19,,70.08999633789062
1974-09-20,,70.13999938964844
1974-09-23,,69.41999816894531
1974-09-24,,68.0199966430664
1974-09-25,,67.56999969482422
1974-09-26,,66.45999908447266
1974-09-27,,64.94000244140625
1974-09-30,,63.540000915527344
1974-10-01,,63.38999938964844
1974-10-02,,63.380001068115234
1974-10-03,,62.279998779296875
1974-10-04,,62.34000015258789
1974-10-07,,64.94999694824219
1974-10-08,,64.83999633789062
1974-10-09,,67.81999969482422
1974-10-10,,69.79000091552734
1974-10-11,,71.13999938964844
1974-10-14,,72.73999786376953
1974-10-15,,71.44000244140625
1974-10-16,,70.33000183105469
1974-10-17,,71.16999816894531
1974-10-18,,72.27999877929688
1974-10-21,,73.5
1974-10-22,,73.12999725341797
1974-10-23,,71.02999877929688
1974-10-24,,70.22000122070312
1974-10-25,,70.12000274658203
1974-10-28,,70.08999633789062
1974-10-29,,72.83000183105469
1974-10-30,,74.30999755859375
1974-10-31,,73.9000015258789
1974-11-01,,73.87999725341797
1974-11-04,,73.08000183105469
1974-11-05,,75.11000061035156
1974-11-06,,74.75
1974-11-07,,75.20999908447266
1974-11-08,,74.91000366210938
1974-11-11,,75.1500015258789
1974-11-12,,73.66999816894531
1974-11-13,,73.3499984741211
1974-11-14,,73.05999755859375
1974-11-15,,71.91000366210938
1974-11-18,,69.2699966430664
1974-11-19,,68.19999694824219
1974-11-20,,67.9000015258789
1974-11-21,,68.18000030517578
1974-11-22,,68.9000015258789
1974-11-25,,68.83000183105469
1974-11-26,,69.47000122070312
1974-11-27,,69.94000244140625
1974-11-29,,69.97000122070312
1974-12-02,,68.11000061035156
1974-12-03,,67.16999816894531
1974-12-04,,67.41000366210938
1974-12-05,,66.12999725341797
1974-12-06,,65.01000213623047
1974-12-09,,65.5999984741211
1974-12-10,,67.27999877929688
1974-12-11,,67.66999816894531
1974-12-12,,67.44999694824219
1974-12-13,,67.06999969482422
1974-12-16,,66.45999908447266
1974-12-17,,67.58000183105469
1974-12-18,,67.9000015258789
1974-12-19,,67.6500015258789
1974-12-20,,66.91000366210938
1974-12-23,,65.95999908447266
1974-12-24,,66.87999725341797
1974-12-26,,67.44000244140625
1974-12-27,,67.13999938964844
1974-12-30,,67.16000366210938
1974-12-31,,68.55999755859375
1975-01-02,,70.2300033569336
1975-01-03,,70.70999908447266
1975-01-06,,71.06999969482422
1975-01-07,,71.0199966430664
1975-01-08,,70.04000091552734
1975-01-09,,71.16999816894531
1975-01-10,,72.61000061035156
1975-01-13,,72.30999755859375
1975-01-14,,71.68000030517578
1975-01-15,,72.13999938964844
1975-01-16,,72.05000305175781
1975-01-17,,70.95999908447266
1975-01-20,,71.08000183105469
1975-01-21,,70.69999694824219
1975-01-22,,71.73999786376953
1975-01-23,,72.06999969482422
1975-01-24,,72.9800033569336
1975-01-27,,75.37000274658203
1975-01-28,,76.02999877929688
1975-01-29,,77.26000213623047
1975-01-30,,76.20999908447266
1975-01-31,,76.9800033569336
1975-02-03,,77.81999969482422
1975-02-04,,77.61000061035156
1975-02-05,,78.94999694824219
1975-02-06,,78.55999755859375
1975-02-07,,78.62999725341797
1975-02-10,,78.36000061035156
1975-02-11,,78.58000183105469
1975-02-12,,79.91999816894531
1975-02-13,,81.01000213623047
1975-02-14,,81.5
1975-02-18,,80.93000030517578
1975-02-19,,81.44000244140625
1975-02-20,,82.20999908447266
1975-02-21,,82.62000274658203
1975-02-24,,81.44000244140625
1975-02-25,,79.52999877929688
1975-02-26,,80.37000274658203
1975-02-27,,80.7699966430664
1975-02-28,,81.58999633789062
1975-03-03,,83.02999877929688
1975-03-04,,83.55999755859375
1975-03-05,,83.9000015258789
1975-03-06,,83.69000244140625
1975-03-07,,84.30000305175781
1975-03-10,,84.94999694824219
1975-03-11,,84.36000061035156
1975-03-12,,83.58999633789062
1975-03-13,,83.73999786376953
1975-03-14,,84.76000213623047
1975-03-17,,86.01000213623047
1975-03-18,,85.12999725341797
1975-03-19,,84.33999633789062
1975-03-20,,83.61000061035156
1975-03-21,,83.38999938964844
1975-03-24,,81.41999816894531
1975-03-25,,82.05999755859375
1975-03-26,,83.58999633789062
1975-03-27,,83.8499984741211
1975-03-31,,83.36000061035156
1975-04-01,,82.63999938964844
1975-04-02,,82.43000030517578
1975-04-03,,81.51000213623047
1975-04-04,,80.87999725341797
1975-04-07,,80.3499984741211
1975-04-08,,80.98999786376953
1975-04-09,,82.83999633789062
1975-04-10,,83.7699966430664
1975-04-11,,84.18000030517578
1975-04-14,,85.5999984741211
1975-04-15,,86.30000305175781
1975-04-16,,86.5999984741211
1975-04-17,,87.25
1975-04-18,,86.30000305175781
1975-04-21,,87.2300033569336
1975-04-22,,87.08999633789062
1975-04-23,,86.12000274658203
1975-04-24,,86.04000091552734
1975-04-25,,86.62000274658203
1975-04-28,,86.2300033569336
1975-04-29,,85.63999938964844
1975-04-30,,87.30000305175781
1975-05-01,,88.0999984741211
1975-05-02,,89.22000122070312
1975-05-05,,90.08000183105469
1975-05-06,,88.63999938964844
1975-05-07,,89.08000183105469
1975-05-08,,89.55999755859375
1975-05-09,,90.52999877929688
1975-05-12,,90.61000061035156
1975-05-13,,91.58000183105469
1975-05-14,,92.2699966430664
1975-05-15,,91.41000366210938
1975-05-16,,90.43000030517578
1975-05-19,,90.52999877929688
1975-05-20,,90.06999969482422
1975-05-21,,89.05999755859375
1975-05-22,,89.38999938964844
1975-05-23,,90.58000183105469
1975-05-27,,90.33999633789062
1975-05-28,,89.70999908447266
1975-05-29,,89.68000030517578
1975-05-30,,91.1500015258789
1975-06-02,,92.58000183105469
1975-06-03,,92.88999938964844
1975-06-04,,92.5999984741211
1975-06-05,,92.69000244140625
1975-06-06,,92.4800033569336
1975-06-09,,91.20999908447266
1975-06-10,,90.44000244140625
1975-06-11,,90.55000305175781
1975-06-12,,90.08000183105469
1975-06-13,,90.5199966430664
1975-06-16,,91.45999908447266
1975-06-17,,90.58000183105469
1975-06-18,,90.38999938964844
1975-06-19,,92.0199966430664
1975-06-20,,92.61000061035156
1975-06-23,,93.62000274658203
1975-06-24,,94.19000244140625
1975-06-25,,94.62000274658203
1975-06-26,,94.80999755859375
1975-06-27,,94.80999755859375
1975-06-30,,95.19000244140625
1975-07-01,,94.8499984741211
1975-07-02,,94.18000030517578
1975-07-03,,94.36000061035156
1975-07-07,,93.54000091552734
1975-07-08,,93.38999938964844
1975-07-09,,94.80000305175781
1975-07-10,,94.80999755859375
1975-07-11,,94.66000366210938
1975-07-14,,95.19000244140625
1975-07-15,,95.61000061035156
1975-07-16,,94.61000061035156
1975-07-17,,93.62999725341797
1975-07-18,,93.19999694824219
1975-07-21,,92.44000244140625
1975-07-22,,91.44999694824219
1975-07-23,,90.18000030517578
1975-07-24,,90.06999969482422
1975-07-25,,89.29000091552734
1975-07-28,,88.69000244140625
1975-07-29,,88.19000244140625
1975-07-30,,88.83000183105469
1975-07-31,,88.75
1975-08-01,,87.98999786376953
1975-08-04,,87.1500015258789
1975-08-05,,86.2300033569336
1975-08-06,,86.25
1975-08-07,,86.30000305175781
1975-08-08,,86.0199966430664
1975-08-11,,86.55000305175781
1975-08-12,,87.12000274658203
1975-08-13,,85.97000122070312
1975-08-14,,85.5999984741211
1975-08-15,,86.36000061035156
1975-08-18,,86.19999694824219
1975-08-19,,84.94999694824219
1975-08-20,,83.22000122070312
1975-08-21,,83.06999969482422
1975-08-22,,84.27999877929688
1975-08-25,,85.05999755859375
1975-08-26,,83.95999908447266
1975-08-27,,84.43000030517578
1975-08-28,,86.4000015258789
1975-08-29,,86.87999725341797
1975-09-02,,85.4800033569336
1975-09-03,,86.02999877929688
1975-09-04,,86.19999694824219
1975-09-05,,85.62000274658203
1975-09-08,,85.88999938964844
1975-09-09,,84.5999984741211
1975-09-10,,83.79000091552734
1975-09-11,,83.44999694824219
1975-09-12,,83.30000305175781
1975-09-15,,82.87999725341797
1975-09-16,,82.08999633789062
1975-09-17,,82.37000274658203
1975-09-18,,84.05999755859375
1975-09-19,,85.87999725341797
1975-09-22,,85.06999969482422
1975-09-23,,84.94000244140625
1975-09-24,,85.73999786376953
1975-09-25,,85.63999938964844
1975-09-26,,86.19000244140625
1975-09-29,,85.02999877929688
1975-09-30,,83.87000274658203
1975-10-01,,82.93000030517578
1975-10-02,,83.81999969482422
1975-10-03,,85.94999694824219
1975-10-06,,86.87999725341797
1975-10-07,,86.7699966430664
1975-10-08,,87.94000244140625
1975-10-09,,88.37000274658203
1975-10-10,,88.20999908447266
1975-10-13,,89.45999908447266
1975-10-14,,89.27999877929688
1975-10-15,,89.2300033569336
1975-10-16,,89.37000274658203
1975-10-17,,88.86000061035156
1975-10-20,,89.81999969482422
1975-10-21,,90.55999755859375
1975-10-22,,90.70999908447266
1975-10-23,,91.23999786376953
1975-10-24,,89.83000183105469
1975-10-27,,89.7300033569336
1975-10-28,,90.51000213623047
1975-10-29,,89.38999938964844
1975-10-30,,89.30999755859375
1975-10-31,,89.04000091552734
1975-11-03,,88.08999633789062
1975-11-04,,88.51000213623047
1975-11-05,,89.1500015258789
1975-11-06,,89.55000305175781
1975-11-07,,89.33000183105469
1975-11-10,,89.33999633789062
1975-11-11,,89.87000274658203
1975-11-12,,91.19000244140625
1975-11-13,,91.04000091552734
1975-11-14,,90.97000122070312
1975-11-17,,91.45999908447266
1975-11-18,,91.0
1975-11-19,,89.9800033569336
1975-11-20,,89.63999938964844
1975-11-21,,89.52999877929688
1975-11-24,,89.69999694824219
1975-11-25,,90.70999908447266
1975-11-26,,90.94000244140625
1975-11-28,,91.23999786376953
1975-12-01,,90.66999816894531
1975-12-02,,89.33000183105469
1975-12-03,,87.5999984741211
1975-12-04,,87.83999633789062
1975-12-05,,86.81999969482422
1975-12-08,,87.06999969482422
1975-12-09,,87.30000305175781
1975-12-10,,88.08000183105469
1975-12-11,,87.80000305175781
1975-12-12,,87.83000183105469
1975-12-15,,88.08999633789062
1975-12-16,,88.93000030517578
1975-12-17,,89.1500015258789
1975-12-18,,89.43000030517578
1975-12-19,,88.80000305175781
1975-12-22,,88.13999938964844
1975-12-23,,88.7300033569336
1975-12-24,,89.45999908447266
1975-12-26,,90.25
1975-12-29,,90.12999725341797
1975-12-30,,89.7699966430664
1975-12-31,,90.19000244140625
1976-01-02,,90.9000015258789
1976-01-05,,92.58000183105469
1976-01-06,,93.52999877929688
1976-01-07,,93.94999694824219
1976-01-08,,94.58000183105469
1976-01-09,,94.94999694824219
1976-01-12,,96.33000183105469
1976-01-13,,95.56999969482422
1976-01-14,,97.12999725341797
1976-01-15,,96.61000061035156
1976-01-16,,97.0
1976-01-19,,98.31999969482422
1976-01-20,,98.86000061035156
1976-01-21,,98.23999786376953
1976-01-22,,98.04000091552734
1976-01-23,,99.20999908447266
1976-01-26,,99.68000030517578
1976-01-27,,99.06999969482422
1976-01-28,,98.52999877929688
1976-01-29,,100.11000061035156
1976-01-30,,100.86000061035156
1976-02-02,,100.87000274658203
1976-02-03,,101.18000030517578
1976-02-04,,101.91000366210938
1976-02-05,,100.38999938964844
1976-02-06,,99.45999908447266
1976-02-09,,99.62000274658203
1976-02-10,,100.47000122070312
1976-02-11,,100.7699966430664
1976-02-12,,100.25
1976-02-13,,99.66999816894531
1976-02-17,,99.05000305175781
1976-02-18,,99.8499984741211
1976-02-19,,101.41000366210938
1976-02-20,,102.0999984741211
1976-02-23,,101.61000061035156
1976-02-24,,102.02999877929688
1976-02-25,,101.69000244140625
1976-02-26,,100.11000061035156
1976-02-27,,99.70999908447266
1976-03-01,,100.0199966430664
1976-03-02,,100.58000183105469
1976-03-03,,99.9800033569336
1976-03-04,,98.91999816894531
1976-03-05,,99.11000061035156
1976-03-08,,100.19000244140625
1976-03-09,,100.58000183105469
1976-03-10,,100.94000244140625
1976-03-11,,101.88999938964844
1976-03-12,,100.86000061035156
1976-03-15,,99.80000305175781
1976-03-16,,100.91999816894531
1976-03-17,,100.86000061035156
1976-03-18,,100.44999694824219
1976-03-19,,100.58000183105469
1976-03-22,,100.70999908447266
1976-03-23,,102.23999786376953
1976-03-24,,103.41999816894531
1976-03-25,,102.8499984741211
1976-03-26,,102.8499984741211
1976-03-29,,102.41000366210938
1976-03-30,,102.01000213623047
1976-03-31,,102.7699966430664
1976-04-01,,102.23999786376953
1976-04-02,,102.25
1976-04-05,,103.51000213623047
1976-04-06,,103.36000061035156
1976-04-07,,102.20999908447266
1976-04-08,,101.27999877929688
1976-04-09,,100.3499984741211
1976-04-12,,100.19999694824219
1976-04-13,,101.05000305175781
1976-04-14,,100.30999755859375
1976-04-15,,100.66999816894531
1976-04-19,,101.44000244140625
1976-04-20,,102.87000274658203
1976-04-21,,103.31999969482422
1976-04-22,,102.9800033569336
1976-04-23,,102.29000091552734
1976-04-26,,102.43000030517578
1976-04-27,,101.86000061035156
1976-04-28,,102.12999725341797
1976-04-29,,102.12999725341797
1976-04-30,,101.63999938964844
1976-05-03,,100.91999816894531
1976-05-04,,101.45999908447266
1976-05-05,,100.87999725341797
1976-05-06,,101.16000366210938
1976-05-07,,101.87999725341797
1976-05-10,,103.0999984741211
1976-05-11,,102.94999694824219
1976-05-12,,102.7699966430664
1976-05-13,,102.16000366210938
1976-05-14,,101.33999633789062
1976-05-17,,101.08999633789062
1976-05-18,,101.26000213623047
1976-05-19,,101.18000030517578
1976-05-20,,102.0
1976-05-21,,101.26000213623047
1976-05-24,,99.44000244140625
1976-05-25,,99.48999786376953
1976-05-26,,99.33999633789062
1976-05-27,,99.37999725341797
1976-05-28,,100.18000030517578
1976-06-01,,99.8499984741211
1976-06-02,,100.22000122070312
1976-06-03,,100.12999725341797
1976-06-04,,99.1500015258789
1976-06-07,,98.62999725341797
1976-06-08,,98.80000305175781
1976-06-09,,98.73999786376953
1976-06-10,,99.55999755859375
1976-06-11,,100.91999816894531
1976-06-14,,101.94999694824219
1976-06-15,,101.45999908447266
1976-06-16,,102.01000213623047
1976-06-17,,103.61000061035156
1976-06-18,,103.76000213623047
1976-06-21,,104.27999877929688
1976-06-22,,103.47000122070312
1976-06-23,,103.25
1976-06-24,,103.79000091552734
1976-06-25,,103.72000122070312
1976-06-28,,103.43000030517578
1976-06-29,,103.86000061035156
1976-06-30,,104.27999877929688
1976-07-01,,103.58999633789062
1976-07-02,,104.11000061035156
1976-07-06,,103.54000091552734
1976-07-07,,103.83000183105469
1976-07-08,,103.9800033569336
1976-07-09,,104.9800033569336
1976-07-12,,105.9000015258789
1976-07-13,,105.66999816894531
1976-07-14,,105.94999694824219
1976-07-15,,105.19999694824219
1976-07-16,,104.68000030517578
1976-07-19,,104.29000091552734
1976-07-20,,103.72000122070312
1976-07-21,,103.81999969482422
1976-07-22,,103.93000030517578
1976-07-23,,104.05999755859375
1976-07-26,,104.06999969482422
1976-07-27,,103.4800033569336
1976-07-28,,103.05000305175781
1976-07-29,,102.93000030517578
1976-07-30,,103.44000244140625
1976-08-02,,103.19000244140625
1976-08-03,,104.13999938964844
1976-08-04,,104.43000030517578
1976-08-05,,103.8499984741211
1976-08-06,,103.79000091552734
1976-08-09,,103.48999786376953
1976-08-10,,104.41000366210938
1976-08-11,,104.05999755859375
1976-08-12,,104.22000122070312
1976-08-13,,104.25
1976-08-16,,104.43000030517578
1976-08-17,,104.80000305175781
1976-08-18,,104.55999755859375
1976-08-19,,103.38999938964844
1976-08-20,,102.37000274658203
1976-08-23,,101.95999908447266
1976-08-24,,101.2699966430664
1976-08-25,,102.02999877929688
1976-08-26,,101.31999969482422
1976-08-27,,101.4800033569336
1976-08-30,,102.06999969482422
1976-08-31,,102.91000366210938
1976-09-01,,104.05999755859375
1976-09-02,,103.91999816894531
1976-09-03,,104.30000305175781
1976-09-07,,105.02999877929688
1976-09-08,,104.94000244140625
1976-09-09,,104.4000015258789
1976-09-10,,104.6500015258789
1976-09-13,,104.29000091552734
1976-09-14,,103.94000244140625
1976-09-15,,104.25
1976-09-16,,105.33999633789062
1976-09-17,,106.2699966430664
1976-09-20,,106.31999969482422
1976-09-21,,107.83000183105469
1976-09-22,,107.45999908447266
1976-09-23,,106.91999816894531
1976-09-24,,106.80000305175781
1976-09-27,,107.2699966430664
1976-09-28,,105.91999816894531
1976-09-29,,105.37000274658203
1976-09-30,,105.23999786376953
1976-10-01,,104.16999816894531
1976-10-04,,104.02999877929688
1976-10-05,,103.2300033569336
1976-10-06,,102.97000122070312
1976-10-07,,103.54000091552734
1976-10-08,,102.55999755859375
1976-10-11,,101.63999938964844
1976-10-12,,100.80999755859375
1976-10-13,,102.12000274658203
1976-10-14,,100.8499984741211
1976-10-15,,100.87999725341797
1976-10-18,,101.47000122070312
1976-10-19,,101.44999694824219
1976-10-20,,101.73999786376953
1976-10-21,,100.7699966430664
1976-10-22,,99.95999908447266
1976-10-25,,100.06999969482422
1976-10-26,,101.05999755859375
1976-10-27,,101.76000213623047
1976-10-28,,101.61000061035156
1976-10-29,,102.9000015258789
1976-11-01,,103.0999984741211
1976-11-03,,101.91999816894531
1976-11-04,,102.41000366210938
1976-11-05,,100.81999969482422
1976-11-08,,99.5999984741211
1976-11-09,,99.31999969482422
1976-11-10,,98.80999755859375
1976-11-11,,99.63999938964844
1976-11-12,,99.23999786376953
1976-11-15,,99.9000015258789
1976-11-16,,100.04000091552734
1976-11-17,,100.61000061035156
1976-11-18,,101.88999938964844
1976-11-19,,101.91999816894531
1976-11-22,,102.58999633789062
1976-11-23,,101.95999908447266
1976-11-24,,102.41000366210938
1976-11-26,,103.1500015258789
1976-11-29,,102.44000244140625
1976-11-30,,102.0999984741211
1976-12-01,,102.48999786376953
1976-12-02,,102.12000274658203
1976-12-03,,102.76000213623047
1976-12-06,,103.55999755859375
1976-12-07,,103.48999786376953
1976-12-08,,104.08000183105469
1976-12-09,,104.51000213623047
1976-12-10,,104.69999694824219
1976-12-13,,104.62999725341797
1976-12-14,,105.06999969482422
1976-12-15,,105.13999938964844
1976-12-16,,104.80000305175781
1976-12-17,,104.26000213623047
1976-12-20,,103.6500015258789
1976-12-21,,104.22000122070312
1976-12-22,,104.70999908447266
1976-12-23,,104.83999633789062
1976-12-27,,106.05999755859375
1976-12-28,,106.7699966430664
1976-12-29,,106.33999633789062
1976-12-30,,106.87999725341797
1976-12-31,,107.45999908447266
1977-01-03,,107.0
1977-01-04,,105.69999694824219
1977-01-05,,104.76000213623047
1977-01-06,,105.0199966430664
1977-01-07,,105.01000213623047
1977-01-10,,105.19999694824219
1977-01-11,,104.12000274658203
1977-01-12,,103.4000015258789
1977-01-13,,104.19999694824219
1977-01-14,,104.01000213623047
1977-01-17,,103.7300033569336
1977-01-18,,103.31999969482422
1977-01-19,,103.8499984741211
1977-01-20,,102.97000122070312
1977-01-21,,103.31999969482422
1977-01-24,,103.25
1977-01-25,,103.12999725341797
1977-01-26,,102.33999633789062
1977-01-27,,101.79000091552734
1977-01-28,,101.93000030517578
1977-01-31,,102.02999877929688
1977-02-01,,102.54000091552734
1977-02-02,,102.36000061035156
1977-02-03,,101.8499984741211
1977-02-04,,101.87999725341797
1977-02-07,,101.88999938964844
1977-02-08,,101.5999984741211
1977-02-09,,100.7300033569336
1977-02-10,,100.81999969482422
1977-02-11,,100.22000122070312
1977-02-14,,100.73999786376953
1977-02-15,,101.04000091552734
1977-02-16,,101.5
1977-02-17,,100.91999816894531
1977-02-18,,100.48999786376953
1977-02-22,,100.48999786376953
1977-02-23,,100.19000244140625
1977-02-24,,99.5999984741211
1977-02-25,,99.4800033569336
1977-02-28,,99.81999969482422
1977-03-01,,100.66000366210938
1977-03-02,,100.38999938964844
1977-03-03,,100.87999725341797
1977-03-04,,101.19999694824219
1977-03-07,,101.25
1977-03-08,,100.87000274658203
1977-03-09,,100.0999984741211
1977-03-10,,100.66999816894531
1977-03-11,,100.6500015258789
1977-03-14,,101.41999816894531
1977-03-15,,101.9800033569336
1977-03-16,,102.16999816894531
1977-03-17,,102.08000183105469
1977-03-18,,101.86000061035156
1977-03-21,,101.30999755859375
1977-03-22,,101.0
1977-03-23,,100.19999694824219
1977-03-24,,99.69999694824219
1977-03-25,,99.05999755859375
1977-03-28,,99.0
1977-03-29,,99.69000244140625
1977-03-30,,98.54000091552734
1977-03-31,,98.41999816894531
1977-04-01,,99.20999908447266
1977-04-04,,98.2300033569336
1977-04-05,,98.01000213623047
1977-04-06,,97.91000366210938
1977-04-07,,98.3499984741211
1977-04-11,,98.87999725341797
1977-04-12,,100.1500015258789
1977-04-13,,100.16000366210938
1977-04-14,,101.0
1977-04-15,,101.04000091552734
1977-04-18,,100.54000091552734
1977-04-19,,100.06999969482422
1977-04-20,,100.4000015258789
1977-04-21,,99.75
1977-04-22,,98.44000244140625
1977-04-25,,97.1500015258789
1977-04-26,,97.11000061035156
1977-04-27,,97.95999908447266
1977-04-28,,98.19999694824219
1977-04-29,,98.44000244140625
1977-05-02,,98.93000030517578
1977-05-03,,99.43000030517578
1977-05-04,,99.95999908447266
1977-05-05,,100.11000061035156
1977-05-06,,99.48999786376953
1977-05-09,,99.18000030517578
1977-05-10,,99.47000122070312
1977-05-11,,98.77999877929688
1977-05-12,,98.7300033569336
1977-05-13,,99.02999877929688
1977-05-16,,99.47000122070312
1977-05-17,,99.7699966430664
1977-05-18,,100.30000305175781
1977-05-19,,99.87999725341797
1977-05-20,,99.44999694824219
1977-05-23,,98.1500015258789
1977-05-24,,97.66999816894531
1977-05-25,,96.7699966430664
1977-05-26,,97.01000213623047
1977-05-27,,96.2699966430664
1977-05-31,,96.12000274658203
1977-06-01,,96.93000030517578
1977-06-02,,96.73999786376953
1977-06-03,,97.69000244140625
1977-06-06,,97.2300033569336
1977-06-07,,97.7300033569336
1977-06-08,,98.19999694824219
1977-06-09,,98.13999938964844
1977-06-10,,98.45999908447266
1977-06-13,,98.73999786376953
1977-06-14,,99.86000061035156
1977-06-15,,99.61000061035156
1977-06-16,,99.8499984741211
1977-06-17,,99.97000122070312
1977-06-20,,100.41999816894531
1977-06-21,,100.73999786376953
1977-06-22,,100.45999908447266
1977-06-23,,100.62000274658203
1977-06-24,,101.19000244140625
1977-06-27,,100.9800033569336
1977-06-28,,100.13999938964844
1977-06-29,,100.11000061035156
1977-06-30,,100.4800033569336
1977-07-01,,100.0999984741211
1977-07-05,,100.08999633789062
1977-07-06,,99.58000183105469
1977-07-07,,99.93000030517578
1977-07-08,,99.79000091552734
1977-07-11,,99.55000305175781
1977-07-12,,99.44999694824219
1977-07-13,,99.58999633789062
1977-07-15,,100.18000030517578
1977-07-18,,100.94999694824219
1977-07-19,,101.79000091552734
1977-07-20,,101.7300033569336
1977-07-21,,101.58999633789062
1977-07-22,,101.66999816894531
1977-07-25,,100.8499984741211
1977-07-26,,100.2699966430664
1977-07-27,,98.63999938964844
1977-07-28,,98.79000091552734
1977-07-29,,98.8499984741211
1977-08-01,,99.12000274658203
1977-08-02,,98.5
1977-08-03,,98.37000274658203
1977-08-04,,98.73999786376953
1977-08-05,,98.76000213623047
1977-08-08,,97.98999786376953
1977-08-09,,98.05000305175781
1977-08-10,,98.91999816894531
1977-08-11,,98.16000366210938
1977-08-12,,97.87999725341797
1977-08-15,,98.18000030517578
1977-08-16,,97.7300033569336
1977-08-17,,97.73999786376953
1977-08-18,,97.68000030517578
1977-08-19,,97.51000213623047
1977-08-22,,97.79000091552734
1977-08-23,,97.62000274658203
1977-08-24,,97.2300033569336
1977-08-25,,96.1500015258789
1977-08-26,,96.05999755859375
1977-08-29,,96.91999816894531
1977-08-30,,96.37999725341797
1977-08-31,,96.7699966430664
1977-09-01,,96.83000183105469
1977-09-02,,97.44999694824219
1977-09-06,,97.70999908447266
1977-09-07,,98.01000213623047
1977-09-08,,97.27999877929688
1977-09-09,,96.37000274658203
1977-09-12,,96.02999877929688
1977-09-13,,96.08999633789062
1977-09-14,,96.55000305175781
1977-09-15,,96.80000305175781
1977-09-16,,96.4800033569336
1977-09-19,,95.8499984741211
1977-09-20,,95.88999938964844
1977-09-21,,95.0999984741211
1977-09-22,,95.08999633789062
1977-09-23,,95.04000091552734
1977-09-26,,95.37999725341797
1977-09-27,,95.23999786376953
1977-09-28,,95.30999755859375
1977-09-29,,95.8499984741211
1977-09-30,,96.52999877929688
1977-10-03,,96.73999786376953
1977-10-04,,96.02999877929688
1977-10-05,,95.68000030517578
1977-10-06,,96.05000305175781
1977-10-07,,95.97000122070312
1977-10-10,,95.75
1977-10-11,,94.93000030517578
1977-10-12,,94.04000091552734
1977-10-13,,93.45999908447266
1977-10-14,,93.55999755859375
1977-10-17,,93.47000122070312
1977-10-18,,93.45999908447266
1977-10-19,,92.37999725341797
1977-10-20,,92.66999816894531
1977-10-21,,92.31999969482422
1977-10-24,,91.62999725341797
1977-10-25,,91.0
1977-10-26,,92.0999984741211
1977-10-27,,92.33999633789062
1977-10-28,,92.61000061035156
1977-10-31,,92.33999633789062
1977-11-01,,91.3499984741211
1977-11-02,,90.70999908447266
1977-11-03,,90.76000213623047
1977-11-04,,91.58000183105469
1977-11-07,,92.29000091552734
1977-11-08,,92.45999908447266
1977-11-09,,92.9800033569336
1977-11-10,,94.70999908447266
1977-11-11,,95.9800033569336
1977-11-14,,95.31999969482422
1977-11-15,,95.93000030517578
1977-11-16,,95.44999694824219
1977-11-17,,95.16000366210938
1977-11-18,,95.33000183105469
1977-11-21,,95.25
1977-11-22,,96.08999633789062
1977-11-23,,96.48999786376953
1977-11-25,,96.69000244140625
1977-11-28,,96.04000091552734
1977-11-29,,94.55000305175781
1977-11-30,,94.83000183105469
1977-12-01,,94.69000244140625
1977-12-02,,94.66999816894531
1977-12-05,,94.2699966430664
1977-12-06,,92.83000183105469
1977-12-07,,92.77999877929688
1977-12-08,,92.95999908447266
1977-12-09,,93.6500015258789
1977-12-12,,93.62999725341797
1977-12-13,,93.55999755859375
1977-12-14,,94.02999877929688
1977-12-15,,93.55000305175781
1977-12-16,,93.4000015258789
1977-12-19,,92.69000244140625
1977-12-20,,92.5
1977-12-21,,93.05000305175781
1977-12-22,,93.80000305175781
1977-12-23,,94.69000244140625
1977-12-27,,94.69000244140625
1977-12-28,,94.75
1977-12-29,,94.94000244140625
1977-12-30,,95.0999984741211
1978-01-03,,93.81999969482422
1978-01-04,,93.5199966430664
1978-01-05,,92.73999786376953
1978-01-06,,91.62000274658203
1978-01-09,,90.63999938964844
1978-01-10,,90.16999816894531
1978-01-11,,89.73999786376953
1978-01-12,,89.81999969482422
1978-01-13,,89.69000244140625
1978-01-16,,89.43000030517578
1978-01-17,,89.87999725341797
1978-01-18,,90.55999755859375
1978-01-19,,90.08999633789062
1978-01-20,,89.88999938964844
1978-01-23,,89.23999786376953
1978-01-24,,89.25
1978-01-25,,89.38999938964844
1978-01-26,,88.58000183105469
1978-01-27,,88.58000183105469
1978-01-30,,89.33999633789062
1978-01-31,,89.25
1978-02-01,,89.93000030517578
1978-02-02,,90.12999725341797
1978-02-03,,89.62000274658203
1978-02-06,,89.5
1978-02-07,,90.33000183105469
1978-02-08,,90.83000183105469
1978-02-09,,90.30000305175781
1978-02-10,,90.08000183105469
1978-02-13,,89.86000061035156
1978-02-14,,89.04000091552734
1978-02-15,,88.83000183105469
1978-02-16,,88.08000183105469
1978-02-17,,87.95999908447266
1978-02-21,,87.58999633789062
1978-02-22,,87.55999755859375
1978-02-23,,87.63999938964844
1978-02-24,,88.48999786376953
1978-02-27,,87.72000122070312
1978-02-28,,87.04000091552734
1978-03-01,,87.19000244140625
1978-03-02,,87.31999969482422
1978-03-03,,87.44999694824219
1978-03-06,,86.9000015258789
1978-03-07,,87.36000061035156
1978-03-08,,87.83999633789062
1978-03-09,,87.88999938964844
1978-03-10,,88.87999725341797
1978-03-13,,88.94999694824219
1978-03-14,,89.3499984741211
1978-03-15,,89.12000274658203
1978-03-16,,89.51000213623047
1978-03-17,,90.19999694824219
1978-03-20,,90.81999969482422
1978-03-21,,89.79000091552734
1978-03-22,,89.47000122070312
1978-03-23,,89.36000061035156
1978-03-27,,88.87000274658203
1978-03-28,,89.5
1978-03-29,,89.63999938964844
1978-03-30,,89.41000366210938
1978-03-31,,89.20999908447266
1978-04-03,,88.45999908447266
1978-04-04,,88.86000061035156
1978-04-05,,89.63999938964844
1978-04-06,,89.79000091552734
1978-04-07,,90.16999816894531
1978-04-10,,90.48999786376953
1978-04-11,,90.25
1978-04-12,,90.11000061035156
1978-04-13,,90.9800033569336
1978-04-14,,92.91999816894531
1978-04-17,,94.44999694824219
1978-04-18,,93.43000030517578
1978-04-19,,93.86000061035156
1978-04-20,,94.54000091552734
1978-04-21,,94.33999633789062
1978-04-24,,95.7699966430664
1978-04-25,,96.63999938964844
1978-04-26,,96.81999969482422
1978-04-27,,95.86000061035156
1978-04-28,,96.83000183105469
1978-05-01,,97.66999816894531
1978-05-02,,97.25
1978-05-03,,96.26000213623047
1978-05-04,,95.93000030517578
1978-05-05,,96.52999877929688
1978-05-08,,96.19000244140625
1978-05-09,,95.9000015258789
1978-05-10,,95.91999816894531
1978-05-11,,97.19999694824219
1978-05-12,,98.06999969482422
1978-05-15,,98.76000213623047
1978-05-16,,99.3499984741211
1978-05-17,,99.5999984741211
1978-05-18,,98.62000274658203
1978-05-19,,98.12000274658203
1978-05-22,,99.08999633789062
1978-05-23,,98.05000305175781
1978-05-24,,97.08000183105469
1978-05-25,,96.80000305175781
1978-05-26,,96.58000183105469
1978-05-30,,96.86000061035156
1978-05-31,,97.23999786376953
1978-06-01,,97.3499984741211
1978-06-02,,98.13999938964844
1978-06-05,,99.94999694824219
1978-06-06,,100.31999969482422
1978-06-07,,100.12000274658203
1978-06-08,,100.20999908447266
1978-06-09,,99.93000030517578
1978-06-12,,99.55000305175781
1978-06-13,,99.56999969482422
1978-06-14,,99.4800033569336
1978-06-15,,98.33999633789062
1978-06-16,,97.41999816894531
1978-06-19,,97.48999786376953
1978-06-20,,96.51000213623047
1978-06-21,,96.01000213623047
1978-06-22,,96.23999786376953
1978-06-23,,95.8499984741211
1978-06-26,,94.5999984741211
1978-06-27,,94.9800033569336
1978-06-28,,95.4000015258789
1978-06-29,,95.56999969482422
1978-06-30,,95.52999877929688
1978-07-03,,95.08999633789062
1978-07-05,,94.2699966430664
1978-07-06,,94.31999969482422
1978-07-07,,94.88999938964844
1978-07-10,,95.2699966430664
1978-07-11,,95.93000030517578
1978-07-12,,96.23999786376953
1978-07-13,,96.25
1978-07-14,,97.58000183105469
1978-07-17,,97.77999877929688
1978-07-18,,96.87000274658203
1978-07-19,,98.12000274658203
1978-07-20,,98.02999877929688
1978-07-21,,97.75
1978-07-24,,97.72000122070312
1978-07-25,,98.44000244140625
1978-07-26,,99.08000183105469
1978-07-27,,99.54000091552734
1978-07-28,,100.0
1978-07-31,,100.68000030517578
1978-08-01,,100.66000366210938
1978-08-02,,102.91999816894531
1978-08-03,,103.51000213623047
1978-08-04,,103.91999816894531
1978-08-07,,103.55000305175781
1978-08-08,,104.01000213623047
1978-08-09,,104.5
1978-08-10,,103.66000366210938
1978-08-11,,103.95999908447266
1978-08-14,,103.97000122070312
1978-08-15,,103.8499984741211
1978-08-16,,104.6500015258789
1978-08-17,,105.08000183105469
1978-08-18,,104.7300033569336
1978-08-21,,103.88999938964844
1978-08-22,,104.30999755859375
1978-08-23,,104.91000366210938
1978-08-24,,105.08000183105469
1978-08-25,,104.9000015258789
1978-08-28,,103.95999908447266
1978-08-29,,103.38999938964844
1978-08-30,,103.5
1978-08-31,,103.29000091552734
1978-09-01,,103.68000030517578
1978-09-05,,104.48999786376953
1978-09-06,,105.37999725341797
1978-09-07,,105.41999816894531
1978-09-08,,106.79000091552734
1978-09-11,,106.9800033569336
1978-09-12,,106.98999786376953
1978-09-13,,106.33999633789062
1978-09-14,,105.0999984741211
1978-09-15,,104.12000274658203
1978-09-18,,103.20999908447266
1978-09-19,,102.52999877929688
1978-09-20,,101.7300033569336
1978-09-21,,101.9000015258789
1978-09-22,,101.83999633789062
1978-09-25,,101.86000061035156
1978-09-26,,102.62000274658203
1978-09-27,,101.66000366210938
1978-09-28,,101.95999908447266
1978-09-29,,102.54000091552734
1978-10-02,,102.95999908447266
1978-10-03,,102.5999984741211
1978-10-04,,103.05999755859375
1978-10-05,,103.2699966430664
1978-10-06,,103.5199966430664
1978-10-09,,104.58999633789062
1978-10-10,,104.45999908447266
1978-10-11,,105.38999938964844
1978-10-12,,104.87999725341797
1978-10-13,,104.66000366210938
1978-10-16,,102.61000061035156
1978-10-17,,101.26000213623047
1978-10-18,,100.48999786376953
1978-10-19,,99.33000183105469
1978-10-20,,97.94999694824219
1978-10-23,,98.18000030517578
1978-10-24,,97.48999786376953
1978-10-25,,97.30999755859375
1978-10-26,,96.02999877929688
1978-10-27,,94.58999633789062
1978-10-30,,95.05999755859375
1978-10-31,,93.1500015258789
1978-11-01,,96.8499984741211
1978-11-02,,95.61000061035156
1978-11-03,,96.18000030517578
1978-11-06,,95.19000244140625
1978-11-07,,93.8499984741211
1978-11-08,,94.44999694824219
1978-11-09,,94.41999816894531
1978-11-10,,94.7699966430664
1978-11-13,,93.12999725341797
1978-11-14,,92.48999786376953
1978-11-15,,92.70999908447266
1978-11-16,,93.70999908447266
1978-11-17,,94.41999816894531
1978-11-20,,95.25
1978-11-21,,95.01000213623047
1978-11-22,,95.4800033569336
1978-11-24,,95.79000091552734
1978-11-27,,95.98999786376953
1978-11-28,,95.1500015258789
1978-11-29,,93.75
1978-11-30,,94.69999694824219
1978-12-01,,96.27999877929688
1978-12-04,,96.1500015258789
1978-12-05,,97.44000244140625
1978-12-06,,97.48999786376953
1978-12-07,,97.08000183105469
1978-12-08,,96.62999725341797
1978-12-11,,97.11000061035156
1978-12-12,,96.58999633789062
1978-12-13,,96.05999755859375
1978-12-14,,96.04000091552734
1978-12-15,,95.33000183105469
1978-12-18,,93.44000244140625
1978-12-19,,94.23999786376953
1978-12-20,,94.68000030517578
1978-12-21,,94.70999908447266
1978-12-22,,96.30999755859375
1978-12-26,,97.5199966430664
1978-12-27,,96.66000366210938
1978-12-28,,96.27999877929688
1978-12-29,,96.11000061035156
1979-01-02,,96.7300033569336
1979-01-03,,97.80000305175781
1979-01-04,,98.58000183105469
1979-01-05,,99.12999725341797
1979-01-08,,98.80000305175781
1979-01-09,,99.33000183105469
1979-01-10,,98.7699966430664
1979-01-11,,99.0999984741211
1979-01-12,,99.93000030517578
1979-01-15,,100.69000244140625
1979-01-16,,99.45999908447266
1979-01-17,,99.4800033569336
1979-01-18,,99.72000122070312
1979-01-19,,99.75
1979-01-22,,99.9000015258789
1979-01-23,,100.5999984741211
1979-01-24,,100.16000366210938
1979-01-25,,101.19000244140625
1979-01-26,,101.86000061035156
1979-01-29,,101.55000305175781
1979-01-30,,101.05000305175781
1979-01-31,,99.93000030517578
1979-02-01,,99.95999908447266
1979-02-02,,99.5
1979-02-05,,98.08999633789062
1979-02-06,,98.05000305175781
1979-02-07,,97.16000366210938
1979-02-08,,97.6500015258789
1979-02-09,,97.87000274658203
1979-02-12,,98.19999694824219
1979-02-13,,98.93000030517578
1979-02-14,,98.87000274658203
1979-02-15,,98.7300033569336
1979-02-16,,98.66999816894531
1979-02-20,,99.41999816894531
1979-02-21,,99.06999969482422
1979-02-22,,98.33000183105469
1979-02-23,,97.77999877929688
1979-02-26,,97.66999816894531
1979-02-27,,96.12999725341797
1979-02-28,,96.27999877929688
1979-03-01,,96.9000015258789
1979-03-02,,96.97000122070312
1979-03-05,,98.05999755859375
1979-03-06,,97.87000274658203
1979-03-07,,98.44000244140625
1979-03-08,,99.58000183105469
1979-03-09,,99.54000091552734
1979-03-12,,99.66999816894531
1979-03-13,,99.83999633789062
1979-03-14,,99.70999908447266
1979-03-15,,99.86000061035156
1979-03-16,,100.69000244140625
1979-03-19,,101.05999755859375
1979-03-20,,100.5
1979-03-21,,101.25
1979-03-22,,101.66999816894531
1979-03-23,,101.5999984741211
1979-03-26,,101.04000091552734
1979-03-27,,102.4800033569336
1979-03-28,,102.12000274658203
1979-03-29,,102.02999877929688
1979-03-30,,101.58999633789062
1979-04-02,,100.9000015258789
1979-04-03,,102.4000015258789
1979-04-04,,102.6500015258789
1979-04-05,,103.26000213623047
1979-04-06,,103.18000030517578
1979-04-09,,102.87000274658203
1979-04-10,,103.33999633789062
1979-04-11,,102.30999755859375
1979-04-12,,102.0
1979-04-16,,101.12000274658203
1979-04-17,,101.23999786376953
1979-04-18,,101.69999694824219
1979-04-19,,101.27999877929688
1979-04-20,,101.2300033569336
1979-04-23,,101.56999969482422
1979-04-24,,102.19999694824219
1979-04-25,,102.5
1979-04-26,,102.01000213623047
1979-04-27,,101.80000305175781
1979-04-30,,101.76000213623047
1979-05-01,,101.68000030517578
1979-05-02,,101.72000122070312
1979-05-03,,101.80999755859375
1979-05-04,,100.69000244140625
1979-05-07,,99.0199966430664
1979-05-08,,99.16999816894531
1979-05-09,,99.45999908447266
1979-05-10,,98.5199966430664
1979-05-11,,98.5199966430664
1979-05-14,,98.05999755859375
1979-05-15,,98.13999938964844
1979-05-16,,98.41999816894531
1979-05-17,,99.94000244140625
1979-05-18,,99.93000030517578
1979-05-21,,100.13999938964844
1979-05-22,,100.51000213623047
1979-05-23,,99.88999938964844
1979-05-24,,99.93000030517578
1979-05-25,,100.22000122070312
1979-05-29,,100.05000305175781
1979-05-30,,99.11000061035156
1979-05-31,,99.08000183105469
1979-06-01,,99.16999816894531
1979-06-04,,99.31999969482422
1979-06-05,,100.62000274658203
1979-06-06,,101.30000305175781
1979-06-07,,101.79000091552734
1979-06-08,,101.48999786376953
1979-06-11,,101.91000366210938
1979-06-12,,102.8499984741211
1979-06-13,,102.30999755859375
1979-06-14,,102.19999694824219
1979-06-15,,102.08999633789062
1979-06-18,,101.55999755859375
1979-06-19,,101.58000183105469
1979-06-20,,101.62999725341797
1979-06-21,,102.08999633789062
1979-06-22,,102.63999938964844
1979-06-25,,102.08999633789062
1979-06-26,,101.66000366210938
1979-06-27,,102.2699966430664
1979-06-28,,102.80000305175781
1979-06-29,,102.91000366210938
1979-07-02,,101.98999786376953
1979-07-03,,102.08999633789062
1979-07-05,,102.43000030517578
1979-07-06,,103.62000274658203
1979-07-09,,104.47000122070312
1979-07-10,,104.19999694824219
1979-07-11,,103.63999938964844
1979-07-12,,102.69000244140625
1979-07-13,,102.31999969482422
1979-07-16,,102.73999786376953
1979-07-17,,101.83000183105469
1979-07-18,,101.69000244140625
1979-07-19,,101.61000061035156
1979-07-20,,101.81999969482422
1979-07-23,,101.58999633789062
1979-07-24,,101.97000122070312
1979-07-25,,103.08000183105469
1979-07-26,,103.0999984741211
1979-07-27,,103.0999984741211
1979-07-30,,103.1500015258789
1979-07-31,,103.80999755859375
1979-08-01,,104.16999816894531
1979-08-02,,104.0999984741211
1979-08-03,,104.04000091552734
1979-08-06,,104.30000305175781
1979-08-07,,105.6500015258789
1979-08-08,,105.9800033569336
1979-08-09,,105.48999786376953
1979-08-10,,106.4000015258789
1979-08-13,,107.41999816894531
1979-08-14,,107.5199966430664
1979-08-15,,108.25
1979-08-16,,108.08999633789062
1979-08-17,,108.30000305175781
1979-08-20,,108.83000183105469
1979-08-21,,108.91000366210938
1979-08-22,,108.98999786376953
1979-08-23,,108.62999725341797
1979-08-24,,108.5999984741211
1979-08-27,,109.13999938964844
1979-08-28,,109.0199966430664
1979-08-29,,109.0199966430664
1979-08-30,,109.0199966430664
1979-08-31,,109.31999969482422
1979-09-04,,107.44000244140625
1979-09-05,,106.4000015258789
1979-09-06,,106.8499984741211
1979-09-07,,107.66000366210938
1979-09-10,,108.16999816894531
1979-09-11,,107.51000213623047
1979-09-12,,107.81999969482422
1979-09-13,,107.8499984741211
1979-09-14,,108.76000213623047
1979-09-17,,108.83999633789062
1979-09-18,,108.0
1979-09-19,,108.27999877929688
1979-09-20,,110.51000213623047
1979-09-21,,110.47000122070312
1979-09-24,,109.61000061035156
1979-09-25,,109.68000030517578
1979-09-26,,109.95999908447266
1979-09-27,,110.20999908447266
1979-09-28,,109.31999969482422
1979-10-01,,108.55999755859375
1979-10-02,,109.58999633789062
1979-10-03,,109.58999633789062
1979-10-04,,110.16999816894531
1979-10-05,,111.2699966430664
1979-10-08,,109.87999725341797
1979-10-09,,106.62999725341797
1979-10-10,,105.30000305175781
1979-10-11,,105.05000305175781
1979-10-12,,104.48999786376953
1979-10-15,,103.36000061035156
1979-10-16,,103.19000244140625
1979-10-17,,103.38999938964844
1979-10-18,,103.61000061035156
1979-10-19,,101.5999984741211
1979-10-22,,100.70999908447266
1979-10-23,,100.27999877929688
1979-10-24,,100.44000244140625
1979-10-25,,100.0
1979-10-26,,100.56999969482422
1979-10-29,,100.70999908447266
1979-10-30,,102.66999816894531
1979-10-31,,101.81999969482422
1979-11-01,,102.56999969482422
1979-11-02,,102.51000213623047
1979-11-05,,101.81999969482422
1979-11-06,,101.19999694824219
1979-11-07,,99.87000274658203
1979-11-08,,100.30000305175781
1979-11-09,,101.51000213623047
1979-11-12,,103.51000213623047
1979-11-13,,102.94000244140625
1979-11-14,,103.38999938964844
1979-11-15,,104.12999725341797
1979-11-16,,103.79000091552734
1979-11-19,,104.2300033569336
1979-11-20,,103.69000244140625
1979-11-21,,103.88999938964844
1979-11-23,,104.66999816894531
1979-11-26,,106.80000305175781
1979-11-27,,106.37999725341797
1979-11-28,,106.7699966430664
1979-11-29,,106.80999755859375
1979-11-30,,106.16000366210938
1979-12-03,,105.83000183105469
1979-12-04,,106.79000091552734
1979-12-05,,107.25
1979-12-06,,108.0
1979-12-07,,107.5199966430664
1979-12-10,,107.66999816894531
1979-12-11,,107.48999786376953
1979-12-12,,107.5199966430664
1979-12-13,,107.66999816894531
1979-12-14,,108.91999816894531
1979-12-17,,109.33000183105469
1979-12-18,,108.30000305175781
1979-12-19,,108.19999694824219
1979-12-20,,108.26000213623047
1979-12-21,,107.58999633789062
1979-12-24,,107.66000366210938
1979-12-26,,107.77999877929688
1979-12-27,,107.95999908447266
1979-12-28,,107.83999633789062
1979-12-31,,107.94000244140625
1980-01-02,,105.76000213623047
1980-01-03,,105.22000122070312
1980-01-04,,106.5199966430664
1980-01-07,,106.80999755859375
1980-01-08,,108.94999694824219
1980-01-09,,109.05000305175781
1980-01-10,,109.88999938964844
1980-01-11,,109.91999816894531
1980-01-14,,110.37999725341797
1980-01-15,,111.13999938964844
1980-01-16,,111.05000305175781
1980-01-17,,110.69999694824219
1980-01-18,,111.06999969482422
1980-01-21,,112.0999984741211
1980-01-22,,111.51000213623047
1980-01-23,,113.44000244140625
1980-01-24,,113.69999694824219
1980-01-25,,113.61000061035156
1980-01-28,,114.8499984741211
1980-01-29,,114.06999969482422
1980-01-30,,115.19999694824219
1980-01-31,,114.16000366210938
1980-02-01,,115.12000274658203
1980-02-04,,114.37000274658203
1980-02-05,,114.66000366210938
1980-02-06,,115.72000122070312
1980-02-07,,116.27999877929688
1980-02-08,,117.94999694824219
1980-02-11,,117.12000274658203
1980-02-12,,117.9000015258789
1980-02-13,,118.44000244140625
1980-02-14,,116.72000122070312
1980-02-15,,115.41000366210938
1980-02-19,,114.5999984741211
1980-02-20,,116.47000122070312
1980-02-21,,115.27999877929688
1980-02-22,,115.04000091552734
1980-02-25,,113.33000183105469
1980-02-26,,113.9800033569336
1980-02-27,,112.37999725341797
1980-02-28,,112.3499984741211
1980-02-29,,113.66000366210938
1980-03-03,,112.5
1980-03-04,,112.77999877929688
1980-03-05,,111.12999725341797
1980-03-06,,108.6500015258789
1980-03-07,,106.9000015258789
1980-03-10,,106.51000213623047
1980-03-11,,107.77999877929688
1980-03-12,,106.87000274658203
1980-03-13,,105.62000274658203
1980-03-14,,105.43000030517578
1980-03-17,,102.26000213623047
1980-03-18,,104.0999984741211
1980-03-19,,104.30999755859375
1980-03-20,,103.12000274658203
1980-03-21,,102.30999755859375
1980-03-24,,99.27999877929688
1980-03-25,,99.19000244140625
1980-03-26,,98.68000030517578
1980-03-27,,98.22000122070312
1980-03-28,,100.68000030517578
1980-03-31,,102.08999633789062
1980-04-01,,102.18000030517578
1980-04-02,,102.68000030517578
1980-04-03,,102.1500015258789
1980-04-07,,100.19000244140625
1980-04-08,,101.19999694824219
1980-04-09,,103.11000061035156
1980-04-10,,104.08000183105469
1980-04-11,,103.79000091552734
1980-04-14,,102.83999633789062
1980-04-15,,102.62999725341797
1980-04-16,,101.54000091552734
1980-04-17,,101.05000305175781
1980-04-18,,100.55000305175781
1980-04-21,,99.80000305175781
1980-04-22,,103.43000030517578
1980-04-23,,103.7300033569336
1980-04-24,,104.4000015258789
1980-04-25,,105.16000366210938
1980-04-28,,105.63999938964844
1980-04-29,,105.86000061035156
1980-04-30,,106.29000091552734
1980-05-01,,105.45999908447266
1980-05-02,,105.58000183105469
1980-05-05,,106.37999725341797
1980-05-06,,106.25
1980-05-07,,107.18000030517578
1980-05-08,,106.12999725341797
1980-05-09,,104.72000122070312
1980-05-12,,104.77999877929688
1980-05-13,,106.30000305175781
1980-05-14,,106.8499984741211
1980-05-15,,106.98999786376953
1980-05-16,,107.3499984741211
1980-05-19,,107.66999816894531
1980-05-20,,107.62000274658203
1980-05-21,,107.72000122070312
1980-05-22,,109.01000213623047
1980-05-23,,110.62000274658203
1980-05-27,,111.4000015258789
1980-05-28,,112.05999755859375
1980-05-29,,110.2699966430664
1980-05-30,,111.23999786376953
1980-06-02,,110.76000213623047
1980-06-03,,110.51000213623047
1980-06-04,,112.61000061035156
1980-06-05,,112.77999877929688
1980-06-06,,113.19999694824219
1980-06-09,,113.70999908447266
1980-06-10,,114.66000366210938
1980-06-11,,116.0199966430664
1980-06-12,,115.5199966430664
1980-06-13,,115.80999755859375
1980-06-16,,116.08999633789062
1980-06-17,,116.02999877929688
1980-06-18,,116.26000213623047
1980-06-19,,114.66000366210938
1980-06-20,,114.05999755859375
1980-06-23,,114.51000213623047
1980-06-24,,115.13999938964844
1980-06-25,,116.72000122070312
1980-06-26,,116.19000244140625
1980-06-27,,116.0
1980-06-30,,114.23999786376953
1980-07-01,,114.93000030517578
1980-07-02,,115.68000030517578
1980-07-03,,117.45999908447266
1980-07-07,,118.29000091552734
1980-07-08,,117.83999633789062
1980-07-09,,117.9800033569336
1980-07-10,,116.94999694824219
1980-07-11,,117.83999633789062
1980-07-14,,120.01000213623047
1980-07-15,,119.30000305175781
1980-07-16,,119.62999725341797
1980-07-17,,121.44000244140625
1980-07-18,,122.04000091552734
1980-07-21,,122.51000213623047
1980-07-22,,122.19000244140625
1980-07-23,,121.93000030517578
1980-07-24,,121.79000091552734
1980-07-25,,120.77999877929688
1980-07-28,,121.43000030517578
1980-07-29,,122.4000015258789
1980-07-30,,122.2300033569336
1980-07-31,,121.66999816894531
1980-08-01,,121.20999908447266
1980-08-04,,120.9800033569336
1980-08-05,,120.73999786376953
1980-08-06,,121.55000305175781
1980-08-07,,123.30000305175781
1980-08-08,,123.61000061035156
1980-08-11,,124.77999877929688
1980-08-12,,123.79000091552734
1980-08-13,,123.27999877929688
1980-08-14,,125.25
1980-08-15,,125.72000122070312
1980-08-18,,123.38999938964844
1980-08-19,,122.5999984741211
1980-08-20,,123.7699966430664
1980-08-21,,125.45999908447266
1980-08-22,,126.0199966430664
1980-08-25,,125.16000366210938
1980-08-26,,124.83999633789062
1980-08-27,,123.5199966430664
1980-08-28,,122.08000183105469
1980-08-29,,122.37999725341797
1980-09-02,,123.73999786376953
1980-09-03,,126.12000274658203
1980-09-04,,125.41999816894531
1980-09-05,,124.87999725341797
1980-09-08,,123.30999755859375
1980-09-09,,124.06999969482422
1980-09-10,,124.80999755859375
1980-09-11,,125.66000366210938
1980-09-12,,125.54000091552734
1980-09-15,,125.66999816894531
1980-09-16,,126.73999786376953
1980-09-17,,128.8699951171875
1980-09-18,,128.39999389648438
1980-09-19,,129.25
1980-09-22,,130.39999389648438
1980-09-23,,129.42999267578125
1980-09-24,,130.3699951171875
1980-09-25,,128.72000122070312
1980-09-26,,126.3499984741211
1980-09-29,,123.54000091552734
1980-09-30,,125.45999908447266
1980-10-01,,127.12999725341797
1980-10-02,,128.08999633789062
1980-10-03,,129.3300018310547
1980-10-06,,131.72999572753906
1980-10-07,,131.0
1980-10-08,,131.64999389648438
1980-10-09,,131.0399932861328
1980-10-10,,130.2899932861328
1980-10-13,,132.02999877929688
1980-10-14,,132.02000427246094
1980-10-15,,133.6999969482422
1980-10-16,,132.22000122070312
1980-10-17,,131.52000427246094
1980-10-20,,132.61000061035156
1980-10-21,,131.83999633789062
1980-10-22,,131.9199981689453
1980-10-23,,129.52999877929688
1980-10-24,,129.85000610351562
1980-10-27,,127.87999725341797
1980-10-28,,128.0500030517578
1980-10-29,,127.91000366210938
1980-10-30,,126.29000091552734
1980-10-31,,127.47000122070312
1980-11-03,,129.0399932861328
1980-11-05,,131.3300018310547
1980-11-06,,128.91000366210938
1980-11-07,,129.17999267578125
1980-11-10,,129.47999572753906
1980-11-11,,131.25999450683594
1980-11-12,,134.58999633789062
1980-11-13,,136.49000549316406
1980-11-14,,137.14999389648438
1980-11-17,,137.75
1980-11-18,,139.6999969482422
1980-11-19,,139.05999755859375
1980-11-20,,140.39999389648438
1980-11-21,,139.11000061035156
1980-11-24,,138.30999755859375
1980-11-25,,139.3300018310547
1980-11-26,,140.1699981689453
1980-11-28,,140.52000427246094
1980-12-01,,137.2100067138672
1980-12-02,,136.97000122070312
1980-12-03,,136.7100067138672
1980-12-04,,136.47999572753906
1980-12-05,,134.02999877929688
1980-12-08,,130.61000061035156
1980-12-09,,130.47999572753906
1980-12-10,,128.25999450683594
1980-12-11,,127.36000061035156
1980-12-12,,129.22999572753906
1980-12-15,,129.4499969482422
1980-12-16,,130.60000610351562
1980-12-17,,132.88999938964844
1980-12-18,,133.0
1980-12-19,,133.6999969482422
1980-12-22,,135.77999877929688
1980-12-23,,135.3000030517578
1980-12-24,,135.8800048828125
1980-12-26,,136.57000732421875
1980-12-29,,135.02999877929688
1980-12-30,,135.3300018310547
1980-12-31,,135.75999450683594
1981-01-02,,136.33999633789062
1981-01-05,,137.97000122070312
1981-01-06,,138.1199951171875
1981-01-07,,135.0800018310547
1981-01-08,,133.05999755859375
1981-01-09,,133.47999572753906
1981-01-12,,133.52000427246094
1981-01-13,,133.2899932861328
1981-01-14,,133.47000122070312
1981-01-15,,134.22000122070312
1981-01-16,,134.77000427246094
1981-01-19,,134.3699951171875
1981-01-20,,131.64999389648438
1981-01-21,,131.36000061035156
1981-01-22,,130.25999450683594
1981-01-23,,130.22999572753906
1981-01-26,,129.83999633789062
1981-01-27,,131.1199951171875
1981-01-28,,130.33999633789062
1981-01-29,,130.24000549316406
1981-01-30,,129.5500030517578
1981-02-02,,126.91000366210938
1981-02-03,,128.4600067138672
1981-02-04,,128.58999633789062
1981-02-05,,129.6300048828125
1981-02-06,,130.60000610351562
1981-02-09,,129.27000427246094
1981-02-10,,129.24000549316406
1981-02-11,,128.24000549316406
1981-02-12,,127.4800033569336
1981-02-13,,126.9800033569336
1981-02-17,,127.80999755859375
1981-02-18,,128.47999572753906
1981-02-19,,126.61000061035156
1981-02-20,,126.58000183105469
1981-02-23,,127.3499984741211
1981-02-24,,127.38999938964844
1981-02-25,,128.52000427246094
1981-02-26,,130.10000610351562
1981-02-27,,131.27000427246094
1981-03-02,,132.00999450683594
1981-03-03,,130.55999755859375
1981-03-04,,130.86000061035156
1981-03-05,,129.92999267578125
1981-03-06,,129.85000610351562
1981-03-09,,131.1199951171875
1981-03-10,,130.4600067138672
1981-03-11,,129.9499969482422
1981-03-12,,133.19000244140625
1981-03-13,,133.11000061035156
1981-03-16,,134.67999267578125
1981-03-17,,133.9199981689453
1981-03-18,,134.22000122070312
1981-03-19,,133.4600067138672
1981-03-20,,134.0800018310547
1981-03-23,,135.69000244140625
1981-03-24,,134.6699981689453
1981-03-25,,137.11000061035156
1981-03-26,,136.27000427246094
1981-03-27,,134.64999389648438
1981-03-30,,134.27999877929688
1981-03-31,,136.0
1981-04-01,,136.57000732421875
1981-04-02,,136.32000732421875
1981-04-03,,135.49000549316406
1981-04-06,,133.92999267578125
1981-04-07,,133.91000366210938
1981-04-08,,134.30999755859375
1981-04-09,,134.6699981689453
1981-04-10,,134.50999450683594
1981-04-13,,133.14999389648438
1981-04-14,,132.67999267578125
1981-04-15,,134.1699981689453
1981-04-16,,134.6999969482422
1981-04-20,,135.4499969482422
1981-04-21,,134.22999572753906
1981-04-22,,134.13999938964844
1981-04-23,,133.94000244140625
1981-04-24,,135.13999938964844
1981-04-27,,135.47999572753906
1981-04-28,,134.3300018310547
1981-04-29,,133.0500030517578
1981-04-30,,132.80999755859375
1981-05-01,,132.72000122070312
1981-05-04,,130.6699981689453
1981-05-05,,130.32000732421875
1981-05-06,,130.77999877929688
1981-05-07,,131.6699981689453
1981-05-08,,131.66000366210938
1981-05-11,,129.7100067138672
1981-05-12,,130.72000122070312
1981-05-13,,130.5500030517578
1981-05-14,,131.27999877929688
1981-05-15,,132.1699981689453
1981-05-18,,132.5399932861328
1981-05-19,,132.08999633789062
1981-05-20,,132.0
1981-05-21,,131.75
1981-05-22,,131.3300018310547
1981-05-26,,132.77000427246094
1981-05-27,,133.77000427246094
1981-05-28,,133.4499969482422
1981-05-29,,132.58999633789062
1981-06-01,,132.41000366210938
1981-06-02,,130.6199951171875
1981-06-03,,130.7100067138672
1981-06-04,,130.9600067138672
1981-06-05,,132.22000122070312
1981-06-08,,132.24000549316406
1981-06-09,,131.97000122070312
1981-06-10,,132.32000732421875
1981-06-11,,133.75
1981-06-12,,133.49000549316406
1981-06-15,,133.61000061035156
1981-06-16,,132.14999389648438
1981-06-17,,133.32000732421875
1981-06-18,,131.63999938964844
1981-06-19,,132.27000427246094
1981-06-22,,131.9499969482422
1981-06-23,,133.35000610351562
1981-06-24,,132.66000366210938
1981-06-25,,132.80999755859375
1981-06-26,,132.55999755859375
1981-06-29,,131.88999938964844
1981-06-30,,131.2100067138672
1981-07-01,,129.77000427246094
1981-07-02,,128.63999938964844
1981-07-06,,127.37000274658203
1981-07-07,,128.24000549316406
1981-07-08,,128.32000732421875
1981-07-09,,129.3000030517578
1981-07-10,,129.3699951171875
1981-07-13,,129.63999938964844
1981-07-14,,129.64999389648438
1981-07-15,,130.22999572753906
1981-07-16,,130.33999633789062
1981-07-17,,130.75999450683594
1981-07-20,,128.72000122070312
1981-07-21,,128.33999633789062
1981-07-22,,127.12999725341797
1981-07-23,,127.4000015258789
1981-07-24,,128.4600067138672
1981-07-27,,129.89999389648438
1981-07-28,,129.13999938964844
1981-07-29,,129.16000366210938
1981-07-30,,130.00999450683594
1981-07-31,,130.9199981689453
1981-08-03,,130.47999572753906
1981-08-04,,131.17999267578125
1981-08-05,,132.6699981689453
1981-08-06,,132.63999938964844
1981-08-07,,131.75
1981-08-10,,132.5399932861328
1981-08-11,,133.85000610351562
1981-08-12,,133.39999389648438
1981-08-13,,133.50999450683594
1981-08-14,,132.49000549316406
1981-08-17,,131.22000122070312
1981-08-18,,130.11000061035156
1981-08-19,,130.49000549316406
1981-08-20,,130.69000244140625
1981-08-21,,129.22999572753906
1981-08-24,,125.5
1981-08-25,,125.12999725341797
1981-08-26,,124.95999908447266
1981-08-27,,123.51000213623047
1981-08-28,,124.08000183105469
1981-08-31,,122.79000091552734
1981-09-01,,123.0199966430664
1981-09-02,,123.48999786376953
1981-09-03,,121.23999786376953
1981-09-04,,120.06999969482422
1981-09-08,,117.9800033569336
1981-09-09,,118.4000015258789
1981-09-10,,120.13999938964844
1981-09-11,,121.61000061035156
1981-09-14,,120.66000366210938
1981-09-15,,119.7699966430664
1981-09-16,,118.87000274658203
1981-09-17,,117.1500015258789
1981-09-18,,116.26000213623047
1981-09-21,,117.23999786376953
1981-09-22,,116.68000030517578
1981-09-23,,115.6500015258789
1981-09-24,,115.01000213623047
1981-09-25,,112.7699966430664
1981-09-28,,115.52999877929688
1981-09-29,,115.94000244140625
1981-09-30,,116.18000030517578
1981-10-01,,117.08000183105469
1981-10-02,,119.36000061035156
1981-10-05,,119.51000213623047
1981-10-06,,119.38999938964844
1981-10-07,,121.30999755859375
1981-10-08,,122.30999755859375
1981-10-09,,121.44999694824219
1981-10-12,,121.20999908447266
1981-10-13,,120.77999877929688
1981-10-14,,118.80000305175781
1981-10-15,,119.70999908447266
1981-10-16,,119.19000244140625
1981-10-19,,118.9800033569336
1981-10-20,,120.27999877929688
1981-10-21,,120.0999984741211
1981-10-22,,119.63999938964844
1981-10-23,,118.5999984741211
1981-10-26,,118.16000366210938
1981-10-27,,119.29000091552734
1981-10-28,,119.44999694824219
1981-10-29,,119.05999755859375
1981-10-30,,121.88999938964844
1981-11-02,,124.19999694824219
1981-11-03,,124.80000305175781
1981-11-04,,124.73999786376953
1981-11-05,,123.54000091552734
1981-11-06,,122.66999816894531
1981-11-09,,123.29000091552734
1981-11-10,,122.69999694824219
1981-11-11,,122.91999816894531
1981-11-12,,123.19000244140625
1981-11-13,,121.66999816894531
1981-11-16,,120.23999786376953
1981-11-17,,121.1500015258789
1981-11-18,,120.26000213623047
1981-11-19,,120.70999908447266
1981-11-20,,121.70999908447266
1981-11-23,,121.5999984741211
1981-11-24,,123.51000213623047
1981-11-25,,124.05000305175781
1981-11-27,,125.08999633789062
1981-11-30,,126.3499984741211
1981-12-01,,126.0999984741211
1981-12-02,,124.69000244140625
1981-12-03,,125.12000274658203
1981-12-04,,126.26000213623047
1981-12-07,,125.19000244140625
1981-12-08,,124.81999969482422
1981-12-09,,125.4800033569336
1981-12-10,,125.70999908447266
1981-12-11,,124.93000030517578
1981-12-14,,122.77999877929688
1981-12-15,,122.98999786376953
1981-12-16,,122.41999816894531
1981-12-17,,123.12000274658203
1981-12-18,,124.0
1981-12-21,,123.33999633789062
1981-12-22,,122.87999725341797
1981-12-23,,122.30999755859375
1981-12-24,,122.54000091552734
1981-12-28,,122.2699966430664
1981-12-29,,121.66999816894531
1981-12-30,,122.30000305175781
1981-12-31,,122.55000305175781
1982-01-04,,122.73999786376953
1982-01-05,,120.05000305175781
1982-01-06,,119.18000030517578
1982-01-07,,118.93000030517578
1982-01-08,,119.55000305175781
1982-01-11,,116.77999877929688
1982-01-12,,116.30000305175781
1982-01-13,,114.87999725341797
1982-01-14,,115.54000091552734
1982-01-15,,116.33000183105469
1982-01-18,,117.22000122070312
1982-01-19,,115.97000122070312
1982-01-20,,115.2699966430664
1982-01-21,,115.75
1982-01-22,,115.37999725341797
1982-01-25,,115.41000366210938
1982-01-26,,115.19000244140625
1982-01-27,,115.73999786376953
1982-01-28,,118.91999816894531
1982-01-29,,120.4000015258789
1982-02-01,,117.77999877929688
1982-02-02,,118.01000213623047
1982-02-03,,116.4800033569336
1982-02-04,,116.41999816894531
1982-02-05,,117.26000213623047
1982-02-08,,114.62999725341797
1982-02-09,,113.68000030517578
1982-02-10,,114.66000366210938
1982-02-11,,114.43000030517578
1982-02-12,,114.37999725341797
1982-02-16,,114.05999755859375
1982-02-17,,113.69000244140625
1982-02-18,,113.81999969482422
1982-02-19,,113.22000122070312
1982-02-22,,111.58999633789062
1982-02-23,,111.51000213623047
1982-02-24,,113.47000122070312
1982-02-25,,113.20999908447266
1982-02-26,,113.11000061035156
1982-03-01,,113.30999755859375
1982-03-02,,112.68000030517578
1982-03-03,,110.91999816894531
1982-03-04,,109.87999725341797
1982-03-05,,109.33999633789062
1982-03-08,,107.33999633789062
1982-03-09,,108.83000183105469
1982-03-10,,109.41000366210938
1982-03-11,,109.36000061035156
1982-03-12,,108.61000061035156
1982-03-15,,109.44999694824219
1982-03-16,,109.27999877929688
1982-03-17,,109.08000183105469
1982-03-18,,110.30000305175781
1982-03-19,,110.61000061035156
1982-03-22,,112.7699966430664
1982-03-23,,113.55000305175781
1982-03-24,,112.97000122070312
1982-03-25,,113.20999908447266
1982-03-26,,111.94000244140625
1982-03-29,,112.30000305175781
1982-03-30,,112.2699966430664
1982-03-31,,111.95999908447266
1982-04-01,,113.79000091552734
1982-04-02,,115.12000274658203
1982-04-05,,114.7300033569336
1982-04-06,,115.36000061035156
1982-04-07,,115.45999908447266
1982-04-08,,116.22000122070312
1982-04-12,,116.0
1982-04-13,,115.98999786376953
1982-04-14,,115.83000183105469
1982-04-15,,116.3499984741211
1982-04-16,,116.80999755859375
1982-04-19,,116.69999694824219
1982-04-20,,115.44000244140625
1982-04-21,,115.72000122070312
1982-04-22,,117.19000244140625
1982-04-23,,118.63999938964844
1982-04-26,,119.26000213623047
1982-04-27,,118.0
1982-04-28,,117.26000213623047
1982-04-29,,116.13999938964844
1982-04-30,,116.44000244140625
1982-05-03,,116.81999969482422
1982-05-04,,117.45999908447266
1982-05-05,,117.66999816894531
1982-05-06,,118.68000030517578
1982-05-07,,119.47000122070312
1982-05-10,,118.37999725341797
1982-05-11,,119.41999816894531
1982-05-12,,119.16999816894531
1982-05-13,,118.22000122070312
1982-05-14,,118.01000213623047
1982-05-17,,116.70999908447266
1982-05-18,,115.83999633789062
1982-05-19,,114.88999938964844
1982-05-20,,114.58999633789062
1982-05-21,,114.88999938964844
1982-05-24,,114.79000091552734
1982-05-25,,114.4000015258789
1982-05-26,,113.11000061035156
1982-05-27,,112.66000366210938
1982-05-28,,111.87999725341797
1982-06-01,,111.68000030517578
1982-06-02,,112.04000091552734
1982-06-03,,111.86000061035156
1982-06-04,,110.08999633789062
1982-06-07,,110.12000274658203
1982-06-08,,109.62999725341797
1982-06-09,,108.98999786376953
1982-06-10,,109.61000061035156
1982-06-11,,111.23999786376953
1982-06-14,,109.95999908447266
1982-06-15,,109.69000244140625
1982-06-16,,108.87000274658203
1982-06-17,,107.5999984741211
1982-06-18,,107.27999877929688
1982-06-21,,107.19999694824219
1982-06-22,,108.30000305175781
1982-06-23,,110.13999938964844
1982-06-24,,109.83000183105469
1982-06-25,,109.13999938964844
1982-06-28,,110.26000213623047
1982-06-29,,110.20999908447266
1982-06-30,,109.61000061035156
1982-07-01,,108.70999908447266
1982-07-02,,107.6500015258789
1982-07-06,,107.29000091552734
1982-07-07,,107.22000122070312
1982-07-08,,107.52999877929688
1982-07-09,,108.83000183105469
1982-07-12,,109.56999969482422
1982-07-13,,109.44999694824219
1982-07-14,,110.44000244140625
1982-07-15,,110.47000122070312
1982-07-16,,111.06999969482422
1982-07-19,,110.7300033569336
1982-07-20,,111.54000091552734
1982-07-21,,111.41999816894531
1982-07-22,,111.4800033569336
1982-07-23,,111.16999816894531
1982-07-26,,110.36000061035156
1982-07-27,,109.43000030517578
1982-07-28,,107.73999786376953
1982-07-29,,107.72000122070312
1982-07-30,,107.08999633789062
1982-08-02,,108.9800033569336
1982-08-03,,107.83000183105469
1982-08-04,,106.13999938964844
1982-08-05,,105.16000366210938
1982-08-06,,103.70999908447266
1982-08-09,,103.08000183105469
1982-08-10,,102.83999633789062
1982-08-11,,102.5999984741211
1982-08-12,,102.41999816894531
1982-08-13,,103.8499984741211
1982-08-16,,104.08999633789062
1982-08-17,,109.04000091552734
1982-08-18,,108.54000091552734
1982-08-19,,109.16000366210938
1982-08-20,,113.0199966430664
1982-08-23,,116.11000061035156
1982-08-24,,115.3499984741211
1982-08-25,,117.58000183105469
1982-08-26,,118.55000305175781
1982-08-27,,117.11000061035156
1982-08-30,,117.66000366210938
1982-08-31,,119.51000213623047
1982-09-01,,118.25
1982-09-02,,120.29000091552734
1982-09-03,,122.68000030517578
1982-09-07,,121.37000274658203
1982-09-08,,122.19999694824219
1982-09-09,,121.97000122070312
1982-09-10,,120.97000122070312
1982-09-13,,122.23999786376953
1982-09-14,,123.0999984741211
1982-09-15,,124.29000091552734
1982-09-16,,123.7699966430664
1982-09-17,,122.55000305175781
1982-09-20,,122.51000213623047
1982-09-21,,124.87999725341797
1982-09-22,,123.98999786376953
1982-09-23,,123.80999755859375
1982-09-24,,123.31999969482422
1982-09-27,,123.62000274658203
1982-09-28,,123.23999786376953
1982-09-29,,121.62999725341797
1982-09-30,,120.41999816894531
1982-10-01,,121.97000122070312
1982-10-04,,121.51000213623047
1982-10-05,,121.9800033569336
1982-10-06,,125.97000122070312
1982-10-07,,128.8000030517578
1982-10-08,,131.0500030517578
1982-10-11,,134.47000122070312
1982-10-12,,134.44000244140625
1982-10-13,,136.7100067138672
1982-10-14,,134.57000732421875
1982-10-15,,133.57000732421875
1982-10-18,,136.72999572753906
1982-10-19,,136.5800018310547
1982-10-20,,139.22999572753906
1982-10-21,,139.05999755859375
1982-10-22,,138.8300018310547
1982-10-25,,133.32000732421875
1982-10-26,,134.47999572753906
1982-10-27,,135.2899932861328
1982-10-28,,133.58999633789062
1982-10-29,,133.72000122070312
1982-11-01,,135.47000122070312
1982-11-02,,137.49000549316406
1982-11-03,,142.8699951171875
1982-11-04,,141.85000610351562
1982-11-05,,142.16000366210938
1982-11-08,,140.44000244140625
1982-11-09,,143.02000427246094
1982-11-10,,141.16000366210938
1982-11-11,,141.75
1982-11-12,,139.52999877929688
1982-11-15,,137.02999877929688
1982-11-16,,135.4199981689453
1982-11-17,,137.92999267578125
1982-11-18,,138.33999633789062
1982-11-19,,137.02000427246094
1982-11-22,,134.22000122070312
1982-11-23,,132.92999267578125
1982-11-24,,133.8800048828125
1982-11-26,,134.8800048828125
1982-11-29,,134.1999969482422
1982-11-30,,138.52999877929688
1982-12-01,,138.72000122070312
1982-12-02,,138.82000732421875
1982-12-03,,138.69000244140625
1982-12-06,,141.77000427246094
1982-12-07,,142.72000122070312
1982-12-08,,141.82000732421875
1982-12-09,,140.0
1982-12-10,,139.57000732421875
1982-12-13,,139.9499969482422
1982-12-14,,137.39999389648438
1982-12-15,,135.24000549316406
1982-12-16,,135.3000030517578
1982-12-17,,137.49000549316406
1982-12-20,,136.25
1982-12-21,,138.61000061035156
1982-12-22,,138.8300018310547
1982-12-23,,139.72000122070312
1982-12-27,,142.1699981689453
1982-12-28,,140.77000427246094
1982-12-29,,141.24000549316406
1982-12-30,,140.3300018310547
1982-12-31,,140.63999938964844
1983-01-03,,138.33999633789062
1983-01-04,,141.36000061035156
1983-01-05,,141.9600067138672
1983-01-06,,145.27000427246094
1983-01-07,,145.17999267578125
1983-01-10,,146.77999877929688
1983-01-11,,145.77999877929688
1983-01-12,,146.69000244140625
1983-01-13,,145.72999572753906
1983-01-14,,146.64999389648438
1983-01-17,,146.72000122070312
1983-01-18,,146.39999389648438
1983-01-19,,145.27000427246094
1983-01-20,,146.2899932861328
1983-01-21,,143.85000610351562
1983-01-24,,139.97000122070312
1983-01-25,,141.75
1983-01-26,,141.5399932861328
1983-01-27,,144.27000427246094
1983-01-28,,144.50999450683594
1983-01-31,,145.3000030517578
1983-02-01,,142.9600067138672
1983-02-02,,143.22999572753906
1983-02-03,,144.25999450683594
1983-02-04,,146.13999938964844
1983-02-07,,146.92999267578125
1983-02-08,,145.6999969482422
1983-02-09,,145.0
1983-02-10,,147.5
1983-02-11,,147.64999389648438
1983-02-14,,148.92999267578125
1983-02-15,,148.3000030517578
1983-02-16,,147.42999267578125
1983-02-17,,147.44000244140625
1983-02-18,,148.0
1983-02-22,,145.47999572753906
1983-02-23,,146.7899932861328
1983-02-24,,149.60000610351562
1983-02-25,,149.74000549316406
1983-02-28,,148.05999755859375
1983-03-01,,150.8800048828125
1983-03-02,,152.3000030517578
1983-03-03,,153.47999572753906
1983-03-04,,153.6699981689453
1983-03-07,,153.6699981689453
1983-03-08,,151.25999450683594
1983-03-09,,152.8699951171875
1983-03-10,,151.8000030517578
1983-03-11,,151.24000549316406
1983-03-14,,150.8300018310547
1983-03-15,,151.3699951171875
1983-03-16,,149.80999755859375
1983-03-17,,149.58999633789062
1983-03-18,,149.89999389648438
1983-03-21,,151.19000244140625
1983-03-22,,150.66000366210938
1983-03-23,,152.80999755859375
1983-03-24,,153.3699951171875
1983-03-25,,152.6699981689453
1983-03-28,,151.85000610351562
1983-03-29,,151.58999633789062
1983-03-30,,153.38999938964844
1983-03-31,,152.9600067138672
1983-04-04,,153.02000427246094
1983-04-05,,151.89999389648438
1983-04-06,,151.0399932861328
1983-04-07,,151.75999450683594
1983-04-08,,152.85000610351562
1983-04-11,,155.13999938964844
1983-04-12,,155.82000732421875
1983-04-13,,156.77000427246094
1983-04-14,,158.1199951171875
1983-04-15,,158.75
1983-04-18,,159.74000549316406
1983-04-19,,158.7100067138672
1983-04-20,,160.7100067138672
1983-04-21,,160.0500030517578
1983-04-22,,160.4199981689453
1983-04-25,,158.80999755859375
1983-04-26,,161.80999755859375
1983-04-27,,161.44000244140625
1983-04-28,,162.9499969482422
1983-04-29,,164.42999267578125
1983-05-02,,162.11000061035156
1983-05-03,,162.33999633789062
1983-05-04,,163.30999755859375
1983-05-05,,164.27999877929688
1983-05-06,,166.10000610351562
1983-05-09,,165.80999755859375
1983-05-10,,165.9499969482422
1983-05-11,,164.9600067138672
1983-05-12,,164.25
1983-05-13,,164.91000366210938
1983-05-16,,163.39999389648438
1983-05-17,,163.7100067138672
1983-05-18,,163.27000427246094
1983-05-19,,161.99000549316406
1983-05-20,,162.13999938964844
1983-05-23,,163.42999267578125
1983-05-24,,165.5399932861328
1983-05-25,,166.2100067138672
1983-05-26,,165.47999572753906
1983-05-27,,164.4600067138672
1983-05-31,,162.38999938964844
1983-06-01,,162.5500030517578
1983-06-02,,163.97999572753906
1983-06-03,,164.4199981689453
1983-06-06,,164.8300018310547
1983-06-07,,162.77000427246094
1983-06-08,,161.36000061035156
1983-06-09,,161.8300018310547
1983-06-10,,162.67999267578125
1983-06-13,,164.83999633789062
1983-06-14,,165.52999877929688
1983-06-15,,167.1199951171875
1983-06-16,,169.13999938964844
1983-06-17,,169.1300048828125
1983-06-20,,169.02000427246094
1983-06-21,,170.52999877929688
1983-06-22,,170.99000549316406
1983-06-23,,170.57000732421875
1983-06-24,,170.41000366210938
1983-06-27,,168.4600067138672
1983-06-28,,165.67999267578125
1983-06-29,,166.63999938964844
1983-06-30,,167.63999938964844
1983-07-01,,168.63999938964844
1983-07-05,,166.60000610351562
1983-07-06,,168.47999572753906
1983-07-07,,167.55999755859375
1983-07-08,,167.0800018310547
1983-07-11,,168.11000061035156
1983-07-12,,165.52999877929688
1983-07-13,,165.4600067138672
1983-07-14,,166.00999450683594
1983-07-15,,164.2899932861328
1983-07-18,,163.9499969482422
1983-07-19,,164.82000732421875
1983-07-20,,169.2899932861328
1983-07-21,,169.05999755859375
1983-07-22,,168.88999938964844
1983-07-25,,169.52999877929688
1983-07-26,,170.52999877929688
1983-07-27,,167.58999633789062
1983-07-28,,165.0399932861328
1983-07-29,,162.55999755859375
1983-08-01,,162.0399932861328
1983-08-02,,162.00999450683594
1983-08-03,,163.44000244140625
1983-08-04,,161.3300018310547
1983-08-05,,161.74000549316406
1983-08-08,,159.17999267578125
1983-08-09,,160.1300048828125
1983-08-10,,161.5399932861328
1983-08-11,,161.5399932861328
1983-08-12,,162.16000366210938
1983-08-15,,163.6999969482422
1983-08-16,,163.41000366210938
1983-08-17,,165.2899932861328
1983-08-18,,163.5500030517578
1983-08-19,,163.97999572753906
1983-08-22,,164.33999633789062
1983-08-23,,162.77000427246094
1983-08-24,,161.25
1983-08-25,,160.83999633789062
1983-08-26,,162.13999938964844
1983-08-29,,162.25
1983-08-30,,162.5800018310547
1983-08-31,,164.39999389648438
1983-09-01,,164.22999572753906
1983-09-02,,165.0
1983-09-06,,167.88999938964844
1983-09-07,,167.9600067138672
1983-09-08,,167.77000427246094
1983-09-09,,166.9199981689453
1983-09-12,,165.47999572753906
1983-09-13,,164.8000030517578
1983-09-14,,165.35000610351562
1983-09-15,,164.3800048828125
1983-09-16,,166.25
1983-09-19,,167.6199951171875
1983-09-20,,169.24000549316406
1983-09-21,,168.41000366210938
1983-09-22,,169.75999450683594
1983-09-23,,169.50999450683594
1983-09-26,,170.07000732421875
1983-09-27,,168.42999267578125
1983-09-28,,168.0
1983-09-29,,167.22999572753906
1983-09-30,,166.07000732421875
1983-10-03,,165.80999755859375
1983-10-04,,166.27000427246094
1983-10-05,,167.74000549316406
1983-10-06,,170.27999877929688
1983-10-07,,170.8000030517578
1983-10-10,,172.64999389648438
1983-10-11,,170.33999633789062
1983-10-12,,169.6199951171875
1983-10-13,,169.8699951171875
1983-10-14,,169.86000061035156
1983-10-17,,170.42999267578125
1983-10-18,,167.80999755859375
1983-10-19,,166.72999572753906
1983-10-20,,166.97999572753906
1983-10-21,,165.9499969482422
1983-10-24,,165.99000549316406
1983-10-25,,166.47000122070312
1983-10-26,,165.3800048828125
1983-10-27,,164.83999633789062
1983-10-28,,163.3699951171875
1983-10-31,,163.5500030517578
1983-11-01,,163.66000366210938
1983-11-02,,164.83999633789062
1983-11-03,,163.4499969482422
1983-11-04,,162.44000244140625
1983-11-07,,161.91000366210938
1983-11-08,,161.75999450683594
1983-11-09,,163.97000122070312
1983-11-10,,164.41000366210938
1983-11-11,,166.2899932861328
1983-11-14,,166.5800018310547
1983-11-15,,165.36000061035156
1983-11-16,,166.0800018310547
1983-11-17,,166.1300048828125
1983-11-18,,165.08999633789062
1983-11-21,,166.0500030517578
1983-11-22,,166.83999633789062
1983-11-23,,166.9600067138672
1983-11-25,,167.17999267578125
1983-11-28,,166.5399932861328
1983-11-29,,167.91000366210938
1983-11-30,,166.39999389648438
1983-12-01,,166.49000549316406
1983-12-02,,165.44000244140625
1983-12-05,,165.75999450683594
1983-12-06,,165.47000122070312
1983-12-07,,165.91000366210938
1983-12-08,,165.1999969482422
1983-12-09,,165.0800018310547
1983-12-12,,165.6199951171875
1983-12-13,,164.92999267578125
1983-12-14,,163.3300018310547
1983-12-15,,161.66000366210938
1983-12-16,,162.38999938964844
1983-12-19,,162.32000732421875
1983-12-20,,162.0
1983-12-21,,163.55999755859375
1983-12-22,,163.52999877929688
1983-12-23,,163.22000122070312
1983-12-27,,164.75999450683594
1983-12-28,,165.33999633789062
1983-12-29,,164.86000061035156
1983-12-30,,164.92999267578125
1984-01-03,,164.0399932861328
1984-01-04,,166.77999877929688
1984-01-05,,168.80999755859375
1984-01-06,,169.27999877929688
1984-01-09,,168.89999389648438
1984-01-10,,167.9499969482422
1984-01-11,,167.8000030517578
1984-01-12,,167.75
1984-01-13,,167.02000427246094
1984-01-16,,167.17999267578125
1984-01-17,,167.8300018310547
1984-01-18,,167.5500030517578
1984-01-19,,167.0399932861328
1984-01-20,,166.2100067138672
1984-01-23,,164.8699951171875
1984-01-24,,165.94000244140625
1984-01-25,,164.83999633789062
1984-01-26,,164.24000549316406
1984-01-27,,163.94000244140625
1984-01-30,,162.8699951171875
1984-01-31,,163.41000366210938
1984-02-01,,162.74000549316406
1984-02-02,,163.36000061035156
1984-02-03,,160.91000366210938
1984-02-06,,158.0800018310547
1984-02-07,,158.74000549316406
1984-02-08,,155.85000610351562
1984-02-09,,155.4199981689453
1984-02-10,,156.3000030517578
1984-02-13,,154.9499969482422
1984-02-14,,156.61000061035156
1984-02-15,,156.25
1984-02-16,,156.1300048828125
1984-02-17,,155.74000549316406
1984-02-21,,154.63999938964844
1984-02-22,,154.30999755859375
1984-02-23,,154.2899932861328
1984-02-24,,157.50999450683594
1984-02-27,,159.3000030517578
1984-02-28,,156.82000732421875
1984-02-29,,157.05999755859375
1984-03-01,,158.19000244140625
1984-03-02,,159.24000549316406
1984-03-05,,157.88999938964844
1984-03-06,,156.25
1984-03-07,,154.57000732421875
1984-03-08,,155.19000244140625
1984-03-09,,154.35000610351562
1984-03-12,,156.33999633789062
1984-03-13,,156.77999877929688
1984-03-14,,156.77000427246094
1984-03-15,,157.41000366210938
1984-03-16,,159.27000427246094
1984-03-19,,157.77999877929688
1984-03-20,,158.86000061035156
1984-03-21,,158.66000366210938
1984-03-22,,156.69000244140625
1984-03-23,,156.86000061035156
1984-03-26,,156.6699981689453
1984-03-27,,157.3000030517578
1984-03-28,,159.8800048828125
1984-03-29,,159.52000427246094
1984-03-30,,159.17999267578125
1984-04-02,,157.97999572753906
1984-04-03,,157.66000366210938
1984-04-04,,157.5399932861328
1984-04-05,,155.0399932861328
1984-04-06,,155.47999572753906
1984-04-09,,155.4499969482422
1984-04-10,,155.8699951171875
1984-04-11,,155.0
1984-04-12,,157.72999572753906
1984-04-13,,157.30999755859375
1984-04-16,,158.32000732421875
1984-04-17,,158.97000122070312
1984-04-18,,157.89999389648438
1984-04-19,,158.02000427246094
1984-04-23,,156.8000030517578
1984-04-24,,158.07000732421875
1984-04-25,,158.64999389648438
1984-04-26,,160.3000030517578
1984-04-27,,159.88999938964844
1984-04-30,,160.0500030517578
1984-05-01,,161.67999267578125
1984-05-02,,161.89999389648438
1984-05-03,,161.1999969482422
1984-05-04,,159.11000061035156
1984-05-07,,159.47000122070312
1984-05-08,,160.52000427246094
1984-05-09,,160.11000061035156
1984-05-10,,160.0
1984-05-11,,158.49000549316406
1984-05-14,,157.5
1984-05-15,,158.0
1984-05-16,,157.99000549316406
1984-05-17,,156.57000732421875
1984-05-18,,155.77999877929688
1984-05-21,,154.72999572753906
1984-05-22,,153.8800048828125
1984-05-23,,153.14999389648438
1984-05-24,,151.22999572753906
1984-05-25,,151.6199951171875
1984-05-29,,150.2899932861328
1984-05-30,,150.35000610351562
1984-05-31,,150.5500030517578
1984-06-01,,153.24000549316406
1984-06-04,,154.33999633789062
1984-06-05,,153.64999389648438
1984-06-06,,155.00999450683594
1984-06-07,,154.9199981689453
1984-06-08,,155.1699981689453
1984-06-11,,153.05999755859375
1984-06-12,,152.19000244140625
1984-06-13,,152.1300048828125
1984-06-14,,150.38999938964844
1984-06-15,,149.02999877929688
1984-06-18,,151.72999572753906
1984-06-19,,152.61000061035156
1984-06-20,,154.83999633789062
1984-06-21,,154.50999450683594
1984-06-22,,154.4600067138672
1984-06-25,,153.97000122070312
1984-06-26,,152.7100067138672
1984-06-27,,151.63999938964844
1984-06-28,,152.83999633789062
1984-06-29,,153.17999267578125
1984-07-02,,153.1999969482422
1984-07-03,,153.6999969482422
1984-07-05,,152.75999450683594
1984-07-06,,152.24000549316406
1984-07-09,,153.36000061035156
1984-07-10,,152.88999938964844
1984-07-11,,150.55999755859375
1984-07-12,,150.02999877929688
1984-07-13,,150.8800048828125
1984-07-16,,151.60000610351562
1984-07-17,,152.3800048828125
1984-07-18,,151.39999389648438
1984-07-19,,150.3699951171875
1984-07-20,,149.5500030517578
1984-07-23,,148.9499969482422
1984-07-24,,147.82000732421875
1984-07-25,,148.8300018310547
1984-07-26,,150.0800018310547
1984-07-27,,151.19000244140625
1984-07-30,,150.19000244140625
1984-07-31,,150.66000366210938
1984-08-01,,154.0800018310547
1984-08-02,,157.99000549316406
1984-08-03,,162.35000610351562
1984-08-06,,162.60000610351562
1984-08-07,,162.72000122070312
1984-08-08,,161.75
1984-08-09,,165.5399932861328
1984-08-10,,165.4199981689453
1984-08-13,,165.42999267578125
1984-08-14,,164.4199981689453
1984-08-15,,162.8000030517578
1984-08-16,,163.77000427246094
1984-08-17,,164.13999938964844
1984-08-20,,164.94000244140625
1984-08-21,,167.8300018310547
1984-08-22,,167.05999755859375
1984-08-23,,167.1199951171875
1984-08-24,,167.50999450683594
1984-08-27,,166.44000244140625
1984-08-28,,167.39999389648438
1984-08-29,,167.08999633789062
1984-08-30,,166.60000610351562
1984-08-31,,166.67999267578125
1984-09-04,,164.8800048828125
1984-09-05,,164.2899932861328
1984-09-06,,165.64999389648438
1984-09-07,,164.3699951171875
1984-09-10,,164.25999450683594
1984-09-11,,164.4499969482422
1984-09-12,,164.67999267578125
1984-09-13,,167.94000244140625
1984-09-14,,168.77999877929688
1984-09-17,,168.8699951171875
1984-09-18,,167.64999389648438
1984-09-19,,166.94000244140625
1984-09-20,,167.47000122070312
1984-09-21,,165.6699981689453
1984-09-24,,165.27999877929688
1984-09-25,,165.6199951171875
1984-09-26,,166.27999877929688
1984-09-27,,166.9600067138672
1984-09-28,,166.10000610351562
1984-10-01,,164.6199951171875
1984-10-02,,163.58999633789062
1984-10-03,,162.44000244140625
1984-10-04,,162.9199981689453
1984-10-05,,162.67999267578125
1984-10-08,,162.1300048828125
1984-10-09,,161.6699981689453
1984-10-10,,162.11000061035156
1984-10-11,,162.77999877929688
1984-10-12,,164.17999267578125
1984-10-15,,165.77000427246094
1984-10-16,,164.77999877929688
1984-10-17,,164.13999938964844
1984-10-18,,168.10000610351562
1984-10-19,,167.9600067138672
1984-10-22,,167.36000061035156
1984-10-23,,167.08999633789062
1984-10-24,,167.1999969482422
1984-10-25,,166.30999755859375
1984-10-26,,165.2899932861328
1984-10-29,,164.77999877929688
1984-10-30,,166.83999633789062
1984-10-31,,166.08999633789062
1984-11-01,,167.49000549316406
1984-11-02,,167.4199981689453
1984-11-05,,168.5800018310547
1984-11-06,,170.41000366210938
1984-11-07,,169.1699981689453
1984-11-08,,168.67999267578125
1984-11-09,,167.60000610351562
1984-11-12,,167.36000061035156
1984-11-13,,165.97000122070312
1984-11-14,,165.99000549316406
1984-11-15,,165.88999938964844
1984-11-16,,164.10000610351562
1984-11-19,,163.08999633789062
1984-11-20,,164.17999267578125
1984-11-21,,164.50999450683594
1984-11-23,,166.9199981689453
1984-11-26,,165.5500030517578
1984-11-27,,166.2899932861328
1984-11-28,,165.02000427246094
1984-11-29,,163.91000366210938
1984-11-30,,163.5800018310547
1984-12-03,,162.82000732421875
1984-12-04,,163.3800048828125
1984-12-05,,162.10000610351562
1984-12-06,,162.75999450683594
1984-12-07,,162.25999450683594
1984-12-10,,162.8300018310547
1984-12-11,,163.07000732421875
1984-12-12,,162.6300048828125
1984-12-13,,161.80999755859375
1984-12-14,,162.69000244140625
1984-12-17,,163.61000061035156
1984-12-18,,168.11000061035156
1984-12-19,,167.16000366210938
1984-12-20,,166.3800048828125
1984-12-21,,165.50999450683594
1984-12-24,,166.75999450683594
1984-12-26,,166.47000122070312
1984-12-27,,165.75
1984-12-28,,166.25999450683594
1984-12-31,,167.24000549316406
1985-01-02,,165.3699951171875
1985-01-03,,164.57000732421875
1985-01-04,,163.67999267578125
1985-01-07,,164.24000549316406
1985-01-08,,163.99000549316406
1985-01-09,,165.17999267578125
1985-01-10,,168.30999755859375
1985-01-11,,167.91000366210938
1985-01-14,,170.50999450683594
1985-01-15,,170.80999755859375
1985-01-16,,171.19000244140625
1985-01-17,,170.72999572753906
1985-01-18,,171.32000732421875
1985-01-21,,175.22999572753906
1985-01-22,,175.47999572753906
1985-01-23,,177.3000030517578
1985-01-24,,176.7100067138672
1985-01-25,,177.35000610351562
1985-01-28,,177.39999389648438
1985-01-29,,179.17999267578125
1985-01-30,,179.38999938964844
1985-01-31,,179.6300048828125
1985-02-01,,178.6300048828125
1985-02-04,,180.35000610351562
1985-02-05,,180.61000061035156
1985-02-06,,180.42999267578125
1985-02-07,,181.82000732421875
1985-02-08,,182.19000244140625
1985-02-11,,180.50999450683594
1985-02-12,,180.55999755859375
1985-02-13,,183.35000610351562
1985-02-14,,182.41000366210938
1985-02-15,,181.60000610351562
1985-02-19,,181.3300018310547
1985-02-20,,181.17999267578125
1985-02-21,,180.19000244140625
1985-02-22,,179.36000061035156
1985-02-25,,179.22999572753906
1985-02-26,,181.1699981689453
1985-02-27,,180.7100067138672
1985-02-28,,181.17999267578125
1985-03-01,,183.22999572753906
1985-03-04,,182.05999755859375
1985-03-05,,182.22999572753906
1985-03-06,,180.64999389648438
1985-03-07,,179.50999450683594
1985-03-08,,179.10000610351562
1985-03-11,,178.7899932861328
1985-03-12,,179.66000366210938
1985-03-13,,178.19000244140625
1985-03-14,,177.83999633789062
1985-03-15,,176.52999877929688
1985-03-18,,176.8800048828125
1985-03-19,,179.5399932861328
1985-03-20,,179.0800018310547
1985-03-21,,179.35000610351562
1985-03-22,,179.0399932861328
1985-03-25,,177.97000122070312
1985-03-26,,178.42999267578125
1985-03-27,,179.5399932861328
1985-03-28,,179.5399932861328
1985-03-29,,180.66000366210938
1985-04-01,,181.27000427246094
1985-04-02,,180.52999877929688
1985-04-03,,179.11000061035156
1985-04-04,,179.02999877929688
1985-04-08,,178.02999877929688
1985-04-09,,178.2100067138672
1985-04-10,,179.4199981689453
1985-04-11,,180.19000244140625
1985-04-12,,180.5399932861328
1985-04-15,,180.9199981689453
1985-04-16,,181.1999969482422
1985-04-17,,181.67999267578125
1985-04-18,,180.83999633789062
1985-04-19,,181.11000061035156
1985-04-22,,180.6999969482422
1985-04-23,,181.8800048828125
1985-04-24,,182.25999450683594
1985-04-25,,183.42999267578125
1985-04-26,,182.17999267578125
1985-04-29,,180.6300048828125
1985-04-30,,179.8300018310547
1985-05-01,,178.3699951171875
1985-05-02,,179.00999450683594
1985-05-03,,180.0800018310547
1985-05-06,,179.99000549316406
1985-05-07,,180.75999450683594
1985-05-08,,180.6199951171875
1985-05-09,,181.9199981689453
1985-05-10,,184.27999877929688
1985-05-13,,184.61000061035156
1985-05-14,,183.8699951171875
1985-05-15,,184.5399932861328
1985-05-16,,185.66000366210938
1985-05-17,,187.4199981689453
1985-05-20,,189.72000122070312
1985-05-21,,189.63999938964844
1985-05-22,,188.55999755859375
1985-05-23,,187.60000610351562
1985-05-24,,188.2899932861328
1985-05-28,,187.86000061035156
1985-05-29,,187.67999267578125
1985-05-30,,187.75
1985-05-31,,189.5500030517578
1985-06-03,,189.32000732421875
1985-06-04,,190.0399932861328
1985-06-05,,190.16000366210938
1985-06-06,,191.05999755859375
1985-06-07,,189.67999267578125
1985-06-10,,189.50999450683594
1985-06-11,,189.0399932861328
1985-06-12,,187.61000061035156
1985-06-13,,185.3300018310547
1985-06-14,,187.10000610351562
1985-06-17,,186.52999877929688
1985-06-18,,187.33999633789062
1985-06-19,,186.6300048828125
1985-06-20,,186.72999572753906
1985-06-21,,189.61000061035156
1985-06-24,,189.14999389648438
1985-06-25,,189.74000549316406
1985-06-26,,190.05999755859375
1985-06-27,,191.22999572753906
1985-06-28,,191.85000610351562
1985-07-01,,192.42999267578125
1985-07-02,,192.00999450683594
1985-07-03,,191.4499969482422
1985-07-05,,192.52000427246094
1985-07-08,,191.92999267578125
1985-07-09,,191.0500030517578
1985-07-10,,192.3699951171875
1985-07-11,,192.94000244140625
1985-07-12,,193.2899932861328
1985-07-15,,192.72000122070312
1985-07-16,,194.72000122070312
1985-07-17,,195.64999389648438
1985-07-18,,194.3800048828125
1985-07-19,,195.1300048828125
1985-07-22,,194.35000610351562
1985-07-23,,192.5500030517578
1985-07-24,,191.5800018310547
1985-07-25,,192.05999755859375
1985-07-26,,192.39999389648438
1985-07-29,,189.60000610351562
1985-07-30,,189.92999267578125
1985-07-31,,190.9199981689453
1985-08-01,,192.11000061035156
1985-08-02,,191.47999572753906
1985-08-05,,190.6199951171875
1985-08-06,,187.92999267578125
1985-08-07,,187.67999267578125
1985-08-08,,188.9499969482422
1985-08-09,,188.32000732421875
1985-08-12,,187.6300048828125
1985-08-13,,187.3000030517578
1985-08-14,,187.41000366210938
1985-08-15,,187.25999450683594
1985-08-16,,186.10000610351562
1985-08-19,,186.3800048828125
1985-08-20,,188.0800018310547
1985-08-21,,189.16000366210938
1985-08-22,,187.36000061035156
1985-08-23,,187.1699981689453
1985-08-26,,187.30999755859375
1985-08-27,,188.10000610351562
1985-08-28,,188.8300018310547
1985-08-29,,188.92999267578125
1985-08-30,,188.6300048828125
1985-09-03,,187.91000366210938
1985-09-04,,187.3699951171875
1985-09-05,,187.27000427246094
1985-09-06,,188.24000549316406
1985-09-09,,188.25
1985-09-10,,186.89999389648438
1985-09-11,,185.02999877929688
1985-09-12,,183.69000244140625
1985-09-13,,182.91000366210938
1985-09-16,,182.8800048828125
1985-09-17,,181.36000061035156
1985-09-18,,181.7100067138672
1985-09-19,,183.38999938964844
1985-09-20,,182.0500030517578
1985-09-23,,184.3000030517578
1985-09-24,,182.6199951171875
1985-09-25,,180.66000366210938
1985-09-26,,181.2899932861328
1985-09-30,,182.0800018310547
1985-10-01,,185.07000732421875
1985-10-02,,184.05999755859375
1985-10-03,,184.36000061035156
1985-10-04,,183.22000122070312
1985-10-07,,181.8699951171875
1985-10-08,,181.8699951171875
1985-10-09,,182.52000427246094
1985-10-10,,182.77999877929688
1985-10-11,,184.27999877929688
1985-10-14,,186.3699951171875
1985-10-15,,186.0800018310547
1985-10-16,,187.97999572753906
1985-10-17,,187.66000366210938
1985-10-18,,187.0399932861328
1985-10-21,,186.9600067138672
1985-10-22,,188.0399932861328
1985-10-23,,189.08999633789062
1985-10-24,,188.5
1985-10-25,,187.52000427246094
1985-10-28,,187.75999450683594
1985-10-29,,189.22999572753906
1985-10-30,,190.07000732421875
1985-10-31,,189.82000732421875
1985-11-01,,191.52999877929688
1985-11-04,,191.25
1985-11-05,,192.3699951171875
1985-11-06,,192.75999450683594
1985-11-07,,192.6199951171875
1985-11-08,,193.72000122070312
1985-11-11,,197.27999877929688
1985-11-12,,198.0800018310547
1985-11-13,,197.10000610351562
1985-11-14,,199.05999755859375
1985-11-15,,198.11000061035156
1985-11-18,,198.7100067138672
1985-11-19,,198.6699981689453
1985-11-20,,198.99000549316406
1985-11-21,,201.41000366210938
1985-11-22,,201.52000427246094
1985-11-25,,200.35000610351562
1985-11-26,,200.6699981689453
1985-11-27,,202.5399932861328
1985-11-29,,202.1699981689453
1985-12-02,,200.4600067138672
1985-12-03,,200.86000061035156
1985-12-04,,204.22999572753906
1985-12-05,,203.8800048828125
1985-12-06,,202.99000549316406
1985-12-09,,204.25
1985-12-10,,204.38999938964844
1985-12-11,,206.30999755859375
1985-12-12,,206.72999572753906
1985-12-13,,209.94000244140625
1985-12-16,,212.02000427246094
1985-12-17,,210.64999389648438
1985-12-18,,209.80999755859375
1985-12-19,,210.02000427246094
1985-12-20,,210.94000244140625
1985-12-23,,208.57000732421875
1985-12-24,,207.13999938964844
1985-12-26,,207.64999389648438
1985-12-27,,209.61000061035156
1985-12-30,,210.67999267578125
1985-12-31,,211.27999877929688
1986-01-02,,209.58999633789062
1986-01-03,,210.8800048828125
1986-01-06,,210.64999389648438
1986-01-07,,213.8000030517578
1986-01-08,,207.97000122070312
1986-01-09,,206.11000061035156
1986-01-10,,205.9600067138672
1986-01-13,,206.72000122070312
1986-01-14,,206.63999938964844
1986-01-15,,208.25999450683594
1986-01-16,,209.1699981689453
1986-01-17,,208.42999267578125
1986-01-20,,207.52999877929688
1986-01-21,,205.7899932861328
1986-01-22,,203.49000549316406
1986-01-23,,204.25
1986-01-24,,206.42999267578125
1986-01-27,,207.38999938964844
1986-01-28,,209.80999755859375
1986-01-29,,210.2899932861328
1986-01-30,,209.3300018310547
1986-01-31,,211.77999877929688
1986-02-03,,213.9600067138672
1986-02-04,,212.7899932861328
1986-02-05,,212.9600067138672
1986-02-06,,213.47000122070312
1986-02-07,,214.55999755859375
1986-02-10,,216.24000549316406
1986-02-11,,215.9199981689453
1986-02-12,,215.97000122070312
1986-02-13,,217.39999389648438
1986-02-14,,219.75999450683594
1986-02-18,,222.4499969482422
1986-02-19,,219.75999450683594
1986-02-20,,222.22000122070312
1986-02-21,,224.6199951171875
1986-02-24,,224.33999633789062
1986-02-25,,223.7899932861328
1986-02-26,,224.0399932861328
1986-02-27,,226.77000427246094
1986-02-28,,226.9199981689453
1986-03-03,,225.4199981689453
1986-03-04,,224.3800048828125
1986-03-05,,224.33999633789062
1986-03-06,,225.1300048828125
1986-03-07,,225.57000732421875
1986-03-10,,226.5800018310547
1986-03-11,,231.69000244140625
1986-03-12,,232.5399932861328
1986-03-13,,233.19000244140625
1986-03-14,,236.5500030517578
1986-03-17,,234.6699981689453
1986-03-18,,235.77999877929688
1986-03-19,,235.60000610351562
1986-03-20,,236.5399932861328
1986-03-21,,233.33999633789062
1986-03-24,,235.3300018310547
1986-03-25,,234.72000122070312
1986-03-26,,237.3000030517578
1986-03-27,,238.97000122070312
1986-03-31,,238.89999389648438
1986-04-01,,235.13999938964844
1986-04-02,,235.7100067138672
1986-04-03,,232.47000122070312
1986-04-04,,228.69000244140625
1986-04-07,,228.6300048828125
1986-04-08,,233.52000427246094
1986-04-09,,233.75
1986-04-10,,236.44000244140625
1986-04-11,,235.97000122070312
1986-04-14,,237.27999877929688
1986-04-15,,237.72999572753906
1986-04-16,,242.22000122070312
1986-04-17,,243.02999877929688
1986-04-18,,242.3800048828125
1986-04-21,,244.74000549316406
1986-04-22,,242.4199981689453
1986-04-23,,241.75
1986-04-24,,242.02000427246094
1986-04-25,,242.2899932861328
1986-04-28,,243.0800018310547
1986-04-29,,240.50999450683594
1986-04-30,,235.52000427246094
1986-05-01,,235.16000366210938
1986-05-02,,234.7899932861328
1986-05-05,,237.72999572753906
1986-05-06,,237.24000549316406
1986-05-07,,236.0800018310547
1986-05-08,,237.1300048828125
1986-05-09,,237.85000610351562
1986-05-12,,237.5800018310547
1986-05-13,,236.41000366210938
1986-05-14,,237.5399932861328
1986-05-15,,234.42999267578125
1986-05-16,,232.75999450683594
1986-05-19,,233.1999969482422
1986-05-20,,236.11000061035156
1986-05-21,,235.4499969482422
1986-05-22,,240.1199951171875
1986-05-23,,241.35000610351562
1986-05-27,,244.75
1986-05-28,,246.6300048828125
1986-05-29,,247.97999572753906
1986-05-30,,247.35000610351562
1986-06-02,,245.0399932861328
1986-06-03,,245.50999450683594
1986-06-04,,243.94000244140625
1986-06-05,,245.64999389648438
1986-06-06,,245.6699981689453
1986-06-09,,239.9600067138672
1986-06-10,,239.5800018310547
1986-06-11,,241.1300048828125
1986-06-12,,241.49000549316406
1986-06-13,,245.72999572753906
1986-06-16,,246.1300048828125
1986-06-17,,244.35000610351562
1986-06-18,,244.99000549316406
1986-06-19,,244.05999755859375
1986-06-20,,247.5800018310547
1986-06-23,,245.25999450683594
1986-06-24,,247.02999877929688
1986-06-25,,248.92999267578125
1986-06-26,,248.74000549316406
1986-06-27,,249.60000610351562
1986-06-30,,250.83999633789062
1986-07-01,,252.0399932861328
1986-07-02,,252.6999969482422
1986-07-03,,251.7899932861328
1986-07-07,,244.0500030517578
1986-07-08,,241.58999633789062
1986-07-09,,242.82000732421875
1986-07-10,,243.00999450683594
1986-07-11,,242.22000122070312
1986-07-14,,238.11000061035156
1986-07-15,,233.66000366210938
1986-07-16,,235.00999450683594
1986-07-17,,236.07000732421875
1986-07-18,,236.36000061035156
1986-07-21,,236.24000549316406
1986-07-22,,238.17999267578125
1986-07-23,,238.6699981689453
1986-07-24,,237.9499969482422
1986-07-25,,240.22000122070312
1986-07-28,,236.00999450683594
1986-07-29,,234.5500030517578
1986-07-30,,236.58999633789062
1986-07-31,,236.1199951171875
1986-08-01,,234.91000366210938
1986-08-04,,235.99000549316406
1986-08-05,,237.02999877929688
1986-08-06,,236.83999633789062
1986-08-07,,237.0399932861328
1986-08-08,,236.8800048828125
1986-08-11,,240.67999267578125
1986-08-12,,243.33999633789062
1986-08-13,,245.6699981689453
1986-08-14,,246.25
1986-08-15,,247.14999389648438
1986-08-18,,247.3800048828125
1986-08-19,,246.50999450683594
1986-08-20,,249.77000427246094
1986-08-21,,249.6699981689453
1986-08-22,,250.19000244140625
1986-08-25,,247.80999755859375
1986-08-26,,252.83999633789062
1986-08-27,,253.3000030517578
1986-08-28,,252.83999633789062
1986-08-29,,252.92999267578125
1986-09-02,,248.52000427246094
1986-09-03,,250.0800018310547
1986-09-04,,253.8300018310547
1986-09-05,,250.47000122070312
1986-09-08,,248.13999938964844
1986-09-09,,247.6699981689453
1986-09-10,,247.05999755859375
1986-09-11,,235.17999267578125
1986-09-12,,230.6699981689453
1986-09-15,,231.94000244140625
1986-09-16,,231.72000122070312
1986-09-17,,231.67999267578125
1986-09-18,,232.30999755859375
1986-09-19,,232.2100067138672
1986-09-22,,234.92999267578125
1986-09-23,,235.6699981689453
1986-09-24,,236.27999877929688
1986-09-25,,231.8300018310547
1986-09-26,,232.22999572753906
1986-09-29,,229.91000366210938
1986-09-30,,231.32000732421875
1986-10-01,,233.60000610351562
1986-10-02,,233.9199981689453
1986-10-03,,233.7100067138672
1986-10-06,,234.77999877929688
1986-10-07,,234.41000366210938
1986-10-08,,236.67999267578125
1986-10-09,,235.85000610351562
1986-10-10,,235.47999572753906
1986-10-13,,235.91000366210938
1986-10-14,,235.3699951171875
1986-10-15,,238.8000030517578
1986-10-16,,239.52999877929688
1986-10-17,,238.83999633789062
1986-10-20,,235.97000122070312
1986-10-21,,235.8800048828125
1986-10-22,,236.25999450683594
1986-10-23,,239.27999877929688
1986-10-24,,238.25999450683594
1986-10-27,,238.77000427246094
1986-10-28,,239.25999450683594
1986-10-29,,240.94000244140625
1986-10-30,,243.7100067138672
1986-10-31,,243.97999572753906
1986-11-03,,245.8000030517578
1986-11-04,,246.1999969482422
1986-11-05,,246.5800018310547
1986-11-06,,245.8699951171875
1986-11-07,,245.77000427246094
1986-11-10,,246.1300048828125
1986-11-11,,247.0800018310547
1986-11-12,,246.63999938964844
1986-11-13,,243.02000427246094
1986-11-14,,244.5
1986-11-17,,243.2100067138672
1986-11-18,,236.77999877929688
1986-11-19,,237.66000366210938
1986-11-20,,242.0500030517578
1986-11-21,,245.86000061035156
1986-11-24,,247.4499969482422
1986-11-25,,248.1699981689453
1986-11-26,,248.77000427246094
1986-11-28,,249.22000122070312
1986-12-01,,249.0500030517578
1986-12-02,,254.0
1986-12-03,,253.85000610351562
1986-12-04,,253.0399932861328
1986-12-05,,251.1699981689453
1986-12-08,,251.16000366210938
1986-12-09,,249.27999877929688
1986-12-10,,250.9600067138672
1986-12-11,,248.1699981689453
1986-12-12,,247.35000610351562
1986-12-15,,248.2100067138672
1986-12-16,,250.0399932861328
1986-12-17,,247.55999755859375
1986-12-18,,246.77999877929688
1986-12-19,,249.72999572753906
1986-12-22,,248.75
1986-12-23,,246.33999633789062
1986-12-24,,246.75
1986-12-26,,246.9199981689453
1986-12-29,,244.6699981689453
1986-12-30,,243.3699951171875
1986-12-31,,242.1699981689453
1987-01-02,,246.4499969482422
1987-01-05,,252.19000244140625
1987-01-06,,252.77999877929688
1987-01-07,,255.3300018310547
1987-01-08,,257.2799987792969
1987-01-09,,258.7300109863281
1987-01-12,,260.29998779296875
1987-01-13,,259.95001220703125
1987-01-14,,262.6400146484375
1987-01-15,,265.489990234375
1987-01-16,,266.2799987792969
1987-01-19,,269.3399963378906
1987-01-20,,269.0400085449219
1987-01-21,,267.8399963378906
1987-01-22,,273.9100036621094
1987-01-23,,270.1000061035156
1987-01-26,,269.6099853515625
1987-01-27,,273.75
1987-01-28,,275.3999938964844
1987-01-29,,274.239990234375
1987-01-30,,274.0799865722656
1987-02-02,,276.45001220703125
1987-02-03,,275.989990234375
1987-02-04,,279.6400146484375
1987-02-05,,281.1600036621094
1987-02-06,,280.0400085449219
1987-02-09,,278.1600036621094
1987-02-10,,275.07000732421875
1987-02-11,,277.5400085449219
1987-02-12,,275.6199951171875
1987-02-13,,279.70001220703125
1987-02-17,,285.489990234375
1987-02-18,,285.4200134277344
1987-02-19,,285.57000732421875
1987-02-20,,285.4800109863281
1987-02-23,,282.3800048828125
1987-02-24,,282.8800048828125
1987-02-25,,284.0
1987-02-26,,282.9599914550781
1987-02-27,,284.20001220703125
1987-03-02,,283.0
1987-03-03,,284.1199951171875
1987-03-04,,288.6199951171875
1987-03-05,,290.5199890136719
1987-03-06,,290.6600036621094
1987-03-09,,288.29998779296875
1987-03-10,,290.8599853515625
1987-03-11,,290.30999755859375
1987-03-12,,291.2200012207031
1987-03-13,,289.8900146484375
1987-03-16,,288.2300109863281
1987-03-17,,292.4700012207031
1987-03-18,,292.7799987792969
1987-03-19,,294.0799865722656
1987-03-20,,298.1700134277344
1987-03-23,,301.1600036621094
1987-03-24,,301.6400146484375
1987-03-25,,300.3800048828125
1987-03-26,,300.92999267578125
1987-03-27,,296.1300048828125
1987-03-30,,289.20001220703125
1987-03-31,,291.70001220703125
1987-04-01,,292.3800048828125
1987-04-02,,293.6300048828125
1987-04-03,,300.4100036621094
1987-04-06,,301.95001220703125
1987-04-07,,296.69000244140625
1987-04-08,,297.260009765625
1987-04-09,,292.8599853515625
1987-04-10,,292.489990234375
1987-04-13,,285.6199951171875
1987-04-14,,279.1600036621094
1987-04-15,,284.44000244140625
1987-04-16,,286.9100036621094
1987-04-20,,286.0899963378906
1987-04-21,,293.07000732421875
1987-04-22,,287.19000244140625
1987-04-23,,286.82000732421875
1987-04-24,,281.5199890136719
1987-04-27,,281.8299865722656
1987-04-28,,282.510009765625
1987-04-29,,284.57000732421875
1987-04-30,,288.3599853515625
1987-05-01,,288.0299987792969
1987-05-04,,289.3599853515625
1987-05-05,,295.3399963378906
1987-05-06,,295.4700012207031
1987-05-07,,294.7099914550781
1987-05-08,,293.3699951171875
1987-05-11,,291.57000732421875
1987-05-12,,293.29998779296875
1987-05-13,,293.9800109863281
1987-05-14,,294.239990234375
1987-05-15,,287.42999267578125
1987-05-18,,286.6499938964844
1987-05-19,,279.6199951171875
1987-05-20,,278.2099914550781
1987-05-21,,280.1700134277344
1987-05-22,,282.1600036621094
1987-05-26,,289.1099853515625
1987-05-27,,288.7300109863281
1987-05-28,,290.760009765625
1987-05-29,,290.1000061035156
1987-06-01,,289.8299865722656
1987-06-02,,288.4599914550781
1987-06-03,,293.4700012207031
1987-06-04,,295.0899963378906
1987-06-05,,293.45001220703125
1987-06-08,,296.7200012207031
1987-06-09,,297.2799987792969
1987-06-10,,297.4700012207031
1987-06-11,,298.7300109863281
1987-06-12,,301.6199951171875
1987-06-15,,303.1400146484375
1987-06-16,,304.760009765625
1987-06-17,,304.80999755859375
1987-06-18,,305.69000244140625
1987-06-19,,306.9700012207031
1987-06-22,,309.6499938964844
1987-06-23,,308.42999267578125
1987-06-24,,306.8599853515625
1987-06-25,,308.9599914550781
1987-06-26,,307.1600036621094
1987-06-29,,307.8999938964844
1987-06-30,,304.0
1987-07-01,,302.94000244140625
1987-07-02,,305.6300048828125
1987-07-06,,304.9200134277344
1987-07-07,,307.3999938964844
1987-07-08,,308.2900085449219
1987-07-09,,307.5199890136719
1987-07-10,,308.3699951171875
1987-07-13,,307.6300048828125
1987-07-14,,310.67999267578125
1987-07-15,,310.4200134277344
1987-07-16,,312.70001220703125
1987-07-17,,314.5899963378906
1987-07-20,,311.3900146484375
1987-07-21,,308.54998779296875
1987-07-22,,308.4700012207031
1987-07-23,,307.80999755859375
1987-07-24,,309.2699890136719
1987-07-27,,310.6499938964844
1987-07-28,,312.3299865722656
1987-07-29,,315.6499938964844
1987-07-30,,318.04998779296875
1987-07-31,,318.6600036621094
1987-08-03,,317.57000732421875
1987-08-04,,316.2300109863281
1987-08-05,,318.45001220703125
1987-08-06,,322.0899963378906
1987-08-07,,323.0
1987-08-10,,328.0
1987-08-11,,333.3299865722656
1987-08-12,,332.3900146484375
1987-08-13,,334.6499938964844
1987-08-14,,333.989990234375
1987-08-17,,334.1099853515625
1987-08-18,,329.25
1987-08-19,,329.8299865722656
1987-08-20,,334.8399963378906
1987-08-21,,335.8999938964844
1987-08-24,,333.3299865722656
1987-08-25,,336.7699890136719
1987-08-26,,334.57000732421875
1987-08-27,,331.3800048828125
1987-08-28,,327.0400085449219
1987-08-31,,329.79998779296875
1987-09-01,,323.3999938964844
1987-09-02,,321.67999267578125
1987-09-03,,320.2099914550781
1987-09-04,,316.70001220703125
1987-09-08,,313.55999755859375
1987-09-09,,313.9200134277344
1987-09-10,,317.1300048828125
1987-09-11,,321.9800109863281
1987-09-14,,323.0799865722656
1987-09-15,,317.739990234375
1987-09-16,,314.8599853515625
1987-09-17,,314.92999267578125
1987-09-18,,314.8599853515625
1987-09-21,,310.5400085449219
1987-09-22,,319.5
1987-09-23,,321.19000244140625
1987-09-24,,319.7200012207031
1987-09-25,,320.1600036621094
1987-09-28,,323.20001220703125
1987-09-29,,321.69000244140625
1987-09-30,,321.8299865722656
1987-10-01,,327.3299865722656
1987-10-02,,328.07000732421875
1987-10-05,,328.0799865722656
1987-10-06,,319.2200012207031
1987-10-07,,318.5400085449219
1987-10-08,,314.1600036621094
1987-10-09,,311.07000732421875
1987-10-12,,309.3900146484375
1987-10-13,,314.5199890136719
1987-10-14,,305.2300109863281
1987-10-15,,298.0799865722656
1987-10-16,,282.70001220703125
1987-10-19,,224.83999633789062
1987-10-20,,236.8300018310547
1987-10-21,,258.3800048828125
1987-10-22,,248.25
1987-10-23,,248.22000122070312
1987-10-26,,227.6699981689453
1987-10-27,,233.19000244140625
1987-10-28,,233.27999877929688
1987-10-29,,244.77000427246094
1987-10-30,,251.7899932861328
1987-11-02,,255.75
1987-11-03,,250.82000732421875
1987-11-04,,248.9600067138672
1987-11-05,,254.47999572753906
1987-11-06,,250.41000366210938
1987-11-09,,243.1699981689453
1987-11-10,,239.0
1987-11-11,,241.89999389648438
1987-11-12,,248.52000427246094
1987-11-13,,245.63999938964844
1987-11-16,,246.75999450683594
1987-11-17,,243.0399932861328
1987-11-18,,245.5500030517578
1987-11-19,,240.0500030517578
1987-11-20,,242.0
1987-11-23,,242.99000549316406
1987-11-24,,246.38999938964844
1987-11-25,,244.10000610351562
1987-11-27,,240.33999633789062
1987-11-30,,230.3000030517578
1987-12-01,,232.0
1987-12-02,,233.4499969482422
1987-12-03,,225.2100067138672
1987-12-04,,223.9199981689453
1987-12-07,,228.75999450683594
1987-12-08,,234.91000366210938
1987-12-09,,238.88999938964844
1987-12-10,,233.57000732421875
1987-12-11,,235.32000732421875
1987-12-14,,242.19000244140625
1987-12-15,,242.80999755859375
1987-12-16,,248.0800018310547
1987-12-17,,242.97999572753906
1987-12-18,,249.16000366210938
1987-12-21,,249.5399932861328
1987-12-22,,249.9499969482422
1987-12-23,,253.16000366210938
1987-12-24,,252.02999877929688
1987-12-28,,245.57000732421875
1987-12-29,,244.58999633789062
1987-12-30,,247.86000061035156
1987-12-31,,247.0800018310547
1988-01-04,,255.94000244140625
1988-01-05,,258.6300048828125
1988-01-06,,258.8900146484375
1988-01-07,,261.07000732421875
1988-01-08,,243.39999389648438
1988-01-11,,247.49000549316406
1988-01-12,,245.4199981689453
1988-01-13,,245.80999755859375
1988-01-14,,245.8800048828125
1988-01-15,,252.0500030517578
1988-01-18,,251.8800048828125
1988-01-19,,249.32000732421875
1988-01-20,,242.6300048828125
1988-01-21,,243.13999938964844
1988-01-22,,246.5
1988-01-25,,252.1699981689453
1988-01-26,,249.57000732421875
1988-01-27,,249.3800048828125
1988-01-28,,253.2899932861328
1988-01-29,,257.07000732421875
1988-02-01,,255.0399932861328
1988-02-02,,255.57000732421875
1988-02-03,,252.2100067138672
1988-02-04,,252.2100067138672
1988-02-05,,250.9600067138672
1988-02-08,,249.10000610351562
1988-02-09,,251.72000122070312
1988-02-10,,256.6600036621094
1988-02-11,,255.9499969482422
1988-02-12,,257.6300048828125
1988-02-16,,259.8299865722656
1988-02-17,,259.2099914550781
1988-02-18,,257.9100036621094
1988-02-19,,261.6099853515625
1988-02-22,,265.6400146484375
1988-02-23,,265.0199890136719
1988-02-24,,264.42999267578125
1988-02-25,,261.5799865722656
1988-02-26,,262.4599914550781
1988-02-29,,267.82000732421875
1988-03-01,,267.2200012207031
1988-03-02,,267.9800109863281
1988-03-03,,267.8800048828125
1988-03-04,,267.29998779296875
1988-03-07,,267.3800048828125
1988-03-08,,269.42999267578125
1988-03-09,,269.05999755859375
1988-03-10,,263.8399963378906
1988-03-11,,264.94000244140625
1988-03-14,,266.3699951171875
1988-03-15,,266.1300048828125
1988-03-16,,268.6499938964844
1988-03-17,,271.2200012207031
1988-03-18,,271.1199951171875
1988-03-21,,268.739990234375
1988-03-22,,268.8399963378906
1988-03-23,,268.9100036621094
1988-03-24,,263.3500061035156
1988-03-25,,258.510009765625
1988-03-28,,258.05999755859375
1988-03-29,,260.07000732421875
1988-03-30,,258.07000732421875
1988-03-31,,258.8900146484375
1988-04-04,,256.0899963378906
1988-04-05,,258.510009765625
1988-04-06,,265.489990234375
1988-04-07,,266.1600036621094
1988-04-08,,269.42999267578125
1988-04-11,,270.1600036621094
1988-04-12,,271.3699951171875
1988-04-13,,271.5799865722656
1988-04-14,,259.75
1988-04-15,,259.7699890136719
1988-04-18,,259.2099914550781
1988-04-19,,257.9200134277344
1988-04-20,,256.1300048828125
1988-04-21,,256.4200134277344
1988-04-22,,260.1400146484375
1988-04-25,,262.510009765625
1988-04-26,,263.92999267578125
1988-04-27,,263.79998779296875
1988-04-28,,262.6099853515625
1988-04-29,,261.3299865722656
1988-05-02,,261.55999755859375
1988-05-03,,263.0
1988-05-04,,260.32000732421875
1988-05-05,,258.7900085449219
1988-05-06,,257.4800109863281
1988-05-09,,256.5400085449219
1988-05-10,,257.6199951171875
1988-05-11,,253.30999755859375
1988-05-12,,253.85000610351562
1988-05-13,,256.7799987792969
1988-05-16,,258.7099914550781
1988-05-17,,255.38999938964844
1988-05-18,,251.35000610351562
1988-05-19,,252.57000732421875
1988-05-20,,253.02000427246094
1988-05-23,,250.8300018310547
1988-05-24,,253.50999450683594
1988-05-25,,253.75999450683594
1988-05-26,,254.6300048828125
1988-05-27,,253.4199981689453
1988-05-31,,262.1600036621094
1988-06-01,,266.69000244140625
1988-06-02,,265.3299865722656
1988-06-03,,266.45001220703125
1988-06-06,,267.04998779296875
1988-06-07,,265.1700134277344
1988-06-08,,271.5199890136719
1988-06-09,,270.20001220703125
1988-06-10,,271.260009765625
1988-06-13,,271.42999267578125
1988-06-14,,274.29998779296875
1988-06-15,,274.45001220703125
1988-06-16,,269.7699890136719
1988-06-17,,270.67999267578125
1988-06-20,,268.94000244140625
1988-06-21,,271.6700134277344
1988-06-22,,275.6600036621094
1988-06-23,,274.82000732421875
1988-06-24,,273.7799987792969
1988-06-27,,269.05999755859375
1988-06-28,,272.30999755859375
1988-06-29,,270.9800109863281
1988-06-30,,273.5
1988-07-01,,271.7799987792969
1988-07-05,,275.80999755859375
1988-07-06,,272.0199890136719
1988-07-07,,271.7799987792969
1988-07-08,,270.0199890136719
1988-07-11,,270.54998779296875
1988-07-12,,267.8500061035156
1988-07-13,,269.32000732421875
1988-07-14,,270.260009765625
1988-07-15,,272.04998779296875
1988-07-18,,270.510009765625
1988-07-19,,268.4700012207031
1988-07-20,,270.0
1988-07-21,,266.6600036621094
1988-07-22,,263.5
1988-07-25,,264.67999267578125
1988-07-26,,265.19000244140625
1988-07-27,,262.5
1988-07-28,,266.0199890136719
1988-07-29,,272.0199890136719
1988-08-01,,272.2099914550781
1988-08-02,,272.05999755859375
1988-08-03,,272.9800109863281
1988-08-04,,271.92999267578125
1988-08-05,,271.1499938964844
1988-08-08,,269.9800109863281
1988-08-09,,266.489990234375
1988-08-10,,261.8999938964844
1988-08-11,,262.75
1988-08-12,,262.54998779296875
1988-08-15,,258.69000244140625
1988-08-16,,260.55999755859375
1988-08-17,,260.7699890136719
1988-08-18,,261.0299987792969
1988-08-19,,260.239990234375
1988-08-22,,256.9800109863281
1988-08-23,,257.0899963378906
1988-08-24,,261.1300048828125
1988-08-25,,259.17999267578125
1988-08-26,,259.67999267578125
1988-08-29,,262.3299865722656
1988-08-30,,262.510009765625
1988-08-31,,261.5199890136719
1988-09-01,,258.3500061035156
1988-09-02,,264.4800109863281
1988-09-06,,265.5899963378906
1988-09-07,,265.8699951171875
1988-09-08,,265.8800048828125
1988-09-09,,266.8399963378906
1988-09-12,,266.4700012207031
1988-09-13,,267.42999267578125
1988-09-14,,269.30999755859375
1988-09-15,,268.1300048828125
1988-09-16,,270.6499938964844
1988-09-19,,268.82000732421875
1988-09-20,,269.7300109863281
1988-09-21,,270.1600036621094
1988-09-22,,269.17999267578125
1988-09-23,,269.760009765625
1988-09-26,,268.8800048828125
1988-09-27,,268.260009765625
1988-09-28,,269.0799865722656
1988-09-29,,272.5899963378906
1988-09-30,,271.9100036621094
1988-10-03,,271.3800048828125
1988-10-04,,270.6199951171875
1988-10-05,,271.8599853515625
1988-10-06,,272.3900146484375
1988-10-07,,278.07000732421875
1988-10-10,,278.239990234375
1988-10-11,,277.92999267578125
1988-10-12,,273.9800109863281
1988-10-13,,275.2200012207031
1988-10-14,,275.5
1988-10-17,,276.4100036621094
1988-10-18,,279.3800048828125
1988-10-19,,276.9700012207031
1988-10-20,,282.8800048828125
1988-10-21,,283.6600036621094
1988-10-24,,282.2799987792969
1988-10-25,,282.3800048828125
1988-10-26,,281.3800048828125
1988-10-27,,277.2799987792969
1988-10-28,,278.5299987792969
1988-10-31,,278.9700012207031
1988-11-01,,279.05999755859375
1988-11-02,,279.05999755859375
1988-11-03,,279.20001220703125
1988-11-04,,276.30999755859375
1988-11-07,,273.92999267578125
1988-11-08,,275.1499938964844
1988-11-09,,273.3299865722656
1988-11-10,,273.69000244140625
1988-11-11,,267.9200134277344
1988-11-14,,267.7200012207031
1988-11-15,,268.3399963378906
1988-11-16,,263.82000732421875
1988-11-17,,264.6000061035156
1988-11-18,,266.4700012207031
1988-11-21,,266.2200012207031
1988-11-22,,267.2099914550781
1988-11-23,,269.0
1988-11-25,,267.2300109863281
1988-11-28,,268.6400146484375
1988-11-29,,270.9100036621094
1988-11-30,,273.70001220703125
1988-12-01,,272.489990234375
1988-12-02,,271.80999755859375
1988-12-05,,274.92999267578125
1988-12-06,,277.5899963378906
1988-12-07,,278.1300048828125
1988-12-08,,276.5899963378906
1988-12-09,,277.0299987792969
1988-12-12,,276.5199890136719
1988-12-13,,276.30999755859375
1988-12-14,,275.30999755859375
1988-12-15,,274.2799987792969
1988-12-16,,276.2900085449219
1988-12-19,,278.9100036621094
1988-12-20,,277.4700012207031
1988-12-21,,277.3800048828125
1988-12-22,,276.8699951171875
1988-12-23,,277.8699951171875
1988-12-27,,276.8299865722656
1988-12-28,,277.0799865722656
1988-12-29,,279.3999938964844
1988-12-30,,277.7200012207031
1989-01-03,,275.30999755859375
1989-01-04,,279.42999267578125
1989-01-05,,280.010009765625
1989-01-06,,280.6700134277344
1989-01-09,,280.9800109863281
1989-01-10,,280.3800048828125
1989-01-11,,282.010009765625
1989-01-12,,283.1700134277344
1989-01-13,,283.8699951171875
1989-01-16,,284.1400146484375
1989-01-17,,283.54998779296875
1989-01-18,,286.5299987792969
1989-01-19,,286.9100036621094
1989-01-20,,286.6300048828125
1989-01-23,,284.5
1989-01-24,,288.489990234375
1989-01-25,,289.1400146484375
1989-01-26,,291.69000244140625
1989-01-27,,293.82000732421875
1989-01-30,,294.989990234375
1989-01-31,,297.4700012207031
1989-02-01,,297.0899963378906
1989-02-02,,296.8399963378906
1989-02-03,,296.9700012207031
1989-02-06,,296.0400085449219
1989-02-07,,299.6300048828125
1989-02-08,,298.6499938964844
1989-02-09,,296.05999755859375
1989-02-10,,292.0199890136719
1989-02-13,,292.5400085449219
1989-02-14,,291.80999755859375
1989-02-15,,294.239990234375
1989-02-16,,294.80999755859375
1989-02-17,,296.760009765625
1989-02-21,,295.9800109863281
1989-02-22,,290.9100036621094
1989-02-23,,292.04998779296875
1989-02-24,,287.1300048828125
1989-02-27,,287.82000732421875
1989-02-28,,288.8599853515625
1989-03-01,,287.1099853515625
1989-03-02,,289.95001220703125
1989-03-03,,291.17999267578125
1989-03-06,,294.80999755859375
1989-03-07,,293.8699951171875
1989-03-08,,294.0799865722656
1989-03-09,,293.92999267578125
1989-03-10,,292.8800048828125
1989-03-13,,295.32000732421875
1989-03-14,,295.1400146484375
1989-03-15,,296.6700134277344
1989-03-16,,299.44000244140625
1989-03-17,,292.69000244140625
1989-03-20,,289.9200134277344
1989-03-21,,291.3299865722656
1989-03-22,,290.489990234375
1989-03-23,,288.9800109863281
1989-03-27,,290.57000732421875
1989-03-28,,291.5899963378906
1989-03-29,,292.3500061035156
1989-03-30,,292.5199890136719
1989-03-31,,294.8699951171875
1989-04-03,,296.3900146484375
1989-04-04,,295.30999755859375
1989-04-05,,296.239990234375
1989-04-06,,295.2900085449219
1989-04-07,,297.1600036621094
1989-04-10,,297.1099853515625
1989-04-11,,298.489990234375
1989-04-12,,298.989990234375
1989-04-13,,296.3999938964844
1989-04-14,,301.3599853515625
1989-04-17,,301.7200012207031
1989-04-18,,306.0199890136719
1989-04-19,,307.1499938964844
1989-04-20,,306.19000244140625
1989-04-21,,309.6099853515625
1989-04-24,,308.69000244140625
1989-04-25,,306.75
1989-04-26,,306.92999267578125
1989-04-27,,309.5799865722656
1989-04-28,,309.6400146484375
1989-05-01,,309.1199951171875
1989-05-02,,308.1199951171875
1989-05-03,,308.1600036621094
1989-05-04,,307.7699890136719
1989-05-05,,307.6099853515625
1989-05-08,,306.0
1989-05-09,,305.19000244140625
1989-05-10,,305.79998779296875
1989-05-11,,306.95001220703125
1989-05-12,,313.8399963378906
1989-05-15,,316.1600036621094
1989-05-16,,315.2799987792969
1989-05-17,,317.4800109863281
1989-05-18,,317.9700012207031
1989-05-19,,321.239990234375
1989-05-22,,321.9800109863281
1989-05-23,,318.32000732421875
1989-05-24,,319.1400146484375
1989-05-25,,319.1700134277344
1989-05-26,,321.5899963378906
1989-05-30,,319.04998779296875
1989-05-31,,320.5199890136719
1989-06-01,,321.9700012207031
1989-06-02,,325.5199890136719
1989-06-05,,322.0299987792969
1989-06-06,,324.239990234375
1989-06-07,,326.95001220703125
1989-06-08,,326.75
1989-06-09,,326.69000244140625
1989-06-12,,326.239990234375
1989-06-13,,323.9100036621094
1989-06-14,,323.8299865722656
1989-06-15,,320.0799865722656
1989-06-16,,321.3500061035156
1989-06-19,,321.8900146484375
1989-06-20,,321.25
1989-06-21,,320.4800109863281
1989-06-22,,322.32000732421875
1989-06-23,,328.0
1989-06-26,,326.6000061035156
1989-06-27,,328.44000244140625
1989-06-28,,325.80999755859375
1989-06-29,,319.67999267578125
1989-06-30,,317.9800109863281
1989-07-03,,319.2300109863281
1989-07-05,,320.6400146484375
1989-07-06,,321.54998779296875
1989-07-07,,324.9100036621094
1989-07-10,,327.07000732421875
1989-07-11,,328.7799987792969
1989-07-12,,329.80999755859375
1989-07-13,,329.95001220703125
1989-07-14,,331.8399963378906
1989-07-17,,332.44000244140625
1989-07-18,,331.3500061035156
1989-07-19,,335.7300109863281
1989-07-20,,333.510009765625
1989-07-21,,335.8999938964844
1989-07-24,,333.6700134277344
1989-07-25,,333.8800048828125
1989-07-26,,338.04998779296875
1989-07-27,,341.989990234375
1989-07-28,,342.1499938964844
1989-07-31,,346.0799865722656
1989-08-01,,343.75
1989-08-02,,344.3399963378906
1989-08-03,,344.739990234375
1989-08-04,,343.9200134277344
1989-08-07,,349.4100036621094
1989-08-08,,349.3500061035156
1989-08-09,,346.94000244140625
1989-08-10,,348.25
1989-08-11,,344.739990234375
1989-08-14,,343.05999755859375
1989-08-15,,344.7099914550781
1989-08-16,,345.6600036621094
1989-08-17,,344.45001220703125
1989-08-18,,346.0299987792969
1989-08-21,,340.6700134277344
1989-08-22,,341.19000244140625
1989-08-23,,344.70001220703125
1989-08-24,,351.5199890136719
1989-08-25,,350.5199890136719
1989-08-28,,352.0899963378906
1989-08-29,,349.8399963378906
1989-08-30,,350.6499938964844
1989-08-31,,351.45001220703125
1989-09-01,,353.7300109863281
1989-09-05,,352.55999755859375
1989-09-06,,349.239990234375
1989-09-07,,348.3500061035156
1989-09-08,,348.760009765625
1989-09-11,,347.6600036621094
1989-09-12,,348.70001220703125
1989-09-13,,345.4599914550781
1989-09-14,,343.1600036621094
1989-09-15,,345.05999755859375
1989-09-18,,346.7300109863281
1989-09-19,,346.54998779296875
1989-09-20,,346.4700012207031
1989-09-21,,345.70001220703125
1989-09-22,,347.04998779296875
1989-09-25,,344.2300109863281
1989-09-26,,344.3299865722656
1989-09-27,,345.1000061035156
1989-09-28,,348.6000061035156
1989-09-29,,349.1499938964844
1989-10-02,,350.8699951171875
1989-10-03,,354.7099914550781
1989-10-04,,356.94000244140625
1989-10-05,,356.9700012207031
1989-10-06,,358.7799987792969
1989-10-09,,359.79998779296875
1989-10-10,,359.1300048828125
1989-10-11,,356.989990234375
1989-10-12,,355.3900146484375
1989-10-13,,333.6499938964844
1989-10-16,,342.8500061035156
1989-10-17,,341.1600036621094
1989-10-18,,341.760009765625
1989-10-19,,347.1300048828125
1989-10-20,,347.1600036621094
1989-10-23,,344.8299865722656
1989-10-24,,343.70001220703125
1989-10-25,,342.5
1989-10-26,,337.92999267578125
1989-10-27,,335.05999755859375
1989-10-30,,335.07000732421875
1989-10-31,,340.3599853515625
1989-11-01,,341.20001220703125
1989-11-02,,338.4800109863281
1989-11-03,,337.6199951171875
1989-11-06,,332.6099853515625
1989-11-07,,334.80999755859375
1989-11-08,,338.1499938964844
1989-11-09,,336.57000732421875
1989-11-10,,339.1000061035156
1989-11-13,,339.54998779296875
1989-11-14,,337.989990234375
1989-11-15,,340.5400085449219
1989-11-16,,340.5799865722656
1989-11-17,,341.6099853515625
1989-11-20,,339.3500061035156
1989-11-21,,339.5899963378906
1989-11-22,,341.9100036621094
1989-11-24,,343.9700012207031
1989-11-27,,345.6099853515625
1989-11-28,,345.7699890136719
1989-11-29,,343.6000061035156
1989-11-30,,345.989990234375
1989-12-01,,350.6300048828125
1989-12-04,,351.4100036621094
1989-12-05,,349.5799865722656
1989-12-06,,348.54998779296875
1989-12-07,,347.5899963378906
1989-12-08,,348.69000244140625
1989-12-11,,348.55999755859375
1989-12-12,,351.7300109863281
1989-12-13,,352.75
1989-12-14,,350.92999267578125
1989-12-15,,350.1400146484375
1989-12-18,,343.69000244140625
1989-12-19,,342.4599914550781
1989-12-20,,342.8399963378906
1989-12-21,,344.7799987792969
1989-12-22,,347.4200134277344
1989-12-26,,346.80999755859375
1989-12-27,,348.80999755859375
1989-12-28,,350.6700134277344
1989-12-29,,353.3999938964844
1990-01-02,,359.69000244140625
1990-01-03,,358.760009765625
1990-01-04,,355.6700134277344
1990-01-05,,352.20001220703125
1990-01-08,,353.7900085449219
1990-01-09,,349.6199951171875
1990-01-10,,347.30999755859375
1990-01-11,,348.5299987792969
1990-01-12,,339.92999267578125
1990-01-15,,337.0
1990-01-16,,340.75
1990-01-17,,337.3999938964844
1990-01-18,,338.19000244140625
1990-01-19,,339.1499938964844
1990-01-22,,330.3800048828125
1990-01-23,,331.6099853515625
1990-01-24,,330.260009765625
1990-01-25,,326.0799865722656
1990-01-26,,325.79998779296875
1990-01-29,,325.20001220703125
1990-01-30,,322.9800109863281
1990-01-31,,329.0799865722656
1990-02-01,,328.7900085449219
1990-02-02,,330.9200134277344
1990-02-05,,331.8500061035156
1990-02-06,,329.6600036621094
1990-02-07,,333.75
1990-02-08,,332.9599914550781
1990-02-09,,333.6199951171875
1990-02-12,,330.0799865722656
1990-02-13,,331.0199890136719
1990-02-14,,332.010009765625
1990-02-15,,334.8900146484375
1990-02-16,,332.7200012207031
1990-02-20,,327.989990234375
1990-02-21,,327.6700134277344
1990-02-22,,325.70001220703125
1990-02-23,,324.1499938964844
1990-02-26,,328.6700134277344
1990-02-27,,330.260009765625
1990-02-28,,331.8900146484375
1990-03-01,,332.739990234375
1990-03-02,,335.5400085449219
1990-03-05,,333.739990234375
1990-03-06,,337.92999267578125
1990-03-07,,336.95001220703125
1990-03-08,,340.2699890136719
1990-03-09,,337.92999267578125
1990-03-12,,338.6700134277344
1990-03-13,,336.0
1990-03-14,,336.8699951171875
1990-03-15,,338.07000732421875
1990-03-16,,341.9100036621094
1990-03-19,,343.5299987792969
1990-03-20,,341.57000732421875
1990-03-21,,339.739990234375
1990-03-22,,335.69000244140625
1990-03-23,,337.2200012207031
1990-03-26,,337.6300048828125
1990-03-27,,341.5
1990-03-28,,342.0
1990-03-29,,340.7900085449219
1990-03-30,,339.94000244140625
1990-04-02,,338.70001220703125
1990-04-03,,343.6400146484375
1990-04-04,,341.0899963378906
1990-04-05,,340.7300109863281
1990-04-06,,340.0799865722656
1990-04-09,,341.3699951171875
1990-04-10,,342.07000732421875
1990-04-11,,341.9200134277344
1990-04-12,,344.3399963378906
1990-04-16,,344.739990234375
1990-04-17,,344.67999267578125
1990-04-18,,340.7200012207031
1990-04-19,,338.0899963378906
1990-04-20,,335.1199951171875
1990-04-23,,331.04998779296875
1990-04-24,,330.3599853515625
1990-04-25,,332.0299987792969
1990-04-26,,332.9200134277344
1990-04-27,,329.1099853515625
1990-04-30,,330.79998779296875
1990-05-01,,332.25
1990-05-02,,334.4800109863281
1990-05-03,,335.57000732421875
1990-05-04,,338.3900146484375
1990-05-07,,340.5299987792969
1990-05-08,,342.010009765625
1990-05-09,,342.8599853515625
1990-05-10,,343.82000732421875
1990-05-11,,352.0
1990-05-14,,354.75
1990-05-15,,354.2799987792969
1990-05-16,,354.0
1990-05-17,,354.4700012207031
1990-05-18,,354.6400146484375
1990-05-21,,358.0
1990-05-22,,358.42999267578125
1990-05-23,,359.2900085449219
1990-05-24,,358.4100036621094
1990-05-25,,354.5799865722656
1990-05-29,,360.6499938964844
1990-05-30,,360.8599853515625
1990-05-31,,361.2300109863281
1990-06-01,,363.1600036621094
1990-06-04,,367.3999938964844
1990-06-05,,366.6400146484375
1990-06-06,,364.9599914550781
1990-06-07,,363.1499938964844
1990-06-08,,358.7099914550781
1990-06-11,,361.6300048828125
1990-06-12,,366.25
1990-06-13,,364.8999938964844
1990-06-14,,362.8999938964844
1990-06-15,,362.9100036621094
1990-06-18,,356.8800048828125
1990-06-19,,358.4700012207031
1990-06-20,,359.1000061035156
1990-06-21,,360.4700012207031
1990-06-22,,355.42999267578125
1990-06-25,,352.30999755859375
1990-06-26,,352.05999755859375
1990-06-27,,355.1400146484375
1990-06-28,,357.6300048828125
1990-06-29,,358.0199890136719
1990-07-02,,359.5400085449219
1990-07-03,,360.1600036621094
1990-07-05,,355.67999267578125
1990-07-06,,358.4200134277344
1990-07-09,,359.5199890136719
1990-07-10,,356.489990234375
1990-07-11,,361.2300109863281
1990-07-12,,365.44000244140625
1990-07-13,,367.30999755859375
1990-07-16,,368.95001220703125
1990-07-17,,367.5199890136719
1990-07-18,,364.2200012207031
1990-07-19,,365.32000732421875
1990-07-20,,361.6099853515625
1990-07-23,,355.30999755859375
1990-07-24,,355.7900085449219
1990-07-25,,357.0899963378906
1990-07-26,,355.9100036621094
1990-07-27,,353.44000244140625
1990-07-30,,355.54998779296875
1990-07-31,,356.1499938964844
1990-08-01,,355.5199890136719
1990-08-02,,351.4800109863281
1990-08-03,,344.8599853515625
1990-08-06,,334.42999267578125
1990-08-07,,334.8299865722656
1990-08-08,,338.3500061035156
1990-08-09,,339.94000244140625
1990-08-10,,335.5199890136719
1990-08-13,,338.8399963378906
1990-08-14,,339.3900146484375
1990-08-15,,340.05999755859375
1990-08-16,,332.3900146484375
1990-08-17,,327.8299865722656
1990-08-20,,328.510009765625
1990-08-21,,321.8599853515625
1990-08-22,,316.54998779296875
1990-08-23,,307.05999755859375
1990-08-24,,311.510009765625
1990-08-27,,321.44000244140625
1990-08-28,,321.3399963378906
1990-08-29,,324.19000244140625
1990-08-30,,318.7099914550781
1990-08-31,,322.55999755859375
1990-09-04,,323.0899963378906
1990-09-05,,324.3900146484375
1990-09-06,,320.4599914550781
1990-09-07,,323.3999938964844
1990-09-10,,321.6300048828125
1990-09-11,,321.0400085449219
1990-09-12,,322.5400085449219
1990-09-13,,318.6499938964844
1990-09-14,,316.8299865722656
1990-09-17,,317.7699890136719
1990-09-18,,318.6000061035156
1990-09-19,,316.6000061035156
1990-09-20,,311.4800109863281
1990-09-21,,311.32000732421875
1990-09-24,,304.5899963378906
1990-09-25,,308.260009765625
1990-09-26,,305.05999755859375
1990-09-27,,300.9700012207031
1990-09-28,,306.04998779296875
1990-10-01,,314.94000244140625
1990-10-02,,315.2099914550781
1990-10-03,,311.3999938964844
1990-10-04,,312.69000244140625
1990-10-05,,311.5
1990-10-08,,313.4800109863281
1990-10-09,,305.1000061035156
1990-10-10,,300.3900146484375
1990-10-11,,295.4599914550781
1990-10-12,,300.0299987792969
1990-10-15,,303.2300109863281
1990-10-16,,298.9200134277344
1990-10-17,,298.760009765625
1990-10-18,,305.739990234375
1990-10-19,,312.4800109863281
1990-10-22,,314.760009765625
1990-10-23,,312.3599853515625
1990-10-24,,312.6000061035156
1990-10-25,,310.1700134277344
1990-10-26,,304.7099914550781
1990-10-29,,301.8800048828125
1990-10-30,,304.05999755859375
1990-10-31,,304.0
1990-11-01,,307.0199890136719
1990-11-02,,311.8500061035156
1990-11-05,,314.5899963378906
1990-11-06,,311.6199951171875
1990-11-07,,306.010009765625
1990-11-08,,307.6099853515625
1990-11-09,,313.739990234375
1990-11-12,,319.4800109863281
1990-11-13,,317.6700134277344
1990-11-14,,320.3999938964844
1990-11-15,,317.0199890136719
1990-11-16,,317.1199951171875
1990-11-19,,319.3399963378906
1990-11-20,,315.30999755859375
1990-11-21,,316.0299987792969
1990-11-23,,315.1000061035156
1990-11-26,,316.510009765625
1990-11-27,,318.1000061035156
1990-11-28,,317.95001220703125
1990-11-29,,316.4200134277344
1990-11-30,,322.2200012207031
1990-12-03,,324.1000061035156
1990-12-04,,326.3500061035156
1990-12-05,,329.9200134277344
1990-12-06,,329.07000732421875
1990-12-07,,327.75
1990-12-10,,328.8900146484375
1990-12-11,,326.44000244140625
1990-12-12,,330.19000244140625
1990-12-13,,329.3399963378906
1990-12-14,,326.82000732421875
1990-12-17,,326.0199890136719
1990-12-18,,330.04998779296875
1990-12-19,,330.20001220703125
1990-12-20,,330.1199951171875
1990-12-21,,331.75
1990-12-24,,329.8999938964844
1990-12-26,,330.8500061035156
1990-12-27,,328.2900085449219
1990-12-28,,328.7200012207031
1990-12-31,,330.2200012207031
1991-01-02,,326.45001220703125
1991-01-03,,321.9100036621094
1991-01-04,,321.0
1991-01-07,,315.44000244140625
1991-01-08,,314.8999938964844
1991-01-09,,311.489990234375
1991-01-10,,314.5299987792969
1991-01-11,,315.2300109863281
1991-01-14,,312.489990234375
1991-01-15,,313.7300109863281
1991-01-16,,316.1700134277344
1991-01-17,,327.9700012207031
1991-01-18,,332.2300109863281
1991-01-21,,331.05999755859375
1991-01-22,,328.30999755859375
1991-01-23,,330.2099914550781
1991-01-24,,334.7799987792969
1991-01-25,,336.07000732421875
1991-01-28,,336.0299987792969
1991-01-29,,335.8399963378906
1991-01-30,,340.9100036621094
1991-01-31,,343.92999267578125
1991-02-01,,343.04998779296875
1991-02-04,,348.3399963378906
1991-02-05,,351.260009765625
1991-02-06,,358.07000732421875
1991-02-07,,356.5199890136719
1991-02-08,,359.3500061035156
1991-02-11,,368.5799865722656
1991-02-12,,365.5
1991-02-13,,369.0199890136719
1991-02-14,,364.2200012207031
1991-02-15,,369.05999755859375
1991-02-19,,369.3900146484375
1991-02-20,,365.1400146484375
1991-02-21,,364.9700012207031
1991-02-22,,365.6499938964844
1991-02-25,,367.260009765625
1991-02-26,,362.80999755859375
1991-02-27,,367.739990234375
1991-02-28,,367.07000732421875
1991-03-01,,370.4700012207031
1991-03-04,,369.3299865722656
1991-03-05,,376.7200012207031
1991-03-06,,376.1700134277344
1991-03-07,,375.9100036621094
1991-03-08,,374.95001220703125
1991-03-11,,372.9599914550781
1991-03-12,,370.0299987792969
1991-03-13,,374.57000732421875
1991-03-14,,373.5
1991-03-15,,373.5899963378906
1991-03-18,,372.1099853515625
1991-03-19,,366.5899963378906
1991-03-20,,367.9200134277344
1991-03-21,,366.5799865722656
1991-03-22,,367.4800109863281
1991-03-25,,369.8299865722656
1991-03-26,,376.29998779296875
1991-03-27,,375.3500061035156
1991-03-28,,375.2200012207031
1991-04-01,,371.29998779296875
1991-04-02,,379.5
1991-04-03,,378.94000244140625
1991-04-04,,379.7699890136719
1991-04-05,,375.3599853515625
1991-04-08,,378.6600036621094
1991-04-09,,373.55999755859375
1991-04-10,,373.1499938964844
1991-04-11,,377.6300048828125
1991-04-12,,380.3999938964844
1991-04-15,,381.19000244140625
1991-04-16,,387.6199951171875
1991-04-17,,390.45001220703125
1991-04-18,,388.4599914550781
1991-04-19,,384.20001220703125
1991-04-22,,380.95001220703125
1991-04-23,,381.760009765625
1991-04-24,,382.760009765625
1991-04-25,,379.25
1991-04-26,,379.0199890136719
1991-04-29,,373.6600036621094
1991-04-30,,375.3399963378906
1991-05-01,,380.2900085449219
1991-05-02,,380.5199890136719
1991-05-03,,380.79998779296875
1991-05-06,,380.0799865722656
1991-05-07,,377.32000732421875
1991-05-08,,378.510009765625
1991-05-09,,383.25
1991-05-10,,375.739990234375
1991-05-13,,376.760009765625
1991-05-14,,371.6199951171875
1991-05-15,,368.57000732421875
1991-05-16,,372.19000244140625
1991-05-17,,372.3900146484375
1991-05-20,,372.2799987792969
1991-05-21,,375.3500061035156
1991-05-22,,376.19000244140625
1991-05-23,,374.9599914550781
1991-05-24,,377.489990234375
1991-05-28,,381.94000244140625
1991-05-29,,382.7900085449219
1991-05-30,,386.9599914550781
1991-05-31,,389.8299865722656
1991-06-03,,388.05999755859375
1991-06-04,,387.739990234375
1991-06-05,,385.0899963378906
1991-06-06,,383.6300048828125
1991-06-07,,379.42999267578125
1991-06-10,,378.57000732421875
1991-06-11,,381.04998779296875
1991-06-12,,376.6499938964844
1991-06-13,,377.6300048828125
1991-06-14,,382.2900085449219
1991-06-17,,380.1300048828125
1991-06-18,,378.5899963378906
1991-06-19,,375.0899963378906
1991-06-20,,375.4200134277344
1991-06-21,,377.75
1991-06-24,,370.94000244140625
1991-06-25,,370.6499938964844
1991-06-26,,371.5899963378906
1991-06-27,,374.3999938964844
1991-06-28,,371.1600036621094
1991-07-01,,377.9200134277344
1991-07-02,,377.4700012207031
1991-07-03,,373.3299865722656
1991-07-05,,374.0799865722656
1991-07-08,,377.94000244140625
1991-07-09,,376.1099853515625
1991-07-10,,375.739990234375
1991-07-11,,376.9700012207031
1991-07-12,,380.25
1991-07-15,,382.3900146484375
1991-07-16,,381.5400085449219
1991-07-17,,381.17999267578125
1991-07-18,,385.3699951171875
1991-07-19,,384.2200012207031
1991-07-22,,382.8800048828125
1991-07-23,,379.4200134277344
1991-07-24,,378.6400146484375
1991-07-25,,380.9599914550781
1991-07-26,,380.92999267578125
1991-07-29,,383.1499938964844
1991-07-30,,386.69000244140625
1991-07-31,,387.80999755859375
1991-08-01,,387.1199951171875
1991-08-02,,387.17999267578125
1991-08-05,,385.05999755859375
1991-08-06,,390.6199951171875
1991-08-07,,390.55999755859375
1991-08-08,,389.32000732421875
1991-08-09,,387.1199951171875
1991-08-12,,388.0199890136719
1991-08-13,,389.6199951171875
1991-08-14,,389.8999938964844
1991-08-15,,389.3299865722656
1991-08-16,,385.5799865722656
1991-08-19,,376.4700012207031
1991-08-20,,379.42999267578125
1991-08-21,,390.5899963378906
1991-08-22,,391.3299865722656
1991-08-23,,394.1700134277344
1991-08-26,,393.8500061035156
1991-08-27,,393.05999755859375
1991-08-28,,396.6400146484375
1991-08-29,,396.4700012207031
1991-08-30,,395.42999267578125
1991-09-03,,392.1499938964844
1991-09-04,,389.9700012207031
1991-09-05,,389.1400146484375
1991-09-06,,389.1000061035156
1991-09-09,,388.57000732421875
1991-09-10,,384.55999755859375
1991-09-11,,385.0899963378906
1991-09-12,,387.3399963378906
1991-09-13,,383.5899963378906
1991-09-16,,385.7799987792969
1991-09-17,,385.5
1991-09-18,,386.94000244140625
1991-09-19,,387.55999755859375
1991-09-20,,387.9200134277344
1991-09-23,,385.9200134277344
1991-09-24,,387.7099914550781
1991-09-25,,386.8800048828125
1991-09-26,,386.489990234375
1991-09-27,,385.8999938964844
1991-09-30,,387.8599853515625
1991-10-01,,389.20001220703125
1991-10-02,,388.260009765625
1991-10-03,,384.4700012207031
1991-10-04,,381.25
1991-10-07,,379.5
1991-10-08,,380.6700134277344
1991-10-09,,376.79998779296875
1991-10-10,,380.54998779296875
1991-10-11,,381.45001220703125
1991-10-14,,386.4700012207031
1991-10-15,,391.010009765625
1991-10-16,,392.79998779296875
1991-10-17,,391.9200134277344
1991-10-18,,392.5
1991-10-21,,390.0199890136719
1991-10-22,,387.8299865722656
1991-10-23,,387.94000244140625
1991-10-24,,385.07000732421875
1991-10-25,,384.20001220703125
1991-10-28,,389.5199890136719
1991-10-29,,391.4800109863281
1991-10-30,,392.9599914550781
1991-10-31,,392.45001220703125
1991-11-01,,391.32000732421875
1991-11-04,,390.2799987792969
1991-11-05,,388.7099914550781
1991-11-06,,389.9700012207031
1991-11-07,,393.7200012207031
1991-11-08,,392.8900146484375
1991-11-11,,393.1199951171875
1991-11-12,,396.739990234375
1991-11-13,,397.4100036621094
1991-11-14,,397.1499938964844
1991-11-15,,382.6199951171875
1991-11-18,,385.239990234375
1991-11-19,,379.4200134277344
1991-11-20,,378.5299987792969
1991-11-21,,380.05999755859375
1991-11-22,,376.1400146484375
1991-11-25,,375.3399963378906
1991-11-26,,377.9599914550781
1991-11-27,,376.54998779296875
1991-11-29,,375.2200012207031
1991-12-02,,381.3999938964844
1991-12-03,,380.9599914550781
1991-12-04,,380.07000732421875
1991-12-05,,377.3900146484375
1991-12-06,,379.1000061035156
1991-12-09,,378.260009765625
1991-12-10,,377.8999938964844
1991-12-11,,377.70001220703125
1991-12-12,,381.54998779296875
1991-12-13,,384.4700012207031
1991-12-16,,384.4599914550781
1991-12-17,,382.739990234375
1991-12-18,,383.4800109863281
1991-12-19,,382.5199890136719
1991-12-20,,387.0400085449219
1991-12-23,,396.82000732421875
1991-12-24,,399.3299865722656
1991-12-26,,404.8399963378906
1991-12-27,,406.4599914550781
1991-12-30,,415.1400146484375
1991-12-31,,417.0899963378906
1992-01-02,,417.260009765625
1992-01-03,,419.3399963378906
1992-01-06,,417.9599914550781
1992-01-07,,417.3999938964844
1992-01-08,,418.1000061035156
1992-01-09,,417.6099853515625
1992-01-10,,415.1000061035156
1992-01-13,,414.3399963378906
1992-01-14,,420.44000244140625
1992-01-15,,420.7699890136719
1992-01-16,,418.2099914550781
1992-01-17,,418.8599853515625
1992-01-20,,416.3599853515625
1992-01-21,,412.6400146484375
1992-01-22,,418.1300048828125
1992-01-23,,414.9599914550781
1992-01-24,,415.4800109863281
1992-01-27,,414.989990234375
1992-01-28,,414.9599914550781
1992-01-29,,410.3399963378906
1992-01-30,,411.6199951171875
1992-01-31,,408.7799987792969
1992-02-03,,409.5299987792969
1992-02-04,,413.8500061035156
1992-02-05,,413.8399963378906
1992-02-06,,413.82000732421875
1992-02-07,,411.0899963378906
1992-02-10,,413.7699890136719
1992-02-11,,413.760009765625
1992-02-12,,417.1300048828125
1992-02-13,,413.69000244140625
1992-02-14,,412.4800109863281
1992-02-18,,407.3800048828125
1992-02-19,,408.260009765625
1992-02-20,,413.8999938964844
1992-02-21,,411.42999267578125
1992-02-24,,412.2699890136719
1992-02-25,,410.45001220703125
1992-02-26,,415.3500061035156
1992-02-27,,413.8599853515625
1992-02-28,,412.70001220703125
1992-03-02,,412.45001220703125
1992-03-03,,412.8500061035156
1992-03-04,,409.3299865722656
1992-03-05,,406.510009765625
1992-03-06,,404.44000244140625
1992-03-09,,405.2099914550781
1992-03-10,,406.8900146484375
1992-03-11,,404.0299987792969
1992-03-12,,403.8900146484375
1992-03-13,,405.8399963378906
1992-03-16,,406.3900146484375
1992-03-17,,409.5799865722656
1992-03-18,,409.1499938964844
1992-03-19,,409.79998779296875
1992-03-20,,411.29998779296875
1992-03-23,,409.9100036621094
1992-03-24,,408.8800048828125
1992-03-25,,407.5199890136719
1992-03-26,,407.8599853515625
1992-03-27,,403.5
1992-03-30,,403.0
1992-03-31,,403.69000244140625
1992-04-01,,404.2300109863281
1992-04-02,,400.5
1992-04-03,,401.54998779296875
1992-04-06,,405.5899963378906
1992-04-07,,398.05999755859375
1992-04-08,,394.5
1992-04-09,,400.6400146484375
1992-04-10,,404.2900085449219
1992-04-13,,406.0799865722656
1992-04-14,,412.3900146484375
1992-04-15,,416.2799987792969
1992-04-16,,416.0400085449219
1992-04-20,,410.17999267578125
1992-04-21,,410.260009765625
1992-04-22,,409.80999755859375
1992-04-23,,411.6000061035156
1992-04-24,,409.0199890136719
1992-04-27,,408.45001220703125
1992-04-28,,409.1099853515625
1992-04-29,,412.0199890136719
1992-04-30,,414.95001220703125
1992-05-01,,412.5299987792969
1992-05-04,,416.9100036621094
1992-05-05,,416.8399963378906
1992-05-06,,416.7900085449219
1992-05-07,,415.8500061035156
1992-05-08,,416.04998779296875
1992-05-11,,418.489990234375
1992-05-12,,416.2900085449219
1992-05-13,,416.45001220703125
1992-05-14,,413.1400146484375
1992-05-15,,410.0899963378906
1992-05-18,,412.80999755859375
1992-05-19,,416.3699951171875
1992-05-20,,415.3900146484375
1992-05-21,,412.6000061035156
1992-05-22,,414.0199890136719
1992-05-26,,411.4100036621094
1992-05-27,,412.1700134277344
1992-05-28,,416.739990234375
1992-05-29,,415.3500061035156
1992-06-01,,417.29998779296875
1992-06-02,,413.5
1992-06-03,,414.5899963378906
1992-06-04,,413.260009765625
1992-06-05,,413.4800109863281
1992-06-08,,413.3599853515625
1992-06-09,,410.05999755859375
1992-06-10,,407.25
1992-06-11,,409.04998779296875
1992-06-12,,409.760009765625
1992-06-15,,410.2900085449219
1992-06-16,,408.32000732421875
1992-06-17,,402.260009765625
1992-06-18,,400.9599914550781
1992-06-19,,403.6700134277344
1992-06-22,,403.3999938964844
1992-06-23,,404.0400085449219
1992-06-24,,403.8399963378906
1992-06-25,,403.1199951171875
1992-06-26,,403.45001220703125
1992-06-29,,408.94000244140625
1992-06-30,,408.1400146484375
1992-07-01,,412.8800048828125
1992-07-02,,411.7699890136719
1992-07-06,,413.8399963378906
1992-07-07,,409.1600036621094
1992-07-08,,410.2799987792969
1992-07-09,,414.2300109863281
1992-07-10,,414.6199951171875
1992-07-13,,414.8699951171875
1992-07-14,,417.67999267578125
1992-07-15,,417.1000061035156
1992-07-16,,417.5400085449219
1992-07-17,,415.6199951171875
1992-07-20,,413.75
1992-07-21,,413.760009765625
1992-07-22,,410.92999267578125
1992-07-23,,412.0799865722656
1992-07-24,,411.6000061035156
1992-07-27,,411.5400085449219
1992-07-28,,417.5199890136719
1992-07-29,,422.2300109863281
1992-07-30,,423.9200134277344
1992-07-31,,424.2099914550781
1992-08-03,,425.0899963378906
1992-08-04,,424.3599853515625
1992-08-05,,422.19000244140625
1992-08-06,,420.5899963378906
1992-08-07,,418.8800048828125
1992-08-10,,419.4200134277344
1992-08-11,,418.8999938964844
1992-08-12,,417.7799987792969
1992-08-13,,417.7300109863281
1992-08-14,,419.9100036621094
1992-08-17,,420.739990234375
1992-08-18,,421.3399963378906
1992-08-19,,418.19000244140625
1992-08-20,,418.260009765625
1992-08-21,,414.8500061035156
1992-08-24,,410.7200012207031
1992-08-25,,411.6099853515625
1992-08-26,,413.510009765625
1992-08-27,,413.5299987792969
1992-08-28,,414.8399963378906
1992-08-31,,414.0299987792969
1992-09-01,,416.07000732421875
1992-09-02,,417.9800109863281
1992-09-03,,417.9800109863281
1992-09-04,,417.0799865722656
1992-09-08,,414.44000244140625
1992-09-09,,416.3599853515625
1992-09-10,,419.95001220703125
1992-09-11,,419.5799865722656
1992-09-14,,425.2699890136719
1992-09-15,,419.7699890136719
1992-09-16,,419.9200134277344
1992-09-17,,419.92999267578125
1992-09-18,,422.92999267578125
1992-09-21,,422.1400146484375
1992-09-22,,417.1400146484375
1992-09-23,,417.44000244140625
1992-09-24,,418.4700012207031
1992-09-25,,414.3500061035156
1992-09-28,,416.6199951171875
1992-09-29,,416.79998779296875
1992-09-30,,417.79998779296875
1992-10-01,,416.2900085449219
1992-10-02,,410.4700012207031
1992-10-05,,407.57000732421875
1992-10-06,,407.17999267578125
1992-10-07,,404.25
1992-10-08,,407.75
1992-10-09,,402.6600036621094
1992-10-12,,407.44000244140625
1992-10-13,,409.29998779296875
1992-10-14,,409.3699951171875
1992-10-15,,409.6000061035156
1992-10-16,,411.7300109863281
1992-10-19,,414.9800109863281
1992-10-20,,415.4800109863281
1992-10-21,,415.6700134277344
1992-10-22,,414.8999938964844
1992-10-23,,414.1000061035156
1992-10-26,,418.1600036621094
1992-10-27,,418.489990234375
1992-10-28,,420.1300048828125
1992-10-29,,420.8599853515625
1992-10-30,,418.67999267578125
1992-11-02,,422.75
1992-11-03,,419.9200134277344
1992-11-04,,417.1099853515625
1992-11-05,,418.3399963378906
1992-11-06,,417.5799865722656
1992-11-09,,418.5899963378906
1992-11-10,,418.6199951171875
1992-11-11,,422.20001220703125
1992-11-12,,422.8699951171875
1992-11-13,,422.42999267578125
1992-11-16,,420.67999267578125
1992-11-17,,419.2699890136719
1992-11-18,,422.8500061035156
1992-11-19,,423.6099853515625
1992-11-20,,426.6499938964844
1992-11-23,,425.1199951171875
1992-11-24,,427.5899963378906
1992-11-25,,429.19000244140625
1992-11-27,,430.1600036621094
1992-11-30,,431.3500061035156
1992-12-01,,430.7799987792969
1992-12-02,,429.8900146484375
1992-12-03,,429.9100036621094
1992-12-04,,432.05999755859375
1992-12-07,,435.30999755859375
1992-12-08,,436.989990234375
1992-12-09,,435.6499938964844
1992-12-10,,434.6400146484375
1992-12-11,,433.7300109863281
1992-12-14,,432.8399963378906
1992-12-15,,432.57000732421875
1992-12-16,,431.5199890136719
1992-12-17,,435.42999267578125
1992-12-18,,441.2799987792969
1992-12-21,,440.70001220703125
1992-12-22,,440.30999755859375
1992-12-23,,439.0299987792969
1992-12-24,,439.7699890136719
1992-12-28,,439.1499938964844
1992-12-29,,437.9800109863281
1992-12-30,,438.82000732421875
1992-12-31,,435.7099914550781
1993-01-04,,435.3800048828125
1993-01-05,,434.3399963378906
1993-01-06,,434.5199890136719
1993-01-07,,430.7300109863281
1993-01-08,,429.04998779296875
1993-01-11,,430.95001220703125
1993-01-12,,431.0400085449219
1993-01-13,,433.0299987792969
1993-01-14,,435.94000244140625
1993-01-15,,437.1499938964844
1993-01-18,,436.8399963378906
1993-01-19,,435.1300048828125
1993-01-20,,433.3699951171875
1993-01-21,,435.489990234375
1993-01-22,,436.1099853515625
1993-01-25,,440.010009765625
1993-01-26,,439.95001220703125
1993-01-27,,438.1099853515625
1993-01-28,,438.6600036621094
1993-01-29,,438.7799987792969
1993-02-01,,442.5199890136719
1993-02-02,,442.54998779296875
1993-02-03,,447.20001220703125
1993-02-04,,449.55999755859375
1993-02-05,,448.92999267578125
1993-02-08,,447.8500061035156
1993-02-09,,445.3299865722656
1993-02-10,,446.2300109863281
1993-02-11,,447.6600036621094
1993-02-12,,444.5799865722656
1993-02-16,,433.9100036621094
1993-02-17,,433.29998779296875
1993-02-18,,431.8999938964844
1993-02-19,,434.2200012207031
1993-02-22,,435.239990234375
1993-02-23,,434.79998779296875
1993-02-24,,440.8699951171875
1993-02-25,,442.3399963378906
1993-02-26,,443.3800048828125
1993-03-01,,442.010009765625
1993-03-02,,447.8999938964844
1993-03-03,,449.260009765625
1993-03-04,,447.3399963378906
1993-03-05,,446.1099853515625
1993-03-08,,454.7099914550781
1993-03-09,,454.3999938964844
1993-03-10,,456.3299865722656
1993-03-11,,453.7200012207031
1993-03-12,,449.8299865722656
1993-03-15,,451.42999267578125
1993-03-16,,451.3699951171875
1993-03-17,,448.30999755859375
1993-03-18,,451.8900146484375
1993-03-19,,450.17999267578125
1993-03-22,,448.8800048828125
1993-03-23,,448.760009765625
1993-03-24,,448.07000732421875
1993-03-25,,450.8800048828125
1993-03-26,,447.7799987792969
1993-03-29,,450.7699890136719
1993-03-30,,451.9700012207031
1993-03-31,,451.6700134277344
1993-04-01,,450.29998779296875
1993-04-02,,441.3900146484375
1993-04-05,,442.2900085449219
1993-04-06,,441.1600036621094
1993-04-07,,442.7300109863281
1993-04-08,,441.8399963378906
1993-04-12,,448.3699951171875
1993-04-13,,449.2200012207031
1993-04-14,,448.6600036621094
1993-04-15,,448.3999938964844
1993-04-16,,448.94000244140625
1993-04-19,,447.4599914550781
1993-04-20,,445.1000061035156
1993-04-21,,443.6300048828125
1993-04-22,,439.4599914550781
1993-04-23,,437.0299987792969
1993-04-26,,433.5400085449219
1993-04-27,,438.010009765625
1993-04-28,,438.0199890136719
1993-04-29,,438.8900146484375
1993-04-30,,440.19000244140625
1993-05-03,,442.4599914550781
1993-05-04,,444.04998779296875
1993-05-05,,444.5199890136719
1993-05-06,,443.260009765625
1993-05-07,,442.30999755859375
1993-05-10,,442.79998779296875
1993-05-11,,444.3599853515625
1993-05-12,,444.79998779296875
1993-05-13,,439.2300109863281
1993-05-14,,439.55999755859375
1993-05-17,,440.3699951171875
1993-05-18,,440.32000732421875
1993-05-19,,447.57000732421875
1993-05-20,,450.5899963378906
1993-05-21,,445.8399963378906
1993-05-24,,448.0
1993-05-25,,448.8500061035156
1993-05-26,,453.44000244140625
1993-05-27,,452.4100036621094
1993-05-28,,450.19000244140625
1993-06-01,,453.8299865722656
1993-06-02,,453.8500061035156
1993-06-03,,452.489990234375
1993-06-04,,450.05999755859375
1993-06-07,,447.69000244140625
1993-06-08,,444.7099914550781
1993-06-09,,445.7799987792969
1993-06-10,,445.3800048828125
1993-06-11,,447.260009765625
1993-06-14,,447.7099914550781
1993-06-15,,446.2699890136719
1993-06-16,,447.42999267578125
1993-06-17,,448.5400085449219
1993-06-18,,443.67999267578125
1993-06-21,,446.2200012207031
1993-06-22,,445.92999267578125
1993-06-23,,443.19000244140625
1993-06-24,,446.6199951171875
1993-06-25,,447.6000061035156
1993-06-28,,451.8500061035156
1993-06-29,,450.69000244140625
1993-06-30,,450.5299987792969
1993-07-01,,449.0199890136719
1993-07-02,,445.8399963378906
1993-07-06,,441.42999267578125
1993-07-07,,442.8299865722656
1993-07-08,,448.6400146484375
1993-07-09,,448.1099853515625
1993-07-12,,448.9800109863281
1993-07-13,,448.0899963378906
1993-07-14,,450.0799865722656
1993-07-15,,449.2200012207031
1993-07-16,,445.75
1993-07-19,,446.0299987792969
1993-07-20,,447.30999755859375
1993-07-21,,447.17999267578125
1993-07-22,,444.510009765625
1993-07-23,,447.1000061035156
1993-07-26,,449.0899963378906
1993-07-27,,448.239990234375
1993-07-28,,447.19000244140625
1993-07-29,,450.239990234375
1993-07-30,,448.1300048828125
1993-08-02,,450.1499938964844
1993-08-03,,449.2699890136719
1993-08-04,,448.5400085449219
1993-08-05,,448.1300048828125
1993-08-06,,448.67999267578125
1993-08-09,,450.7200012207031
1993-08-10,,449.45001220703125
1993-08-11,,450.4599914550781
1993-08-12,,448.9599914550781
1993-08-13,,450.1400146484375
1993-08-16,,452.3800048828125
1993-08-17,,453.1300048828125
1993-08-18,,456.0400085449219
1993-08-19,,456.42999267578125
1993-08-20,,456.1600036621094
1993-08-23,,455.2300109863281
1993-08-24,,459.7699890136719
1993-08-25,,460.1300048828125
1993-08-26,,461.0400085449219
1993-08-27,,460.5400085449219
1993-08-30,,461.8999938964844
1993-08-31,,463.55999755859375
1993-09-01,,463.1499938964844
1993-09-02,,461.29998779296875
1993-09-03,,461.3399963378906
1993-09-07,,458.5199890136719
1993-09-08,,456.6499938964844
1993-09-09,,457.5
1993-09-10,,461.7200012207031
1993-09-13,,462.05999755859375
1993-09-14,,459.8999938964844
1993-09-15,,461.6000061035156
1993-09-16,,459.42999267578125
1993-09-17,,458.8299865722656
1993-09-20,,455.04998779296875
1993-09-21,,452.95001220703125
1993-09-22,,456.20001220703125
1993-09-23,,457.739990234375
1993-09-24,,457.6300048828125
1993-09-27,,461.79998779296875
1993-09-28,,461.5299987792969
1993-09-29,,460.1099853515625
1993-09-30,,458.92999267578125
1993-10-01,,461.2799987792969
1993-10-04,,461.3399963378906
1993-10-05,,461.20001220703125
1993-10-06,,460.739990234375
1993-10-07,,459.17999267578125
1993-10-08,,460.30999755859375
1993-10-11,,460.8800048828125
1993-10-12,,461.1199951171875
1993-10-13,,461.489990234375
1993-10-14,,466.8299865722656
1993-10-15,,469.5
1993-10-18,,468.45001220703125
1993-10-19,,466.2099914550781
1993-10-20,,466.07000732421875
1993-10-21,,465.3599853515625
1993-10-22,,463.2699890136719
1993-10-25,,464.20001220703125
1993-10-26,,464.29998779296875
1993-10-27,,464.6099853515625
1993-10-28,,467.7300109863281
1993-10-29,,467.8299865722656
1993-11-01,,469.1000061035156
1993-11-02,,468.44000244140625
1993-11-03,,463.0199890136719
1993-11-04,,457.489990234375
1993-11-05,,459.57000732421875
1993-11-08,,460.2099914550781
1993-11-09,,460.3299865722656
1993-11-10,,463.7200012207031
1993-11-11,,462.6400146484375
1993-11-12,,465.3900146484375
1993-11-15,,463.75
1993-11-16,,466.739990234375
1993-11-17,,464.80999755859375
1993-11-18,,463.6199951171875
1993-11-19,,462.6000061035156
1993-11-22,,459.1300048828125
1993-11-23,,461.0299987792969
1993-11-24,,462.3599853515625
1993-11-26,,463.05999755859375
1993-11-29,,461.8999938964844
1993-11-30,,461.7900085449219
1993-12-01,,461.8900146484375
1993-12-02,,463.1099853515625
1993-12-03,,464.8900146484375
1993-12-06,,466.42999267578125
1993-12-07,,466.760009765625
1993-12-08,,466.2900085449219
1993-12-09,,464.17999267578125
1993-12-10,,463.92999267578125
1993-12-13,,465.70001220703125
1993-12-14,,463.05999755859375
1993-12-15,,461.8399963378906
1993-12-16,,463.3399963378906
1993-12-17,,466.3800048828125
1993-12-20,,465.8500061035156
1993-12-21,,465.29998779296875
1993-12-22,,467.32000732421875
1993-12-23,,467.3800048828125
1993-12-27,,470.5400085449219
1993-12-28,,470.94000244140625
1993-12-29,,470.5799865722656
1993-12-30,,468.6400146484375
1993-12-31,,466.45001220703125
1994-01-03,,465.44000244140625
1994-01-04,,466.8900146484375
1994-01-05,,467.54998779296875
1994-01-06,,467.1199951171875
1994-01-07,,469.8999938964844
1994-01-10,,475.2699890136719
1994-01-11,,474.1300048828125
1994-01-12,,474.1700134277344
1994-01-13,,472.4700012207031
1994-01-14,,474.9100036621094
1994-01-17,,473.29998779296875
1994-01-18,,474.25
1994-01-19,,474.29998779296875
1994-01-20,,474.9800109863281
1994-01-21,,474.7200012207031
1994-01-24,,471.9700012207031
1994-01-25,,470.9200134277344
1994-01-26,,473.20001220703125
1994-01-27,,477.04998779296875
1994-01-28,,478.70001220703125
1994-01-31,,481.6099853515625
1994-02-01,,479.6199951171875
1994-02-02,,482.0
1994-02-03,,480.7099914550781
1994-02-04,,469.80999755859375
1994-02-07,,471.760009765625
1994-02-08,,471.04998779296875
1994-02-09,,472.7699890136719
1994-02-10,,468.92999267578125
1994-02-11,,470.17999267578125
1994-02-14,,470.2300109863281
1994-02-15,,472.5199890136719
1994-02-16,,472.7900085449219
1994-02-17,,470.3399963378906
1994-02-18,,467.69000244140625
1994-02-22,,471.4599914550781
1994-02-23,,470.69000244140625
1994-02-24,,464.260009765625
1994-02-25,,466.07000732421875
1994-02-28,,467.1400146484375
1994-03-01,,464.44000244140625
1994-03-02,,464.80999755859375
1994-03-03,,463.010009765625
1994-03-04,,464.739990234375
1994-03-07,,466.9100036621094
1994-03-08,,465.8800048828125
1994-03-09,,467.05999755859375
1994-03-10,,463.8999938964844
1994-03-11,,466.44000244140625
1994-03-14,,467.3900146484375
1994-03-15,,467.010009765625
1994-03-16,,469.4200134277344
1994-03-17,,470.8999938964844
1994-03-18,,471.05999755859375
1994-03-21,,468.5400085449219
1994-03-22,,468.79998779296875
1994-03-23,,468.5400085449219
1994-03-24,,464.3500061035156
1994-03-25,,460.5799865722656
1994-03-28,,460.0
1994-03-29,,452.4800109863281
1994-03-30,,445.54998779296875
1994-03-31,,445.7699890136719
1994-04-04,,438.9200134277344
1994-04-05,,448.2900085449219
1994-04-06,,448.04998779296875
1994-04-07,,450.8800048828125
1994-04-08,,447.1000061035156
1994-04-11,,449.8699951171875
1994-04-12,,447.57000732421875
1994-04-13,,446.260009765625
1994-04-14,,446.3800048828125
1994-04-15,,446.17999267578125
1994-04-18,,442.4599914550781
1994-04-19,,442.5400085449219
1994-04-20,,441.9599914550781
1994-04-21,,448.7300109863281
1994-04-22,,447.6300048828125
1994-04-25,,452.7099914550781
1994-04-26,,451.8699951171875
1994-04-28,,449.1000061035156
1994-04-29,,450.9100036621094
1994-05-02,,453.0199890136719
1994-05-03,,453.0299987792969
1994-05-04,,451.7200012207031
1994-05-05,,451.3800048828125
1994-05-06,,447.82000732421875
1994-05-09,,442.32000732421875
1994-05-10,,446.010009765625
1994-05-11,,441.489990234375
1994-05-12,,443.75
1994-05-13,,444.1400146484375
1994-05-16,,444.489990234375
1994-05-17,,449.3699951171875
1994-05-18,,453.69000244140625
1994-05-19,,456.4800109863281
1994-05-20,,454.9200134277344
1994-05-23,,453.20001220703125
1994-05-24,,454.80999755859375
1994-05-25,,456.3399963378906
1994-05-26,,457.05999755859375
1994-05-27,,457.3299865722656
1994-05-31,,456.5
1994-06-01,,457.6300048828125
1994-06-02,,457.6499938964844
1994-06-03,,460.1300048828125
1994-06-06,,458.8800048828125
1994-06-07,,458.2099914550781
1994-06-08,,457.05999755859375
1994-06-09,,457.8599853515625
1994-06-10,,458.6700134277344
1994-06-13,,459.1000061035156
1994-06-14,,462.3699951171875
1994-06-15,,460.6099853515625
1994-06-16,,461.92999267578125
1994-06-17,,458.45001220703125
1994-06-20,,455.4800109863281
1994-06-21,,451.3399963378906
1994-06-22,,453.0899963378906
1994-06-23,,449.6300048828125
1994-06-24,,442.79998779296875
1994-06-27,,447.30999755859375
1994-06-28,,446.07000732421875
1994-06-29,,447.6300048828125
1994-06-30,,444.2699890136719
1994-07-01,,446.20001220703125
1994-07-05,,446.3699951171875
1994-07-06,,446.1300048828125
1994-07-07,,448.3800048828125
1994-07-08,,449.54998779296875
1994-07-11,,448.05999755859375
1994-07-12,,447.95001220703125
1994-07-13,,448.7300109863281
1994-07-14,,453.4100036621094
1994-07-15,,454.1600036621094
1994-07-18,,455.2200012207031
1994-07-19,,453.8599853515625
1994-07-20,,451.6000061035156
1994-07-21,,452.6099853515625
1994-07-22,,453.1099853515625
1994-07-25,,454.25
1994-07-26,,453.3599853515625
1994-07-27,,452.57000732421875
1994-07-28,,454.239990234375
1994-07-29,,458.260009765625
1994-08-01,,461.010009765625
1994-08-02,,460.55999755859375
1994-08-03,,461.45001220703125
1994-08-04,,458.3999938964844
1994-08-05,,457.0899963378906
1994-08-08,,457.8900146484375
1994-08-09,,457.9200134277344
1994-08-10,,460.29998779296875
1994-08-11,,458.8800048828125
1994-08-12,,461.94000244140625
1994-08-15,,461.2300109863281
1994-08-16,,465.010009765625
1994-08-17,,465.1700134277344
1994-08-18,,463.1700134277344
1994-08-19,,463.67999267578125
1994-08-22,,462.32000732421875
1994-08-23,,464.510009765625
1994-08-24,,469.0299987792969
1994-08-25,,468.0799865722656
1994-08-26,,473.79998779296875
1994-08-29,,474.5899963378906
1994-08-30,,476.07000732421875
1994-08-31,,475.489990234375
1994-09-01,,473.1700134277344
1994-09-02,,470.989990234375
1994-09-06,,471.8599853515625
1994-09-07,,470.989990234375
1994-09-08,,473.1400146484375
1994-09-09,,468.17999267578125
1994-09-12,,466.2099914550781
1994-09-13,,467.510009765625
1994-09-14,,468.79998779296875
1994-09-15,,474.80999755859375
1994-09-16,,471.19000244140625
1994-09-19,,470.8500061035156
1994-09-20,,463.3599853515625
1994-09-21,,461.4599914550781
1994-09-22,,461.2699890136719
1994-09-23,,459.6700134277344
1994-09-26,,460.82000732421875
1994-09-27,,462.04998779296875
1994-09-28,,464.8399963378906
1994-09-29,,462.239990234375
1994-09-30,,462.7099914550781
1994-10-03,,461.739990234375
1994-10-04,,454.5899963378906
1994-10-05,,453.5199890136719
1994-10-06,,452.3599853515625
1994-10-07,,455.1000061035156
1994-10-10,,459.0400085449219
1994-10-11,,465.7900085449219
1994-10-12,,465.4700012207031
1994-10-13,,467.7900085449219
1994-10-14,,469.1000061035156
1994-10-17,,468.9599914550781
1994-10-18,,467.6600036621094
1994-10-19,,470.2799987792969
1994-10-20,,466.8500061035156
1994-10-21,,464.8900146484375
1994-10-24,,460.8299865722656
1994-10-25,,461.5299987792969
1994-10-26,,462.6199951171875
1994-10-27,,465.8500061035156
1994-10-28,,473.7699890136719
1994-10-31,,472.3500061035156
1994-11-01,,468.4200134277344
1994-11-02,,466.510009765625
1994-11-03,,467.9100036621094
1994-11-04,,462.2799987792969
1994-11-07,,463.07000732421875
1994-11-08,,465.6499938964844
1994-11-09,,465.3999938964844
1994-11-10,,464.3699951171875
1994-11-11,,462.3500061035156
1994-11-14,,466.0400085449219
1994-11-15,,465.0299987792969
1994-11-16,,465.6199951171875
1994-11-17,,463.57000732421875
1994-11-18,,461.4700012207031
1994-11-21,,458.29998779296875
1994-11-22,,450.0899963378906
1994-11-23,,449.92999267578125
1994-11-25,,452.2900085449219
1994-11-28,,454.1600036621094
1994-11-29,,455.1700134277344
1994-11-30,,453.69000244140625
1994-12-01,,448.9200134277344
1994-12-02,,453.29998779296875
1994-12-05,,453.32000732421875
1994-12-06,,453.1099853515625
1994-12-07,,451.2300109863281
1994-12-08,,445.45001220703125
1994-12-09,,446.9599914550781
1994-12-12,,449.4700012207031
1994-12-13,,450.1499938964844
1994-12-14,,454.9700012207031
1994-12-15,,455.3399963378906
1994-12-16,,458.79998779296875
1994-12-19,,457.9100036621094
1994-12-20,,457.1000061035156
1994-12-21,,459.6099853515625
1994-12-22,,459.67999267578125
1994-12-23,,459.8299865722656
1994-12-27,,462.4700012207031
1994-12-28,,460.8599853515625
1994-12-29,,461.1700134277344
1994-12-30,,459.2699890136719
1995-01-03,,459.1099853515625
1995-01-04,,460.7099914550781
1995-01-05,,460.3399963378906
1995-01-06,,460.67999267578125
1995-01-09,,460.8299865722656
1995-01-10,,461.67999267578125
1995-01-11,,461.6600036621094
1995-01-12,,461.6400146484375
1995-01-13,,465.9700012207031
1995-01-16,,469.3800048828125
1995-01-17,,470.04998779296875
1995-01-18,,469.7099914550781
1995-01-19,,466.95001220703125
1995-01-20,,464.7799987792969
1995-01-23,,465.82000732421875
1995-01-24,,465.8599853515625
1995-01-25,,467.44000244140625
1995-01-26,,468.32000732421875
1995-01-27,,470.3900146484375
1995-01-30,,468.510009765625
1995-01-31,,470.4200134277344
1995-02-01,,470.3999938964844
1995-02-02,,472.7900085449219
1995-02-03,,478.6499938964844
1995-02-06,,481.1400146484375
1995-02-07,,480.80999755859375
1995-02-08,,481.19000244140625
1995-02-09,,480.19000244140625
1995-02-10,,481.4599914550781
1995-02-13,,481.6499938964844
1995-02-14,,482.54998779296875
1995-02-15,,484.5400085449219
1995-02-16,,485.2200012207031
1995-02-17,,481.9700012207031
1995-02-21,,482.7200012207031
1995-02-22,,485.07000732421875
1995-02-23,,486.9100036621094
1995-02-24,,488.1099853515625
1995-02-27,,483.80999755859375
1995-02-28,,487.3900146484375
1995-03-01,,485.6499938964844
1995-03-02,,485.1300048828125
1995-03-03,,485.4200134277344
1995-03-06,,485.6300048828125
1995-03-07,,482.1199951171875
1995-03-08,,483.1400146484375
1995-03-09,,483.1600036621094
1995-03-10,,489.57000732421875
1995-03-13,,490.04998779296875
1995-03-14,,492.8900146484375
1995-03-15,,491.8800048828125
1995-03-16,,495.4100036621094
1995-03-17,,495.5199890136719
1995-03-20,,496.1400146484375
1995-03-21,,495.07000732421875
1995-03-22,,495.6700134277344
1995-03-23,,495.95001220703125
1995-03-24,,500.9700012207031
1995-03-27,,503.20001220703125
1995-03-28,,503.8999938964844
1995-03-29,,503.1199951171875
1995-03-30,,502.2200012207031
1995-03-31,,500.7099914550781
1995-04-03,,501.8500061035156
1995-04-04,,505.239990234375
1995-04-05,,505.57000732421875
1995-04-06,,506.0799865722656
1995-04-07,,506.4200134277344
1995-04-10,,507.010009765625
1995-04-11,,505.5299987792969
1995-04-12,,507.1700134277344
1995-04-13,,509.2300109863281
1995-04-17,,506.1300048828125
1995-04-18,,505.3699951171875
1995-04-19,,504.9200134277344
1995-04-20,,505.2900085449219
1995-04-21,,508.489990234375
1995-04-24,,512.8900146484375
1995-04-25,,512.0999755859375
1995-04-26,,512.6599731445312
1995-04-27,,513.5499877929688
1995-04-28,,514.7100219726562
1995-05-01,,514.260009765625
1995-05-02,,514.8599853515625
1995-05-03,,520.47998046875
1995-05-04,,520.5399780273438
1995-05-05,,520.1199951171875
1995-05-08,,523.9600219726562
1995-05-09,,523.5599975585938
1995-05-10,,524.3599853515625
1995-05-11,,524.3699951171875
1995-05-12,,525.5499877929688
1995-05-15,,527.739990234375
1995-05-16,,528.1900024414062
1995-05-17,,527.0700073242188
1995-05-18,,519.5800170898438
1995-05-19,,519.1900024414062
1995-05-22,,523.6500244140625
1995-05-23,,528.5900268554688
1995-05-24,,528.6099853515625
1995-05-25,,528.5900268554688
1995-05-26,,523.6500244140625
1995-05-30,,523.5800170898438
1995-05-31,,533.4000244140625
1995-06-01,,533.489990234375
1995-06-02,,532.510009765625
1995-06-05,,535.5999755859375
1995-06-06,,535.5499877929688
1995-06-07,,533.1300048828125
1995-06-08,,532.3499755859375
1995-06-09,,527.9400024414062
1995-06-12,,530.8800048828125
1995-06-13,,536.0499877929688
1995-06-14,,536.469970703125
1995-06-15,,537.1199951171875
1995-06-16,,539.8300170898438
1995-06-19,,545.219970703125
1995-06-20,,544.97998046875
1995-06-21,,543.97998046875
1995-06-22,,551.0700073242188
1995-06-23,,549.7100219726562
1995-06-26,,544.1300048828125
1995-06-27,,542.4299926757812
1995-06-28,,544.72998046875
1995-06-29,,543.8699951171875
1995-06-30,,544.75
1995-07-03,,547.0900268554688
1995-07-05,,547.260009765625
1995-07-06,,553.989990234375
1995-07-07,,556.3699951171875
1995-07-10,,557.1900024414062
1995-07-11,,554.780029296875
1995-07-12,,560.8900146484375
1995-07-13,,561.0
1995-07-14,,559.8900146484375
1995-07-17,,562.719970703125
1995-07-18,,558.4600219726562
1995-07-19,,550.97998046875
1995-07-20,,553.5399780273438
1995-07-21,,553.6199951171875
1995-07-24,,556.6300048828125
1995-07-25,,561.0999755859375
1995-07-26,,561.6099853515625
1995-07-27,,565.219970703125
1995-07-28,,562.9299926757812
1995-07-31,,562.0599975585938
1995-08-01,,559.6400146484375
1995-08-02,,558.7999877929688
1995-08-03,,558.75
1995-08-04,,558.9400024414062
1995-08-07,,560.030029296875
1995-08-08,,560.3900146484375
1995-08-09,,559.7100219726562
1995-08-10,,557.4500122070312
1995-08-11,,555.1099853515625
1995-08-14,,559.739990234375
1995-08-15,,558.5700073242188
1995-08-16,,559.969970703125
1995-08-17,,559.0399780273438
1995-08-18,,559.2100219726562
1995-08-21,,558.1099853515625
1995-08-22,,559.52001953125
1995-08-23,,557.1400146484375
1995-08-24,,557.4600219726562
1995-08-25,,560.0999755859375
1995-08-28,,559.0499877929688
1995-08-29,,560.0
1995-08-30,,560.9199829101562
1995-08-31,,561.8800048828125
1995-09-01,,563.8400268554688
1995-09-05,,569.1699829101562
1995-09-06,,570.1699829101562
1995-09-07,,570.2899780273438
1995-09-08,,572.6799926757812
1995-09-11,,573.9099731445312
1995-09-12,,576.510009765625
1995-09-13,,578.77001953125
1995-09-14,,583.6099853515625
1995-09-15,,583.3499755859375
1995-09-18,,582.77001953125
1995-09-19,,584.2000122070312
1995-09-20,,586.77001953125
1995-09-21,,583.0
1995-09-22,,581.72998046875
1995-09-25,,581.8099975585938
1995-09-26,,581.4099731445312
1995-09-27,,581.0399780273438
1995-09-28,,585.8699951171875
1995-09-29,,584.4099731445312
1995-10-02,,581.719970703125
1995-10-03,,582.3400268554688
1995-10-04,,581.469970703125
1995-10-05,,582.6300048828125
1995-10-06,,582.489990234375
1995-10-09,,578.3699951171875
1995-10-10,,577.52001953125
1995-10-11,,579.4600219726562
1995-10-12,,583.0999755859375
1995-10-13,,584.5
1995-10-16,,583.030029296875
1995-10-17,,586.780029296875
1995-10-18,,587.4400024414062
1995-10-19,,590.6500244140625
1995-10-20,,587.4600219726562
1995-10-23,,585.0599975585938
1995-10-24,,586.5399780273438
1995-10-25,,582.469970703125
1995-10-26,,576.719970703125
1995-10-27,,579.7000122070312
1995-10-30,,583.25
1995-10-31,,581.5
1995-11-01,,584.219970703125
1995-11-02,,589.719970703125
1995-11-03,,590.5700073242188
1995-11-06,,588.4600219726562
1995-11-07,,586.3200073242188
1995-11-08,,591.7100219726562
1995-11-09,,593.260009765625
1995-11-10,,592.719970703125
1995-11-13,,592.2999877929688
1995-11-14,,589.2899780273438
1995-11-15,,593.9600219726562
1995-11-16,,597.3400268554688
1995-11-17,,600.0700073242188
1995-11-20,,596.8499755859375
1995-11-21,,600.239990234375
1995-11-22,,598.4000244140625
1995-11-24,,599.969970703125
1995-11-27,,601.3200073242188
1995-11-28,,606.4500122070312
1995-11-29,,607.6400146484375
1995-11-30,,605.3699951171875
1995-12-01,,606.97998046875
1995-12-04,,613.6799926757812
1995-12-05,,617.6799926757812
1995-12-06,,620.1799926757812
1995-12-07,,616.1699829101562
1995-12-08,,617.47998046875
1995-12-11,,619.52001953125
1995-12-12,,618.780029296875
1995-12-13,,621.6900024414062
1995-12-14,,616.9199829101562
1995-12-15,,616.3400268554688
1995-12-18,,606.8099975585938
1995-12-19,,611.9299926757812
1995-12-20,,605.9400024414062
1995-12-21,,610.489990234375
1995-12-22,,611.9500122070312
1995-12-26,,614.2999877929688
1995-12-27,,614.530029296875
1995-12-28,,614.1199951171875
1995-12-29,,615.9299926757812
1996-01-02,,620.72998046875
1996-01-03,,621.3200073242188
1996-01-04,,617.7000122070312
1996-01-05,,616.7100219726562
1996-01-08,,618.4600219726562
1996-01-09,,609.4500122070312
1996-01-10,,598.47998046875
1996-01-11,,602.6900024414062
1996-01-12,,601.8099975585938
1996-01-15,,599.8200073242188
1996-01-16,,608.4400024414062
1996-01-17,,606.3699951171875
1996-01-18,,608.239990234375
1996-01-19,,611.8300170898438
1996-01-22,,613.4000244140625
1996-01-23,,612.7899780273438
1996-01-24,,619.9600219726562
1996-01-25,,617.030029296875
1996-01-26,,621.6199951171875
1996-01-29,,624.219970703125
1996-01-30,,630.1500244140625
1996-01-31,,636.02001953125
1996-02-01,,638.4600219726562
1996-02-02,,635.8400268554688
1996-02-05,,641.4299926757812
1996-02-06,,646.3300170898438
1996-02-07,,649.9299926757812
1996-02-08,,656.0700073242188
1996-02-09,,656.3699951171875
1996-02-12,,661.4500122070312
1996-02-13,,660.510009765625
1996-02-14,,655.5800170898438
1996-02-15,,651.3200073242188
1996-02-16,,647.97998046875
1996-02-20,,640.6500244140625
1996-02-21,,648.0999755859375
1996-02-22,,658.8599853515625
1996-02-23,,659.0800170898438
1996-02-26,,650.4600219726562
1996-02-27,,647.239990234375
1996-02-28,,644.75
1996-02-29,,640.4299926757812
1996-03-01,,644.3699951171875
1996-03-04,,650.8099975585938
1996-03-05,,655.7899780273438
1996-03-06,,652.0
1996-03-07,,653.6500244140625
1996-03-08,,633.5
1996-03-11,,640.02001953125
1996-03-12,,637.0900268554688
1996-03-13,,638.5499877929688
1996-03-14,,640.8699951171875
1996-03-15,,641.4299926757812
1996-03-18,,652.6500244140625
1996-03-19,,651.6900024414062
1996-03-20,,649.97998046875
1996-03-21,,649.1900024414062
1996-03-22,,650.6199951171875
1996-03-25,,650.0399780273438
1996-03-26,,652.969970703125
1996-03-27,,648.9099731445312
1996-03-28,,648.9400024414062
1996-03-29,,645.5
1996-04-01,,653.72998046875
1996-04-02,,655.260009765625
1996-04-03,,655.8800048828125
1996-04-04,,655.8599853515625
1996-04-08,,644.239990234375
1996-04-09,,642.1900024414062
1996-04-10,,633.5
1996-04-11,,631.1799926757812
1996-04-12,,636.7100219726562
1996-04-15,,642.489990234375
1996-04-16,,645.0
1996-04-17,,641.6099853515625
1996-04-18,,643.6099853515625
1996-04-19,,645.0700073242188
1996-04-22,,647.8900146484375
1996-04-23,,651.5800170898438
1996-04-24,,650.1699829101562
1996-04-25,,652.8699951171875
1996-04-26,,653.4600219726562
1996-04-29,,654.1599731445312
1996-04-30,,654.1699829101562
1996-05-01,,654.5800170898438
1996-05-02,,643.3800048828125
1996-05-03,,641.6300048828125
1996-05-06,,640.8099975585938
1996-05-07,,638.260009765625
1996-05-08,,644.77001953125
1996-05-09,,645.4400024414062
1996-05-10,,652.0900268554688
1996-05-13,,661.510009765625
1996-05-14,,665.5999755859375
1996-05-15,,665.4199829101562
1996-05-16,,664.8499755859375
1996-05-17,,668.9099731445312
1996-05-20,,673.1500244140625
1996-05-21,,672.760009765625
1996-05-22,,678.4199829101562
1996-05-23,,676.0
1996-05-24,,678.510009765625
1996-05-28,,672.22998046875
1996-05-29,,667.9299926757812
1996-05-30,,671.7000122070312
1996-05-31,,669.1199951171875
1996-06-03,,667.6799926757812
1996-06-04,,672.5599975585938
1996-06-05,,678.4400024414062
1996-06-06,,673.030029296875
1996-06-07,,673.3099975585938
1996-06-10,,672.1599731445312
1996-06-11,,670.969970703125
1996-06-12,,669.0399780273438
1996-06-13,,667.9199829101562
1996-06-14,,665.8499755859375
1996-06-17,,665.1599731445312
1996-06-18,,662.0599975585938
1996-06-19,,661.9600219726562
1996-06-20,,662.0999755859375
1996-06-21,,666.8400268554688
1996-06-24,,668.8499755859375
1996-06-25,,668.47998046875
1996-06-26,,664.3900146484375
1996-06-27,,668.5499877929688
1996-06-28,,670.6300048828125
1996-07-01,,675.8800048828125
1996-07-02,,673.6099853515625
1996-07-03,,672.4000244140625
1996-07-05,,657.4400024414062
1996-07-08,,652.5399780273438
1996-07-09,,654.75
1996-07-10,,656.0599975585938
1996-07-11,,645.6699829101562
1996-07-12,,646.1900024414062
1996-07-15,,629.7999877929688
1996-07-16,,628.3699951171875
1996-07-17,,634.0700073242188
1996-07-18,,643.5599975585938
1996-07-19,,638.72998046875
1996-07-22,,633.77001953125
1996-07-23,,626.8699951171875
1996-07-24,,626.6500244140625
1996-07-25,,631.1699829101562
1996-07-26,,635.9000244140625
1996-07-29,,630.9099731445312
1996-07-30,,635.260009765625
1996-07-31,,639.9500122070312
1996-08-01,,650.02001953125
1996-08-02,,662.489990234375
1996-08-05,,660.22998046875
1996-08-06,,662.3800048828125
1996-08-07,,664.1599731445312
1996-08-08,,662.5900268554688
1996-08-09,,662.0999755859375
1996-08-12,,665.77001953125
1996-08-13,,660.2000122070312
1996-08-14,,662.0499877929688
1996-08-15,,662.280029296875
1996-08-16,,665.2100219726562
1996-08-19,,666.5800170898438
1996-08-20,,665.6900024414062
1996-08-21,,665.0700073242188
1996-08-22,,670.6799926757812
1996-08-23,,667.030029296875
1996-08-26,,663.8800048828125
1996-08-27,,666.4000244140625
1996-08-28,,664.8099975585938
1996-08-29,,657.4000244140625
1996-08-30,,651.989990234375
1996-09-03,,654.719970703125
1996-09-04,,655.6099853515625
1996-09-05,,649.4400024414062
1996-09-06,,655.6799926757812
1996-09-09,,663.760009765625
1996-09-10,,663.8099975585938
1996-09-11,,667.280029296875
1996-09-12,,671.1500244140625
1996-09-13,,680.5399780273438
1996-09-16,,683.97998046875
1996-09-17,,682.9400024414062
1996-09-18,,681.469970703125
1996-09-19,,683.0
1996-09-20,,687.030029296875
1996-09-23,,686.47998046875
1996-09-24,,685.6099853515625
1996-09-25,,685.8300170898438
1996-09-26,,685.8599853515625
1996-09-27,,686.1900024414062
1996-09-30,,687.3300170898438
1996-10-01,,689.0800170898438
1996-10-02,,694.010009765625
1996-10-03,,692.780029296875
1996-10-04,,701.4600219726562
1996-10-07,,703.3400268554688
1996-10-08,,700.6400146484375
1996-10-09,,696.739990234375
1996-10-10,,694.6099853515625
1996-10-11,,700.6599731445312
1996-10-14,,703.5399780273438
1996-10-15,,702.5700073242188
1996-10-16,,704.4099731445312
1996-10-17,,706.989990234375
1996-10-18,,710.8200073242188
1996-10-21,,709.8499755859375
1996-10-22,,706.5700073242188
1996-10-23,,707.27001953125
1996-10-24,,702.2899780273438
1996-10-25,,700.9199829101562
1996-10-28,,697.260009765625
1996-10-29,,701.5
1996-10-30,,700.9000244140625
1996-10-31,,705.27001953125
1996-11-01,,703.77001953125
1996-11-04,,706.72998046875
1996-11-05,,714.1400146484375
1996-11-06,,724.5900268554688
1996-11-07,,727.6500244140625
1996-11-08,,730.8200073242188
1996-11-11,,731.8699951171875
1996-11-12,,729.5599975585938
1996-11-13,,731.1300048828125
1996-11-14,,735.8800048828125
1996-11-15,,737.6199951171875
1996-11-18,,737.02001953125
1996-11-19,,742.1599731445312
1996-11-20,,743.9500122070312
1996-11-21,,742.75
1996-11-22,,748.72998046875
1996-11-25,,757.030029296875
1996-11-26,,755.9600219726562
1996-11-27,,755.0
1996-11-29,,757.02001953125
1996-12-02,,756.5599975585938
1996-12-03,,748.280029296875
1996-12-04,,745.0999755859375
1996-12-05,,744.3800048828125
1996-12-06,,739.5999755859375
1996-12-09,,749.760009765625
1996-12-10,,747.5399780273438
1996-12-11,,740.72998046875
1996-12-12,,729.2999877929688
1996-12-13,,728.6400146484375
1996-12-16,,720.97998046875
1996-12-17,,726.0399780273438
1996-12-18,,731.5399780273438
1996-12-19,,745.760009765625
1996-12-20,,748.8699951171875
1996-12-23,,746.9199829101562
1996-12-24,,751.030029296875
1996-12-26,,755.8200073242188
1996-12-27,,756.7899780273438
1996-12-30,,753.8499755859375
1996-12-31,,740.739990234375
1997-01-02,,737.010009765625
1997-01-03,,748.030029296875
1997-01-06,,747.6500244140625
1997-01-07,,753.22998046875
1997-01-08,,748.4099731445312
1997-01-09,,754.8499755859375
1997-01-10,,759.5
1997-01-13,,759.510009765625
1997-01-14,,768.8599853515625
1997-01-15,,767.2000122070312
1997-01-16,,769.75
1997-01-17,,776.1699829101562
1997-01-20,,776.7000122070312
1997-01-21,,782.719970703125
1997-01-22,,786.22998046875
1997-01-23,,777.5599975585938
1997-01-24,,770.52001953125
1997-01-27,,765.02001953125
1997-01-28,,765.02001953125
1997-01-29,,772.5
1997-01-30,,784.1699829101562
1997-01-31,,786.1599731445312
1997-02-03,,786.72998046875
1997-02-04,,789.260009765625
1997-02-05,,778.280029296875
1997-02-06,,780.1500244140625
1997-02-07,,789.5599975585938
1997-02-10,,785.4299926757812
1997-02-11,,789.5900268554688
1997-02-12,,802.77001953125
1997-02-13,,811.8200073242188
1997-02-14,,808.47998046875
1997-02-18,,816.2899780273438
1997-02-19,,812.489990234375
1997-02-20,,802.7999877929688
1997-02-21,,801.77001953125
1997-02-24,,810.280029296875
1997-02-25,,812.030029296875
1997-02-26,,805.6799926757812
1997-02-27,,795.0700073242188
1997-02-28,,790.8200073242188
1997-03-03,,795.3099975585938
1997-03-04,,790.9500122070312
1997-03-05,,801.989990234375
1997-03-06,,798.5599975585938
1997-03-07,,804.969970703125
1997-03-10,,813.6500244140625
1997-03-11,,811.3400268554688
1997-03-12,,804.260009765625
1997-03-13,,789.5599975585938
1997-03-14,,793.1699829101562
1997-03-17,,795.7100219726562
1997-03-18,,789.6599731445312
1997-03-19,,785.77001953125
1997-03-20,,782.6500244140625
1997-03-21,,784.0999755859375
1997-03-24,,790.8900146484375
1997-03-25,,789.0700073242188
1997-03-26,,790.5
1997-03-27,,773.8800048828125
1997-03-31,,757.1199951171875
1997-04-01,,759.6400146484375
1997-04-02,,750.1099853515625
1997-04-03,,750.3200073242188
1997-04-04,,757.9000244140625
1997-04-07,,762.1300048828125
1997-04-08,,766.1199951171875
1997-04-09,,760.5999755859375
1997-04-10,,758.3400268554688
1997-04-11,,737.6500244140625
1997-04-14,,743.72998046875
1997-04-15,,754.719970703125
1997-04-16,,763.530029296875
1997-04-17,,761.77001953125
1997-04-18,,766.3400268554688
1997-04-21,,760.3699951171875
1997-04-22,,774.6099853515625
1997-04-23,,773.6400146484375
1997-04-24,,771.1799926757812
1997-04-25,,765.3699951171875
1997-04-28,,772.9600219726562
1997-04-29,,794.0499877929688
1997-04-30,,801.3400268554688
1997-05-01,,798.530029296875
1997-05-02,,812.969970703125
1997-05-05,,830.2899780273438
1997-05-06,,827.760009765625
1997-05-07,,815.6199951171875
1997-05-08,,820.260009765625
1997-05-09,,824.780029296875
1997-05-12,,837.6599731445312
1997-05-13,,833.1300048828125
1997-05-14,,836.0399780273438
1997-05-15,,841.8800048828125
1997-05-16,,829.75
1997-05-19,,833.27001953125
1997-05-20,,841.6599731445312
1997-05-21,,839.3499755859375
1997-05-22,,835.6599731445312
1997-05-23,,847.030029296875
1997-05-27,,849.7100219726562
1997-05-28,,847.2100219726562
1997-05-29,,844.0800170898438
1997-05-30,,848.280029296875
1997-06-02,,846.3599853515625
1997-06-03,,845.47998046875
1997-06-04,,840.1099853515625
1997-06-05,,843.4299926757812
1997-06-06,,858.010009765625
1997-06-09,,862.9099731445312
1997-06-10,,865.27001953125
1997-06-11,,869.5700073242188
1997-06-12,,883.4600219726562
1997-06-13,,893.27001953125
1997-06-16,,893.9000244140625
1997-06-17,,894.4199829101562
1997-06-18,,889.0599975585938
1997-06-19,,897.989990234375
1997-06-20,,898.7000122070312
1997-06-23,,878.6199951171875
1997-06-24,,896.3400268554688
1997-06-25,,888.989990234375
1997-06-26,,883.6799926757812
1997-06-27,,887.2999877929688
1997-06-30,,885.1400146484375
1997-07-01,,891.030029296875
1997-07-02,1199.06103515625,904.030029296875
1997-07-03,1150.623046875,916.9199829101562
1997-07-04,1159.342041015625,
1997-07-07,1096.8189697265625,912.2000122070312
1997-07-08,1109.666015625,918.75
1997-07-09,1120.8409423828125,907.5399780273438
1997-07-10,1120.154052734375,913.780029296875
1997-07-11,1154.7939453125,916.6799926757812
1997-07-14,1200.114013671875,918.3800048828125
1997-07-15,,925.760009765625
1997-07-16,1190.8260498046875,936.5900268554688
1997-07-17,1197.2259521484375,931.6099853515625
1997-07-18,1209.8570556640625,915.2999877929688
1997-07-21,1193.5250244140625,912.9400024414062
1997-07-22,1208.248046875,933.97998046875
1997-07-23,1198.8609619140625,936.5599975585938
1997-07-24,1174.217041015625,940.2999877929688
1997-07-25,1170.862060546875,938.7899780273438
1997-07-28,1141.7769775390625,936.4500122070312
1997-07-29,1153.22900390625,942.2899780273438
1997-07-30,1179.4210205078125,952.2899780273438
1997-07-31,1189.760009765625,954.3099975585938
1997-08-01,1192.8280029296875,947.1400146484375
1997-08-04,1200.3330078125,950.2999877929688
1997-08-05,1196.2740478515625,952.3699951171875
1997-08-06,1171.9410400390625,960.3200073242188
1997-08-07,1199.239990234375,951.1900024414062
1997-08-08,1206.052978515625,933.5399780273438
1997-08-11,1184.0830078125,937.0
1997-08-12,1146.8089599609375,926.530029296875
1997-08-13,1120.126953125,922.02001953125
1997-08-14,1168.113037109375,924.77001953125
1997-08-15,1143.06396484375,900.8099975585938
1997-08-18,1134.634033203125,912.489990234375
1997-08-19,1132.905029296875,926.010009765625
1997-08-20,1144.6390380859375,939.3499755859375
1997-08-21,1164.5450439453125,925.0499877929688
1997-08-22,1171.8330078125,923.5399780273438
1997-08-25,1184.095947265625,920.1599731445312
1997-08-26,1194.04296875,913.02001953125
1997-08-27,1198.512939453125,913.7000122070312
1997-08-28,1213.8919677734375,903.6699829101562
1997-08-29,1221.06396484375,899.469970703125
1997-09-01,1229.864990234375,
1997-09-02,1226.302978515625,927.5800170898438
1997-09-03,1240.8199462890625,927.8599853515625
1997-09-04,1251.2979736328125,930.8699951171875
1997-09-05,1251.550048828125,929.0499877929688
1997-09-08,1255.22900390625,931.2000122070312
1997-09-09,1231.0269775390625,933.6199951171875
1997-09-10,1256.041015625,919.030029296875
1997-09-11,1242.7130126953125,912.5900268554688
1997-09-12,1208.697021484375,923.9099731445312
1997-09-15,1179.2860107421875,919.77001953125
1997-09-16,1187.219970703125,945.6400146484375
1997-09-17,1167.5570068359375,943.0
1997-09-18,1172.365966796875,947.2899780273438
1997-09-19,1184.52099609375,950.510009765625
1997-09-22,1103.9739990234375,955.4299926757812
1997-09-23,1041.9649658203125,951.9299926757812
1997-09-24,1110.011962890625,944.47998046875
1997-09-25,1117.010009765625,937.9099731445312
1997-09-26,1109.634033203125,945.219970703125
1997-09-29,1084.072021484375,953.3400268554688
1997-09-30,1097.383056640625,947.280029296875
1997-10-01,,955.4099731445312
1997-10-02,,960.4600219726562
1997-10-03,,965.030029296875
1997-10-06,1098.9029541015625,972.6900024414062
1997-10-07,1102.572998046875,983.1199951171875
1997-10-08,1134.8680419921875,973.8400268554688
1997-10-09,1122.4659423828125,970.6199951171875
1997-10-10,1130.7850341796875,966.97998046875
1997-10-13,1119.8170166015625,968.0999755859375
1997-10-14,1117.927978515625,970.280029296875
1997-10-15,1125.781982421875,965.719970703125
1997-10-16,1150.3070068359375,955.25
1997-10-17,1176.489013671875,944.1599731445312
1997-10-20,1187.3680419921875,955.6099853515625
1997-10-21,1191.8699951171875,972.280029296875
1997-10-22,1177.52001953125,968.489990234375
1997-10-23,1173.364013671875,950.6900024414062
1997-10-24,1178.3060302734375,941.6400146484375
1997-10-27,1235.8270263671875,876.989990234375
1997-10-28,1177.9239501953125,921.8499755859375
1997-10-29,1184.0860595703125,919.1599731445312
1997-10-30,1174.845947265625,903.6799926757812
1997-10-31,1180.3929443359375,914.6199951171875
1997-11-03,1180.85400390625,938.989990234375
1997-11-04,1184.699951171875,940.760009765625
1997-11-05,1194.0379638671875,942.760009765625
1997-11-06,1181.123046875,938.030029296875
1997-11-07,1195.1409912109375,927.510009765625
1997-11-10,1185.7840576171875,921.1300048828125
1997-11-11,1186.634033203125,923.780029296875
1997-11-12,1185.0240478515625,905.9600219726562
1997-11-13,1185.0240478515625,916.6599731445312
1997-11-14,1197.83203125,928.3499755859375
1997-11-17,1191.3330078125,946.2000122070312
1997-11-18,1183.3489990234375,938.22998046875
1997-11-19,1181.626953125,944.5900268554688
1997-11-20,1172.427001953125,958.97998046875
1997-11-21,1158.5550537109375,963.0900268554688
1997-11-24,1124.9410400390625,946.6699829101562
1997-11-25,1125.5279541015625,950.8200073242188
1997-11-26,1143.8179931640625,951.6400146484375
1997-11-27,1122.5159912109375,
1997-11-28,1139.6280517578125,955.4000244140625
1997-12-01,1133.0870361328125,974.77001953125
1997-12-02,1130.1669921875,971.6799926757812
1997-12-03,1122.5460205078125,976.77001953125
1997-12-04,1135.873046875,973.0999755859375
1997-12-05,1136.2039794921875,983.7899780273438
1997-12-08,1139.322021484375,982.3699951171875
1997-12-09,1148.1710205078125,975.780029296875
1997-12-10,1157.842041015625,969.7899780273438
1997-12-11,1159.1689453125,954.9400024414062
1997-12-12,1153.8399658203125,953.3900146484375
1997-12-15,1168.0260009765625,963.3900146484375
1997-12-16,1174.802001953125,968.0399780273438
1997-12-17,1146.52197265625,965.5399780273438
1997-12-18,1154.166015625,955.2999877929688
1997-12-19,1160.7679443359375,946.780029296875
1997-12-22,1169.0069580078125,953.7000122070312
1997-12-23,1171.2540283203125,939.1300048828125
1997-12-24,1169.6639404296875,932.7000122070312
1997-12-25,1181.2779541015625,
1997-12-26,1191.9189453125,936.4600219726562
1997-12-29,1186.60595703125,953.3499755859375
1997-12-30,1181.1429443359375,970.8400268554688
1997-12-31,1194.10205078125,970.4299926757812
1998-01-02,,975.0399780273438
1998-01-05,1220.4730224609375,977.0700073242188
1998-01-06,1233.6199951171875,966.5800170898438
1998-01-07,1244.0699462890625,964.0
1998-01-08,1237.1629638671875,956.0499877929688
1998-01-09,1239.9010009765625,927.6900024414062
1998-01-12,1226.9659423828125,939.2100219726562
1998-01-13,1167.64697265625,952.1199951171875
1998-01-14,1202.2149658203125,957.9400024414062
1998-01-15,1215.4310302734375,950.72998046875
1998-01-16,1213.9620361328125,961.510009765625
1998-01-19,1213.1290283203125,
1998-01-20,1203.7149658203125,978.5999755859375
1998-01-21,1200.2030029296875,970.8099975585938
1998-01-22,1204.4300537109375,963.0399780273438
1998-01-23,1222.9129638671875,957.5900268554688
1998-01-26,,956.9500122070312
1998-01-27,,969.02001953125
1998-01-28,,977.4600219726562
1998-01-29,,985.489990234375
1998-01-30,,980.280029296875
1998-02-02,,1001.27001953125
1998-02-03,,1006.0
1998-02-04,,1006.9000244140625
1998-02-05,,1003.5399780273438
1998-02-06,,1012.4600219726562
1998-02-09,1248.0400390625,1010.739990234375
1998-02-10,1236.512939453125,1019.010009765625
1998-02-11,1250.238037109375,1020.010009765625
1998-02-12,1246.2950439453125,1024.1400146484375
1998-02-13,1245.9110107421875,1020.0900268554688
1998-02-16,1236.2359619140625,
1998-02-17,1238.5,1022.760009765625
1998-02-18,1229.8310546875,1032.0799560546875
1998-02-19,1232.583984375,1028.280029296875
1998-02-20,1226.02001953125,1034.2099609375
1998-02-23,1208.60302734375,1038.1400146484375
1998-02-24,1208.218017578125,1030.56005859375
1998-02-25,1194.6729736328125,1042.9000244140625
1998-02-26,1206.6739501953125,1048.6700439453125
1998-02-27,1206.530029296875,1049.3399658203125
1998-03-02,1188.3060302734375,1047.699951171875
1998-03-03,1201.7889404296875,1052.02001953125
1998-03-04,1213.2530517578125,1047.3299560546875
1998-03-05,1207.541015625,1035.050048828125
1998-03-06,1206.4520263671875,1055.68994140625
1998-03-09,1200.833984375,1052.31005859375
1998-03-10,1199.83203125,1064.25
1998-03-11,1190.0369873046875,1068.469970703125
1998-03-12,1178.969970703125,1069.9200439453125
1998-03-13,1184.9610595703125,1068.6099853515625
1998-03-16,1188.4820556640625,1079.27001953125
1998-03-17,1202.8349609375,1080.449951171875
1998-03-18,1193.9090576171875,1085.52001953125
1998-03-19,1188.7149658203125,1089.739990234375
1998-03-20,1187.5009765625,1099.1600341796875
1998-03-23,1179.8690185546875,1095.550048828125
1998-03-24,1194.0169677734375,1105.6500244140625
1998-03-25,1191.552978515625,1101.9300537109375
1998-03-26,1188.864990234375,1100.800048828125
1998-03-27,1223.56494140625,1095.43994140625
1998-03-30,1249.43505859375,1093.5999755859375
1998-03-31,1243.0159912109375,1101.75
1998-04-01,1254.9649658203125,1108.1500244140625
1998-04-02,1269.0150146484375,1120.010009765625
1998-04-03,1286.083984375,1122.699951171875
1998-04-06,1306.3780517578125,1121.3800048828125
1998-04-07,1303.1400146484375,1109.550048828125
1998-04-08,1322.79296875,1101.6500244140625
1998-04-09,1297.2249755859375,1110.6700439453125
1998-04-10,1311.5140380859375,
1998-04-13,1318.748046875,1109.68994140625
1998-04-14,1313.720947265625,1115.75
1998-04-15,1324.70703125,1119.3199462890625
1998-04-16,1316.2459716796875,1108.1700439453125
1998-04-17,1298.1070556640625,1122.719970703125
1998-04-20,1296.0050048828125,1123.6500244140625
1998-04-21,1305.2230224609375,1126.6700439453125
1998-04-22,1322.1820068359375,1130.5400390625
1998-04-23,1324.5589599609375,1119.5799560546875
1998-04-24,1315.1669921875,1107.9000244140625
1998-04-27,1310.3780517578125,1086.5400390625
1998-04-28,1332.989990234375,1085.1099853515625
1998-04-29,1332.4990234375,1094.6199951171875
1998-04-30,1343.447998046875,1111.75
1998-05-01,,1121.0
1998-05-04,1352.926025390625,1122.0699462890625
1998-05-05,1352.52001953125,1115.5
1998-05-06,1348.4119873046875,1104.9200439453125
1998-05-07,1327.873046875,1095.1400146484375
1998-05-08,1357.594970703125,1108.1400146484375
1998-05-11,1354.60595703125,1106.6400146484375
1998-05-12,1349.6490478515625,1115.7900390625
1998-05-13,1369.261962890625,1118.8599853515625
1998-05-14,1367.126953125,1117.3699951171875
1998-05-15,1368.0870361328125,1108.72998046875
1998-05-18,1368.1829833984375,1105.8199462890625
1998-05-19,1362.2919921875,1109.52001953125
1998-05-20,1357.4310302734375,1119.06005859375
1998-05-21,1366.656005859375,1114.6400146484375
1998-05-22,1375.8170166015625,1110.469970703125
1998-05-25,1389.365966796875,
1998-05-26,1390.416015625,1094.02001953125
1998-05-27,1399.5419921875,1092.22998046875
1998-05-28,1397.89501953125,1097.5999755859375
1998-05-29,1411.208984375,1090.8199462890625
1998-06-01,1415.574951171875,1090.97998046875
1998-06-02,1413.0799560546875,1093.219970703125
1998-06-03,1420.0,1082.72998046875
1998-06-04,1406.302978515625,1094.8299560546875
1998-06-05,1408.614013671875,1113.8599853515625
1998-06-08,1403.72998046875,1115.719970703125
1998-06-09,1369.6500244140625,1118.4100341796875
1998-06-10,1368.2969970703125,1112.280029296875
1998-06-11,1347.677001953125,1094.5799560546875
1998-06-12,1383.387939453125,1098.8399658203125
1998-06-15,1365.3409423828125,1077.010009765625
1998-06-16,1348.5880126953125,1087.5899658203125
1998-06-17,1348.9420166015625,1107.1099853515625
1998-06-18,1370.68505859375,1106.3699951171875
1998-06-19,1392.8780517578125,1100.6500244140625
1998-06-22,1399.35595703125,1103.2099609375
1998-06-23,1397.9560546875,1119.489990234375
1998-06-24,1401.741943359375,1132.8800048828125
1998-06-25,1382.0360107421875,1129.280029296875
1998-06-26,1385.6180419921875,1133.199951171875
1998-06-29,1361.4320068359375,1138.489990234375
1998-06-30,1339.2020263671875,1133.8399658203125
1998-07-01,1316.4410400390625,1148.56005859375
1998-07-02,1331.6500244140625,1146.4200439453125
1998-07-03,1335.125,
1998-07-06,1315.282958984375,1157.3299560546875
1998-07-07,1324.4000244140625,1154.6600341796875
1998-07-08,1338.9840087890625,1166.3800048828125
1998-07-09,1343.2320556640625,1158.56005859375
1998-07-10,1360.6190185546875,1164.3299560546875
1998-07-13,1358.81298828125,1165.18994140625
1998-07-14,1336.5579833984375,1177.5799560546875
1998-07-15,1335.4659423828125,1174.81005859375
1998-07-16,1325.633056640625,1183.989990234375
1998-07-17,1314.7149658203125,1186.75
1998-07-20,1287.072998046875,1184.0999755859375
1998-07-21,1313.010009765625,1165.0699462890625
1998-07-22,1299.14794921875,1164.0799560546875
1998-07-23,1316.27099609375,1139.75
1998-07-24,1326.821044921875,1140.800048828125
1998-07-27,1321.8990478515625,1147.27001953125
1998-07-28,1317.946044921875,1130.239990234375
1998-07-29,1311.93994140625,1125.2099609375
1998-07-30,1315.302001953125,1142.949951171875
1998-07-31,1316.9189453125,1120.6700439453125
1998-08-03,1302.10205078125,1112.43994140625
1998-08-04,1293.45703125,1072.1199951171875
1998-08-05,1307.43994140625,1081.4300537109375
1998-08-06,1294.1619873046875,1089.6300048828125
1998-08-07,1271.0689697265625,1089.449951171875
1998-08-10,1234.5810546875,1083.1400146484375
1998-08-11,1207.6719970703125,1068.97998046875
1998-08-12,1190.553955078125,1084.219970703125
1998-08-13,1204.1800537109375,1074.9100341796875
1998-08-14,1168.0260009765625,1062.75
1998-08-17,1070.4100341796875,1083.6700439453125
1998-08-18,1071.300048828125,1101.199951171875
1998-08-19,1126.0810546875,1098.06005859375
1998-08-20,1149.906982421875,1091.5999755859375
1998-08-21,1177.623046875,1081.239990234375
1998-08-24,1178.553955078125,1088.1400146484375
1998-08-25,1179.0660400390625,1092.8499755859375
1998-08-26,1160.2879638671875,1084.18994140625
1998-08-27,1145.2159423828125,1042.5899658203125
1998-08-28,1129.7220458984375,1027.1400146484375
1998-08-31,1150.2230224609375,957.280029296875
1998-09-01,1143.125,994.260009765625
1998-09-02,1136.8900146484375,990.47998046875
1998-09-03,1147.197021484375,982.260009765625
1998-09-04,1163.5269775390625,973.8900146484375
1998-09-07,1178.375,
1998-09-08,1167.5970458984375,1023.4600219726562
1998-09-09,1190.6829833984375,1006.2000122070312
1998-09-10,1213.6739501953125,980.1900024414062
1998-09-11,1218.0050048828125,1009.0599975585938
1998-09-14,1239.60498046875,1029.719970703125
1998-09-15,1230.1259765625,1037.6800537109375
1998-09-16,1252.137939453125,1045.47998046875
1998-09-17,1233.7030029296875,1018.8699951171875
1998-09-18,1207.0009765625,1020.0900268554688
1998-09-21,1222.3790283203125,1023.8900146484375
1998-09-22,1222.634033203125,1029.6300048828125
1998-09-23,1229.862060546875,1066.0899658203125
1998-09-24,1199.06103515625,1042.719970703125
1998-09-25,1221.5780029296875,1044.75
1998-09-28,1230.2110595703125,1048.68994140625
1998-09-29,1231.7469482421875,1049.02001953125
1998-09-30,1242.89599609375,1017.010009765625
1998-10-01,,986.3900146484375
1998-10-02,,1002.5999755859375
1998-10-05,1234.779052734375,988.5599975585938
1998-10-06,1217.45703125,984.5900268554688
1998-10-07,1213.7850341796875,970.6799926757812
1998-10-08,1228.7099609375,959.4400024414062
1998-10-09,1236.9320068359375,984.3900146484375
1998-10-12,1247.14599609375,997.7100219726562
1998-10-13,1244.0679931640625,994.7999877929688
1998-10-14,1240.594970703125,1005.530029296875
1998-10-15,1241.81396484375,1047.489990234375
1998-10-16,1251.5250244140625,1056.4200439453125
1998-10-19,1246.2359619140625,1062.3900146484375
1998-10-20,1243.64501953125,1063.9300537109375
1998-10-21,1207.824951171875,1069.9200439453125
1998-10-22,1216.093994140625,1078.47998046875
1998-10-23,1217.428955078125,1070.6700439453125
1998-10-26,1208.2659912109375,1072.3199462890625
1998-10-27,1216.7879638671875,1065.3399658203125
1998-10-28,1225.928955078125,1068.0899658203125
1998-10-29,1216.760009765625,1085.9300537109375
1998-10-30,1217.3160400390625,1098.6700439453125
1998-11-02,1223.47802734375,1111.5999755859375
1998-11-03,1236.8719482421875,1110.8399658203125
1998-11-04,1235.803955078125,1118.6700439453125
1998-11-05,1253.2750244140625,1133.8499755859375
1998-11-06,1259.7650146484375,1141.010009765625
1998-11-09,1283.1209716796875,1130.199951171875
1998-11-10,1286.5589599609375,1128.260009765625
1998-11-11,1286.198974609375,1120.969970703125
1998-11-12,1282.988037109375,1117.68994140625
1998-11-13,1282.508056640625,1125.719970703125
1998-11-16,1293.7430419921875,1135.8699951171875
1998-11-17,1290.594970703125,1139.3199462890625
1998-11-18,1285.5030517578125,1144.47998046875
1998-11-19,1275.6070556640625,1152.6099853515625
1998-11-20,1275.3740234375,1163.550048828125
1998-11-23,1273.7850341796875,1188.2099609375
1998-11-24,1278.916015625,1182.989990234375
1998-11-25,1263.8499755859375,1186.8699951171875
1998-11-26,1252.8179931640625,
1998-11-27,1245.0810546875,1192.3299560546875
1998-11-30,1247.4169921875,1163.6300048828125
1998-12-01,1234.3580322265625,1175.280029296875
1998-12-02,1236.968994140625,1171.25
1998-12-03,1232.5059814453125,1150.1400146484375
1998-12-04,1219.196044921875,1176.739990234375
1998-12-07,1209.541015625,1187.699951171875
1998-12-08,1223.258056640625,1181.3800048828125
1998-12-09,1224.0870361328125,1183.489990234375
1998-12-10,1204.635009765625,1165.02001953125
1998-12-11,1214.2099609375,1166.4599609375
1998-12-14,1196.2960205078125,1141.199951171875
1998-12-15,1194.843994140625,1162.8299560546875
1998-12-16,1183.06201171875,1161.93994140625
1998-12-17,1160.0899658203125,1179.97998046875
1998-12-18,1155.0899658203125,1188.030029296875
1998-12-21,1154.427978515625,1202.8399658203125
1998-12-22,1185.9659423828125,1203.5699462890625
1998-12-23,1172.511962890625,1228.5400390625
1998-12-24,1168.98095703125,1226.27001953125
1998-12-25,1173.9129638671875,
1998-12-28,1159.93701171875,1225.489990234375
1998-12-29,1142.72900390625,1241.81005859375
1998-12-30,1142.72900390625,1231.9300537109375
1998-12-31,1146.699951171875,1229.22998046875
1999-01-04,1125.8189697265625,1228.0999755859375
1999-01-05,1119.9649658203125,1244.780029296875
1999-01-06,1132.5899658203125,1272.3399658203125
1999-01-07,1137.72900390625,1269.72998046875
1999-01-08,1168.81396484375,1275.0899658203125
1999-01-11,1172.81298828125,1263.8800048828125
1999-01-12,1158.8680419921875,1239.510009765625
1999-01-13,1148.154052734375,1234.4000244140625
1999-01-14,1148.655029296875,1212.18994140625
1999-01-15,1137.3089599609375,1243.260009765625
1999-01-18,1153.1190185546875,
1999-01-19,1158.551025390625,1252.0
1999-01-20,1151.3740234375,1256.6199951171875
1999-01-21,1158.4990234375,1235.1600341796875
1999-01-22,1162.3499755859375,1225.18994140625
1999-01-25,1148.123046875,1233.97998046875
1999-01-26,1138.2099609375,1252.31005859375
1999-01-27,1146.4930419921875,1243.1700439453125
1999-01-28,1140.9749755859375,1265.3699951171875
1999-01-29,1134.6729736328125,1279.6400146484375
1999-02-01,1120.531005859375,1273.0
1999-02-02,1126.404052734375,1261.989990234375
1999-02-03,1116.864990234375,1272.0699462890625
1999-02-04,1103.4969482421875,1248.489990234375
1999-02-05,1081.4420166015625,1239.4000244140625
1999-02-08,1065.8160400390625,1243.77001953125
1999-02-09,1090.0870361328125,1216.1400146484375
1999-02-10,,1223.550048828125
1999-02-11,,1254.0400390625
1999-02-12,,1230.1300048828125
1999-02-16,,1241.8699951171875
1999-02-17,,1224.030029296875
1999-02-18,,1237.280029296875
1999-02-19,,1239.219970703125
1999-02-22,,1272.1400146484375
1999-02-23,,1271.1800537109375
1999-02-24,,1253.4100341796875
1999-02-25,,1245.02001953125
1999-02-26,,1238.3299560546875
1999-03-01,1097.9749755859375,1236.1600341796875
1999-03-02,1100.9189453125,1225.5
1999-03-03,1128.7359619140625,1227.699951171875
1999-03-04,1128.9539794921875,1246.6400146484375
1999-03-05,1132.3570556640625,1275.469970703125
1999-03-08,1142.1070556640625,1282.72998046875
1999-03-09,1136.9410400390625,1279.8399658203125
1999-03-10,1132.7359619140625,1286.8399658203125
1999-03-11,1149.925048828125,1297.6800537109375
1999-03-12,1158.7020263671875,1294.5899658203125
1999-03-15,1164.6390380859375,1307.260009765625
1999-03-16,1166.9300537109375,1306.3800048828125
1999-03-17,1159.095947265625,1297.8199462890625
1999-03-18,1151.990966796875,1316.550048828125
1999-03-19,1172.9210205078125,1299.2900390625
1999-03-22,1172.7430419921875,1297.010009765625
1999-03-23,1170.948974609375,1262.1400146484375
1999-03-24,1169.0340576171875,1268.5899658203125
1999-03-25,1156.85400390625,1289.989990234375
1999-03-26,1161.1199951171875,1282.800048828125
1999-03-29,1169.489013671875,1310.1700439453125
1999-03-30,1157.5069580078125,1300.75
1999-03-31,1158.053955078125,1286.3699951171875
1999-04-01,1168.5040283203125,1293.719970703125
1999-04-02,1184.4019775390625,
1999-04-05,1194.468994140625,1321.1199951171875
1999-04-06,1199.5999755859375,1317.8900146484375
1999-04-07,1201.634033203125,1326.8900146484375
1999-04-08,1202.468994140625,1343.97998046875
1999-04-09,1205.1390380859375,1348.3499755859375
1999-04-12,1195.3370361328125,1358.6300048828125
1999-04-13,1178.1920166015625,1349.8199462890625
1999-04-14,1181.5169677734375,1328.43994140625
1999-04-15,,1322.8499755859375
1999-04-16,1166.237060546875,1319.0
1999-04-19,1159.4730224609375,1289.47998046875
1999-04-20,1171.60302734375,1306.1700439453125
1999-04-21,1144.06494140625,1336.1199951171875
1999-04-22,1137.1619873046875,1358.8199462890625
1999-04-23,1139.9969482421875,1356.8499755859375
1999-04-26,1112.791015625,1360.0400390625
1999-04-27,1091.6949462890625,1362.800048828125
1999-04-28,1091.0889892578125,1350.9100341796875
1999-04-29,1116.405029296875,1342.8299560546875
1999-04-30,1120.927001953125,1335.1800537109375
1999-05-03,,1354.6300048828125
1999-05-04,1111.927001953125,1332.0
1999-05-05,1116.9320068359375,1347.31005859375
1999-05-06,1128.2239990234375,1332.050048828125
1999-05-07,1120.738037109375,1345.0
1999-05-10,1071.927001953125,1340.300048828125
1999-05-11,1095.4019775390625,1355.6099853515625
1999-05-12,1099.9959716796875,1364.0
1999-05-13,1088.863037109375,1367.56005859375
1999-05-14,1063.2769775390625,1337.800048828125
1999-05-17,1065.5570068359375,1339.489990234375
1999-05-18,1059.8740234375,1333.3199462890625
1999-05-19,1109.0889892578125,1344.22998046875
1999-05-20,1147.70703125,1338.8299560546875
1999-05-21,1168.719970703125,1330.2900390625
1999-05-24,1213.654052734375,1306.6500244140625
1999-05-25,1202.885009765625,1284.4000244140625
1999-05-26,1236.0460205078125,1304.760009765625
1999-05-27,1283.02001953125,1281.4100341796875
1999-05-28,1277.1500244140625,1301.8399658203125
1999-05-31,1279.3260498046875,
1999-06-01,1311.593994140625,1294.260009765625
1999-06-02,1287.9310302734375,1294.81005859375
1999-06-03,1268.323974609375,1299.5400390625
1999-06-04,1285.5789794921875,1327.75
1999-06-07,1326.5179443359375,1334.52001953125
1999-06-08,1333.64404296875,1317.3299560546875
1999-06-09,1348.60595703125,1318.6400146484375
1999-06-10,1364.344970703125,1302.8199462890625
1999-06-11,1364.3480224609375,1293.6400146484375
1999-06-14,1427.70703125,1294.0
1999-06-15,1387.592041015625,1301.1600341796875
1999-06-16,1460.16796875,1330.4100341796875
1999-06-17,1501.0069580078125,1339.9000244140625
1999-06-18,1498.9150390625,1342.8399658203125
1999-06-21,1546.407958984375,1349.0
1999-06-22,1564.4439697265625,1335.8800048828125
1999-06-23,1606.5,1333.06005859375
1999-06-24,1654.1099853515625,1315.780029296875
1999-06-25,1593.8590087890625,1315.31005859375
1999-06-28,1693.1600341796875,1331.3499755859375
1999-06-29,1739.2049560546875,1351.449951171875
1999-06-30,1689.427978515625,1372.7099609375
1999-07-01,1560.7869873046875,1380.9599609375
1999-07-02,1561.3890380859375,1391.219970703125
1999-07-05,1581.8189697265625,
1999-07-06,1517.2530517578125,1388.1199951171875
1999-07-07,1568.6519775390625,1395.8599853515625
1999-07-08,1577.987060546875,1394.4200439453125
1999-07-09,1584.75,1403.280029296875
1999-07-12,1559.7320556640625,1399.0999755859375
1999-07-13,1524.821044921875,1393.56005859375
1999-07-14,1559.52001953125,1398.1700439453125
1999-07-15,1549.3360595703125,1409.6199951171875
1999-07-16,1519.740966796875,1418.780029296875
1999-07-19,1479.0760498046875,1407.6500244140625
1999-07-20,1574.60302734375,1377.0999755859375
1999-07-21,1609.81103515625,1379.2900390625
1999-07-22,1550.72998046875,1360.969970703125
1999-07-23,1585.97998046875,1356.93994140625
1999-07-26,1602.031005859375,1347.760009765625
1999-07-27,1590.7130126953125,1362.8399658203125
1999-07-28,1597.198974609375,1365.4000244140625
1999-07-29,1595.8599853515625,1341.030029296875
1999-07-30,1601.458984375,1328.719970703125
1999-08-02,1616.2760009765625,1328.050048828125
1999-08-03,1626.8409423828125,1322.1800537109375
1999-08-04,1649.1280517578125,1305.3299560546875
1999-08-05,1653.5369873046875,1313.7099609375
1999-08-06,1646.593017578125,1300.2900390625
1999-08-09,1628.8360595703125,1297.800048828125
1999-08-10,1602.14697265625,1281.4300537109375
1999-08-11,1583.4010009765625,1301.9300537109375
1999-08-12,1575.6419677734375,1298.1600341796875
1999-08-13,1571.9010009765625,1327.6800537109375
1999-08-16,1560.0679931640625,1330.77001953125
1999-08-17,1576.405029296875,1344.1600341796875
1999-08-18,1581.928955078125,1332.8399658203125
1999-08-19,1637.7430419921875,1323.5899658203125
1999-08-20,1628.9339599609375,1336.6099853515625
1999-08-23,1644.9990234375,1360.219970703125
1999-08-24,1648.468994140625,1363.5
1999-08-25,1625.7650146484375,1381.7900390625
1999-08-26,1638.2330322265625,1362.010009765625
1999-08-27,1633.9000244140625,1348.27001953125
1999-08-30,1619.0389404296875,1324.02001953125
1999-08-31,1627.115966796875,1320.4100341796875
1999-09-01,1599.552001953125,1331.0699462890625
1999-09-02,1611.9580078125,1319.1099853515625
1999-09-03,1587.886962890625,1357.239990234375
1999-09-06,1560.677978515625,
1999-09-07,1562.779052734375,1350.449951171875
1999-09-08,1571.5980224609375,1344.1500244140625
1999-09-09,1675.1219482421875,1347.6600341796875
1999-09-10,1659.928955078125,1351.6600341796875
1999-09-13,1670.1429443359375,1344.1300048828125
1999-09-14,1672.8919677734375,1336.2900390625
1999-09-15,1662.802978515625,1317.969970703125
1999-09-16,1645.510986328125,1318.47998046875
1999-09-17,1648.5579833984375,1335.4200439453125
1999-09-20,1633.8349609375,1335.530029296875
1999-09-21,1625.5880126953125,1307.5799560546875
1999-09-22,1617.0570068359375,1310.510009765625
1999-09-23,1604.2030029296875,1280.4100341796875
1999-09-24,1619.3260498046875,1277.3599853515625
1999-09-27,1602.157958984375,1283.31005859375
1999-09-28,1591.4320068359375,1282.199951171875
1999-09-29,1584.9539794921875,1268.3699951171875
1999-09-30,1570.7020263671875,1282.7099609375
1999-10-01,,1282.81005859375
1999-10-04,,1304.5999755859375
1999-10-05,,1301.3499755859375
1999-10-06,,1325.4000244140625
1999-10-07,,1317.6400146484375
1999-10-08,1534.5150146484375,1336.02001953125
1999-10-11,1522.47998046875,1335.2099609375
1999-10-12,1537.7960205078125,1313.0400390625
1999-10-13,1507.4219970703125,1285.550048828125
1999-10-14,1508.7259521484375,1283.4200439453125
1999-10-15,1543.7979736328125,1247.4100341796875
1999-10-18,1501.6650390625,1254.1300048828125
1999-10-19,1470.9000244140625,1261.3199462890625
1999-10-20,1485.8270263671875,1289.4300537109375
1999-10-21,1458.530029296875,1283.6099853515625
1999-10-22,1497.4620361328125,1301.6500244140625
1999-10-25,1468.2659912109375,1293.6300048828125
1999-10-26,1482.6669921875,1281.9100341796875
1999-10-27,1536.821044921875,1296.7099609375
1999-10-28,1514.5250244140625,1342.43994140625
1999-10-29,1504.56298828125,1362.9300537109375
1999-11-01,1493.095947265625,1354.1199951171875
1999-11-02,1487.468994140625,1347.739990234375
1999-11-03,1475.6839599609375,1354.9300537109375
1999-11-04,1464.8280029296875,1362.6400146484375
1999-11-05,1465.2320556640625,1370.22998046875
1999-11-08,1471.375,1377.010009765625
1999-11-09,1464.030029296875,1365.280029296875
1999-11-10,1450.1519775390625,1373.4599609375
1999-11-11,1443.905029296875,1381.4599609375
1999-11-12,1450.3270263671875,1396.06005859375
1999-11-15,1451.5360107421875,1394.3900146484375
1999-11-16,1431.3189697265625,1420.0699462890625
1999-11-17,1462.7900390625,1410.7099609375
1999-11-18,1482.4520263671875,1424.93994140625
1999-11-19,1468.4720458984375,1422.0
1999-11-22,1464.5880126953125,1420.93994140625
1999-11-23,1466.4339599609375,1404.6400146484375
1999-11-24,1454.5780029296875,1417.0799560546875
1999-11-25,1444.240966796875,
1999-11-26,1444.512939453125,1416.6199951171875
1999-11-29,1435.468017578125,1407.8299560546875
1999-11-30,1434.9730224609375,1388.9100341796875
1999-12-01,1447.115966796875,1397.719970703125
1999-12-02,1435.8370361328125,1409.0400390625
1999-12-03,1437.2330322265625,1433.300048828125
1999-12-06,1426.9949951171875,1423.3299560546875
1999-12-07,1428.260986328125,1409.1700439453125
1999-12-08,1424.8480224609375,1403.8800048828125
1999-12-09,1416.7259521484375,1408.1099853515625
1999-12-10,1428.93896484375,1417.0400390625
1999-12-13,1417.1070556640625,1415.219970703125
1999-12-14,1422.262939453125,1403.1700439453125
1999-12-15,1451.0570068359375,1413.3299560546875
1999-12-16,1434.866943359375,1418.780029296875
1999-12-17,1419.551025390625,1421.030029296875
1999-12-20,,1418.0899658203125
1999-12-21,1395.4969482421875,1433.4300537109375
1999-12-22,1387.510009765625,1436.1300048828125
1999-12-23,1369.4610595703125,1458.3399658203125
1999-12-24,1355.366943359375,
1999-12-27,1345.35205078125,1457.0999755859375
1999-12-28,1348.821044921875,1457.6600341796875
1999-12-29,1356.926025390625,1463.4599609375
1999-12-30,1366.5799560546875,1464.469970703125
1999-12-31,,1469.25
2000-01-03,,1455.219970703125
2000-01-04,1406.3709716796875,1399.4200439453125
2000-01-05,1409.6820068359375,1402.1099853515625
2000-01-06,1463.9420166015625,1403.449951171875
2000-01-07,1516.60400390625,1441.469970703125
2000-01-10,1545.112060546875,1457.5999755859375
2000-01-11,1479.781005859375,1438.56005859375
2000-01-12,1438.02001953125,1432.25
2000-01-13,1424.4420166015625,1449.6800537109375
2000-01-14,1408.8480224609375,1465.1500244140625
2000-01-17,1433.3299560546875,
2000-01-18,1426.623046875,1455.1400146484375
2000-01-19,1440.7239990234375,1455.9000244140625
2000-01-20,1466.863037109375,1445.5699462890625
2000-01-21,1465.0849609375,1441.3599853515625
2000-01-24,1477.343994140625,1401.530029296875
2000-01-25,1476.5059814453125,1410.030029296875
2000-01-26,1481.116943359375,1404.0899658203125
2000-01-27,1506.7669677734375,1398.56005859375
2000-01-28,1534.9969482421875,1360.1600341796875
2000-01-31,,1394.4599609375
2000-02-01,,1409.280029296875
2000-02-02,,1409.1199951171875
2000-02-03,,1424.969970703125
2000-02-04,,1424.3699951171875
2000-02-07,,1424.239990234375
2000-02-08,,1441.719970703125
2000-02-09,,1411.7099609375
2000-02-10,,1416.8299560546875
2000-02-11,,1387.1199951171875
2000-02-14,1673.9429931640625,1389.93994140625
2000-02-15,1670.6700439453125,1402.050048828125
2000-02-16,1693.1090087890625,1387.6700439453125
2000-02-17,1640.6490478515625,1388.260009765625
2000-02-18,1668.0909423828125,1346.0899658203125
2000-02-21,1677.135986328125,
2000-02-22,1632.2939453125,1352.1700439453125
2000-02-23,1594.9300537109375,1360.68994140625
2000-02-24,1634.3089599609375,1353.4300537109375
2000-02-25,1631.5760498046875,1333.3599853515625
2000-02-28,1704.85498046875,1348.050048828125
2000-02-29,1714.5780029296875,1366.4200439453125
2000-03-01,1704.85498046875,1379.18994140625
2000-03-02,1713.0140380859375,1381.760009765625
2000-03-03,1738.02099609375,1409.1700439453125
2000-03-06,1681.0849609375,1391.280029296875
2000-03-07,1694.7979736328125,1355.6199951171875
2000-03-08,1726.032958984375,1366.699951171875
2000-03-09,1732.345947265625,1401.68994140625
2000-03-10,1705.0489501953125,1395.0699462890625
2000-03-13,1728.886962890625,1383.6199951171875
2000-03-14,1685.3470458984375,1359.1500244140625
2000-03-15,1681.470947265625,1392.1400146484375
2000-03-16,1607.5269775390625,1458.469970703125
2000-03-17,1658.6009521484375,1464.469970703125
2000-03-20,1699.248046875,1456.6300048828125
2000-03-21,1710.323974609375,1493.8699951171875
2000-03-22,1720.446044921875,1500.6400146484375
2000-03-23,1747.240966796875,1527.3499755859375
2000-03-24,1730.4990234375,1527.4599609375
2000-03-27,1775.9139404296875,1523.8599853515625
2000-03-28,1791.4410400390625,1507.72998046875
2000-03-29,1788.8070068359375,1508.52001953125
2000-03-30,1810.9840087890625,1487.9200439453125
2000-03-31,1800.2249755859375,1498.5799560546875
2000-04-03,1801.0030517578125,1505.969970703125
2000-04-04,1760.6920166015625,1494.72998046875
2000-04-05,1771.198974609375,1487.3699951171875
2000-04-06,1809.1409912109375,1501.3399658203125
2000-04-07,1819.89599609375,1516.3499755859375
2000-04-10,1826.06103515625,1504.4599609375
2000-04-11,1821.1739501953125,1500.5899658203125
2000-04-12,1807.3280029296875,1467.1700439453125
2000-04-13,1831.5479736328125,1440.510009765625
2000-04-14,1833.6650390625,1356.56005859375
2000-04-17,1795.0579833984375,1401.43994140625
2000-04-18,1813.4949951171875,1441.6099853515625
2000-04-19,1828.7099609375,1427.469970703125
2000-04-20,1847.0269775390625,1434.5400390625
2000-04-21,1841.06396484375,
2000-04-24,1837.39794921875,1429.8599853515625
2000-04-25,1833.468994140625,1477.43994140625
2000-04-26,1832.779052734375,1460.989990234375
2000-04-27,1806.8299560546875,1464.9200439453125
2000-04-28,1836.321044921875,1452.4300537109375
2000-05-01,,1468.25
2000-05-02,,1446.2900390625
2000-05-03,,1415.0999755859375
2000-05-04,,1409.5699462890625
2000-05-05,,1432.6300048828125
2000-05-08,1836.636962890625,1424.1700439453125
2000-05-09,1806.637939453125,1412.1400146484375
2000-05-10,1752.68896484375,1383.050048828125
2000-05-11,1724.0479736328125,1407.81005859375
2000-05-12,1720.6080322265625,1420.9599609375
2000-05-15,1704.5870361328125,1452.3599853515625
2000-05-16,1724.5379638671875,1466.0400390625
2000-05-17,1725.39794921875,1447.800048828125
2000-05-18,1758.5369873046875,1437.2099609375
2000-05-19,1777.8280029296875,1406.949951171875
2000-05-22,1824.7359619140625,1400.719970703125
2000-05-23,1832.074951171875,1373.8599853515625
2000-05-24,1855.4930419921875,1399.050048828125
2000-05-25,1880.7039794921875,1381.52001953125
2000-05-26,1879.616943359375,1378.02001953125
2000-05-29,1898.748046875,
2000-05-30,1877.470947265625,1422.449951171875
2000-05-31,1894.553955078125,1420.5999755859375
2000-06-01,1903.488037109375,1448.81005859375
2000-06-02,1916.25,1477.260009765625
2000-06-05,1899.092041015625,1467.6300048828125
2000-06-06,1925.5439453125,1457.8399658203125
2000-06-07,1935.031005859375,1471.3599853515625
2000-06-08,1925.2060546875,1461.6700439453125
2000-06-09,1900.7869873046875,1456.949951171875
2000-06-12,1912.5570068359375,1446.0
2000-06-13,1938.6739501953125,1469.43994140625
2000-06-14,1932.2900390625,1470.5400390625
2000-06-15,1942.2850341796875,1478.72998046875
2000-06-16,1926.9439697265625,1464.4599609375
2000-06-19,1915.2049560546875,1486.0
2000-06-20,1895.3480224609375,1475.949951171875
2000-06-21,1913.1309814453125,1479.1300048828125
2000-06-22,1913.9010009765625,1452.1800537109375
2000-06-23,1939.626953125,1441.47998046875
2000-06-26,1948.6390380859375,1455.31005859375
2000-06-27,1942.89794921875,1450.550048828125
2000-06-28,1947.781005859375,1454.8199462890625
2000-06-29,1937.260986328125,1442.3900146484375
2000-06-30,1928.10595703125,1454.5999755859375
2000-07-03,1895.636962890625,1469.5400390625
2000-07-04,1907.9310302734375,
2000-07-05,1909.18701171875,1446.22998046875
2000-07-06,1902.552001953125,1456.6700439453125
2000-07-07,1932.7919921875,1478.9000244140625
2000-07-10,1948.02099609375,1475.6199951171875
2000-07-11,1960.541015625,1480.8800048828125
2000-07-12,1973.3740234375,1492.9200439453125
2000-07-13,1979.2010498046875,1495.8399658203125
2000-07-14,1987.1920166015625,1509.97998046875
2000-07-17,1982.47900390625,1510.489990234375
2000-07-18,1993.9859619140625,1493.739990234375
2000-07-19,1998.426025390625,1481.9599609375
2000-07-20,1991.56005859375,1495.5699462890625
2000-07-21,1996.3360595703125,1480.18994140625
2000-07-24,1989.239013671875,1464.2900390625
2000-07-25,1996.5770263671875,1474.469970703125
2000-07-26,2012.3189697265625,1452.4200439453125
2000-07-27,2012.3499755859375,1449.6199951171875
2000-07-28,2012.79296875,1419.8900146484375
2000-07-31,2023.5389404296875,1430.8299560546875
2000-08-01,2028.1510009765625,1438.0999755859375
2000-08-02,2030.6829833984375,1438.699951171875
2000-08-03,2036.301025390625,1452.56005859375
2000-08-04,2026.3609619140625,1462.9300537109375
2000-08-07,2039.4189453125,1479.3199462890625
2000-08-08,2049.916015625,1482.800048828125
2000-08-09,2061.179931640625,1472.8699951171875
2000-08-10,2065.943115234375,1460.25
2000-08-11,2062.666015625,1471.8399658203125
2000-08-14,2076.305908203125,1491.56005859375
2000-08-15,2076.822998046875,1484.4300537109375
2000-08-16,2083.467041015625,1479.8499755859375
2000-08-17,2091.5859375,1496.0699462890625
2000-08-18,2090.18310546875,1491.719970703125
2000-08-21,2108.68994140625,1499.47998046875
2000-08-22,2074.702880859375,1498.1300048828125
2000-08-23,2057.9189453125,1505.969970703125
2000-08-24,2071.160888671875,1508.31005859375
2000-08-25,2086.702880859375,1506.449951171875
2000-08-28,2100.5849609375,1514.0899658203125
2000-08-29,2105.47607421875,1509.8399658203125
2000-08-30,2076.14306640625,1502.5899658203125
2000-08-31,2021.198974609375,1517.6800537109375
2000-09-01,1999.8590087890625,1520.77001953125
2000-09-04,2010.60205078125,
2000-09-05,1963.7919921875,1507.0799560546875
2000-09-06,1925.906982421875,1492.25
2000-09-07,1950.6629638671875,1502.510009765625
2000-09-08,1959.31201171875,1494.5
2000-09-11,1972.04296875,1489.260009765625
2000-09-12,1979.094970703125,1481.989990234375
2000-09-13,1988.93603515625,1484.9100341796875
2000-09-14,1979.5050048828125,1480.8699951171875
2000-09-15,1978.4339599609375,1465.81005859375
2000-09-18,1946.7530517578125,1444.510009765625
2000-09-19,1903.154052734375,1459.9000244140625
2000-09-20,1922.2889404296875,1451.3399658203125
2000-09-21,1907.3060302734375,1449.050048828125
2000-09-22,1891.9840087890625,1448.719970703125
2000-09-25,1875.9110107421875,1439.030029296875
2000-09-26,1887.8289794921875,1427.2099609375
2000-09-27,1914.0860595703125,1426.5699462890625
2000-09-28,1889.2889404296875,1458.2900390625
2000-09-29,1910.1610107421875,1436.510009765625
2000-10-02,,1436.22998046875
2000-10-03,,1426.4599609375
2000-10-04,,1434.3199462890625
2000-10-05,,1436.280029296875
2000-10-06,,1408.989990234375
2000-10-09,1915.3499755859375,1402.030029296875
2000-10-10,1942.1490478515625,1387.02001953125
2000-10-11,1933.7259521484375,1364.5899658203125
2000-10-12,1926.323974609375,1329.780029296875
2000-10-13,1918.156982421875,1374.1700439453125
2000-10-16,1902.8089599609375,1374.6199951171875
2000-10-17,1909.489990234375,1349.969970703125
2000-10-18,1922.844970703125,1342.1300048828125
2000-10-19,1913.4200439453125,1388.760009765625
2000-10-20,1947.4549560546875,1396.9300537109375
2000-10-23,1958.93798828125,1395.780029296875
2000-10-24,1956.343994140625,1398.1300048828125
2000-10-25,1977.2540283203125,1364.9000244140625
2000-10-26,1967.6729736328125,1364.43994140625
2000-10-27,1967.405029296875,1379.5799560546875
2000-10-30,1973.5780029296875,1398.6600341796875
2000-10-31,1961.2869873046875,1429.4000244140625
2000-11-01,1977.363037109375,1421.219970703125
2000-11-02,1984.260009765625,1428.3199462890625
2000-11-03,1981.6309814453125,1426.68994140625
2000-11-06,1991.1729736328125,1432.18994140625
2000-11-07,1997.0770263671875,1431.8699951171875
2000-11-08,2012.907958984375,1409.280029296875
2000-11-09,2032.4820556640625,1400.1400146484375
2000-11-10,2047.4580078125,1365.97998046875
2000-11-13,2070.7880859375,1351.260009765625
2000-11-14,2085.117919921875,1382.949951171875
2000-11-15,2081.905029296875,1389.81005859375
2000-11-16,2095.98388671875,1372.3199462890625
2000-11-17,2093.235107421875,1367.719970703125
2000-11-20,2101.388916015625,1342.6199951171875
2000-11-21,2097.98193359375,1347.3499755859375
2000-11-22,2113.302978515625,1322.3599853515625
2000-11-23,2119.43896484375,
2000-11-24,2053.3701171875,1341.77001953125
2000-11-27,2049.6708984375,1348.969970703125
2000-11-28,2079.39599609375,1336.0899658203125
2000-11-29,2064.794921875,1341.9300537109375
2000-11-30,2070.613037109375,1314.949951171875
2000-12-01,2081.843017578125,1315.22998046875
2000-12-04,2092.138916015625,1324.969970703125
2000-12-05,2091.669921875,1376.5400390625
2000-12-06,2075.626953125,1351.4599609375
2000-12-07,2075.0439453125,1343.550048828125
2000-12-08,2073.1630859375,1369.8900146484375
2000-12-11,2046.0760498046875,1380.199951171875
2000-12-12,2059.052978515625,1371.1800537109375
2000-12-13,2056.1201171875,1359.989990234375
2000-12-14,2051.0791015625,1340.9300537109375
2000-12-15,2039.364013671875,1312.1500244140625
2000-12-18,2044.5450439453125,1322.739990234375
2000-12-19,2049.031982421875,1305.5999755859375
2000-12-20,2071.26806640625,1264.739990234375
2000-12-21,2076.885986328125,1274.8599853515625
2000-12-22,2069.76806640625,1305.949951171875
2000-12-26,2076.26611328125,1315.18994140625
2000-12-27,2058.243896484375,1328.9200439453125
2000-12-28,2053.7041015625,1334.219970703125
2000-12-29,2073.47705078125,1320.280029296875
2001-01-02,2103.468994140625,1283.27001953125
2001-01-03,2123.89892578125,1347.56005859375
2001-01-04,2117.405029296875,1333.3399658203125
2001-01-05,2125.300048828125,1298.3499755859375
2001-01-08,2102.06396484375,1295.8599853515625
2001-01-09,2101.135009765625,1300.800048828125
2001-01-10,2125.614990234375,1313.27001953125
2001-01-11,2119.14111328125,1326.8199462890625
2001-01-12,2104.7470703125,1318.550048828125
2001-01-15,2032.4429931640625,
2001-01-16,2045.886962890625,1326.6500244140625
2001-01-17,2034.583984375,1329.469970703125
2001-01-18,2043.1099853515625,1347.969970703125
2001-01-19,2065.60595703125,1342.5400390625
2001-01-22,,1342.9000244140625
2001-01-23,,1360.4000244140625
2001-01-24,,1364.300048828125
2001-01-25,,1357.510009765625
2001-01-26,,1354.949951171875
2001-01-29,,1364.1700439453125
2001-01-30,,1373.72998046875
2001-01-31,,1366.010009765625
2001-02-01,,1373.469970703125
2001-02-02,,1349.469970703125
2001-02-05,2008.031982421875,1354.31005859375
2001-02-06,1995.31494140625,1352.260009765625
2001-02-07,1979.93896484375,1340.8900146484375
2001-02-08,1930.137939453125,1332.530029296875
2001-02-09,1956.969970703125,1314.760009765625
2001-02-12,1961.220947265625,1330.31005859375
2001-02-13,1963.5279541015625,1318.800048828125
2001-02-14,1963.199951171875,1315.9200439453125
2001-02-15,1946.47900390625,1326.6099853515625
2001-02-16,1941.9639892578125,1301.530029296875
2001-02-19,1967.550048828125,
2001-02-20,1953.218017578125,1278.93994140625
2001-02-21,1909.3260498046875,1255.27001953125
2001-02-22,1907.260009765625,1252.8199462890625
2001-02-23,1936.345947265625,1245.8599853515625
2001-02-26,1954.6929931640625,1267.6500244140625
2001-02-27,1962.0419921875,1257.93994140625
2001-02-28,1959.1800537109375,1239.93994140625
2001-03-01,1965.1209716796875,1241.22998046875
2001-03-02,1985.1109619140625,1234.1800537109375
2001-03-05,1984.199951171875,1241.4100341796875
2001-03-06,1990.06005859375,1253.800048828125
2001-03-07,1991.177001953125,1261.8900146484375
2001-03-08,2000.9000244140625,1264.739990234375
2001-03-09,2011.6600341796875,1233.4200439453125
2001-03-12,2012.552001953125,1180.1600341796875
2001-03-13,1998.698974609375,1197.6600341796875
2001-03-14,2018.615966796875,1166.7099609375
2001-03-15,2022.6009521484375,1173.56005859375
2001-03-16,2020.2359619140625,1150.530029296875
2001-03-19,2036.616943359375,1170.81005859375
2001-03-20,2045.79296875,1142.6199951171875
2001-03-21,2066.389892578125,1122.1400146484375
2001-03-22,2087.531982421875,1117.5799560546875
2001-03-23,2053.5390625,1139.8299560546875
2001-03-26,2089.881103515625,1152.68994140625
2001-03-27,2107.258056640625,1182.1700439453125
2001-03-28,2106.8740234375,1153.2900390625
2001-03-29,2101.657958984375,1147.949951171875
2001-03-30,2112.77490234375,1160.3299560546875
2001-04-02,2125.083984375,1145.8699951171875
2001-04-03,2123.052001953125,1106.4599609375
2001-04-04,2090.718994140625,1103.25
2001-04-05,2112.60009765625,1151.43994140625
2001-04-06,2108.60595703125,1128.4300537109375
2001-04-09,2117.366943359375,1137.5899658203125
2001-04-10,2128.47900390625,1168.3800048828125
2001-04-11,2131.39697265625,1165.8900146484375
2001-04-12,2134.798095703125,1183.5
2001-04-13,2145.39990234375,
2001-04-16,2168.05908203125,1179.6800537109375
2001-04-17,2176.678955078125,1191.81005859375
2001-04-18,2172.56396484375,1238.1600341796875
2001-04-19,2172.8701171875,1253.68994140625
2001-04-20,2152.3349609375,1242.97998046875
2001-04-23,2150.426025390625,1224.3599853515625
2001-04-24,2166.174072265625,1209.469970703125
2001-04-25,2119.179931640625,1228.75
2001-04-26,2105.055908203125,1234.52001953125
2001-04-27,2115.10888671875,1253.050048828125
2001-04-30,2119.18408203125,1249.4599609375
2001-05-01,,1266.43994140625
2001-05-02,,1267.4300537109375
2001-05-03,,1248.5799560546875
2001-05-04,,1266.6099853515625
2001-05-07,,1263.510009765625
2001-05-08,2137.993896484375,1261.199951171875
2001-05-09,2132.889892578125,1255.5400390625
2001-05-10,2147.282958984375,1255.1800537109375
2001-05-11,2155.405029296875,1245.6700439453125
2001-05-14,2178.466064453125,1248.9200439453125
2001-05-15,2191.06396484375,1249.43994140625
2001-05-16,2199.5048828125,1284.989990234375
2001-05-17,2194.64697265625,1288.489990234375
2001-05-18,2203.3720703125,1291.9599609375
2001-05-21,2213.594970703125,1312.8299560546875
2001-05-22,2210.3369140625,1309.3800048828125
2001-05-23,2197.594970703125,1289.050048828125
2001-05-24,2198.297119140625,1293.1700439453125
2001-05-25,2193.575927734375,1277.8900146484375
2001-05-28,2179.698974609375,
2001-05-29,2180.27587890625,1267.9300537109375
2001-05-30,2211.200927734375,1248.0799560546875
2001-05-31,2214.257080078125,1255.8199462890625
2001-06-01,2219.591064453125,1260.6700439453125
2001-06-04,2226.779052734375,1267.1099853515625
2001-06-05,2234.987060546875,1283.5699462890625
2001-06-06,2238.5009765625,1270.030029296875
2001-06-07,2229.81201171875,1276.9599609375
2001-06-08,2223.068115234375,1264.9599609375
2001-06-11,2214.623046875,1254.3900146484375
2001-06-12,2222.958984375,1255.8499755859375
2001-06-13,2242.423095703125,1241.5999755859375
2001-06-14,2202.39794921875,1219.8699951171875
2001-06-15,2210.969970703125,1214.3599853515625
2001-06-18,2167.64697265625,1208.4300537109375
2001-06-19,2170.4541015625,1212.5799560546875
2001-06-20,2163.123046875,1223.1400146484375
2001-06-21,2189.14501953125,1237.0400390625
2001-06-22,2206.06689453125,1225.3499755859375
2001-06-25,2230.197021484375,1218.5999755859375
2001-06-26,2233.591064453125,1216.760009765625
2001-06-27,2229.827880859375,1211.0699462890625
2001-06-28,2219.25,1226.199951171875
2001-06-29,2218.029052734375,1224.3800048828125
2001-07-02,2205.985107421875,1236.719970703125
2001-07-03,2211.830078125,1234.449951171875
2001-07-04,2202.05810546875,
2001-07-05,2181.6630859375,1219.239990234375
2001-07-06,2170.52099609375,1190.5899658203125
2001-07-09,2169.655029296875,1198.780029296875
2001-07-10,2189.784912109375,1181.52001953125
2001-07-11,2168.739990234375,1180.1800537109375
2001-07-12,2165.490966796875,1208.1400146484375
2001-07-13,2161.340087890625,1215.6800537109375
2001-07-16,2146.236083984375,1202.449951171875
2001-07-17,2140.98095703125,1214.43994140625
2001-07-18,2146.541015625,1207.7099609375
2001-07-19,2150.264892578125,1215.02001953125
2001-07-20,2179.6240234375,1210.8499755859375
2001-07-23,2169.007080078125,1191.030029296875
2001-07-24,2136.4541015625,1171.6500244140625
2001-07-25,2112.256103515625,1190.489990234375
2001-07-26,2094.009033203125,1202.9300537109375
2001-07-27,2065.72802734375,1205.8199462890625
2001-07-30,1956.822998046875,1204.52001953125
2001-07-31,1920.3179931640625,1211.22998046875
2001-08-01,1986.927978515625,1215.9300537109375
2001-08-02,1957.02294921875,1220.75
2001-08-03,1958.6920166015625,1214.3499755859375
2001-08-06,1882.1259765625,1200.47998046875
2001-08-07,1903.9320068359375,1204.4000244140625
2001-08-08,1895.1689453125,1183.530029296875
2001-08-09,1924.5899658203125,1183.4300537109375
2001-08-10,1955.0360107421875,1190.1600341796875
2001-08-13,1955.0999755859375,1191.2900390625
2001-08-14,1939.5419921875,1186.72998046875
2001-08-15,1947.3590087890625,1178.02001953125
2001-08-16,1919.64501953125,1181.6600341796875
2001-08-17,1924.0030517578125,1161.969970703125
2001-08-20,1934.489013671875,1171.4100341796875
2001-08-21,1938.8709716796875,1157.260009765625
2001-08-22,1903.446044921875,1165.31005859375
2001-08-23,1902.989990234375,1162.0899658203125
2001-08-24,1886.800048828125,1184.9300537109375
2001-08-27,1827.25,1179.2099609375
2001-08-28,1843.385009765625,1161.510009765625
2001-08-29,1847.5360107421875,1148.56005859375
2001-08-30,1839.6309814453125,1129.030029296875
2001-08-31,1834.137939453125,1133.5799560546875
2001-09-03,1817.18994140625,
2001-09-04,1862.3599853515625,1132.93994140625
2001-09-05,1868.27001953125,1131.739990234375
2001-09-06,1861.56103515625,1106.4000244140625
2001-09-07,1808.843994140625,1085.780029296875
2001-09-10,1856.529052734375,1092.5400390625
2001-09-11,1863.780029296875,
2001-09-12,1852.60400390625,
2001-09-13,1839.9090576171875,
2001-09-14,1818.3819580078125,
2001-09-17,1784.6080322265625,1038.77001953125
2001-09-18,1798.6219482421875,1032.739990234375
2001-09-19,1822.6949462890625,1016.0999755859375
2001-09-20,1818.4189453125,984.5399780273438
2001-09-21,1807.01904296875,965.7999877929688
2001-09-24,1794.9610595703125,1003.4500122070312
2001-09-25,1793.884033203125,1012.27001953125
2001-09-26,1767.81396484375,1007.0399780273438
2001-09-27,1764.9320068359375,1018.6099853515625
2001-09-28,1764.866943359375,1040.93994140625
2001-10-01,,1038.550048828125
2001-10-02,,1051.3299560546875
2001-10-03,,1072.280029296875
2001-10-04,,1069.6300048828125
2001-10-05,,1071.3800048828125
2001-10-08,1726.532958984375,1062.43994140625
2001-10-09,1744.6400146484375,1056.75
2001-10-10,1686.612060546875,1080.989990234375
2001-10-11,1638.3260498046875,1097.4300537109375
2001-10-12,1691.3260498046875,1091.6500244140625
2001-10-15,1687.280029296875,1089.97998046875
2001-10-16,1655.9019775390625,1097.5400390625
2001-10-17,1643.0660400390625,1077.0899658203125
2001-10-18,1615.5789794921875,1068.6099853515625
2001-10-19,1572.4530029296875,1073.47998046875
2001-10-22,1520.6689453125,1089.9000244140625
2001-10-23,1670.56201171875,1084.780029296875
2001-10-24,1718.06005859375,1085.199951171875
2001-10-25,1676.4990234375,1100.0899658203125
2001-10-26,1677.8780517578125,1104.6099853515625
2001-10-29,1700.47705078125,1078.300048828125
2001-10-30,1682.76904296875,1059.7900390625
2001-10-31,1689.1700439453125,1059.780029296875
2001-11-01,1707.7540283203125,1084.0999755859375
2001-11-02,1691.3509521484375,1087.199951171875
2001-11-05,1679.572021484375,1102.8399658203125
2001-11-06,1671.2779541015625,1118.8599853515625
2001-11-07,1594.050048828125,1115.800048828125
2001-11-08,1605.8709716796875,1118.5400390625
2001-11-09,1630.3590087890625,1120.31005859375
2001-11-12,1621.1949462890625,1118.3299560546875
2001-11-13,1615.9310302734375,1139.0899658203125
2001-11-14,1617.10205078125,1141.2099609375
2001-11-15,1621.343994140625,1142.239990234375
2001-11-16,1646.762939453125,1138.6500244140625
2001-11-19,1669.89404296875,1151.06005859375
2001-11-20,1699.7320556640625,1142.6600341796875
2001-11-21,1705.6639404296875,1137.030029296875
2001-11-22,1715.81298828125,
2001-11-23,1712.56396484375,1150.3399658203125
2001-11-26,1705.885009765625,1157.4200439453125
2001-11-27,1722.5889892578125,1149.5
2001-11-28,1735.0,1128.52001953125
2001-11-29,1732.2960205078125,1140.199951171875
2001-11-30,1747.9930419921875,1139.449951171875
2001-12-03,1762.56201171875,1129.9000244140625
2001-12-04,1769.6810302734375,1144.800048828125
2001-12-05,1745.22705078125,1170.3499755859375
2001-12-06,1751.1820068359375,1167.0999755859375
2001-12-07,1745.406982421875,1158.31005859375
2001-12-10,1748.6820068359375,1139.9300537109375
2001-12-11,1728.8780517578125,1136.760009765625
2001-12-12,1715.1719970703125,1137.0699462890625
2001-12-13,1688.012939453125,1119.3800048828125
2001-12-14,1675.5140380859375,1123.0899658203125
2001-12-17,1665.93798828125,1134.3599853515625
2001-12-18,1687.2900390625,1142.9200439453125
2001-12-19,1672.697998046875,1149.56005859375
2001-12-20,1631.5369873046875,1139.9300537109375
2001-12-21,1640.1419677734375,1144.8900146484375
2001-12-24,1606.10400390625,1144.6500244140625
2001-12-25,1611.1700439453125,
2001-12-26,1633.6429443359375,1149.3699951171875
2001-12-27,1627.9229736328125,1157.1300048828125
2001-12-28,1639.4840087890625,1161.02001953125
2001-12-31,1645.970947265625,1148.0799560546875
2002-01-02,,1154.6700439453125
2002-01-03,,1165.27001953125
2002-01-04,1611.3929443359375,1172.510009765625
2002-01-07,1596.760009765625,1164.8900146484375
2002-01-08,1583.4610595703125,1160.7099609375
2002-01-09,1561.3489990234375,1155.1400146484375
2002-01-10,1576.43701171875,1156.550048828125
2002-01-11,1535.593017578125,1145.5999755859375
2002-01-14,1485.1080322265625,1138.4100341796875
2002-01-15,1459.6529541015625,1146.18994140625
2002-01-16,1479.6190185546875,1127.5699462890625
2002-01-17,1419.51904296875,1138.8800048828125
2002-01-18,1415.43798828125,1127.5799560546875
2002-01-21,1366.968017578125,
2002-01-22,1358.6910400390625,1119.31005859375
2002-01-23,1444.9649658203125,1128.1800537109375
2002-01-24,1456.404052734375,1132.1500244140625
2002-01-25,1451.4840087890625,1133.280029296875
2002-01-28,1359.5489501953125,1133.06005859375
2002-01-29,1392.7750244140625,1100.6400146484375
2002-01-30,1396.60498046875,1113.5699462890625
2002-01-31,1491.6650390625,1130.199951171875
2002-02-01,1485.77001953125,1122.199951171875
2002-02-04,1511.3270263671875,1094.43994140625
2002-02-05,1518.280029296875,1090.02001953125
2002-02-06,1485.802001953125,1083.510009765625
2002-02-07,1515.39404296875,1080.1700439453125
2002-02-08,1506.614990234375,1096.219970703125
2002-02-11,,1111.93994140625
2002-02-12,,1107.5
2002-02-13,,1118.510009765625
2002-02-14,,1116.47998046875
2002-02-15,,1104.1800537109375
2002-02-19,,1083.3399658203125
2002-02-20,,1097.97998046875
2002-02-21,,1080.949951171875
2002-02-22,,1089.8399658203125
2002-02-25,1530.2840576171875,1109.4300537109375
2002-02-26,1531.4300537109375,1109.3800048828125
2002-02-27,1538.3189697265625,1109.8900146484375
2002-02-28,1524.7010498046875,1106.72998046875
2002-03-01,1502.5400390625,1131.780029296875
2002-03-04,1526.803955078125,1153.8399658203125
2002-03-05,1560.0789794921875,1146.1400146484375
2002-03-06,1569.2080078125,1162.77001953125
2002-03-07,1613.0009765625,1157.5400390625
2002-03-08,1640.2559814453125,1164.31005859375
2002-03-11,1664.093994140625,1168.260009765625
2002-03-12,1643.6920166015625,1165.5799560546875
2002-03-13,1623.4320068359375,1154.0899658203125
2002-03-14,1665.1510009765625,1153.0400390625
2002-03-15,1620.9759521484375,1166.1600341796875
2002-03-18,1623.884033203125,1165.550048828125
2002-03-19,1665.3570556640625,1170.2900390625
2002-03-20,1682.510009765625,1151.8499755859375
2002-03-21,1685.0169677734375,1153.5899658203125
2002-03-22,1669.6939697265625,1148.699951171875
2002-03-25,1675.2889404296875,1131.8699951171875
2002-03-26,1649.4840087890625,1138.489990234375
2002-03-27,1654.23095703125,1144.5799560546875
2002-03-28,1650.6729736328125,1147.3900146484375
2002-03-29,1603.905029296875,
2002-04-01,1608.5059814453125,1146.5400390625
2002-04-02,1582.883056640625,1136.760009765625
2002-04-03,1594.508056640625,1125.4000244140625
2002-04-04,1641.698974609375,1126.3399658203125
2002-04-05,1634.6429443359375,1122.72998046875
2002-04-08,1640.6500244140625,1125.2900390625
2002-04-09,1667.52197265625,1117.800048828125
2002-04-10,1677.657958984375,1130.469970703125
2002-04-11,1649.530029296875,1103.68994140625
2002-04-12,1658.97900390625,1111.010009765625
2002-04-15,1649.5,1102.550048828125
2002-04-16,1640.2850341796875,1128.3699951171875
2002-04-17,1644.39501953125,1126.0699462890625
2002-04-18,1628.136962890625,1124.469970703125
2002-04-19,1635.1719970703125,1125.1700439453125
2002-04-22,1627.47998046875,1107.8299560546875
2002-04-23,1624.5460205078125,1100.9599609375
2002-04-24,1611.051025390625,1093.1400146484375
2002-04-25,1615.9189453125,1091.47998046875
2002-04-26,1640.5889892578125,1076.3199462890625
2002-04-29,1665.81201171875,1065.449951171875
2002-04-30,1667.7490234375,1076.9200439453125
2002-05-01,,1086.4599609375
2002-05-02,,1084.56005859375
2002-05-03,,1073.4300537109375
2002-05-06,,1052.6700439453125
2002-05-07,,1049.489990234375
2002-05-08,1652.3680419921875,1088.8499755859375
2002-05-09,1650.5780029296875,1073.010009765625
2002-05-10,1638.197998046875,1054.989990234375
2002-05-13,1623.93994140625,1074.56005859375
2002-05-14,1616.23095703125,1097.280029296875
2002-05-15,1598.35400390625,1091.0699462890625
2002-05-16,1549.5009765625,1098.22998046875
2002-05-17,1567.4969482421875,1106.5899658203125
2002-05-20,1541.530029296875,1091.8800048828125
2002-05-21,1588.1080322265625,1079.8800048828125
2002-05-22,1564.489013671875,1086.02001953125
2002-05-23,1571.6109619140625,1097.0799560546875
2002-05-24,1549.4659423828125,1083.8199462890625
2002-05-27,1555.0479736328125,
2002-05-28,1558.5240478515625,1074.550048828125
2002-05-29,1524.8060302734375,1067.6600341796875
2002-05-30,1523.52197265625,1064.6600341796875
2002-05-31,1515.7330322265625,1067.1400146484375
2002-06-03,1483.3480224609375,1040.6800537109375
2002-06-04,1490.5140380859375,1040.68994140625
2002-06-05,1462.0,1049.9000244140625
2002-06-06,1521.262939453125,1029.1500244140625
2002-06-07,1529.5069580078125,1027.530029296875
2002-06-10,1517.22998046875,1030.739990234375
2002-06-11,1530.9630126953125,1013.5999755859375
2002-06-12,1524.842041015625,1020.260009765625
2002-06-13,1511.7110595703125,1009.5599975585938
2002-06-14,1494.2459716796875,1007.27001953125
2002-06-17,1496.241943359375,1036.1700439453125
2002-06-18,1524.0679931640625,1037.1400146484375
2002-06-19,1507.66796875,1019.989990234375
2002-06-20,1516.1510009765625,1006.2899780273438
2002-06-21,1562.7220458984375,989.1400146484375
2002-06-24,1707.31298828125,992.719970703125
2002-06-25,1706.5909423828125,976.1400146484375
2002-06-26,1712.9100341796875,973.530029296875
2002-06-27,1723.5450439453125,990.6400146484375
2002-06-28,1732.7550048828125,989.8200073242188
2002-07-01,1713.7049560546875,968.6500244140625
2002-07-02,1724.948974609375,948.0900268554688
2002-07-03,1730.9189453125,953.989990234375
2002-07-04,1713.135009765625,
2002-07-05,1722.18798828125,989.030029296875
2002-07-08,1732.9339599609375,976.97998046875
2002-07-09,1729.9859619140625,952.8300170898438
2002-07-10,1701.823974609375,920.469970703125
2002-07-11,1696.93994140625,927.3699951171875
2002-07-12,1698.2979736328125,921.3900146484375
2002-07-15,1687.9449462890625,917.9299926757812
2002-07-16,1691.623046875,900.9400024414062
2002-07-17,1701.718017578125,906.0399780273438
2002-07-18,1704.9119873046875,881.5599975585938
2002-07-19,1713.8609619140625,847.75
2002-07-22,1681.009033203125,819.8499755859375
2002-07-23,1673.8609619140625,797.7000122070312
2002-07-24,1672.4000244140625,843.4299926757812
2002-07-25,1665.1090087890625,838.6799926757812
2002-07-26,1657.4990234375,852.8400268554688
2002-07-29,1665.6739501953125,898.9600219726562
2002-07-30,1669.001953125,902.780029296875
2002-07-31,1651.593994140625,911.6199951171875
2002-08-01,1653.008056640625,884.6599731445312
2002-08-02,1661.4310302734375,864.239990234375
2002-08-05,1653.95703125,834.5999755859375
2002-08-06,1670.6190185546875,859.5700073242188
2002-08-07,1668.06494140625,876.77001953125
2002-08-08,1659.802001953125,905.4600219726562
2002-08-09,1647.0460205078125,908.6400146484375
2002-08-12,1634.5660400390625,903.7999877929688
2002-08-13,1636.6319580078125,884.2100219726562
2002-08-14,1646.7220458984375,919.6199951171875
2002-08-15,1634.365966796875,930.25
2002-08-16,1646.7919921875,928.77001953125
2002-08-19,1644.301025390625,950.7000122070312
2002-08-20,1671.3509521484375,937.4299926757812
2002-08-21,1673.5489501953125,949.3599853515625
2002-08-22,1686.1109619140625,962.7000122070312
2002-08-23,1683.20703125,940.8599853515625
2002-08-26,1670.68505859375,947.9500122070312
2002-08-27,1679.6910400390625,934.8200073242188
2002-08-28,1676.77001953125,917.8699951171875
2002-08-29,1667.3179931640625,917.7999877929688
2002-08-30,1666.6180419921875,916.0700073242188
2002-09-02,1668.7740478515625,
2002-09-03,1674.0699462890625,878.02001953125
2002-09-04,1663.9720458984375,893.4000244140625
2002-09-05,1641.8070068359375,879.1500244140625
2002-09-06,1631.384033203125,893.9199829101562
2002-09-09,1621.58203125,902.9600219726562
2002-09-10,1625.1109619140625,909.5800170898438
2002-09-11,1620.35498046875,909.4500122070312
2002-09-12,1624.5579833984375,886.9099731445312
2002-09-13,1625.759033203125,889.8099975585938
2002-09-16,1604.0830078125,891.0999755859375
2002-09-17,1604.8809814453125,873.52001953125
2002-09-18,1594.583984375,869.4600219726562
2002-09-19,1619.35400390625,843.3200073242188
2002-09-20,1604.9129638671875,845.3900146484375
2002-09-23,1602.5909423828125,833.7000122070312
2002-09-24,1596.7320556640625,819.2899780273438
2002-09-25,1597.8370361328125,839.6599731445312
2002-09-26,1587.6490478515625,854.9500122070312
2002-09-27,1581.6180419921875,827.3699951171875
2002-09-30,,815.280029296875
2002-10-01,,847.9099731445312
2002-10-02,,827.9099731445312
2002-10-03,,818.9500122070312
2002-10-04,,800.5800170898438
2002-10-07,,785.280029296875
2002-10-08,1562.9930419921875,798.5499877929688
2002-10-09,1535.365966796875,776.760009765625
2002-10-10,1530.406982421875,803.9199829101562
2002-10-11,1524.051025390625,835.3200073242188
2002-10-14,1531.676025390625,841.4400024414062
2002-10-15,1524.72802734375,881.27001953125
2002-10-16,1537.387939453125,860.02001953125
2002-10-17,1513.0970458984375,879.2000122070312
2002-10-18,1519.5389404296875,884.3900146484375
2002-10-21,1524.925048828125,899.719970703125
2002-10-22,1548.10400390625,890.1599731445312
2002-10-23,1548.9649658203125,896.1400146484375
2002-10-24,1536.52001953125,882.5
2002-10-25,1520.31298828125,897.6500244140625
2002-10-28,1502.7159423828125,890.22998046875
2002-10-29,1510.8819580078125,882.1500244140625
2002-10-30,1509.70703125,890.7100219726562
2002-10-31,1507.4959716796875,885.760009765625
2002-11-01,1510.760009765625,900.9600219726562
2002-11-04,1531.842041015625,908.3499755859375
2002-11-05,1558.239013671875,915.3900146484375
2002-11-06,1552.56103515625,923.760009765625
2002-11-07,1554.237060546875,902.6500244140625
2002-11-08,1522.18701171875,894.739990234375
2002-11-11,1504.4029541015625,876.1900024414062
2002-11-12,1485.9129638671875,882.9500122070312
2002-11-13,1490.4639892578125,882.530029296875
2002-11-14,1460.7950439453125,904.27001953125
2002-11-15,1463.6910400390625,909.8300170898438
2002-11-18,1451.2900390625,900.3599853515625
2002-11-19,1462.1739501953125,896.739990234375
2002-11-20,1425.843017578125,914.1500244140625
2002-11-21,1390.6290283203125,933.760009765625
2002-11-22,1395.4969482421875,930.5499877929688
2002-11-25,1398.43798828125,932.8699951171875
2002-11-26,1371.1669921875,913.3099975585938
2002-11-27,1378.751953125,938.8699951171875
2002-11-28,1417.5250244140625,
2002-11-29,1434.1820068359375,936.3099975585938
2002-12-02,1395.675048828125,934.530029296875
2002-12-03,1408.843017578125,920.75
2002-12-04,1414.4539794921875,917.5800170898438
2002-12-05,1404.8800048828125,906.5499877929688
2002-12-06,1405.5250244140625,912.22998046875
2002-12-09,1400.866943359375,892.0
2002-12-10,1383.8399658203125,904.4500122070312
2002-12-11,1379.1949462890625,904.9600219726562
2002-12-12,1383.9100341796875,901.5800170898438
2002-12-13,1396.89794921875,889.47998046875
2002-12-16,1408.5150146484375,910.4000244140625
2002-12-17,1416.095947265625,902.989990234375
2002-12-18,1411.718994140625,891.1199951171875
2002-12-19,1413.5970458984375,884.25
2002-12-20,1427.93603515625,895.760009765625
2002-12-23,1430.198974609375,897.3800048828125
2002-12-24,1430.8270263671875,892.469970703125
2002-12-25,1421.5150146484375,
2002-12-26,1384.1519775390625,889.6599731445312
2002-12-27,1382.970947265625,875.4000244140625
2002-12-30,1366.362060546875,879.3900146484375
2002-12-31,1357.654052734375,879.8200073242188
2003-01-02,1320.6300048828125,909.030029296875
2003-01-03,1319.8680419921875,908.5900268554688
2003-01-06,1334.678955078125,929.010009765625
2003-01-07,1332.06103515625,922.9299926757812
2003-01-08,1372.0670166015625,909.9299926757812
2003-01-09,1397.384033203125,927.5700073242188
2003-01-10,1384.8590087890625,927.5700073242188
2003-01-13,1386.31396484375,926.260009765625
2003-01-14,1466.8509521484375,931.6599731445312
2003-01-15,1459.9200439453125,918.219970703125
2003-01-16,1485.6180419921875,914.5999755859375
2003-01-17,1478.675048828125,901.780029296875
2003-01-20,1482.6810302734375,
2003-01-21,1454.8909912109375,887.6199951171875
2003-01-22,1460.530029296875,878.3599853515625
2003-01-23,1450.615966796875,887.3400268554688
2003-01-24,1479.0699462890625,861.4000244140625
2003-01-27,1496.156982421875,847.47998046875
2003-01-28,1500.6390380859375,858.5399780273438
2003-01-29,1499.81494140625,864.3599853515625
2003-01-30,,844.6099853515625
2003-01-31,,855.7000122070312
2003-02-03,,860.3200073242188
2003-02-04,,848.2000122070312
2003-02-05,,843.5900268554688
2003-02-06,,838.1500244140625
2003-02-07,,829.6900024414062
2003-02-10,1480.1689453125,835.969970703125
2003-02-11,1492.7640380859375,829.2000122070312
2003-02-12,1510.6710205078125,818.6799926757812
2003-02-13,1504.3380126953125,817.3699951171875
2003-02-14,1510.949951171875,834.8900146484375
2003-02-17,1496.52294921875,
2003-02-18,1496.468017578125,851.1699829101562
2003-02-19,1510.802978515625,845.1300048828125
2003-02-20,1509.4859619140625,837.0999755859375
2003-02-21,1478.8709716796875,848.1699829101562
2003-02-24,1481.93603515625,832.5800170898438
2003-02-25,1511.2750244140625,838.5700073242188
2003-02-26,1513.175048828125,827.5499877929688
2003-02-27,1513.7039794921875,837.280029296875
2003-02-28,1511.9320068359375,841.1500244140625
2003-03-03,1525.4830322265625,834.8099975585938
2003-03-04,1524.303955078125,821.989990234375
2003-03-05,1517.178955078125,829.8499755859375
2003-03-06,1498.343017578125,822.0999755859375
2003-03-07,1493.093017578125,828.8900146484375
2003-03-10,1468.9189453125,807.47998046875
2003-03-11,,800.72998046875
2003-03-12,1475.008056640625,804.1900024414062
2003-03-13,1464.6490478515625,831.9000244140625
2003-03-14,1466.0439453125,833.27001953125
2003-03-17,1469.2740478515625,862.7899780273438
2003-03-18,1459.8919677734375,866.4500122070312
2003-03-19,1469.9599609375,874.02001953125
2003-03-20,1464.5400390625,875.6699829101562
2003-03-21,1474.656982421875,895.7899780273438
2003-03-24,1477.7659912109375,864.22998046875
2003-03-25,1462.4000244140625,874.739990234375
2003-03-26,1456.27099609375,869.9500122070312
2003-03-27,1499.3470458984375,868.52001953125
2003-03-28,1491.9410400390625,863.5
2003-03-31,1510.5780029296875,848.1799926757812
2003-04-01,1522.5460205078125,858.47998046875
2003-04-02,1521.3199462890625,880.9000244140625
2003-04-03,1511.72900390625,876.4500122070312
2003-04-04,1521.1280517578125,878.8499755859375
2003-04-07,1515.1319580078125,879.9299926757812
2003-04-08,1520.551025390625,878.2899780273438
2003-04-09,1543.6739501953125,865.989990234375
2003-04-10,1551.1800537109375,871.5800170898438
2003-04-11,1576.8599853515625,868.2999877929688
2003-04-14,1616.072021484375,885.22998046875
2003-04-15,1631.469970703125,890.8099975585938
2003-04-16,1606.239990234375,879.9099731445312
2003-04-17,1613.60400390625,893.5800170898438
2003-04-18,1603.0770263671875,
2003-04-21,1571.7139892578125,892.010009765625
2003-04-22,1568.6920166015625,911.3699951171875
2003-04-23,1541.9599609375,919.02001953125
2003-04-24,1503.5899658203125,911.4299926757812
2003-04-25,1487.14697265625,898.8099975585938
2003-04-28,1537.6910400390625,914.8400268554688
2003-04-29,1509.31298828125,917.8400268554688
2003-04-30,1521.4439697265625,916.9199829101562
2003-05-01,,916.2999877929688
2003-05-02,,930.0800170898438
2003-05-05,,926.5499877929688
2003-05-06,,934.3900146484375
2003-05-07,,929.6199951171875
2003-05-08,,920.27001953125
2003-05-09,,933.4099731445312
2003-05-12,1531.866943359375,945.1099853515625
2003-05-13,1485.3070068359375,942.2999877929688
2003-05-14,1522.9239501953125,939.280029296875
2003-05-15,1555.2850341796875,946.6699829101562
2003-05-16,1554.4520263671875,944.2999877929688
2003-05-19,1555.447021484375,920.77001953125
2003-05-20,1535.52001953125,919.72998046875
2003-05-21,1533.4830322265625,923.4199829101562
2003-05-22,1546.113037109375,931.8699951171875
2003-05-23,1560.9549560546875,933.219970703125
2003-05-26,1569.511962890625,
2003-05-27,1568.3409423828125,951.47998046875
2003-05-28,1551.81103515625,953.219970703125
2003-05-29,1568.156005859375,949.6400146484375
2003-05-30,1576.260986328125,963.5900268554688
2003-06-02,1576.5279541015625,967.0
2003-06-03,1562.237060546875,971.5599975585938
2003-06-04,1574.1109619140625,986.239990234375
2003-06-05,1556.2490234375,990.1400146484375
2003-06-06,1538.9200439453125,987.760009765625
2003-06-09,1530.2149658203125,975.9299926757812
2003-06-10,1538.761962890625,984.8400268554688
2003-06-11,1565.8399658203125,997.47998046875
2003-06-12,1562.10595703125,998.510009765625
2003-06-13,1566.7659912109375,988.6099853515625
2003-06-16,1559.7049560546875,1010.739990234375
2003-06-17,1557.175048828125,1011.6599731445312
2003-06-18,1553.876953125,1010.0900268554688
2003-06-19,1538.7540283203125,994.7000122070312
2003-06-20,1529.469970703125,995.6900024414062
2003-06-23,1511.364990234375,981.6400146484375
2003-06-24,1512.428955078125,983.4500122070312
2003-06-25,1502.0770263671875,975.3200073242188
2003-06-26,1515.375,985.8200073242188
2003-06-27,1497.053955078125,976.219970703125
2003-06-30,1486.0240478515625,974.5
2003-07-01,1484.7039794921875,982.3200073242188
2003-07-02,1499.6820068359375,993.75
2003-07-03,1504.43603515625,985.7000122070312
2003-07-04,1502.3489990234375,
2003-07-07,1501.4840087890625,1004.4199829101562
2003-07-08,1512.01904296875,1007.8400268554688
2003-07-09,1503.31396484375,1002.2100219726562
2003-07-10,1531.927001953125,988.7000122070312
2003-07-11,1528.85400390625,998.1400146484375
2003-07-14,1521.4139404296875,1003.8599853515625
2003-07-15,1525.43896484375,1000.4199829101562
2003-07-16,1529.490966796875,994.0900268554688
2003-07-17,1539.3580322265625,981.72998046875
2003-07-18,1507.1619873046875,993.3200073242188
2003-07-21,1495.885009765625,978.7999877929688
2003-07-22,1498.4849853515625,988.1099853515625
2003-07-23,1502.14794921875,988.6099853515625
2003-07-24,1493.4510498046875,981.5999755859375
2003-07-25,1477.6510009765625,998.6799926757812
2003-07-28,1470.3929443359375,996.52001953125
2003-07-29,1477.2960205078125,989.280029296875
2003-07-30,1479.6519775390625,987.489990234375
2003-07-31,1476.741943359375,990.3099975585938
2003-08-01,1476.968994140625,980.1500244140625
2003-08-04,1494.364990234375,982.8200073242188
2003-08-05,1494.31201171875,965.4600219726562
2003-08-06,1486.251953125,967.0800170898438
2003-08-07,1487.3699951171875,974.1199951171875
2003-08-08,1471.27197265625,977.5900268554688
2003-08-11,1474.4129638671875,980.5900268554688
2003-08-12,1479.282958984375,990.3499755859375
2003-08-13,1465.8270263671875,984.030029296875
2003-08-14,1455.8990478515625,990.510009765625
2003-08-15,1450.2030029296875,990.6699829101562
2003-08-18,1445.0889892578125,999.739990234375
2003-08-19,1449.7120361328125,1002.3499755859375
2003-08-20,1441.6639404296875,1000.2999877929688
2003-08-21,1441.0899658203125,1003.27001953125
2003-08-22,1438.883056640625,993.0599975585938
2003-08-25,1422.176025390625,993.7100219726562
2003-08-26,1425.2120361328125,996.72998046875
2003-08-27,1425.362060546875,996.7899780273438
2003-08-28,1415.6929931640625,1002.8400268554688
2003-08-29,1421.9830322265625,1008.010009765625
2003-09-01,1449.8160400390625,
2003-09-02,1446.511962890625,1021.989990234375
2003-09-03,1447.8499755859375,1026.27001953125
2003-09-04,1447.425048828125,1027.969970703125
2003-09-05,1431.532958984375,1021.3900146484375
2003-09-08,1425.72705078125,1031.6400146484375
2003-09-09,1420.073974609375,1023.1699829101562
2003-09-10,1423.177001953125,1010.9199829101562
2003-09-11,1423.9599609375,1016.4199829101562
2003-09-12,1409.1619873046875,1018.6300048828125
2003-09-15,1397.5400390625,1014.8099975585938
2003-09-16,1406.10400390625,1029.3199462890625
2003-09-17,1389.822021484375,1025.969970703125
2003-09-18,1390.4849853515625,1039.5799560546875
2003-09-19,1391.3699951171875,1036.300048828125
2003-09-22,1381.4429931640625,1022.8200073242188
2003-09-23,1390.1739501953125,1029.030029296875
2003-09-24,1394.22900390625,1009.3800048828125
2003-09-25,1376.291015625,1003.27001953125
2003-09-26,1370.843017578125,996.8499755859375
2003-09-29,1355.3349609375,1006.5800170898438
2003-09-30,1367.1610107421875,995.969970703125
2003-10-01,,1018.219970703125
2003-10-02,,1020.239990234375
2003-10-03,,1029.8499755859375
2003-10-06,,1034.3499755859375
2003-10-07,,1039.25
2003-10-08,1371.68505859375,1033.780029296875
2003-10-09,1369.1739501953125,1038.72998046875
2003-10-10,1404.008056640625,1038.06005859375
2003-10-13,1399.657958984375,1045.3499755859375
2003-10-14,1388.1719970703125,1049.47998046875
2003-10-15,1383.0980224609375,1046.760009765625
2003-10-16,1365.5050048828125,1050.0699462890625
2003-10-17,1370.58203125,1039.3199462890625
2003-10-20,1359.498046875,1044.6800537109375
2003-10-21,1364.301025390625,1046.030029296875
2003-10-22,1398.010009765625,1030.3599853515625
2003-10-23,1386.6529541015625,1033.77001953125
2003-10-24,1381.8299560546875,1028.9100341796875
2003-10-27,1369.4630126953125,1031.1300048828125
2003-10-28,1369.324951171875,1046.7900390625
2003-10-29,1361.487060546875,1048.1099853515625
2003-10-30,1344.633056640625,1046.93994140625
2003-10-31,1348.302978515625,1050.7099609375
2003-11-03,1364.0550537109375,1059.02001953125
2003-11-04,1389.5450439453125,1053.25
2003-11-05,1385.1099853515625,1051.81005859375
2003-11-06,1356.7900390625,1058.050048828125
2003-11-07,1335.2049560546875,1053.2099609375
2003-11-10,1340.0970458984375,1047.1099853515625
2003-11-11,1343.615966796875,1046.5699462890625
2003-11-12,1317.7919921875,1058.530029296875
2003-11-13,1319.6080322265625,1058.4100341796875
2003-11-14,1331.051025390625,1050.3499755859375
2003-11-17,1328.10302734375,1043.6300048828125
2003-11-18,1316.56201171875,1034.1500244140625
2003-11-19,1338.8699951171875,1042.43994140625
2003-11-20,1376.5059814453125,1033.6500244140625
2003-11-21,1361.5589599609375,1035.280029296875
2003-11-24,1404.008056640625,1052.0799560546875
2003-11-25,1408.4150390625,1053.8900146484375
2003-11-26,1411.9090576171875,1058.449951171875
2003-11-27,1389.10302734375,
2003-11-28,1397.2249755859375,1058.199951171875
2003-12-01,1432.7030029296875,1070.1199951171875
2003-12-02,1435.31396484375,1066.6199951171875
2003-12-03,1445.0260009765625,1064.72998046875
2003-12-04,1452.8089599609375,1069.719970703125
2003-12-05,1451.1180419921875,1061.5
2003-12-08,1436.6629638671875,1069.300048828125
2003-12-09,1443.365966796875,1060.1800537109375
2003-12-10,1469.4219970703125,1059.050048828125
2003-12-11,1470.02294921875,1071.2099609375
2003-12-12,1470.7919921875,1074.1400146484375
2003-12-15,1470.3570556640625,1068.0400390625
2003-12-16,1466.3370361328125,1075.1300048828125
2003-12-17,1453.9949951171875,1076.47998046875
2003-12-18,1457.301025390625,1089.1800537109375
2003-12-19,1446.2850341796875,1088.6600341796875
2003-12-22,1492.9630126953125,1092.93994140625
2003-12-23,1500.6400146484375,1096.02001953125
2003-12-24,1513.824951171875,1094.0400390625
2003-12-25,1512.5970458984375,
2003-12-26,1514.7750244140625,1095.8900146484375
2003-12-29,1496.427001953125,1109.47998046875
2003-12-30,1511.6910400390625,1109.6400146484375
2003-12-31,1497.0439453125,1111.9200439453125
2004-01-02,1517.1929931640625,1108.47998046875
2004-01-05,1568.35302734375,1122.219970703125
2004-01-06,1574.52294921875,1123.6700439453125
2004-01-07,1587.2039794921875,1126.3299560546875
2004-01-08,1610.1259765625,1131.9200439453125
2004-01-09,1581.4659423828125,1121.8599853515625
2004-01-12,1618.5179443359375,1127.22998046875
2004-01-13,1612.6829833984375,1121.219970703125
2004-01-14,1592.4229736328125,1130.52001953125
2004-01-15,1586.4930419921875,1132.050048828125
2004-01-16,1600.425048828125,1139.8299560546875
2004-01-20,,1138.77001953125
2004-01-21,,1147.6199951171875
2004-01-22,,1143.93994140625
2004-01-23,,1141.550048828125
2004-01-26,,1155.3699951171875
2004-01-27,,1144.050048828125
2004-01-28,,1128.47998046875
2004-01-29,1628.8370361328125,1134.1099853515625
2004-01-30,1590.72900390625,1131.1300048828125
2004-02-02,1623.8800048828125,1135.260009765625
2004-02-03,1649.281982421875,1136.030029296875
2004-02-04,1685.1590576171875,1126.52001953125
2004-02-05,1693.427978515625,1128.5899658203125
2004-02-06,1679.1929931640625,1142.760009765625
2004-02-09,1703.529052734375,1139.81005859375
2004-02-10,1691.009033203125,1145.5400390625
2004-02-11,1677.759033203125,1157.760009765625
2004-02-12,1663.83203125,1152.1099853515625
2004-02-13,1658.5389404296875,1145.81005859375
2004-02-16,1696.8270263671875,
2004-02-17,1703.7740478515625,1156.989990234375
2004-02-18,1717.095947265625,1151.8199462890625
2004-02-19,1717.0150146484375,1147.06005859375
2004-02-20,1721.751953125,1144.1099853515625
2004-02-23,1681.654052734375,1140.989990234375
2004-02-24,1682.2969970703125,1139.0899658203125
2004-02-25,1647.3809814453125,1143.6700439453125
2004-02-26,1654.89794921875,1144.9100341796875
2004-02-27,1675.0670166015625,1144.93994140625
2004-03-01,1689.760009765625,1155.969970703125
2004-03-02,1687.2779541015625,1149.0999755859375
2004-03-03,1661.81201171875,1151.030029296875
2004-03-04,1668.8740234375,1154.8699951171875
2004-03-05,1662.095947265625,1156.8599853515625
2004-03-08,1637.14404296875,1147.199951171875
2004-03-09,1637.0989990234375,1140.5799560546875
2004-03-10,1678.072998046875,1123.8900146484375
2004-03-11,1691.6429443359375,1106.780029296875
2004-03-12,1694.7430419921875,1120.5699462890625
2004-03-15,1736.219970703125,1104.489990234375
2004-03-16,1745.54296875,1110.699951171875
2004-03-17,1745.0980224609375,1123.75
2004-03-18,1717.260009765625,1122.3199462890625
2004-03-19,1747.8719482421875,1109.780029296875
2004-03-22,1755.68505859375,1095.4000244140625
2004-03-23,1741.6949462890625,1093.949951171875
2004-03-24,1740.053955078125,1091.3299560546875
2004-03-25,1736.47705078125,1109.18994140625
2004-03-26,1734.0469970703125,1108.06005859375
2004-03-29,1719.6739501953125,1122.469970703125
2004-03-30,1724.2769775390625,1127.0
2004-03-31,1741.623046875,1126.2099609375
2004-04-01,1758.14697265625,1132.1700439453125
2004-04-02,1768.64501953125,1141.81005859375
2004-04-05,1766.4830322265625,1150.5699462890625
2004-04-06,1777.5159912109375,1148.1600341796875
2004-04-07,1774.552001953125,1140.530029296875
2004-04-08,1770.279052734375,1139.3199462890625
2004-04-09,1727.3480224609375,
2004-04-12,1722.9859619140625,1145.199951171875
2004-04-13,1715.135986328125,1129.43994140625
2004-04-14,1697.156005859375,1128.1700439453125
2004-04-15,1679.0760498046875,1128.8399658203125
2004-04-16,1693.8609619140625,1134.6099853515625
2004-04-19,1675.885009765625,1135.8199462890625
2004-04-20,1669.4219970703125,1118.1500244140625
2004-04-21,1651.5770263671875,1124.0899658203125
2004-04-22,1657.7850341796875,1139.9300537109375
2004-04-23,1635.5009765625,1140.5999755859375
2004-04-26,1635.4990234375,1135.530029296875
2004-04-27,1611.8599853515625,1138.1099853515625
2004-04-28,1606.801025390625,1122.4100341796875
2004-04-29,1579.447021484375,1113.8900146484375
2004-04-30,1595.5870361328125,1107.300048828125
2004-05-03,,1117.489990234375
2004-05-04,,1119.550048828125
2004-05-05,,1121.530029296875
2004-05-06,,1113.989990234375
2004-05-07,,1098.699951171875
2004-05-10,1560.2149658203125,1087.1199951171875
2004-05-11,1568.0589599609375,1095.449951171875
2004-05-12,1603.7679443359375,1097.280029296875
2004-05-13,1597.5699462890625,1096.43994140625
2004-05-14,1562.68798828125,1095.699951171875
2004-05-17,1539.958984375,1084.0999755859375
2004-05-18,1555.4420166015625,1091.489990234375
2004-05-19,1558.2869873046875,1088.6800537109375
2004-05-20,1549.06103515625,1089.18994140625
2004-05-21,1558.3299560546875,1093.56005859375
2004-05-24,1550.3480224609375,1095.4100341796875
2004-05-25,1518.0450439453125,1113.050048828125
2004-05-26,1524.43603515625,1114.93994140625
2004-05-27,1557.177978515625,1121.280029296875
2004-05-28,1548.7220458984375,1120.6800537109375
2004-05-31,1555.906005859375,
2004-06-01,1579.657958984375,1121.199951171875
2004-06-02,1567.0670166015625,1124.989990234375
2004-06-03,1543.5269775390625,1116.6400146484375
2004-06-04,1542.0860595703125,1122.5
2004-06-07,1517.14501953125,1140.4200439453125
2004-06-08,1493.81396484375,1142.1800537109375
2004-06-09,1468.071044921875,1131.3299560546875
2004-06-10,1468.343994140625,1136.469970703125
2004-06-11,1472.072021484375,
2004-06-14,1438.7359619140625,1125.2900390625
2004-06-15,1463.7769775390625,1132.010009765625
2004-06-16,1475.416015625,1133.56005859375
2004-06-17,1445.5009765625,1132.050048828125
2004-06-18,1427.301025390625,1135.02001953125
2004-06-21,1433.467041015625,1130.300048828125
2004-06-22,1450.6829833984375,1134.4100341796875
2004-06-23,1440.72900390625,1144.06005859375
2004-06-24,1427.7540283203125,1140.6500244140625
2004-06-25,1401.113037109375,1134.4300537109375
2004-06-28,1385.1810302734375,1133.3499755859375
2004-06-29,1408.68896484375,1136.199951171875
2004-06-30,1399.1619873046875,1140.8399658203125
2004-07-01,1441.0679931640625,1128.93994140625
2004-07-02,1441.18994140625,1125.3800048828125
2004-07-05,1444.5899658203125,
2004-07-06,1450.5009765625,1116.2099609375
2004-07-07,1438.39794921875,1118.3299560546875
2004-07-08,1439.782958984375,1109.1099853515625
2004-07-09,1430.654052734375,1112.81005859375
2004-07-12,1397.14794921875,1114.3499755859375
2004-07-13,1399.4610595703125,1115.1400146484375
2004-07-14,1403.7550048828125,1111.469970703125
2004-07-15,1421.5439453125,1106.68994140625
2004-07-16,1456.1300048828125,1101.3900146484375
2004-07-19,1457.5369873046875,1100.9000244140625
2004-07-20,1447.9410400390625,1108.6700439453125
2004-07-21,1448.0369873046875,1093.8800048828125
2004-07-22,1407.43798828125,1096.8399658203125
2004-07-23,1407.39599609375,1086.199951171875
2004-07-26,1387.6700439453125,1084.0699462890625
2004-07-27,1384.1280517578125,1094.8299560546875
2004-07-28,1388.81005859375,1095.4200439453125
2004-07-29,1407.3310546875,1100.4300537109375
2004-07-30,1386.2020263671875,1101.719970703125
2004-08-02,1373.217041015625,1106.6199951171875
2004-08-03,1366.3740234375,1099.68994140625
2004-08-04,1404.5050048828125,1098.6300048828125
2004-08-05,1389.0389404296875,1080.699951171875
2004-08-06,1390.4610595703125,1063.969970703125
2004-08-09,1395.8480224609375,1065.219970703125
2004-08-10,1400.76904296875,1079.0400390625
2004-08-11,1384.9639892578125,1075.7900390625
2004-08-12,1368.196044921875,1063.22998046875
2004-08-13,1368.449951171875,1064.800048828125
2004-08-16,1354.510986328125,1079.3399658203125
2004-08-17,1360.199951171875,1081.7099609375
2004-08-18,1358.2159423828125,1095.1700439453125
2004-08-19,1340.449951171875,1091.22998046875
2004-08-20,1341.738037109375,1098.3499755859375
2004-08-23,1325.4129638671875,1095.6800537109375
2004-08-24,1344.6259765625,1096.18994140625
2004-08-25,1339.7840576171875,1104.9599609375
2004-08-26,1334.4219970703125,1105.0899658203125
2004-08-27,1320.614013671875,1107.77001953125
2004-08-30,1319.532958984375,1099.1500244140625
2004-08-31,1342.06201171875,1104.239990234375
2004-09-01,1321.4620361328125,1105.9100341796875
2004-09-02,1327.927001953125,1118.31005859375
2004-09-03,1327.115966796875,1113.6300048828125
2004-09-06,1321.4649658203125,
2004-09-07,1324.2939453125,1121.300048828125
2004-09-08,1309.3330078125,1116.27001953125
2004-09-09,1284.3070068359375,1118.3800048828125
2004-09-10,1287.0810546875,1123.9200439453125
2004-09-13,1260.3160400390625,1125.8199462890625
2004-09-14,1300.3570556640625,1128.3299560546875
2004-09-15,1355.2259521484375,1120.3699951171875
2004-09-16,1371.2010498046875,1123.5
2004-09-17,1414.7020263671875,1128.550048828125
2004-09-20,1463.220947265625,1122.199951171875
2004-09-21,1448.56201171875,1129.300048828125
2004-09-22,1420.14794921875,1113.56005859375
2004-09-23,1464.779052734375,1108.3599853515625
2004-09-24,1435.56298828125,1110.1099853515625
2004-09-27,1427.39794921875,1103.52001953125
2004-09-28,1435.5889892578125,1110.06005859375
2004-09-29,1420.009033203125,1114.800048828125
2004-09-30,1396.699951171875,1114.5799560546875
2004-10-01,,1131.5
2004-10-04,,1135.1700439453125
2004-10-05,,1134.47998046875
2004-10-06,,1142.050048828125
2004-10-07,,1130.6500244140625
2004-10-08,1422.928955078125,1122.1400146484375
2004-10-11,1413.154052734375,1124.3900146484375
2004-10-12,1384.43896484375,1121.8399658203125
2004-10-13,1386.720947265625,1113.6500244140625
2004-10-14,1332.93798828125,1103.2900390625
2004-10-15,1330.5179443359375,1108.199951171875
2004-10-18,1335.39404296875,1114.02001953125
2004-10-19,1337.6180419921875,1103.22998046875
2004-10-20,1330.583984375,1103.6600341796875
2004-10-21,1310.5450439453125,1106.489990234375
2004-10-22,1329.35498046875,1095.739990234375
2004-10-25,1311.1510009765625,1094.800048828125
2004-10-26,1324.782958984375,1111.0899658203125
2004-10-27,1342.7989501953125,1125.4000244140625
2004-10-28,1341.737060546875,1127.43994140625
2004-10-29,1320.5360107421875,1130.199951171875
2004-11-01,1305.291015625,1130.510009765625
2004-11-02,1301.5279541015625,1130.56005859375
2004-11-03,1326.7490234375,1143.199951171875
2004-11-04,1304.7760009765625,1161.6700439453125
2004-11-05,1305.1280517578125,1166.1700439453125
2004-11-08,1304.22900390625,1164.8900146484375
2004-11-09,1307.428955078125,1164.0799560546875
2004-11-10,1354.385986328125,1162.9100341796875
2004-11-11,1347.0699462890625,1173.47998046875
2004-11-12,1352.217041015625,1184.1700439453125
2004-11-15,1370.0460205078125,1183.81005859375
2004-11-16,1370.3890380859375,1175.4300537109375
2004-11-17,1356.137939453125,1181.93994140625
2004-11-18,1367.8280029296875,1183.550048828125
2004-11-19,1379.9599609375,1170.3399658203125
2004-11-22,1383.02001953125,1177.239990234375
2004-11-23,1371.2440185546875,1176.93994140625
2004-11-24,1359.125,1181.760009765625
2004-11-25,1358.3330078125,
2004-11-26,1356.72705078125,1182.6500244140625
2004-11-29,1337.4339599609375,1178.5699462890625
2004-11-30,1340.77099609375,1173.8199462890625
2004-12-01,1334.9439697265625,1191.3699951171875
2004-12-02,1333.0899658203125,1190.3299560546875
2004-12-03,1337.197021484375,1191.1700439453125
2004-12-06,1339.64404296875,1190.25
2004-12-07,1323.751953125,1177.0699462890625
2004-12-08,1326.43798828125,1182.81005859375
2004-12-09,1338.81005859375,1189.239990234375
2004-12-10,1317.717041015625,1188.0
2004-12-13,1309.6949462890625,1198.6800537109375
2004-12-14,1307.552978515625,1203.3800048828125
2004-12-15,1313.0450439453125,1205.719970703125
2004-12-16,1305.0179443359375,1203.2099609375
2004-12-17,1290.489990234375,1194.199951171875
2004-12-20,1275.458984375,1194.6500244140625
2004-12-21,1275.1700439453125,1205.449951171875
2004-12-22,1307.5699462890625,1209.5699462890625
2004-12-23,1282.718994140625,1210.1300048828125
2004-12-24,1285.0360107421875,
2004-12-27,1280.27197265625,1204.9200439453125
2004-12-28,1278.9429931640625,1213.5400390625
2004-12-29,1274.31298828125,1213.449951171875
2004-12-30,1273.708984375,1213.550048828125
2004-12-31,1266.4959716796875,1211.9200439453125
2005-01-03,,1202.0799560546875
2005-01-04,1242.7740478515625,1188.050048828125
2005-01-05,1251.93701171875,1183.739990234375
2005-01-06,1239.4300537109375,1187.8900146484375
2005-01-07,1244.7459716796875,1186.18994140625
2005-01-10,1252.4010009765625,1190.25
2005-01-11,1257.4620361328125,1182.989990234375
2005-01-12,1256.9229736328125,1187.699951171875
2005-01-13,1256.31396484375,1177.449951171875
2005-01-14,1245.6199951171875,1184.52001953125
2005-01-17,1216.6519775390625,
2005-01-18,1225.4539794921875,1195.97998046875
2005-01-19,1218.1080322265625,1184.6300048828125
2005-01-20,1204.39404296875,1175.4100341796875
2005-01-21,1234.4759521484375,1167.8699951171875
2005-01-24,1255.7769775390625,1163.75
2005-01-25,1254.2340087890625,1168.4100341796875
2005-01-26,1241.9580078125,1174.0699462890625
2005-01-27,1225.8909912109375,1174.550048828125
2005-01-28,1213.6729736328125,1171.3599853515625
2005-01-31,1191.822998046875,1181.27001953125
2005-02-01,1188.9310302734375,1189.4100341796875
2005-02-02,1252.5,1193.18994140625
2005-02-03,1242.3070068359375,1189.8900146484375
2005-02-04,1269.0040283203125,1203.030029296875
2005-02-07,,1201.719970703125
2005-02-08,,1202.300048828125
2005-02-09,,1191.989990234375
2005-02-10,,1197.010009765625
2005-02-11,,1205.300048828125
2005-02-14,,1206.1400146484375
2005-02-15,,1210.1199951171875
2005-02-16,1278.8800048828125,1210.3399658203125
2005-02-17,1276.134033203125,1200.75
2005-02-18,1258.968994140625,1201.5899658203125
2005-02-21,1284.47998046875,
2005-02-22,1309.2769775390625,1184.1600341796875
2005-02-23,1309.4749755859375,1190.800048828125
2005-02-24,1309.948974609375,1200.199951171875
2005-02-25,1312.4449462890625,1211.3699951171875
2005-02-28,1306.0030517578125,1203.5999755859375
2005-03-01,1303.4119873046875,1210.4100341796875
2005-03-02,1287.449951171875,1210.0799560546875
2005-03-03,1294.3389892578125,1210.469970703125
2005-03-04,1287.7139892578125,1222.1199951171875
2005-03-07,1293.739013671875,1225.31005859375
2005-03-08,1318.27099609375,1219.4300537109375
2005-03-09,1316.791015625,1207.010009765625
2005-03-10,1286.2330322265625,1209.25
2005-03-11,1289.9410400390625,1200.0799560546875
2005-03-14,1293.5,1206.8299560546875
2005-03-15,1269.14404296875,1197.75
2005-03-16,1255.5889892578125,1188.0699462890625
2005-03-17,1243.4749755859375,1190.2099609375
2005-03-18,1227.4029541015625,1189.6500244140625
2005-03-21,1231.0460205078125,1183.780029296875
2005-03-22,1206.9219970703125,1171.7099609375
2005-03-23,1201.6490478515625,1172.530029296875
2005-03-24,1208.1920166015625,1171.4200439453125
2005-03-25,1205.634033203125,
2005-03-28,1200.113037109375,1174.280029296875
2005-03-29,1195.0179443359375,1165.3599853515625
2005-03-30,1172.573974609375,1181.4100341796875
2005-03-31,1181.2359619140625,1180.5899658203125
2005-04-01,1223.5660400390625,1172.9200439453125
2005-04-04,1202.967041015625,1176.1199951171875
2005-04-05,1191.7449951171875,1181.3900146484375
2005-04-06,1214.8680419921875,1184.0699462890625
2005-04-07,1225.487060546875,1191.1400146484375
2005-04-08,1248.52099609375,1181.199951171875
2005-04-11,1240.9720458984375,1181.2099609375
2005-04-12,1219.510986328125,1187.760009765625
2005-04-13,1248.2030029296875,1173.7900390625
2005-04-14,1234.33203125,1162.050048828125
2005-04-15,1216.9620361328125,1142.6199951171875
2005-04-18,1197.7349853515625,1145.97998046875
2005-04-19,1199.9019775390625,1152.780029296875
2005-04-20,1184.1929931640625,1137.5
2005-04-21,1172.5560302734375,1159.949951171875
2005-04-22,1169.18701171875,1152.1199951171875
2005-04-25,1157.970947265625,1162.0999755859375
2005-04-26,1165.3349609375,1151.8299560546875
2005-04-27,1148.7569580078125,1156.3800048828125
2005-04-28,1169.1180419921875,1143.219970703125
2005-04-29,1159.14599609375,1156.8499755859375
2005-05-02,,1162.1600341796875
2005-05-03,,1161.1700439453125
2005-05-04,,1175.6500244140625
2005-05-05,,1172.6300048828125
2005-05-06,,1171.3499755859375
2005-05-09,1130.8349609375,1178.8399658203125
2005-05-10,1135.56103515625,1166.219970703125
2005-05-11,1124.27099609375,1171.1099853515625
2005-05-12,1103.9930419921875,1159.3599853515625
2005-05-13,1107.626953125,1154.050048828125
2005-05-16,1095.468017578125,1165.68994140625
2005-05-17,1099.6400146484375,1173.800048828125
2005-05-18,1102.9649658203125,1185.56005859375
2005-05-19,1103.4749755859375,1191.0799560546875
2005-05-20,1099.26904296875,1189.280029296875
2005-05-23,1070.843994140625,1193.8599853515625
2005-05-24,1073.8470458984375,1194.0699462890625
2005-05-25,1072.136962890625,1190.010009765625
2005-05-26,1058.866943359375,1197.6199951171875
2005-05-27,1051.946044921875,1198.780029296875
2005-05-30,1060.1619873046875,
2005-05-31,1060.738037109375,1191.5
2005-06-01,1039.18701171875,1202.219970703125
2005-06-02,1016.06298828125,1204.2900390625
2005-06-03,1013.6370239257812,1196.02001953125
2005-06-06,1034.3780517578125,1197.510009765625
2005-06-07,1030.9410400390625,1197.260009765625
2005-06-08,1115.58203125,1194.6700439453125
2005-06-09,1131.052001953125,1200.9300537109375
2005-06-10,1108.2860107421875,1198.1099853515625
2005-06-13,1106.291015625,1200.8199462890625
2005-06-14,1093.4639892578125,1203.9100341796875
2005-06-15,1072.8360595703125,1206.5799560546875
2005-06-16,1086.010009765625,1210.9599609375
2005-06-17,1085.6099853515625,1216.9599609375
2005-06-20,1115.6199951171875,1216.0999755859375
2005-06-21,1101.4859619140625,1213.6099853515625
2005-06-22,1102.032958984375,1213.8800048828125
2005-06-23,1093.7020263671875,1200.72998046875
2005-06-24,1101.8819580078125,1191.5699462890625
2005-06-27,1124.6400146484375,1190.68994140625
2005-06-28,1108.5880126953125,1201.5699462890625
2005-06-29,1104.991943359375,1199.8499755859375
2005-06-30,1080.93798828125,1191.3299560546875
2005-07-01,1055.593994140625,1194.43994140625
2005-07-04,1047.2779541015625,
2005-07-05,1039.04296875,1204.989990234375
2005-07-06,1033.5450439453125,1194.93994140625
2005-07-07,1038.5970458984375,1197.8699951171875
2005-07-08,1017.9829711914062,1211.8599853515625
2005-07-11,1011.4990234375,1219.43994140625
2005-07-12,1046.1610107421875,1222.2099609375
2005-07-13,1037.39404296875,1223.2900390625
2005-07-14,1040.416015625,1226.5
2005-07-15,1026.114990234375,1227.9200439453125
2005-07-18,1012.0969848632812,1221.1300048828125
2005-07-19,1014.35498046875,1229.3499755859375
2005-07-20,1021.052001953125,1235.199951171875
2005-07-21,1020.6320190429688,1227.0400390625
2005-07-22,1046.321044921875,1233.6800537109375
2005-07-25,1045.4000244140625,1229.030029296875
2005-07-26,1072.8070068359375,1231.1600341796875
2005-07-27,1089.9090576171875,1236.7900390625
2005-07-28,1086.5479736328125,1243.719970703125
2005-07-29,1083.032958984375,1234.1800537109375
2005-08-01,1088.947998046875,1235.3499755859375
2005-08-02,1104.0379638671875,1244.1199951171875
2005-08-03,1107.698974609375,1245.0400390625
2005-08-04,1102.5889892578125,1235.8599853515625
2005-08-05,1128.7430419921875,1226.4200439453125
2005-08-08,1138.8819580078125,1223.1300048828125
2005-08-09,1152.5340576171875,1231.3800048828125
2005-08-10,1165.032958984375,1229.1300048828125
2005-08-11,1183.5789794921875,1237.81005859375
2005-08-12,1167.9150390625,1230.3900146484375
2005-08-15,1187.0059814453125,1233.8699951171875
2005-08-16,1177.2779541015625,1219.3399658203125
2005-08-17,1192.833984375,1220.239990234375
2005-08-18,1148.0350341796875,1219.02001953125
2005-08-19,1150.1839599609375,1219.7099609375
2005-08-22,1158.5970458984375,1221.72998046875
2005-08-23,1149.95703125,1217.5899658203125
2005-08-24,1167.136962890625,1209.5899658203125
2005-08-25,1172.4749755859375,1212.3699951171875
2005-08-26,1171.8599853515625,1205.0999755859375
2005-08-29,1154.427978515625,1212.280029296875
2005-08-30,1146.385009765625,1208.4100341796875
2005-08-31,1162.7979736328125,1220.3299560546875
2005-09-01,1184.9329833984375,1221.5899658203125
2005-09-02,1188.8480224609375,1218.02001953125
2005-09-05,1196.2239990234375,
2005-09-06,1173.322021484375,1233.3900146484375
2005-09-07,1194.3089599609375,1236.3599853515625
2005-09-08,1194.4110107421875,1231.6700439453125
2005-09-09,1189.625,1241.47998046875
2005-09-12,1188.2120361328125,1240.56005859375
2005-09-13,1207.1639404296875,1231.199951171875
2005-09-14,1217.260986328125,1227.1600341796875
2005-09-15,1217.281005859375,1227.72998046875
2005-09-16,1212.947021484375,1237.9100341796875
2005-09-19,1220.626953125,1231.02001953125
2005-09-20,1212.616943359375,1221.3399658203125
2005-09-21,1187.988037109375,1210.199951171875
2005-09-22,1159.9599609375,1214.6199951171875
2005-09-23,1151.97998046875,1215.2900390625
2005-09-26,1155.0419921875,1215.6300048828125
2005-09-27,1133.237060546875,1215.6600341796875
2005-09-28,1131.7740478515625,1216.8900146484375
2005-09-29,1155.4849853515625,1227.6800537109375
2005-09-30,1155.614013671875,1228.81005859375
2005-10-03,,1226.699951171875
2005-10-04,,1214.469970703125
2005-10-05,,1196.3900146484375
2005-10-06,,1191.489990234375
2005-10-07,,1195.9000244140625
2005-10-10,1138.949951171875,1187.3299560546875
2005-10-11,1157.1920166015625,1184.8699951171875
2005-10-12,1161.85302734375,1177.6800537109375
2005-10-13,1152.6070556640625,1176.8399658203125
2005-10-14,1139.5469970703125,1186.5699462890625
2005-10-17,1131.375,1190.0999755859375
2005-10-18,1141.2010498046875,1178.1400146484375
2005-10-19,1134.6080322265625,1195.760009765625
2005-10-20,1135.948974609375,1177.800048828125
2005-10-21,1141.3179931640625,1179.5899658203125
2005-10-24,1141.1710205078125,1199.3800048828125
2005-10-25,1121.91796875,1196.5400390625
2005-10-26,1097.1610107421875,1191.3800048828125
2005-10-27,1097.781982421875,1178.9000244140625
2005-10-28,1080.866943359375,1198.4100341796875
2005-10-31,1092.8170166015625,1207.010009765625
2005-11-01,1089.949951171875,1202.760009765625
2005-11-02,1104.7919921875,1214.760009765625
2005-11-03,1095.27294921875,1219.93994140625
2005-11-04,1100.0450439453125,1220.1400146484375
2005-11-07,1100.6500244140625,1222.81005859375
2005-11-08,1110.14697265625,1218.5899658203125
2005-11-09,1108.1529541015625,1220.6500244140625
2005-11-10,1088.301025390625,1230.9599609375
2005-11-11,1090.1949462890625,1234.719970703125
2005-11-14,1088.6529541015625,1233.760009765625
2005-11-15,1087.508056640625,1229.010009765625
2005-11-16,1095.8900146484375,1231.2099609375
2005-11-17,1095.31005859375,1242.800048828125
2005-11-18,1116.9990234375,1248.27001953125
2005-11-21,1119.93603515625,1254.8499755859375
2005-11-22,1098.655029296875,1261.22998046875
2005-11-23,1105.7459716796875,1265.6099853515625
2005-11-24,1113.3740234375,
2005-11-25,1114.916015625,1268.25
2005-11-28,1110.822998046875,1257.4599609375
2005-11-29,1096.9859619140625,1257.47998046875
2005-11-30,1099.260986328125,1249.47998046875
2005-12-01,1098.7469482421875,1264.6700439453125
2005-12-02,1094.2869873046875,1265.0799560546875
2005-12-05,1079.197021484375,1262.0899658203125
2005-12-06,1087.7939453125,1263.699951171875
2005-12-07,1099.614990234375,1257.3699951171875
2005-12-08,1098.322998046875,1255.8399658203125
2005-12-09,1113.47705078125,1259.3699951171875
2005-12-12,1116.366943359375,1260.4300537109375
2005-12-13,1117.845947265625,1267.4300537109375
2005-12-14,1125.386962890625,1272.739990234375
2005-12-15,1123.5550537109375,1270.93994140625
2005-12-16,1127.508056640625,1267.3199462890625
2005-12-19,1131.7509765625,1259.9200439453125
2005-12-20,1136.342041015625,1259.6199951171875
2005-12-21,1130.759033203125,1262.7900390625
2005-12-22,1135.238037109375,1268.1199951171875
2005-12-23,1144.8709716796875,1268.6600341796875
2005-12-26,1156.822998046875,
2005-12-27,1154.2879638671875,1256.5400390625
2005-12-28,1157.0340576171875,1258.1700439453125
2005-12-29,1169.862060546875,1254.4200439453125
2005-12-30,1161.0570068359375,1248.2900390625
2006-01-03,,1268.800048828125
2006-01-04,1180.9630126953125,1273.4599609375
2006-01-05,1197.26904296875,1273.47998046875
2006-01-06,1209.4219970703125,1285.449951171875
2006-01-09,1215.66796875,1290.1500244140625
2006-01-10,1220.6180419921875,1289.68994140625
2006-01-11,1211.052978515625,1294.1800537109375
2006-01-12,1226.7039794921875,1286.06005859375
2006-01-13,1221.458984375,1287.6099853515625
2006-01-16,1202.8690185546875,
2006-01-17,1208.43798828125,1282.9300537109375
2006-01-18,1233.3499755859375,1277.9300537109375
2006-01-19,1251.5760498046875,1285.0400390625
2006-01-20,1255.3079833984375,1261.489990234375
2006-01-23,1255.7740478515625,1263.8199462890625
2006-01-24,1252.06201171875,1266.8599853515625
2006-01-25,1258.0460205078125,1264.6800537109375
2006-01-26,,1273.8299560546875
2006-01-27,,1283.719970703125
2006-01-30,,1285.18994140625
2006-01-31,,1280.0799560546875
2006-02-01,,1282.4599609375
2006-02-02,,1270.8399658203125
2006-02-03,,1264.030029296875
2006-02-06,1287.6259765625,1265.02001953125
2006-02-07,1282.095947265625,1254.780029296875
2006-02-08,1290.0550537109375,1265.6500244140625
2006-02-09,1269.4539794921875,1263.780029296875
2006-02-10,1282.656005859375,1266.989990234375
2006-02-13,1279.6400146484375,1262.8599853515625
2006-02-14,1286.3270263671875,1275.530029296875
2006-02-15,1299.166015625,1280.0
2006-02-16,1270.633056640625,1289.3800048828125
2006-02-17,1267.407958984375,1287.239990234375
2006-02-20,1267.5419921875,
2006-02-21,1288.4189453125,1283.030029296875
2006-02-22,1284.2259521484375,1292.6700439453125
2006-02-23,1288.8470458984375,1287.7900390625
2006-02-24,1296.865966796875,1289.4300537109375
2006-02-27,1297.18603515625,1294.1199951171875
2006-02-28,1299.030029296875,1280.6600341796875
2006-03-01,1306.5860595703125,1291.239990234375
2006-03-02,1285.666015625,1289.1400146484375
2006-03-03,1293.2969970703125,1287.22998046875
2006-03-06,1288.9549560546875,1278.260009765625
2006-03-07,1259.916015625,1275.8800048828125
2006-03-08,1250.384033203125,1278.469970703125
2006-03-09,1245.166015625,1272.22998046875
2006-03-10,1245.6529541015625,1281.4200439453125
2006-03-13,1259.6739501953125,1284.1300048828125
2006-03-14,1259.0439453125,1297.47998046875
2006-03-15,1274.81201171875,1303.02001953125
2006-03-16,1274.18994140625,1305.3299560546875
2006-03-17,1269.4620361328125,1307.25
2006-03-20,1288.41796875,1305.0799560546875
2006-03-21,1290.39501953125,1297.22998046875
2006-03-22,1296.7060546875,1305.0400390625
2006-03-23,1302.45703125,1301.6700439453125
2006-03-24,1294.7039794921875,1302.949951171875
2006-03-27,1295.9150390625,1301.6099853515625
2006-03-28,1298.791015625,1293.22998046875
2006-03-29,1305.5670166015625,1302.8900146484375
2006-03-30,1294.718017578125,1300.25
2006-03-31,1298.2950439453125,1294.8699951171875
2006-04-03,1319.470947265625,1297.81005859375
2006-04-04,1329.7979736328125,1305.9300537109375
2006-04-05,1340.1619873046875,1311.56005859375
2006-04-06,1339.737060546875,1309.0400390625
2006-04-07,1342.9649658203125,1295.5
2006-04-10,1359.0810546875,1296.6199951171875
2006-04-11,1362.22900390625,1286.5699462890625
2006-04-12,1360.1319580078125,1288.1199951171875
2006-04-13,1332.3299560546875,1289.1199951171875
2006-04-14,1359.5379638671875,
2006-04-17,1378.614013671875,1285.3299560546875
2006-04-18,1385.114013671875,1307.280029296875
2006-04-19,1396.7020263671875,1309.9300537109375
2006-04-20,1385.9000244140625,1311.4599609375
2006-04-21,1416.79296875,1311.280029296875
2006-04-24,1409.7860107421875,1308.1099853515625
2006-04-25,1399.7669677734375,1301.739990234375
2006-04-26,1417.47705078125,1305.4100341796875
2006-04-27,1416.7320556640625,1309.719970703125
2006-04-28,1440.2230224609375,1310.6099853515625
2006-05-01,,1305.18994140625
2006-05-02,,1313.2099609375
2006-05-03,,1308.1199951171875
2006-05-04,,1312.25
2006-05-05,,1325.760009765625
2006-05-08,1497.10400390625,1324.6600341796875
2006-05-09,1531.1610107421875,1325.1400146484375
2006-05-10,1545.68701171875,1322.8499755859375
2006-05-11,1537.376953125,1305.9200439453125
2006-05-12,1602.83203125,1291.239990234375
2006-05-15,1664.0880126953125,1294.5
2006-05-16,1613.2509765625,1292.0799560546875
2006-05-17,1625.14599609375,1270.3199462890625
2006-05-18,1617.281005859375,1261.81005859375
2006-05-19,1659.5450439453125,1267.030029296875
2006-05-22,1657.68896484375,1262.0699462890625
2006-05-23,1604.552001953125,1256.5799560546875
2006-05-24,1590.9239501953125,1258.5699462890625
2006-05-25,1591.425048828125,1272.8800048828125
2006-05-26,1613.89404296875,1280.1600341796875
2006-05-29,1648.5379638671875,
2006-05-30,1657.2879638671875,1259.8699951171875
2006-05-31,1641.300048828125,1270.0899658203125
2006-06-01,1684.1949462890625,1285.7099609375
2006-06-02,1669.3990478515625,1288.219970703125
2006-06-05,1684.6240234375,1265.2900390625
2006-06-06,1679.1259765625,1263.8499755859375
2006-06-07,1589.5450439453125,1256.1500244140625
2006-06-08,1591.489990234375,1257.9300537109375
2006-06-09,1551.384033203125,1252.300048828125
2006-06-12,1552.7979736328125,1237.43994140625
2006-06-13,1548.4949951171875,1223.68994140625
2006-06-14,1531.3270263671875,1230.0400390625
2006-06-15,1533.97998046875,1256.1600341796875
2006-06-16,1574.467041015625,1251.5400390625
2006-06-19,1586.2860107421875,1240.1300048828125
2006-06-20,1592.33203125,1240.1199951171875
2006-06-21,1598.115966796875,1252.199951171875
2006-06-22,1596.0660400390625,1245.5999755859375
2006-06-23,1605.7110595703125,1244.5
2006-06-26,1633.448974609375,1250.56005859375
2006-06-27,1639.551025390625,1239.199951171875
2006-06-28,1639.2860107421875,1246.0
2006-06-29,1671.6180419921875,1272.8699951171875
2006-06-30,1672.2110595703125,1270.199951171875
2006-07-03,1697.281982421875,1280.18994140625
2006-07-04,1681.5469970703125,
2006-07-05,1718.5550537109375,1270.9100341796875
2006-07-06,1741.469970703125,1274.0799560546875
2006-07-07,1730.18994140625,1265.47998046875
2006-07-10,1734.3289794921875,1267.3399658203125
2006-07-11,1745.8060302734375,1272.4300537109375
2006-07-12,1740.0,1258.5999755859375
2006-07-13,1655.77294921875,1242.280029296875
2006-07-14,1665.2080078125,1236.199951171875
2006-07-17,1682.886962890625,1234.489990234375
2006-07-18,1684.251953125,1236.8599853515625
2006-07-19,1645.1600341796875,1259.81005859375
2006-07-20,1655.1219482421875,1249.1300048828125
2006-07-21,1665.3280029296875,1240.2900390625
2006-07-24,1665.9439697265625,1260.9100341796875
2006-07-25,1685.4610595703125,1268.8800048828125
2006-07-26,1686.654052734375,1268.4000244140625
2006-07-27,1675.16796875,1263.199951171875
2006-07-28,1662.031005859375,1278.550048828125
2006-07-31,1612.7330322265625,1276.6600341796875
2006-08-01,1600.614013671875,1270.9200439453125
2006-08-02,1600.8719482421875,1277.4100341796875
2006-08-03,1601.0579833984375,1280.27001953125
2006-08-04,1570.1500244140625,1279.3599853515625
2006-08-07,1547.43603515625,1275.77001953125
2006-08-08,1580.5770263671875,1271.47998046875
2006-08-09,1578.5660400390625,1265.949951171875
2006-08-10,1606.06494140625,1271.81005859375
2006-08-11,1605.926025390625,1266.739990234375
2006-08-14,1570.738037109375,1268.2099609375
2006-08-15,1595.656982421875,1285.5799560546875
2006-08-16,1616.4100341796875,1295.4300537109375
2006-08-17,1603.33203125,1297.47998046875
2006-08-18,1598.0179443359375,1302.300048828125
2006-08-21,1601.1500244140625,1297.52001953125
2006-08-22,1613.35498046875,1298.8199462890625
2006-08-23,1612.39599609375,1292.989990234375
2006-08-24,1623.0169677734375,1296.06005859375
2006-08-25,1623.0340576171875,1295.0899658203125
2006-08-28,1650.43798828125,1301.780029296875
2006-08-29,1651.0240478515625,1304.280029296875
2006-08-30,1655.1949462890625,1305.3699951171875
2006-08-31,1658.637939453125,1303.8199462890625
2006-09-01,1636.6910400390625,1311.010009765625
2006-09-04,1657.52001953125,
2006-09-05,1664.0780029296875,1313.25
2006-09-06,1672.1209716796875,1300.260009765625
2006-09-07,1661.18994140625,1294.02001953125
2006-09-08,1667.9840087890625,1298.9200439453125
2006-09-11,1674.9659423828125,1299.5400390625
2006-09-12,1695.862060546875,1313.0
2006-09-13,1689.3890380859375,1318.0699462890625
2006-09-14,1689.6920166015625,1316.280029296875
2006-09-15,1721.0450439453125,1319.6600341796875
2006-09-18,1732.987060546875,1321.1800537109375
2006-09-19,1735.240966796875,1317.6400146484375
2006-09-20,1732.4530029296875,1325.1800537109375
2006-09-21,1740.9010009765625,1318.030029296875
2006-09-22,1725.3609619140625,1314.780029296875
2006-09-25,1722.365966796875,1326.3699951171875
2006-09-26,1712.636962890625,1336.3499755859375
2006-09-27,1725.0389404296875,1336.5899658203125
2006-09-28,1736.9630126953125,1338.8800048828125
2006-09-29,1752.4239501953125,1335.8499755859375
2006-10-02,,1331.3199462890625
2006-10-03,,1334.1099853515625
2006-10-04,,1350.199951171875
2006-10-05,,1353.219970703125
2006-10-06,,1349.5899658203125
2006-10-09,1785.385009765625,1350.6600341796875
2006-10-10,1784.862060546875,1353.4200439453125
2006-10-11,1790.10400390625,1349.949951171875
2006-10-12,1778.1810302734375,1362.8299560546875
2006-10-13,1784.656005859375,1365.6199951171875
2006-10-16,1771.2989501953125,1369.06005859375
2006-10-17,1763.9010009765625,1364.050048828125
2006-10-18,1787.18505859375,1365.800048828125
2006-10-19,1792.2530517578125,1366.9599609375
2006-10-20,1790.364013671875,1368.5999755859375
2006-10-23,1759.39404296875,1377.02001953125
2006-10-24,1805.1810302734375,1377.3800048828125
2006-10-25,1806.64599609375,1382.219970703125
2006-10-26,1810.64599609375,1389.0799560546875
2006-10-27,1807.175048828125,1377.3399658203125
2006-10-30,1809.656005859375,1377.9300537109375
2006-10-31,1837.9930419921875,1377.93994140625
2006-11-01,1855.7130126953125,1367.81005859375
2006-11-02,1851.31396484375,1367.3399658203125
2006-11-03,1866.362060546875,1364.300048828125
2006-11-06,1886.3070068359375,1379.780029296875
2006-11-07,1889.530029296875,1382.8399658203125
2006-11-08,1866.8170166015625,1385.719970703125
2006-11-09,1896.4820556640625,1378.3299560546875
2006-11-10,1883.3470458984375,1380.9000244140625
2006-11-13,1863.7650146484375,1384.4200439453125
2006-11-14,1888.239013671875,1393.219970703125
2006-11-15,1922.93505859375,1396.5699462890625
2006-11-16,1941.5469970703125,1399.760009765625
2006-11-17,1971.79296875,1401.199951171875
2006-11-20,2017.279052734375,1400.5
2006-11-21,2037.552001953125,1402.81005859375
2006-11-22,2041.35498046875,1406.0899658203125
2006-11-23,2062.362060546875,
2006-11-24,2050.81201171875,1400.949951171875
2006-11-27,2047.2769775390625,1381.9599609375
2006-11-28,2038.720947265625,1386.719970703125
2006-11-29,2054.091064453125,1399.47998046875
2006-11-30,2099.2890625,1400.6300048828125
2006-12-01,2102.049072265625,1396.7099609375
2006-12-04,2161.64794921875,1409.1199951171875
2006-12-05,2173.284912109375,1414.760009765625
2006-12-06,2156.60400390625,1412.9000244140625
2006-12-07,2156.75,1407.2900390625
2006-12-08,2093.637939453125,1409.8399658203125
2006-12-11,2180.49609375,1413.0400390625
2006-12-12,2218.950927734375,1411.56005859375
2006-12-13,2223.455078125,1413.2099609375
2006-12-14,2249.110107421875,1425.489990234375
2006-12-15,2273.907958984375,1427.0899658203125
2006-12-18,2332.43408203125,1422.47998046875
2006-12-19,2364.177001953125,1425.550048828125
2006-12-20,2373.205078125,1423.530029296875
2006-12-21,2342.93798828125,1418.300048828125
2006-12-22,2343.66796875,1410.760009765625
2006-12-25,2435.761962890625,
2006-12-26,2479.73193359375,1416.9000244140625
2006-12-27,2536.386962890625,1426.8399658203125
2006-12-28,2567.593994140625,1424.72998046875
2006-12-29,2675.47412109375,1418.300048828125
2007-01-03,,1416.5999755859375
2007-01-04,2715.718994140625,1418.3399658203125
2007-01-05,2641.333984375,1409.7099609375
2007-01-08,2707.198974609375,1412.8399658203125
2007-01-09,2807.803955078125,1412.1099853515625
2007-01-10,2825.575927734375,1414.8499755859375
2007-01-11,2770.110107421875,1423.8199462890625
2007-01-12,2668.110107421875,1430.72998046875
2007-01-15,2794.700927734375,
2007-01-16,2821.01708984375,1431.9000244140625
2007-01-17,2778.89990234375,1430.6199951171875
2007-01-18,2756.98291015625,1426.3699951171875
2007-01-19,2832.20703125,1430.5
2007-01-22,2933.18994140625,1422.949951171875
2007-01-23,2949.14404296875,1427.989990234375
2007-01-24,2975.12890625,1440.1300048828125
2007-01-25,2857.364990234375,1423.9000244140625
2007-01-26,2882.55810546875,1422.1800537109375
2007-01-29,2945.262939453125,1420.6199951171875
2007-01-30,2930.56201171875,1428.8199462890625
2007-01-31,2786.3349609375,1438.239990234375
2007-02-01,2785.431884765625,1445.93994140625
2007-02-02,2673.2119140625,1448.3900146484375
2007-02-05,2612.537109375,1446.989990234375
2007-02-06,2675.697021484375,1448.0
2007-02-07,2716.175048828125,1450.02001953125
2007-02-08,2737.73193359375,1448.31005859375
2007-02-09,2730.385986328125,1438.06005859375
2007-02-12,2807.174072265625,1433.3699951171875
2007-02-13,2831.8720703125,1444.260009765625
2007-02-14,2905.093017578125,1455.300048828125
2007-02-15,2993.008056640625,1456.81005859375
2007-02-16,2998.47412109375,1455.5400390625
2007-02-20,,1459.6800537109375
2007-02-21,,1457.6300048828125
2007-02-22,,1456.3800048828125
2007-02-23,,1451.18994140625
2007-02-26,3040.59912109375,1449.3699951171875
2007-02-27,2771.791015625,1399.0400390625
2007-02-28,2881.072998046875,1406.8199462890625
2007-03-01,2797.18994140625,1403.1700439453125
2007-03-02,2831.52587890625,1387.1700439453125
2007-03-05,2785.305908203125,1374.1199951171875
2007-03-06,2840.175048828125,1395.4100341796875
2007-03-07,2896.593994140625,1391.969970703125
2007-03-08,2928.014892578125,1401.8900146484375
2007-03-09,2937.909912109375,1402.8399658203125
2007-03-12,2954.9140625,1406.5999755859375
2007-03-13,2964.7939453125,1377.949951171875
2007-03-14,2906.333984375,1387.1700439453125
2007-03-15,2951.697998046875,1392.280029296875
2007-03-16,2930.48095703125,1386.949951171875
2007-03-19,3014.44189453125,1402.06005859375
2007-03-20,3032.195068359375,1410.93994140625
2007-03-21,3057.3798828125,1435.0400390625
2007-03-22,3071.22509765625,1434.5400390625
2007-03-23,3074.285888671875,1436.1099853515625
2007-03-26,3122.81103515625,1437.5
2007-03-27,3138.825927734375,1428.6099853515625
2007-03-28,3173.01806640625,1417.22998046875
2007-03-29,3197.537109375,1422.530029296875
2007-03-30,3183.98291015625,1420.8599853515625
2007-04-02,3252.594970703125,1424.550048828125
2007-04-03,3291.299072265625,1437.77001953125
2007-04-04,3291.5419921875,1439.3699951171875
2007-04-05,3319.139892578125,1443.760009765625
2007-04-06,3323.5849609375,
2007-04-09,3398.949951171875,1444.6099853515625
2007-04-10,3444.291015625,1448.3900146484375
2007-04-11,3495.22412109375,1438.8699951171875
2007-04-12,3531.029052734375,1447.800048828125
2007-04-13,3518.26708984375,1452.8499755859375
2007-04-16,3596.44091796875,1468.3299560546875
2007-04-17,3611.8701171875,1471.47998046875
2007-04-18,3612.39599609375,1472.5
2007-04-19,3449.01611328125,1470.72998046875
2007-04-20,3584.2041015625,1484.3499755859375
2007-04-23,3710.885986328125,1480.9300537109375
2007-04-24,3720.531982421875,1480.4100341796875
2007-04-25,3743.958984375,1495.4200439453125
2007-04-26,3783.06298828125,1494.25
2007-04-27,3759.866943359375,1494.0699462890625
2007-04-30,3841.27197265625,1482.3699951171875
2007-05-01,,1486.300048828125
2007-05-02,,1495.9200439453125
2007-05-03,,1502.3900146484375
2007-05-04,,1505.6199951171875
2007-05-07,,1509.47998046875
2007-05-08,3950.010986328125,1507.719970703125
2007-05-09,4013.0849609375,1512.5799560546875
2007-05-10,4049.700927734375,1491.469970703125
2007-05-11,4021.677978515625,1505.8499755859375
2007-05-14,4046.39208984375,1503.1500244140625
2007-05-15,3899.177978515625,1501.18994140625
2007-05-16,3986.04296875,1514.1400146484375
2007-05-17,4048.29296875,1512.75
2007-05-18,4030.258056640625,1522.75
2007-05-21,4072.22509765625,1525.0999755859375
2007-05-22,4110.37890625,1524.1199951171875
2007-05-23,4173.708984375,1522.280029296875
2007-05-24,4151.1328125,1507.510009765625
2007-05-25,4179.77587890625,1515.72998046875
2007-05-28,4272.11083984375,
2007-05-29,4334.923828125,1518.1099853515625
2007-05-30,4053.087890625,1530.22998046875
2007-05-31,4109.65380859375,1530.6199951171875
2007-06-01,4000.741943359375,1536.3399658203125
2007-06-04,3670.40087890625,1539.1800537109375
2007-06-05,3767.10107421875,1530.949951171875
2007-06-06,3776.31689453125,1517.3800048828125
2007-06-07,3890.802978515625,1490.719970703125
2007-06-08,3913.135009765625,1507.6700439453125
2007-06-11,3995.679931640625,1509.1199951171875
2007-06-12,4072.137939453125,1493.0
2007-06-13,4176.47900390625,1515.6700439453125
2007-06-14,4115.208984375,1522.969970703125
2007-06-15,4132.8681640625,1532.9100341796875
2007-06-18,4253.34814453125,1531.050048828125
2007-06-19,4269.52392578125,1533.699951171875
2007-06-20,4181.3232421875,1512.8399658203125
2007-06-21,4230.8232421875,1522.18994140625
2007-06-22,4091.445068359375,1502.56005859375
2007-06-25,3941.0810546875,1497.739990234375
2007-06-26,3973.37109375,1492.8900146484375
2007-06-27,4078.59912109375,1506.3399658203125
2007-06-28,3914.2041015625,1505.7099609375
2007-06-29,3820.702880859375,1503.3499755859375
2007-07-02,3836.2939453125,1519.4300537109375
2007-07-03,3899.72412109375,1524.8699951171875
2007-07-04,3816.1650390625,
2007-07-05,3615.8720703125,1525.4000244140625
2007-07-06,3781.347900390625,1530.43994140625
2007-07-09,3883.216064453125,1531.8499755859375
2007-07-10,3853.02099609375,1510.1199951171875
2007-07-11,3865.722900390625,1518.760009765625
2007-07-12,3915.990966796875,1547.699951171875
2007-07-13,3914.39501953125,1552.5
2007-07-16,3821.916015625,1549.52001953125
2007-07-17,3896.19091796875,1549.3699951171875
2007-07-18,3930.06005859375,1546.1700439453125
2007-07-19,3912.94091796875,1553.0799560546875
2007-07-20,4058.85302734375,1534.0999755859375
2007-07-23,4213.36083984375,1541.5699462890625
2007-07-24,4210.3291015625,1511.0400390625
2007-07-25,4323.9658203125,1518.0899658203125
2007-07-26,4346.4580078125,1482.6600341796875
2007-07-27,4345.35693359375,1458.949951171875
2007-07-30,4440.76904296875,1473.9100341796875
2007-07-31,4471.0322265625,1455.27001953125
2007-08-01,4300.56298828125,1465.81005859375
2007-08-02,4407.72998046875,1472.199951171875
2007-08-03,4560.77392578125,1433.06005859375
2007-08-06,4628.10791015625,1467.6700439453125
2007-08-07,4651.22509765625,1476.7099609375
2007-08-08,4663.162109375,1497.489990234375
2007-08-09,4754.09521484375,1453.0899658203125
2007-08-10,4749.369140625,1453.6400146484375
2007-08-13,4820.06396484375,1452.9200439453125
2007-08-14,4872.78515625,1426.5400390625
2007-08-15,4869.8828125,1406.699951171875
2007-08-16,4765.4482421875,1411.27001953125
2007-08-17,4656.57421875,1445.93994140625
2007-08-20,4904.85498046875,1445.550048828125
2007-08-21,4955.20703125,1447.1199951171875
2007-08-22,4980.0751953125,1464.0699462890625
2007-08-23,5032.494140625,1462.5
2007-08-24,5107.66796875,1479.3699951171875
2007-08-27,5150.1181640625,1466.7900390625
2007-08-28,5194.68896484375,1432.3599853515625
2007-08-29,5109.4267578125,1463.760009765625
2007-08-30,5167.8837890625,1457.6400146484375
2007-08-31,5218.8251953125,1473.989990234375
2007-09-03,5321.05517578125,
2007-09-04,5294.044921875,1489.4200439453125
2007-09-05,5310.7158203125,1472.2900390625
2007-09-06,5393.66015625,1478.550048828125
2007-09-07,5277.17578125,1453.550048828125
2007-09-10,5355.287109375,1451.699951171875
2007-09-11,5113.9677734375,1471.489990234375
2007-09-12,5172.626953125,1471.56005859375
2007-09-13,5273.591796875,1483.949951171875
2007-09-14,5312.18212890625,1484.25
2007-09-17,5421.39208984375,1476.6500244140625
2007-09-18,5425.2080078125,1519.780029296875
2007-09-19,5395.26513671875,1529.030029296875
2007-09-20,5470.06494140625,1518.75
2007-09-21,5454.673828125,1525.75
2007-09-24,5485.01318359375,1517.72998046875
2007-09-25,5425.8798828125,1517.2099609375
2007-09-26,5338.52001953125,1525.4200439453125
2007-09-27,5409.40283203125,1531.3800048828125
2007-09-28,5552.30078125,1526.75
2007-10-01,,1547.0400390625
2007-10-02,,1546.6300048828125
2007-10-03,,1539.5899658203125
2007-10-04,,1542.8399658203125
2007-10-05,,1557.5899658203125
2007-10-08,5692.7548828125,1552.5799560546875
2007-10-09,5715.89208984375,1565.1500244140625
2007-10-10,5771.4638671875,1562.469970703125
2007-10-11,5913.22998046875,1554.4100341796875
2007-10-12,5903.26416015625,1561.800048828125
2007-10-15,6030.0859375,1548.7099609375
2007-10-16,6092.05712890625,1538.530029296875
2007-10-17,6036.28076171875,1541.239990234375
2007-10-18,5825.2822265625,1540.0799560546875
2007-10-19,5818.046875,1500.6300048828125
2007-10-22,5667.33203125,1506.3299560546875
2007-10-23,5773.38720703125,1519.5899658203125
2007-10-24,5843.10888671875,1515.8800048828125
2007-10-25,5562.39404296875,1514.4000244140625
2007-10-26,5589.630859375,1535.280029296875
2007-10-29,5747.9970703125,1540.97998046875
2007-10-30,5897.19287109375,1531.02001953125
2007-10-31,5954.76513671875,1549.3800048828125
2007-11-01,5914.28515625,1508.43994140625
2007-11-02,5777.80908203125,1509.6500244140625
2007-11-05,5634.4521484375,1502.1700439453125
2007-11-06,5536.56884765625,1520.27001953125
2007-11-07,5601.783203125,1475.6199951171875
2007-11-08,5330.02294921875,1474.77001953125
2007-11-09,5315.5400390625,1453.699951171875
2007-11-12,5187.73486328125,1439.1800537109375
2007-11-13,5158.1181640625,1481.050048828125
2007-11-14,5412.69384765625,1470.5799560546875
2007-11-15,5365.26708984375,1451.1500244140625
2007-11-16,5316.27392578125,1458.739990234375
2007-11-19,5269.81689453125,1433.27001953125
2007-11-20,5293.703125,1439.699951171875
2007-11-21,5214.22509765625,1416.77001953125
2007-11-22,4984.1611328125,
2007-11-23,5032.1298828125,1440.699951171875
2007-11-26,4958.84912109375,1407.219970703125
2007-11-27,4861.11083984375,1428.22998046875
2007-11-28,4803.39404296875,1469.02001953125
2007-11-29,5003.3330078125,1469.719970703125
2007-11-30,4871.77783203125,1481.1400146484375
2007-12-03,4868.61083984375,1472.4200439453125
2007-12-04,4915.88916015625,1462.7900390625
2007-12-05,5042.65380859375,1485.010009765625
2007-12-06,5035.0732421875,1507.3399658203125
2007-12-07,5091.755859375,1504.6600341796875
2007-12-10,5161.9189453125,1515.9599609375
2007-12-11,5175.076171875,1477.6500244140625
2007-12-12,5095.54296875,1486.5899658203125
2007-12-13,4958.04296875,1488.4100341796875
2007-12-14,5007.9111328125,1467.949951171875
2007-12-17,4876.76123046875,1445.9000244140625
2007-12-18,4836.173828125,1454.97998046875
2007-12-19,4941.7841796875,1453.0
2007-12-20,5043.53515625,1460.1199951171875
2007-12-21,5101.77880859375,1484.4599609375
2007-12-24,5234.26220703125,1496.449951171875
2007-12-25,5201.18115234375,
2007-12-26,5233.35107421875,1497.6600341796875
2007-12-27,5308.88916015625,1476.27001953125
2007-12-28,5261.56298828125,1478.489990234375
2007-12-31,,1468.3599853515625
2008-01-02,5272.81396484375,1447.1600341796875
2008-01-03,5319.86083984375,1447.1600341796875
2008-01-04,5361.57421875,1411.6300048828125
2008-01-07,5393.3427734375,1416.1800537109375
2008-01-08,5386.53076171875,1390.18994140625
2008-01-09,5435.80712890625,1409.1300048828125
2008-01-10,5456.541015625,1420.3299560546875
2008-01-11,5484.6767578125,1401.02001953125
2008-01-14,5497.90087890625,1416.25
2008-01-15,5443.791015625,1380.949951171875
2008-01-16,5290.60595703125,1373.199951171875
2008-01-17,5151.6259765625,1333.25
2008-01-18,5180.51416015625,1325.18994140625
2008-01-21,4914.43505859375,
2008-01-22,4559.7509765625,1310.5
2008-01-23,4703.046875,1338.5999755859375
2008-01-24,4717.73388671875,1352.0699462890625
2008-01-25,4761.68798828125,1330.6099853515625
2008-01-28,4419.2939453125,1353.9599609375
2008-01-29,4457.94384765625,1362.300048828125
2008-01-30,4417.84912109375,1355.81005859375
2008-01-31,4383.39306640625,1378.550048828125
2008-02-01,4320.76708984375,1395.4200439453125
2008-02-04,4672.169921875,1380.8199462890625
2008-02-05,4599.69580078125,1336.6400146484375
2008-02-06,,1326.449951171875
2008-02-07,,1336.9100341796875
2008-02-08,,1331.2900390625
2008-02-11,,1339.1300048828125
2008-02-12,,1348.8599853515625
2008-02-13,4490.72119140625,1367.2099609375
2008-02-14,4552.31591796875,1348.8599853515625
2008-02-15,4497.126953125,1349.989990234375
2008-02-18,4568.15087890625,
2008-02-19,4664.294921875,1348.780029296875
2008-02-20,4567.02587890625,1360.030029296875
2008-02-21,4527.1767578125,1342.530029296875
2008-02-22,4370.28515625,1353.1099853515625
2008-02-25,4192.533203125,1371.800048828125
2008-02-26,4238.17919921875,1381.2900390625
2008-02-27,4334.046875,1380.02001953125
2008-02-28,4299.51318359375,1367.6800537109375
2008-02-29,4348.54296875,1330.6300048828125
2008-03-03,4438.26513671875,1331.3399658203125
2008-03-04,4335.44580078125,1326.75
2008-03-05,4292.65380859375,1333.699951171875
2008-03-06,4360.98583984375,1304.3399658203125
2008-03-07,4300.51513671875,1293.3699951171875
2008-03-10,4146.298828125,1273.3699951171875
2008-03-11,4165.8779296875,1320.6500244140625
2008-03-12,4070.115966796875,1308.77001953125
2008-03-13,3971.257080078125,1315.47998046875
2008-03-14,3962.673095703125,1288.1400146484375
2008-03-17,3820.048095703125,1276.5999755859375
2008-03-18,3668.89697265625,1330.739990234375
2008-03-19,3761.60498046875,1298.4200439453125
2008-03-20,3804.053955078125,1329.510009765625
2008-03-21,3796.575927734375,
2008-03-24,3626.18798828125,1349.8800048828125
2008-03-25,3629.618896484375,1352.989990234375
2008-03-26,3606.85693359375,1341.1300048828125
2008-03-27,3411.492919921875,1325.760009765625
2008-03-28,3580.14599609375,1315.219970703125
2008-03-31,3472.712890625,1322.699951171875
2008-04-01,3329.162109375,1370.1800537109375
2008-04-02,3347.882080078125,1367.530029296875
2008-04-03,3446.243896484375,1369.31005859375
2008-04-04,,1370.4000244140625
2008-04-07,3599.617919921875,1372.5400390625
2008-04-08,3612.5390625,1365.5400390625
2008-04-09,3413.906982421875,1354.489990234375
2008-04-10,3471.742919921875,1360.550048828125
2008-04-11,3492.89306640625,1332.8299560546875
2008-04-14,3296.672119140625,1328.3199462890625
2008-04-15,3348.35302734375,1334.4300537109375
2008-04-16,3291.59912109375,1364.7099609375
2008-04-17,3222.740966796875,1365.56005859375
2008-04-18,3094.66796875,1390.3299560546875
2008-04-21,3116.97705078125,1388.1700439453125
2008-04-22,3147.79296875,1375.93994140625
2008-04-23,3278.330078125,1379.9300537109375
2008-04-24,3583.028076171875,1388.8199462890625
2008-04-25,3557.7490234375,1397.8399658203125
2008-04-28,3474.721923828125,1396.3699951171875
2008-04-29,3523.405029296875,1390.93994140625
2008-04-30,3693.10595703125,1385.5899658203125
2008-05-01,,1409.3399658203125
2008-05-02,,1413.9000244140625
2008-05-05,3761.009033203125,1407.489990234375
2008-05-06,3733.5029296875,1418.260009765625
2008-05-07,3579.14697265625,1392.5699462890625
2008-05-08,3656.839111328125,1397.6800537109375
2008-05-09,3613.493896484375,1388.280029296875
2008-05-12,3626.98193359375,1403.5799560546875
2008-05-13,3560.242919921875,1403.0400390625
2008-05-14,3657.431884765625,1408.6600341796875
2008-05-15,3637.323974609375,1423.5699462890625
2008-05-16,3624.23291015625,1425.3499755859375
2008-05-19,3604.760986328125,1426.6300048828125
2008-05-20,3443.162109375,1413.4000244140625
2008-05-21,3544.18603515625,1390.7099609375
2008-05-22,3485.6298828125,1394.3499755859375
2008-05-23,3473.091064453125,1375.9300537109375
2008-05-26,3364.5439453125,
2008-05-27,3375.406982421875,1385.3499755859375
2008-05-28,3459.02587890625,1390.8399658203125
2008-05-29,3401.43701171875,1398.260009765625
2008-05-30,3433.35400390625,1400.3800048828125
2008-06-02,3459.0439453125,1385.6700439453125
2008-06-03,3436.39794921875,1377.6500244140625
2008-06-04,3369.9130859375,1377.199951171875
2008-06-05,3351.64501953125,1404.050048828125
2008-06-06,3329.669921875,1360.6800537109375
2008-06-09,,1361.760009765625
2008-06-10,3072.3330078125,1358.43994140625
2008-06-11,3024.239990234375,1335.489990234375
2008-06-12,2957.531982421875,1339.8699951171875
2008-06-13,2868.800048828125,1360.030029296875
2008-06-16,2874.10302734375,1360.1400146484375
2008-06-17,2794.7509765625,1350.9300537109375
2008-06-18,2941.114990234375,1337.81005859375
2008-06-19,2748.8740234375,1342.8299560546875
2008-06-20,2831.736083984375,1317.9300537109375
2008-06-23,2760.4169921875,1318.0
2008-06-24,2803.01904296875,1314.2900390625
2008-06-25,2905.013916015625,1321.969970703125
2008-06-26,2901.85009765625,1283.1500244140625
2008-06-27,2748.431884765625,1278.3800048828125
2008-06-30,2736.10302734375,1280.0
2008-07-01,2651.60498046875,1284.9100341796875
2008-07-02,2651.72509765625,1261.52001953125
2008-07-03,2703.529052734375,1262.9000244140625
2008-07-04,2669.89208984375,
2008-07-07,2792.39697265625,1252.31005859375
2008-07-08,2814.947021484375,1273.699951171875
2008-07-09,2920.5458984375,1244.68994140625
2008-07-10,2875.449951171875,1253.3900146484375
2008-07-11,2856.634033203125,1239.489990234375
2008-07-14,2878.256103515625,1228.300048828125
2008-07-15,2779.447998046875,1214.9100341796875
2008-07-16,2705.866943359375,1245.3599853515625
2008-07-17,2684.778076171875,1260.3199462890625
2008-07-18,2778.366943359375,1260.6800537109375
2008-07-21,2861.41796875,1260.0
2008-07-22,2846.116943359375,1277.0
2008-07-23,2837.84912109375,1282.18994140625
2008-07-24,2910.2919921875,1252.5400390625
2008-07-25,2865.10107421875,1257.760009765625
2008-07-28,2903.011962890625,1234.3699951171875
2008-07-29,2850.31103515625,1263.199951171875
2008-07-30,2836.66796875,1284.260009765625
2008-07-31,2775.717041015625,1267.3800048828125
2008-08-01,2801.81689453125,1260.31005859375
2008-08-04,2741.739990234375,1249.010009765625
2008-08-05,2690.74609375,1284.8800048828125
2008-08-06,2719.367919921875,1289.18994140625
2008-08-07,2727.576904296875,1266.0699462890625
2008-08-08,2605.718994140625,1296.3199462890625
2008-08-11,2470.073974609375,1305.3199462890625
2008-08-12,2457.197998046875,1289.5899658203125
2008-08-13,2446.297119140625,1285.8299560546875
2008-08-14,2437.08203125,1292.9300537109375
2008-08-15,2450.610107421875,1298.199951171875
2008-08-18,2319.867919921875,1278.5999755859375
2008-08-19,2344.468994140625,1266.68994140625
2008-08-20,2523.281982421875,1274.5400390625
2008-08-21,2431.716064453125,1277.719970703125
2008-08-22,2405.22607421875,1292.199951171875
2008-08-25,2413.3740234375,1266.8399658203125
2008-08-26,2350.083984375,1271.510009765625
2008-08-27,2342.14697265625,1281.6600341796875
2008-08-28,2350.14306640625,1300.6800537109375
2008-08-29,2397.368896484375,1282.8299560546875
2008-09-01,2325.135009765625,
2008-09-02,2304.89111328125,1277.5799560546875
2008-09-03,2276.672119140625,1274.97998046875
2008-09-04,2277.410888671875,1236.8299560546875
2008-09-05,2202.446044921875,1242.31005859375
2008-09-08,2143.4208984375,1267.7900390625
2008-09-09,2145.779052734375,1224.510009765625
2008-09-10,2150.759033203125,1232.0400390625
2008-09-11,2078.98095703125,1249.050048828125
2008-09-12,2079.673095703125,1251.699951171875
2008-09-15,,1192.699951171875
2008-09-16,1986.635986328125,1213.5999755859375
2008-09-17,1929.0469970703125,1156.3900146484375
2008-09-18,1895.8370361328125,1206.510009765625
2008-09-19,2075.091064453125,1255.0799560546875
2008-09-22,2236.409912109375,1207.0899658203125
2008-09-23,2201.510009765625,1188.219970703125
2008-09-24,2216.81103515625,1185.8699951171875
2008-09-25,2297.5009765625,1209.1800537109375
2008-09-26,2293.783935546875,1213.27001953125
2008-09-29,,1106.4200439453125
2008-09-30,,1166.3599853515625
2008-10-01,,1161.06005859375
2008-10-02,,1114.280029296875
2008-10-03,,1099.22998046875
2008-10-06,2173.738037109375,1056.8900146484375
2008-10-07,2157.839111328125,996.22998046875
2008-10-08,2092.22412109375,984.9400024414062
2008-10-09,2074.5830078125,909.9199829101562
2008-10-10,2000.572021484375,899.219970703125
2008-10-13,2073.568115234375,1003.3499755859375
2008-10-14,2017.321044921875,998.010009765625
2008-10-15,1994.6669921875,907.8400268554688
2008-10-16,1909.9410400390625,946.4299926757812
2008-10-17,1930.6510009765625,940.5499877929688
2008-10-20,1974.0059814453125,985.4000244140625
2008-10-21,1958.529052734375,955.0499877929688
2008-10-22,1895.822021484375,896.780029296875
2008-10-23,1875.56103515625,908.1099853515625
2008-10-24,1839.6209716796875,876.77001953125
2008-10-27,1723.3509521484375,848.9199829101562
2008-10-28,1771.821044921875,940.510009765625
2008-10-29,1719.81201171875,930.0900268554688
2008-10-30,1763.6070556640625,954.0900268554688
2008-10-31,1728.7860107421875,968.75
2008-11-03,1719.7740478515625,966.2999877929688
2008-11-04,1706.7030029296875,1005.75
2008-11-05,1760.6090087890625,952.77001953125
2008-11-06,1717.7220458984375,904.8800048828125
2008-11-07,1747.7130126953125,930.989990234375
2008-11-10,1874.801025390625,919.2100219726562
2008-11-11,1843.6070556640625,898.9500122070312
2008-11-12,1859.1099853515625,852.2999877929688
2008-11-13,1927.613037109375,911.2899780273438
2008-11-14,1986.43798828125,873.2899780273438
2008-11-17,2030.4849853515625,850.75
2008-11-18,1902.4300537109375,859.1199951171875
2008-11-19,2017.4739990234375,806.5800170898438
2008-11-20,1983.760009765625,752.4400024414062
2008-11-21,1969.3890380859375,800.030029296875
2008-11-24,1897.06005859375,851.8099975585938
2008-11-25,1888.7149658203125,857.3900146484375
2008-11-26,1897.884033203125,887.6799926757812
2008-11-27,1917.8609619140625,
2008-11-28,1871.156005859375,896.239990234375
2008-12-01,1894.614990234375,816.2100219726562
2008-12-02,1889.637939453125,848.8099975585938
2008-12-03,1965.4139404296875,870.739990234375
2008-12-04,2001.5040283203125,845.219970703125
2008-12-05,2018.656005859375,876.0700073242188
2008-12-08,2090.77294921875,909.7000122070312
2008-12-09,2037.739990234375,888.6699829101562
2008-12-10,2079.116943359375,899.239990234375
2008-12-11,2031.6810302734375,873.5900268554688
2008-12-12,1954.2149658203125,879.72998046875
2008-12-15,1964.3740234375,868.5700073242188
2008-12-16,1975.0059814453125,913.1799926757812
2008-12-17,1976.8189697265625,904.4199829101562
2008-12-18,2015.6939697265625,885.280029296875
2008-12-19,2018.4630126953125,887.8800048828125
2008-12-22,1987.7550048828125,871.6300048828125
2008-12-23,1897.2249755859375,863.1599731445312
2008-12-24,1863.800048828125,868.1500244140625
2008-12-25,1852.4189453125,
2008-12-26,1851.5179443359375,872.7999877929688
2008-12-29,1850.47998046875,869.4199829101562
2008-12-30,1832.9100341796875,890.6400146484375
2008-12-31,1820.8050537109375,903.25
2009-01-02,,931.7999877929688
2009-01-05,1880.7159423828125,927.4500122070312
2009-01-06,1937.14501953125,934.7000122070312
2009-01-07,1924.011962890625,906.6500244140625
2009-01-08,1878.1810302734375,909.72998046875
2009-01-09,1904.8609619140625,890.3499755859375
2009-01-12,1900.3470458984375,870.260009765625
2009-01-13,1863.366943359375,871.7899780273438
2009-01-14,1928.8690185546875,842.6199951171875
2009-01-15,1920.2060546875,843.739990234375
2009-01-16,1954.43798828125,850.1199951171875
2009-01-19,1986.6719970703125,
2009-01-20,1994.1070556640625,805.219970703125
2009-01-21,1985.0159912109375,840.239990234375
2009-01-22,2004.9510498046875,827.5
2009-01-23,1990.656982421875,831.9500122070312
2009-01-26,,836.5700073242188
2009-01-27,,845.7100219726562
2009-01-28,,874.0900268554688
2009-01-29,,845.1400146484375
2009-01-30,,825.8800048828125
2009-02-02,2011.6829833984375,825.4400024414062
2009-02-03,2060.80810546875,838.510009765625
2009-02-04,2107.7490234375,832.22998046875
2009-02-05,2098.01806640625,845.8499755859375
2009-02-06,2181.239013671875,868.5999755859375
2009-02-09,2224.714111328125,869.8900146484375
2009-02-10,2265.160888671875,827.1599731445312
2009-02-11,2260.820068359375,833.739990234375
2009-02-12,2248.091064453125,835.1900024414062
2009-02-13,2320.7919921875,826.8400268554688
2009-02-16,2389.386962890625,
2009-02-17,2319.44091796875,789.1699829101562
2009-02-18,2209.862060546875,788.4199829101562
2009-02-19,2227.125,778.9400024414062
2009-02-20,2261.47802734375,770.0499877929688
2009-02-23,2305.777099609375,743.3300170898438
2009-02-24,2200.654052734375,773.1400146484375
2009-02-25,2206.573974609375,764.9000244140625
2009-02-26,2121.2509765625,752.8300170898438
2009-02-27,2082.85205078125,735.0900268554688
2009-03-02,2093.447021484375,700.8200073242188
2009-03-03,2071.430908203125,696.3300170898438
2009-03-04,2198.10693359375,712.8699951171875
2009-03-05,2221.075927734375,682.5499877929688
2009-03-06,2193.007080078125,683.3800048828125
2009-03-09,2118.748046875,676.530029296875
2009-03-10,2158.568115234375,719.5999755859375
2009-03-11,2139.02490234375,721.3599853515625
2009-03-12,2133.881103515625,750.739990234375
2009-03-13,2128.847900390625,756.5499877929688
2009-03-16,2153.291015625,753.8900146484375
2009-03-17,2218.325927734375,778.1199951171875
2009-03-18,2223.72509765625,794.3499755859375
2009-03-19,2265.759033203125,784.0399780273438
2009-03-20,2281.0869140625,768.5399780273438
2009-03-23,2325.47998046875,822.9199829101562
2009-03-24,2338.419921875,806.1199951171875
2009-03-25,2291.554931640625,813.8800048828125
2009-03-26,2361.7041015625,832.8599853515625
2009-03-27,2374.43798828125,815.9400024414062
2009-03-30,2358.0400390625,787.530029296875
2009-03-31,2373.212890625,797.8699951171875
2009-04-01,2408.01708984375,811.0800170898438
2009-04-02,2425.291015625,834.3800048828125
2009-04-03,2419.778076171875,842.5
2009-04-06,,835.47998046875
2009-04-07,2439.181884765625,815.5499877929688
2009-04-08,2347.385009765625,825.1599731445312
2009-04-09,2379.8759765625,856.5599975585938
2009-04-10,2444.22607421875,
2009-04-13,2513.700927734375,858.72998046875
2009-04-14,2527.180908203125,841.5
2009-04-15,2536.055908203125,852.0599975585938
2009-04-16,2534.134033203125,865.2999877929688
2009-04-17,2503.93505859375,869.5999755859375
2009-04-20,2557.4560546875,832.3900146484375
2009-04-21,2535.827880859375,850.0800170898438
2009-04-22,2461.345947265625,843.5499877929688
2009-04-23,2463.9541015625,851.9199829101562
2009-04-24,2448.594970703125,866.22998046875
2009-04-27,2405.347900390625,857.510009765625
2009-04-28,2401.43798828125,855.1599731445312
2009-04-29,2468.19189453125,873.6400146484375
2009-04-30,2477.569091796875,872.8099975585938
2009-05-01,,877.52001953125
2009-05-04,2559.910888671875,907.239990234375
2009-05-05,2567.3369140625,903.7999877929688
2009-05-06,2592.52001953125,919.530029296875
2009-05-07,2597.447021484375,907.3900146484375
2009-05-08,2625.64501953125,929.22998046875
2009-05-11,2579.7470703125,909.239990234375
2009-05-12,2618.172119140625,908.3499755859375
2009-05-13,2663.76611328125,883.9199829101562
2009-05-14,2639.886962890625,893.0700073242188
2009-05-15,2645.262939453125,882.8800048828125
2009-05-18,2652.779052734375,909.7100219726562
2009-05-19,2676.681884765625,908.1300048828125
2009-05-20,2651.4140625,903.469970703125
2009-05-21,2610.6220703125,888.3300170898438
2009-05-22,2597.60107421875,887.0
2009-05-25,2610.010009765625,
2009-05-26,2588.574951171875,910.3300170898438
2009-05-27,2632.929931640625,893.0599975585938
2009-05-28,,906.8300170898438
2009-05-29,,919.1400146484375
2009-06-01,2721.280029296875,942.8699951171875
2009-06-02,2724.302001953125,944.739990234375
2009-06-03,2778.589111328125,931.760009765625
2009-06-04,2767.243896484375,942.4600219726562
2009-06-05,2753.89111328125,940.0900268554688
2009-06-08,2768.3359375,939.1400146484375
2009-06-09,2787.886962890625,942.4299926757812
2009-06-10,2816.2470703125,939.1500244140625
2009-06-11,2797.320068359375,944.8900146484375
2009-06-12,2743.761962890625,946.2100219726562
2009-06-15,2789.549072265625,923.719970703125
2009-06-16,2776.02197265625,911.969970703125
2009-06-17,2810.123046875,910.7100219726562
2009-06-18,2853.903076171875,918.3699951171875
2009-06-19,2880.491943359375,921.22998046875
2009-06-22,2896.302001953125,893.0399780273438
2009-06-23,2892.697021484375,895.0999755859375
2009-06-24,2922.299072265625,900.9400024414062
2009-06-25,2925.0458984375,920.260009765625
2009-06-26,2928.2109375,918.9000244140625
2009-06-29,2975.31396484375,927.22998046875
2009-06-30,2959.362060546875,919.3200073242188
2009-07-01,3008.14990234375,923.3300170898438
2009-07-02,3060.25390625,896.4199829101562
2009-07-03,3088.366943359375,
2009-07-06,3124.6669921875,898.719970703125
2009-07-07,3089.449951171875,881.030029296875
2009-07-08,3080.77392578125,879.5599975585938
2009-07-09,3123.034912109375,882.6799926757812
2009-07-10,3113.931884765625,879.1300048828125
2009-07-13,3080.555908203125,901.0499877929688
2009-07-14,3145.156982421875,905.8400268554688
2009-07-15,3188.551025390625,932.6799926757812
2009-07-16,3183.741943359375,940.739990234375
2009-07-17,3189.740966796875,940.3800048828125
2009-07-20,3266.919921875,951.1300048828125
2009-07-21,3213.2060546875,954.5800170898438
2009-07-22,3296.614990234375,954.0700073242188
2009-07-23,3328.489990234375,976.2899780273438
2009-07-24,3372.60302734375,979.260009765625
2009-07-27,3435.2119140625,982.1799926757812
2009-07-28,3438.37109375,979.6199951171875
2009-07-29,3266.431884765625,975.1500244140625
2009-07-30,3321.56005859375,986.75
2009-07-31,3412.06201171875,987.47998046875
2009-08-03,3462.590087890625,1002.6300048828125
2009-08-04,3471.44189453125,1005.6500244140625
2009-08-05,3428.5009765625,1002.719970703125
2009-08-06,3356.330078125,997.0800170898438
2009-08-07,3260.68994140625,1010.47998046875
2009-08-10,3249.760009765625,1007.0999755859375
2009-08-11,3264.72607421875,994.3499755859375
2009-08-12,3112.718994140625,1005.8099975585938
2009-08-13,3140.56005859375,1012.72998046875
2009-08-14,3046.971923828125,1004.0900268554688
2009-08-17,2870.6298828125,979.72998046875
2009-08-18,2910.884033203125,989.6699829101562
2009-08-19,2785.583984375,996.4600219726562
2009-08-20,2911.58203125,1007.3699951171875
2009-08-21,2960.77099609375,1026.1300048828125
2009-08-24,2993.428955078125,1025.5699462890625
2009-08-25,2915.802978515625,1028.0
2009-08-26,2967.594970703125,1028.1199951171875
2009-08-27,2946.39501953125,1030.97998046875
2009-08-28,2860.68798828125,1028.9300537109375
2009-08-31,2667.7451171875,1020.6199951171875
2009-09-01,2683.72412109375,998.0399780273438
2009-09-02,2714.97412109375,994.75
2009-09-03,2845.02392578125,1003.239990234375
2009-09-04,2861.60888671875,1016.4000244140625
2009-09-07,2881.115966796875,
2009-09-08,2930.47509765625,1025.3900146484375
2009-09-09,2946.259033203125,1033.3699951171875
2009-09-10,2924.883056640625,1044.1400146484375
2009-09-11,2989.7919921875,1042.72998046875
2009-09-14,3026.740966796875,1049.3399658203125
2009-09-15,3033.72802734375,1052.6300048828125
2009-09-16,2999.7099609375,1068.760009765625
2009-09-17,3060.260009765625,1065.489990234375
2009-09-18,2962.6669921875,1068.300048828125
2009-09-21,2967.010986328125,1064.6600341796875
2009-09-22,2897.552978515625,1071.6600341796875
2009-09-23,2842.720947265625,1060.8699951171875
2009-09-24,2853.553955078125,1050.780029296875
2009-09-25,2838.842041015625,1044.3800048828125
2009-09-28,2763.52490234375,1062.97998046875
2009-09-29,2754.5400390625,1060.6099853515625
2009-09-30,2779.426025390625,1057.0799560546875
2009-10-01,,1029.8499755859375
2009-10-02,,1025.2099609375
2009-10-05,,1040.4599609375
2009-10-06,,1054.719970703125
2009-10-07,,1057.5799560546875
2009-10-08,,1065.47998046875
2009-10-09,2911.715087890625,1071.489990234375
2009-10-12,2894.48291015625,1076.18994140625
2009-10-13,2936.19091796875,1073.18994140625
2009-10-14,2970.531982421875,1092.02001953125
2009-10-15,2979.7880859375,1096.56005859375
2009-10-16,2976.633056640625,1087.6800537109375
2009-10-19,3038.27294921875,1097.9100341796875
2009-10-20,3084.4541015625,1091.06005859375
2009-10-21,3070.589111328125,1081.4000244140625
2009-10-22,3051.412109375,1092.9100341796875
2009-10-23,3107.846923828125,1079.5999755859375
2009-10-26,3109.56591796875,1066.949951171875
2009-10-27,3021.458984375,1063.4100341796875
2009-10-28,3031.3291015625,1042.6300048828125
2009-10-29,2960.466064453125,1066.1099853515625
2009-10-30,2995.847900390625,1036.18994140625
2009-11-02,3076.64892578125,1042.8800048828125
2009-11-03,3114.22705078125,1045.4100341796875
2009-11-04,3128.537109375,1046.5
2009-11-05,3155.052978515625,1066.6300048828125
2009-11-06,3164.037109375,1069.300048828125
2009-11-09,3175.5849609375,1093.0799560546875
2009-11-10,3178.610107421875,1093.010009765625
2009-11-11,3175.19189453125,1098.510009765625
2009-11-12,3172.945068359375,1087.239990234375
2009-11-13,3187.64697265625,1093.47998046875
2009-11-16,3275.048095703125,1109.300048828125
2009-11-17,3282.888916015625,1110.3199462890625
2009-11-18,3303.23388671875,1109.800048828125
2009-11-19,3320.612060546875,1094.9000244140625
2009-11-20,3308.345947265625,1091.3800048828125
2009-11-23,3338.6630859375,1106.239990234375
2009-11-24,3223.52587890625,1105.6500244140625
2009-11-25,3290.1650390625,1110.6300048828125
2009-11-26,3170.97900390625,
2009-11-27,3096.264892578125,1091.489990234375
2009-11-30,3195.301025390625,1095.6300048828125
2009-12-01,3235.363037109375,1108.8599853515625
2009-12-02,3269.7509765625,1109.239990234375
2009-12-03,3264.6279296875,1099.9200439453125
2009-12-04,3317.0439453125,1105.97998046875
2009-12-07,3331.89697265625,1103.25
2009-12-08,3296.6640625,1091.93994140625
2009-12-09,3239.568115234375,1095.949951171875
2009-12-10,3254.263916015625,1102.3499755859375
2009-12-11,3247.318115234375,1106.4100341796875
2009-12-14,3302.904052734375,1114.1099853515625
2009-12-15,3274.4599609375,1107.9300537109375
2009-12-16,3255.212890625,1109.1800537109375
2009-12-17,3179.077880859375,1096.0799560546875
2009-12-18,3113.885986328125,1102.469970703125
2009-12-21,3122.972900390625,1114.050048828125
2009-12-22,3050.52001953125,1118.02001953125
2009-12-23,3073.777099609375,1120.5899658203125
2009-12-24,3153.409912109375,1126.47998046875
2009-12-25,3141.35302734375,
2009-12-28,3188.784912109375,1127.780029296875
2009-12-29,3211.760009765625,1126.199951171875
2009-12-30,3262.60009765625,1126.4200439453125
2009-12-31,3277.138916015625,1115.0999755859375
2010-01-04,3243.760009765625,1132.989990234375
2010-01-05,3282.178955078125,1136.52001953125
2010-01-06,3254.215087890625,1137.1400146484375
2010-01-07,3192.77587890625,1141.68994140625
2010-01-08,3195.9970703125,1144.97998046875
2010-01-11,3212.75,1146.97998046875
2010-01-12,3273.966064453125,1136.219970703125
2010-01-13,3172.657958984375,1145.6800537109375
2010-01-14,3215.550048828125,1148.4599609375
2010-01-15,3224.152099609375,1136.030029296875
2010-01-18,3237.097900390625,
2010-01-19,3246.8740234375,1150.22998046875
2010-01-20,3151.85009765625,1138.0400390625
2010-01-21,3158.863037109375,1116.47998046875
2010-01-22,3128.587890625,1091.760009765625
2010-01-25,3094.410888671875,1096.780029296875
2010-01-26,3019.39404296875,1092.1700439453125
2010-01-27,2986.60693359375,1097.5
2010-01-28,2994.14306640625,1084.530029296875
2010-01-29,2989.2919921875,1073.8699951171875
2010-02-01,2941.360107421875,1089.18994140625
2010-02-02,2934.712890625,1103.3199462890625
2010-02-03,3003.8349609375,1097.280029296875
2010-02-04,2995.30810546875,1063.1099853515625
2010-02-05,2939.402099609375,1066.18994140625
2010-02-08,2935.174072265625,1056.739990234375
2010-02-09,2948.842041015625,1070.52001953125
2010-02-10,2982.5,1068.1300048828125
2010-02-11,2985.4990234375,1078.469970703125
2010-02-12,3018.133056640625,1075.510009765625
2010-02-16,,1094.8699951171875
2010-02-17,,1099.510009765625
2010-02-18,,1106.75
2010-02-19,,1109.1700439453125
2010-02-22,3003.39794921875,1108.010009765625
2010-02-23,2982.574951171875,1094.5999755859375
2010-02-24,3022.177001953125,1105.239990234375
2010-02-25,3060.617919921875,1102.93994140625
2010-02-26,3051.943115234375,1104.489990234375
2010-03-01,3087.842041015625,1115.7099609375
2010-03-02,3073.10791015625,1118.31005859375
2010-03-03,3097.0048828125,1118.7900390625
2010-03-04,3023.373046875,1122.969970703125
2010-03-05,3031.06494140625,1138.699951171875
2010-03-08,3053.23193359375,1138.5
2010-03-09,3069.14111328125,1140.449951171875
2010-03-10,3048.927001953125,1145.6099853515625
2010-03-11,3051.281982421875,1150.239990234375
2010-03-12,3013.412109375,1149.989990234375
2010-03-15,2976.93896484375,1150.510009765625
2010-03-16,2992.841064453125,1159.4599609375
2010-03-17,3050.47900390625,1166.2099609375
2010-03-18,3046.089111328125,1165.8299560546875
2010-03-19,3067.75,1159.9000244140625
2010-03-22,3074.575927734375,1165.81005859375
2010-03-23,3053.125,1174.1700439453125
2010-03-24,3056.80810546875,1167.719970703125
2010-03-25,3019.176025390625,1165.72998046875
2010-03-26,3059.715087890625,1166.5899658203125
2010-03-29,3123.798095703125,1173.219970703125
2010-03-30,3128.468017578125,1173.27001953125
2010-03-31,3109.10498046875,1169.4300537109375
2010-04-01,3147.416015625,1178.0999755859375
2010-04-02,3157.95703125,
2010-04-05,,1187.43994140625
2010-04-06,3158.680908203125,1189.43994140625
2010-04-07,3148.221923828125,1182.449951171875
2010-04-08,3118.708984375,1186.43994140625
2010-04-09,3145.346923828125,1194.3699951171875
2010-04-12,3129.262939453125,1196.47998046875
2010-04-13,3161.2509765625,1197.300048828125
2010-04-14,3166.18310546875,1210.6500244140625
2010-04-15,3164.966064453125,1211.6700439453125
2010-04-16,3130.302001953125,1192.1300048828125
2010-04-19,2980.297119140625,1197.52001953125
2010-04-20,2979.532958984375,1207.1700439453125
2010-04-21,3033.278076171875,1205.93994140625
2010-04-22,2999.48388671875,1208.6700439453125
2010-04-23,2983.537109375,1217.280029296875
2010-04-26,2969.5029296875,1212.050048828125
2010-04-27,2907.927978515625,1183.7099609375
2010-04-28,2900.3310546875,1191.3599853515625
2010-04-29,2868.431884765625,1206.780029296875
2010-04-30,2870.611083984375,1186.68994140625
2010-05-03,,1202.260009765625
2010-05-04,2835.277099609375,1173.5999755859375
2010-05-05,2857.15087890625,1165.8699951171875
2010-05-06,2739.701904296875,1128.1500244140625
2010-05-07,2688.383056640625,1110.8800048828125
2010-05-10,2698.757080078125,1159.72998046875
2010-05-11,2647.572998046875,1155.7900390625
2010-05-12,2655.714111328125,1171.6700439453125
2010-05-13,2710.507080078125,1157.43994140625
2010-05-14,2696.62890625,1135.6800537109375
2010-05-17,2559.930908203125,1136.93994140625
2010-05-18,2594.782958984375,1120.800048828125
2010-05-19,2587.806884765625,1115.050048828125
2010-05-20,2555.93994140625,1071.5899658203125
2010-05-21,2583.52197265625,1087.68994140625
2010-05-24,2673.423095703125,1073.6500244140625
2010-05-25,2622.6298828125,1074.030029296875
2010-05-26,2625.79296875,1067.949951171875
2010-05-27,2655.91796875,1103.06005859375
2010-05-28,2655.76708984375,1089.4100341796875
2010-05-31,2592.14599609375,
2010-06-01,2568.282958984375,1070.7099609375
2010-06-02,2571.423095703125,1098.3800048828125
2010-06-03,2552.656005859375,1102.8299560546875
2010-06-04,2553.593017578125,1064.8800048828125
2010-06-07,2511.72900390625,1050.469970703125
2010-06-08,2513.947021484375,1062.0
2010-06-09,2583.8701171875,1055.68994140625
2010-06-10,2562.580078125,1086.8399658203125
2010-06-11,2569.94091796875,1091.5999755859375
2010-06-14,,1089.6300048828125
2010-06-15,,1115.22998046875
2010-06-16,,1114.6099853515625
2010-06-17,2560.2451171875,1116.0400390625
2010-06-18,2513.221923828125,1117.510009765625
2010-06-21,2586.208984375,1113.199951171875
2010-06-22,2588.697998046875,1095.31005859375
2010-06-23,2569.8720703125,1092.0400390625
2010-06-24,2566.7451171875,1073.68994140625
2010-06-25,2552.81689453125,1076.760009765625
2010-06-28,2535.278076171875,1074.5699462890625
2010-06-29,2427.052001953125,1041.239990234375
2010-06-30,2398.3701171875,1030.7099609375
2010-07-01,2373.7919921875,1027.3699951171875
2010-07-02,2382.90087890625,1022.5800170898438
2010-07-05,2363.947998046875,
2010-07-06,2409.424072265625,1028.06005859375
2010-07-07,2421.116943359375,1060.27001953125
2010-07-08,2415.14990234375,1070.25
2010-07-09,2470.923095703125,1077.9599609375
2010-07-12,2490.718017578125,1078.75
2010-07-13,2450.284912109375,1095.3399658203125
2010-07-14,2470.43994140625,1095.1700439453125
2010-07-15,2424.303955078125,1096.47998046875
2010-07-16,2424.27099609375,1064.8800048828125
2010-07-19,2475.4208984375,1071.25
2010-07-20,2528.72900390625,1083.47998046875
2010-07-21,2535.39404296875,1069.5899658203125
2010-07-22,2562.406005859375,1093.6700439453125
2010-07-23,2572.028076171875,1102.6600341796875
2010-07-26,2588.68310546875,1115.010009765625
2010-07-27,2575.367919921875,1113.8399658203125
2010-07-28,2633.6630859375,1106.1300048828125
2010-07-29,2648.115966796875,1101.530029296875
2010-07-30,2637.5029296875,1101.5999755859375
2010-08-02,2672.51611328125,1125.8599853515625
2010-08-03,2627.001953125,1120.4599609375
2010-08-04,2638.52197265625,1127.239990234375
2010-08-05,2620.757080078125,1125.81005859375
2010-08-06,2658.39208984375,1121.6400146484375
2010-08-09,2672.531982421875,1127.7900390625
2010-08-10,2595.27294921875,1121.06005859375
2010-08-11,2607.4970703125,1089.469970703125
2010-08-12,2575.47509765625,1083.6099853515625
2010-08-13,2606.699951171875,1079.25
2010-08-16,2661.7080078125,1079.3800048828125
2010-08-17,2671.89306640625,1092.5400390625
2010-08-18,2666.301025390625,1094.1600341796875
2010-08-19,2687.97900390625,1075.6300048828125
2010-08-20,2642.306884765625,1071.68994140625
2010-08-23,2639.365966796875,1067.3599853515625
2010-08-24,2650.306884765625,1051.8699951171875
2010-08-25,2596.580078125,1055.3299560546875
2010-08-26,2603.48095703125,1047.219970703125
2010-08-27,2610.741943359375,1064.5899658203125
2010-08-30,2652.6640625,1048.9200439453125
2010-08-31,2638.798095703125,1049.3299560546875
2010-09-01,2622.882080078125,1080.2900390625
2010-09-02,2655.77587890625,1090.0999755859375
2010-09-03,2655.39404296875,1104.510009765625
2010-09-06,2696.25,
2010-09-07,2698.363037109375,1091.8399658203125
2010-09-08,2695.291015625,1098.8699951171875
2010-09-09,2656.35205078125,1104.1800537109375
2010-09-10,2663.208984375,1109.550048828125
2010-09-13,2688.320068359375,1121.9000244140625
2010-09-14,2688.52197265625,1121.0999755859375
2010-09-15,2652.5029296875,1125.0699462890625
2010-09-16,2602.465087890625,1124.6600341796875
2010-09-17,2598.68896484375,1125.5899658203125
2010-09-20,2588.712890625,1142.7099609375
2010-09-21,2591.550048828125,1139.780029296875
2010-09-22,,1134.280029296875
2010-09-23,,1124.8299560546875
2010-09-24,,1148.6700439453125
2010-09-27,2627.967041015625,1142.1600341796875
2010-09-28,2611.35400390625,1147.699951171875
2010-09-29,2610.677978515625,1144.72998046875
2010-09-30,2655.657958984375,1141.199951171875
2010-10-01,,1146.239990234375
2010-10-04,,1137.030029296875
2010-10-05,,1160.75
2010-10-06,,1159.969970703125
2010-10-07,,1158.06005859375
2010-10-08,2738.743896484375,1165.1500244140625
2010-10-11,2806.94189453125,1165.3199462890625
2010-10-12,2841.406982421875,1169.77001953125
2010-10-13,2861.361083984375,1178.0999755859375
2010-10-14,2879.635986328125,1173.81005859375
2010-10-15,2971.159912109375,1176.18994140625
2010-10-18,2955.22705078125,1184.7099609375
2010-10-19,3001.85302734375,1165.9000244140625
2010-10-20,3003.950927734375,1178.1700439453125
2010-10-21,2983.531982421875,1180.260009765625
2010-10-22,2975.04296875,1183.0799560546875
2010-10-25,3051.41796875,1185.6199951171875
2010-10-26,3041.54296875,1185.6400146484375
2010-10-27,2997.048095703125,1182.449951171875
2010-10-28,2992.5791015625,1183.780029296875
2010-10-29,2978.8349609375,1183.260009765625
2010-11-01,3054.02099609375,1184.3800048828125
2010-11-02,3045.43408203125,1193.5699462890625
2010-11-03,3030.988037109375,1197.9599609375
2010-11-04,3086.93896484375,1221.06005859375
2010-11-05,3129.4970703125,1225.8499755859375
2010-11-08,3159.511962890625,1223.25
2010-11-09,3135.0,1213.4000244140625
2010-11-10,3115.35595703125,1218.7099609375
2010-11-11,3147.743896484375,1213.5400390625
2010-11-12,2985.43505859375,1199.2099609375
2010-11-15,3014.4130859375,1197.75
2010-11-16,2894.5380859375,1178.3399658203125
2010-11-17,2838.85693359375,1178.5899658203125
2010-11-18,2865.451904296875,1196.68994140625
2010-11-19,2888.56591796875,1199.72998046875
2010-11-22,2884.37109375,1197.8399658203125
2010-11-23,2828.281982421875,1180.72998046875
2010-11-24,2859.93603515625,1198.3499755859375
2010-11-25,2898.260986328125,
2010-11-26,2871.697998046875,1189.4000244140625
2010-11-29,2866.35595703125,1187.760009765625
2010-11-30,2820.180908203125,1180.550048828125
2010-12-01,2823.448974609375,1206.0699462890625
2010-12-02,2843.60693359375,1221.530029296875
2010-12-03,2842.429931640625,1224.7099609375
2010-12-06,2857.177001953125,1223.1199951171875
2010-12-07,2875.861083984375,1223.75
2010-12-08,2848.5458984375,1228.280029296875
2010-12-09,2810.948974609375,1233.0
2010-12-10,2841.0400390625,1240.4000244140625
2010-12-13,2922.9541015625,1240.4599609375
2010-12-14,2927.076904296875,1241.5899658203125
2010-12-15,2911.4140625,1235.22998046875
2010-12-16,2898.137939453125,1242.8699951171875
2010-12-17,2893.739990234375,1243.9100341796875
2010-12-20,,1247.0799560546875
2010-12-21,2904.114990234375,1254.5999755859375
2010-12-22,2877.89990234375,1258.8399658203125
2010-12-23,2855.219970703125,1256.77001953125
2010-12-24,2835.156982421875,
2010-12-27,2781.402099609375,1257.5400390625
2010-12-28,2732.989990234375,1258.510009765625
2010-12-29,2751.527099609375,1259.780029296875
2010-12-30,2759.574951171875,1257.8800048828125
2010-12-31,2808.076904296875,1257.6400146484375
2011-01-03,,1271.8699951171875
2011-01-04,2852.64794921875,1270.199951171875
2011-01-05,2839.220947265625,1276.56005859375
2011-01-06,2824.197021484375,1273.8499755859375
2011-01-07,2838.801025390625,1271.5
2011-01-10,2791.80908203125,1269.75
2011-01-11,2804.047119140625,1274.47998046875
2011-01-12,2821.304931640625,1285.9599609375
2011-01-13,2827.7119140625,1283.760009765625
2011-01-14,2791.343994140625,1293.239990234375
2011-01-17,2706.659912109375,
2011-01-18,2708.97900390625,1295.02001953125
2011-01-19,2758.096923828125,1281.9200439453125
2011-01-20,2677.652099609375,1280.260009765625
2011-01-21,2715.2939453125,1283.3499755859375
2011-01-24,2695.718994140625,1290.8399658203125
2011-01-25,2677.431884765625,1291.1800537109375
2011-01-26,2708.81396484375,1296.6300048828125
2011-01-27,2749.14990234375,1299.5400390625
2011-01-28,2752.75,1276.3399658203125
2011-01-31,2790.694091796875,1286.1199951171875
2011-02-01,2798.9599609375,1307.5899658203125
2011-02-02,,1304.030029296875
2011-02-03,,1307.0999755859375
2011-02-04,,1310.8699951171875
2011-02-07,,1319.050048828125
2011-02-08,,1324.5699462890625
2011-02-09,2774.06494140625,1320.8800048828125
2011-02-10,2818.1630859375,1321.8699951171875
2011-02-11,2827.327880859375,1329.1500244140625
2011-02-14,2899.134033203125,1332.3199462890625
2011-02-15,2899.237060546875,1328.010009765625
2011-02-16,2923.89599609375,1336.3199462890625
2011-02-17,2926.964111328125,1340.4300537109375
2011-02-18,2899.7919921875,1343.010009765625
2011-02-21,2932.24609375,
2011-02-22,2855.51611328125,1315.43994140625
2011-02-23,2862.635009765625,1307.4000244140625
2011-02-24,2878.60302734375,1306.0999755859375
2011-02-25,2878.56494140625,1319.8800048828125
2011-02-28,2905.052978515625,1327.219970703125
2011-03-01,2918.919921875,1306.3299560546875
2011-03-02,2913.80810546875,1308.43994140625
2011-03-03,2902.97802734375,1330.969970703125
2011-03-04,2942.305908203125,1321.1500244140625
2011-03-07,2996.2109375,1310.1300048828125
2011-03-08,2999.94189453125,1321.8199462890625
2011-03-09,3002.154052734375,1320.02001953125
2011-03-10,2957.14306640625,1295.1099853515625
2011-03-11,2933.7958984375,1304.280029296875
2011-03-14,2937.626953125,1296.3900146484375
2011-03-15,2896.256103515625,1281.8699951171875
2011-03-16,2930.803955078125,1256.8800048828125
2011-03-17,2897.298095703125,1273.719970703125
2011-03-18,2906.885009765625,1279.2099609375
2011-03-21,2909.136962890625,1298.3800048828125
2011-03-22,2919.14208984375,1293.77001953125
2011-03-23,2948.47705078125,1297.5400390625
2011-03-24,2946.7060546875,1309.6600341796875
2011-03-25,2977.81396484375,1313.800048828125
2011-03-28,2984.0048828125,1310.18994140625
2011-03-29,2958.076904296875,1319.43994140625
2011-03-30,2955.77099609375,1328.260009765625
2011-03-31,2928.111083984375,1325.8299560546875
2011-04-01,2967.409912109375,1332.4100341796875
2011-04-04,,1332.8699951171875
2011-04-05,,1332.6300048828125
2011-04-06,3001.360107421875,1335.5400390625
2011-04-07,3007.908935546875,1333.510009765625
2011-04-08,3030.02099609375,1328.1700439453125
2011-04-11,3022.74609375,1324.4599609375
2011-04-12,3021.368896484375,1314.1600341796875
2011-04-13,3050.39697265625,1314.4100341796875
2011-04-14,3042.635009765625,1314.52001953125
2011-04-15,3050.52587890625,1319.6800537109375
2011-04-18,3057.3291015625,1305.1400146484375
2011-04-19,2999.041015625,1312.6199951171875
2011-04-20,3007.037109375,1330.3599853515625
2011-04-21,3026.6669921875,1337.3800048828125
2011-04-22,3010.51708984375,
2011-04-25,2964.950927734375,1335.25
2011-04-26,2938.98095703125,1347.239990234375
2011-04-27,2925.407958984375,1355.6600341796875
2011-04-28,2887.04296875,1360.47998046875
2011-04-29,2911.510009765625,1363.6099853515625
2011-05-02,,1361.219970703125
2011-05-03,2932.18798828125,1356.6199951171875
2011-05-04,2866.01708984375,1347.3199462890625
2011-05-05,2872.404052734375,1335.0999755859375
2011-05-06,2863.885986328125,1340.199951171875
2011-05-09,2872.4599609375,1346.2900390625
2011-05-10,2890.634033203125,1357.1600341796875
2011-05-11,2883.419921875,1342.0799560546875
2011-05-12,2844.0830078125,1348.6500244140625
2011-05-13,2871.031005859375,1337.77001953125
2011-05-16,2849.06689453125,1329.469970703125
2011-05-17,2852.77294921875,1328.97998046875
2011-05-18,2872.77099609375,1340.6800537109375
2011-05-19,2859.573974609375,1343.5999755859375
2011-05-20,2858.458984375,1333.27001953125
2011-05-23,2774.569091796875,1317.3699951171875
2011-05-24,2767.055908203125,1316.280029296875
2011-05-25,2741.740966796875,1320.469970703125
2011-05-26,2736.527099609375,1325.68994140625
2011-05-27,2709.947021484375,1331.0999755859375
2011-05-30,2706.361083984375,
2011-05-31,2743.471923828125,1345.199951171875
2011-06-01,2743.572021484375,1314.550048828125
2011-06-02,2705.180908203125,1312.93994140625
2011-06-03,2728.02001953125,1300.1600341796875
2011-06-06,,1286.1700439453125
2011-06-07,2744.300048828125,1284.93994140625
2011-06-08,2750.2880859375,1279.56005859375
2011-06-09,2703.344970703125,1289.0
2011-06-10,2705.14306640625,1270.97998046875
2011-06-13,2700.37890625,1271.8299560546875
2011-06-14,2730.0400390625,1287.8699951171875
2011-06-15,2705.430908203125,1265.4200439453125
2011-06-16,2664.281982421875,1267.6400146484375
2011-06-17,2642.818115234375,1271.5
2011-06-20,2621.2529296875,1278.3599853515625
2011-06-21,2646.48291015625,1295.52001953125
2011-06-22,2649.321044921875,1287.1400146484375
2011-06-23,2688.2490234375,1283.5
2011-06-24,2746.2109375,1268.449951171875
2011-06-27,2758.22998046875,1280.0999755859375
2011-06-28,2759.201904296875,1296.6700439453125
2011-06-29,2728.48291015625,1307.4100341796875
2011-06-30,2762.075927734375,1320.6400146484375
2011-07-01,2759.362060546875,1339.6700439453125
2011-07-04,2812.818115234375,
2011-07-05,2816.35400390625,1337.8800048828125
2011-07-06,2810.47900390625,1339.219970703125
2011-07-07,2794.26708984375,1353.219970703125
2011-07-08,2797.77294921875,1343.800048828125
2011-07-11,2802.69189453125,1319.489990234375
2011-07-12,2754.58203125,1313.6400146484375
2011-07-13,2795.47607421875,1317.719970703125
2011-07-14,2810.444091796875,1308.8699951171875
2011-07-15,2820.1689453125,1316.1400146484375
2011-07-18,2816.68798828125,1305.43994140625
2011-07-19,2796.98291015625,1326.72998046875
2011-07-20,2794.205078125,1325.8399658203125
2011-07-21,2765.89404296875,1343.800048828125
2011-07-22,2770.7900390625,1345.02001953125
2011-07-25,2688.74609375,1337.4300537109375
2011-07-26,2703.02587890625,1331.93994140625
2011-07-27,2723.491943359375,1304.8900146484375
2011-07-28,2708.777099609375,1300.6700439453125
2011-07-29,2701.72900390625,1292.280029296875
2011-08-01,2703.782958984375,1286.93994140625
2011-08-02,2679.259033203125,1254.050048828125
2011-08-03,2678.485107421875,1260.3399658203125
2011-08-04,2684.0390625,1200.0699462890625
2011-08-05,2626.423095703125,1199.3800048828125
2011-08-08,2526.81591796875,1119.4599609375
2011-08-09,2526.070068359375,1172.530029296875
2011-08-10,2549.176025390625,1120.760009765625
2011-08-11,2581.508056640625,1172.6400146484375
2011-08-12,2593.173095703125,1178.81005859375
2011-08-15,2626.77001953125,1204.489990234375
2011-08-16,2608.166015625,1192.760009765625
2011-08-17,2601.260986328125,1193.8900146484375
2011-08-18,2559.471923828125,1140.6500244140625
2011-08-19,2534.35791015625,1123.530029296875
2011-08-22,2515.863037109375,1123.8199462890625
2011-08-23,2554.01904296875,1162.3499755859375
2011-08-24,2541.091064453125,1177.5999755859375
2011-08-25,2615.260986328125,1159.27001953125
2011-08-26,2612.18798828125,1176.800048828125
2011-08-29,2576.4130859375,1210.0799560546875
2011-08-30,2566.594970703125,1212.9200439453125
2011-08-31,2567.340087890625,1218.8900146484375
2011-09-01,2556.0419921875,1204.4200439453125
2011-09-02,2528.280029296875,1173.969970703125
2011-09-05,2478.739013671875,
2011-09-06,2470.52392578125,1165.239990234375
2011-09-07,2516.090087890625,1198.6199951171875
2011-09-08,2498.943115234375,1185.9000244140625
2011-09-09,2497.7529296875,1154.22998046875
2011-09-12,,1162.27001953125
2011-09-13,2471.304931640625,1172.8699951171875
2011-09-14,2484.826904296875,1188.6800537109375
2011-09-15,2479.054931640625,1209.1099853515625
2011-09-16,2482.343017578125,1216.010009765625
2011-09-19,2437.794921875,1204.0899658203125
2011-09-20,2447.7548828125,1202.0899658203125
2011-09-21,2512.962890625,1166.760009765625
2011-09-22,2443.055908203125,1129.56005859375
2011-09-23,2433.158935546875,1136.4300537109375
2011-09-26,2393.18310546875,1162.949951171875
2011-09-27,2415.053955078125,1175.3800048828125
2011-09-28,2392.06201171875,1151.06005859375
2011-09-29,2365.343017578125,1160.4000244140625
2011-09-30,2359.218994140625,1131.4200439453125
2011-10-03,,1099.22998046875
2011-10-04,,1123.949951171875
2011-10-05,,1144.030029296875
2011-10-06,,1164.969970703125
2011-10-07,,1155.4599609375
2011-10-10,2344.787109375,1194.8900146484375
2011-10-11,2348.51611328125,1195.5400390625
2011-10-12,2420.0,1207.25
2011-10-13,2438.7900390625,1203.6600341796875
2011-10-14,2431.375,1224.5799560546875
2011-10-17,2440.402099609375,1200.8599853515625
2011-10-18,2383.485107421875,1225.3800048828125
2011-10-19,2377.511962890625,1209.8800048828125
2011-10-20,2331.365966796875,1215.3900146484375
2011-10-21,2317.27490234375,1238.25
2011-10-24,2370.3330078125,1254.18994140625
2011-10-25,2409.672119140625,1229.050048828125
2011-10-26,2427.47998046875,1242.0
2011-10-27,2435.614990234375,1284.5899658203125
2011-10-28,2473.409912109375,1285.0899658203125
2011-10-31,2468.25,1253.300048828125
2011-11-01,2470.01904296875,1218.280029296875
2011-11-02,2504.10791015625,1237.9000244140625
2011-11-03,2508.090087890625,1261.1500244140625
2011-11-04,2528.2939453125,1253.22998046875
2011-11-07,2509.799072265625,1261.1199951171875
2011-11-08,2503.8359375,1275.9200439453125
2011-11-09,2524.9189453125,1229.0999755859375
2011-11-10,2479.535888671875,1239.699951171875
2011-11-11,2481.083984375,1263.8499755859375
2011-11-14,2528.714111328125,1251.780029296875
2011-11-15,2529.760986328125,1257.81005859375
2011-11-16,2466.958984375,1236.9100341796875
2011-11-17,2463.0458984375,1216.1300048828125
2011-11-18,2416.56201171875,1215.6500244140625
2011-11-21,2415.1298828125,1192.97998046875
2011-11-22,2412.625,1188.0400390625
2011-11-23,2395.06396484375,1161.7900390625
2011-11-24,2397.553955078125,
2011-11-25,2380.22412109375,1158.6700439453125
2011-11-28,2383.033935546875,1192.550048828125
2011-11-29,2412.39306640625,1195.18994140625
2011-11-30,2333.4140625,1246.9599609375
2011-12-01,2386.860107421875,1244.5799560546875
2011-12-02,2360.6640625,1244.280029296875
2011-12-05,2333.22900390625,1257.0799560546875
2011-12-06,2325.905029296875,1258.469970703125
2011-12-07,2332.72998046875,1261.010009765625
2011-12-08,2329.820068359375,1234.3499755859375
2011-12-09,2315.27001953125,1255.18994140625
2011-12-12,2291.544921875,1236.469970703125
2011-12-13,2248.590087890625,1225.72998046875
2011-12-14,2228.52490234375,1211.8199462890625
2011-12-15,2180.89501953125,1215.75
2011-12-16,2224.840087890625,1219.6600341796875
2011-12-19,2218.235107421875,1205.3499755859375
2011-12-20,2215.929931640625,1241.300048828125
2011-12-21,2191.14794921875,1243.719970703125
2011-12-22,2186.2958984375,1254.0
2011-12-23,2204.783935546875,1265.3299560546875
2011-12-26,2190.110107421875,
2011-12-27,2166.205078125,1265.4300537109375
2011-12-28,2170.012939453125,1249.6400146484375
2011-12-29,2173.56103515625,1263.02001953125
2011-12-30,2199.4169921875,1257.5999755859375
2012-01-03,,1277.06005859375
2012-01-04,2169.389892578125,1277.300048828125
2012-01-05,2148.451904296875,1281.06005859375
2012-01-06,2163.39501953125,1277.81005859375
2012-01-09,2225.889892578125,1280.699951171875
2012-01-10,2285.743896484375,1292.0799560546875
2012-01-11,2276.0458984375,1292.47998046875
2012-01-12,2275.010009765625,1295.5
2012-01-13,2244.580078125,1289.0899658203125
2012-01-16,2206.193115234375,
2012-01-17,2298.375,1293.6700439453125
2012-01-18,2266.384033203125,1308.0400390625
2012-01-19,2296.074951171875,1314.5
2012-01-20,2319.117919921875,1315.3800048828125
2012-01-23,,1316.0
2012-01-24,,1314.6500244140625
2012-01-25,,1326.06005859375
2012-01-26,,1318.4300537109375
2012-01-27,,1316.3299560546875
2012-01-30,2285.0380859375,1313.010009765625
2012-01-31,2292.610107421875,1312.4100341796875
2012-02-01,2268.080078125,1324.0899658203125
2012-02-02,2312.555908203125,1325.5400390625
2012-02-03,2330.405029296875,1344.9000244140625
2012-02-06,2331.135986328125,1344.3299560546875
2012-02-07,2291.902099609375,1347.050048828125
2012-02-08,2347.530029296875,1349.9599609375
2012-02-09,2349.589111328125,1351.949951171875
2012-02-10,2351.98095703125,1342.6400146484375
2012-02-13,2351.85400390625,1351.77001953125
2012-02-14,2344.77099609375,1350.5
2012-02-15,2366.701904296875,1343.22998046875
2012-02-16,2356.860107421875,1358.0400390625
2012-02-17,2357.180908203125,1361.22998046875
2012-02-20,2363.596923828125,
2012-02-21,2381.429931640625,1362.2099609375
2012-02-22,2403.5869140625,1357.6600341796875
2012-02-23,2409.553955078125,1363.4599609375
2012-02-24,2439.626953125,1365.739990234375
2012-02-27,2447.056884765625,1367.5899658203125
2012-02-28,2451.85693359375,1372.1800537109375
2012-02-29,2428.487060546875,1365.6800537109375
2012-03-01,2426.114990234375,1374.0899658203125
2012-03-02,2460.693115234375,1369.6300048828125
2012-03-05,2445.001953125,1364.3299560546875
2012-03-06,2410.445068359375,1343.3599853515625
2012-03-07,2394.7939453125,1352.6300048828125
2012-03-08,2420.27587890625,1365.9100341796875
2012-03-09,2439.4619140625,1370.8699951171875
2012-03-12,2434.85791015625,1371.0899658203125
2012-03-13,2455.7939453125,1395.949951171875
2012-03-14,2391.22998046875,1394.280029296875
2012-03-15,2373.77392578125,1402.5999755859375
2012-03-16,2404.736083984375,1404.1700439453125
2012-03-19,2410.18408203125,1409.75
2012-03-20,2376.839111328125,1405.52001953125
2012-03-21,2378.195068359375,1402.8900146484375
2012-03-22,2375.77197265625,1392.780029296875
2012-03-23,2349.5390625,1397.1099853515625
2012-03-26,2350.59912109375,1416.510009765625
2012-03-27,2347.178955078125,1412.52001953125
2012-03-28,2284.881103515625,1405.5400390625
2012-03-29,2252.159912109375,1403.280029296875
2012-03-30,2262.7880859375,1408.469970703125
2012-04-02,,1419.0400390625
2012-04-03,,1413.3800048828125
2012-04-04,,1398.9599609375
2012-04-05,2302.240966796875,1398.0799560546875
2012-04-06,2306.552001953125,
2012-04-09,2285.777099609375,1382.199951171875
2012-04-10,2305.863037109375,1358.5899658203125
2012-04-11,2308.925048828125,1368.7099609375
2012-04-12,2350.864013671875,1387.5699462890625
2012-04-13,2359.160888671875,1370.260009765625
2012-04-16,2357.02587890625,1369.5699462890625
2012-04-17,2334.985107421875,1390.780029296875
2012-04-18,2380.847900390625,1385.1400146484375
2012-04-19,2378.634033203125,1376.9200439453125
2012-04-20,2406.863037109375,1378.530029296875
2012-04-23,2388.587890625,1366.93994140625
2012-04-24,2388.833984375,1371.969970703125
2012-04-25,2406.81298828125,1390.68994140625
2012-04-26,2404.697021484375,1399.97998046875
2012-04-27,2396.31591796875,1403.3599853515625
2012-04-30,,1397.9100341796875
2012-05-01,,1405.8199462890625
2012-05-02,2438.43603515625,1402.31005859375
2012-05-03,2440.080078125,1391.5699462890625
2012-05-04,2452.013916015625,1369.0999755859375
2012-05-07,2451.947021484375,1369.5799560546875
2012-05-08,2448.884033203125,1363.719970703125
2012-05-09,2408.5859375,1354.5799560546875
2012-05-10,2410.22900390625,1357.989990234375
2012-05-11,2394.98193359375,1353.3900146484375
2012-05-14,2380.72509765625,1338.3499755859375
2012-05-15,2374.843017578125,1330.6600341796875
2012-05-16,2346.19189453125,1324.800048828125
2012-05-17,2378.885986328125,1304.8599853515625
2012-05-18,2344.52099609375,1295.219970703125
2012-05-21,2348.300048828125,1315.989990234375
2012-05-22,2373.305908203125,1316.6300048828125
2012-05-23,2363.43701171875,1318.8599853515625
2012-05-24,2350.972900390625,1320.6800537109375
2012-05-25,2333.552978515625,1317.8199462890625
2012-05-28,2361.366943359375,
2012-05-29,2389.635986328125,1332.4200439453125
2012-05-30,2384.66796875,1313.3199462890625
2012-05-31,2372.23388671875,1310.3299560546875
2012-06-01,2373.43603515625,1278.0400390625
2012-06-04,2308.550048828125,1278.1800537109375
2012-06-05,2311.916015625,1285.5
2012-06-06,2309.554931640625,1315.1300048828125
2012-06-07,2293.1298828125,1314.989990234375
2012-06-08,2281.447021484375,1325.6600341796875
2012-06-11,2305.85595703125,1308.9300537109375
2012-06-12,2289.791015625,1324.1800537109375
2012-06-13,2318.924072265625,1314.8800048828125
2012-06-14,2295.946044921875,1329.0999755859375
2012-06-15,2306.85009765625,1342.8399658203125
2012-06-18,2316.052001953125,1344.780029296875
2012-06-19,2300.794921875,1357.97998046875
2012-06-20,2292.876953125,1355.68994140625
2012-06-21,2260.876953125,1325.510009765625
2012-06-22,,1335.02001953125
2012-06-25,2224.114013671875,1313.719970703125
2012-06-26,2222.06689453125,1319.989990234375
2012-06-27,2216.93408203125,1331.8499755859375
2012-06-28,2195.843017578125,1329.0400390625
2012-06-29,2225.429931640625,1362.1600341796875
2012-07-02,2226.110107421875,1365.510009765625
2012-07-03,2229.19189453125,1374.02001953125
2012-07-04,2227.31494140625,
2012-07-05,2201.35302734375,1367.5799560546875
2012-07-06,2223.5791015625,1354.6800537109375
2012-07-09,2170.81396484375,1352.4599609375
2012-07-10,2164.43798828125,1341.469970703125
2012-07-11,2175.383056640625,1341.449951171875
2012-07-12,2185.490966796875,1334.760009765625
2012-07-13,2185.89501953125,1356.780029296875
2012-07-16,2147.955078125,1353.6400146484375
2012-07-17,2161.18603515625,1363.6700439453125
2012-07-18,2169.09912109375,1372.780029296875
2012-07-19,2184.841064453125,1376.510009765625
2012-07-20,2168.637939453125,1362.6600341796875
2012-07-23,2141.402099609375,1350.52001953125
2012-07-24,2146.587890625,1338.31005859375
2012-07-25,2136.15087890625,1337.8900146484375
2012-07-26,2126.00390625,1360.02001953125
2012-07-27,2128.764892578125,1385.969970703125
2012-07-30,2109.9140625,1385.300048828125
2012-07-31,2103.635009765625,1379.3199462890625
2012-08-01,2123.360107421875,1375.3199462890625
2012-08-02,2111.181884765625,1365.0
2012-08-03,2132.7958984375,1390.989990234375
2012-08-06,2154.916015625,1394.22998046875
2012-08-07,2157.6201171875,1401.3499755859375
2012-08-08,2160.989990234375,1402.219970703125
2012-08-09,2174.10205078125,1402.800048828125
2012-08-10,2168.81396484375,1405.8699951171875
2012-08-13,2136.077880859375,1404.1099853515625
2012-08-14,2142.52392578125,1403.9300537109375
2012-08-15,2118.945068359375,1405.530029296875
2012-08-16,2112.197021484375,1415.510009765625
2012-08-17,2114.89111328125,1418.1600341796875
2012-08-20,2106.95703125,1418.1300048828125
2012-08-21,2118.26806640625,1413.1700439453125
2012-08-22,2107.7109375,1413.489990234375
2012-08-23,2113.072021484375,1402.0799560546875
2012-08-24,2092.10400390625,1411.1300048828125
2012-08-27,2055.7080078125,1410.43994140625
2012-08-28,2073.154052734375,1409.300048828125
2012-08-29,2053.235107421875,1410.489990234375
2012-08-30,2052.5849609375,1399.47998046875
2012-08-31,2047.52197265625,1406.5799560546875
2012-09-03,2059.14697265625,
2012-09-04,2043.6490478515625,1404.93994140625
2012-09-05,2037.6810302734375,1403.43994140625
2012-09-06,2051.91796875,1432.1199951171875
2012-09-07,2127.761962890625,1437.9200439453125
2012-09-10,2134.89306640625,1429.0799560546875
2012-09-11,2120.553955078125,1433.56005859375
2012-09-12,2126.553955078125,1436.56005859375
2012-09-13,2110.37890625,1459.989990234375
2012-09-14,2123.846923828125,1465.77001953125
2012-09-17,2078.5,1461.18994140625
2012-09-18,2059.54296875,1459.3199462890625
2012-09-19,2067.8310546875,1461.050048828125
2012-09-20,2024.8370361328125,1460.260009765625
2012-09-21,2026.68994140625,1460.1500244140625
2012-09-24,2033.1920166015625,1456.8900146484375
2012-09-25,2029.29296875,1441.5899658203125
2012-09-26,2004.1719970703125,1433.3199462890625
2012-09-27,2056.322998046875,1447.1500244140625
2012-09-28,2086.1689453125,1440.6700439453125
2012-10-01,,1444.489990234375
2012-10-02,,1445.75
2012-10-03,,1450.989990234375
2012-10-04,,1461.4000244140625
2012-10-05,,1460.9300537109375
2012-10-08,2074.4189453125,1455.8800048828125
2012-10-09,2115.22900390625,1441.47998046875
2012-10-10,2119.94189453125,1432.56005859375
2012-10-11,2102.867919921875,1432.8399658203125
2012-10-12,2104.931884765625,1428.5899658203125
2012-10-15,2098.702880859375,1440.1300048828125
2012-10-16,2098.80810546875,1454.9200439453125
2012-10-17,2105.617919921875,1460.9100341796875
2012-10-18,2131.68798828125,1457.3399658203125
2012-10-19,2128.302001953125,1433.18994140625
2012-10-22,2132.758056640625,1433.8199462890625
2012-10-23,2114.447021484375,1413.1099853515625
2012-10-24,2115.989990234375,1408.75
2012-10-25,2101.580078125,1412.969970703125
2012-10-26,2066.208984375,1411.93994140625
2012-10-29,2058.943115234375,
2012-10-30,2062.346923828125,
2012-10-31,2068.8798828125,1412.1600341796875
2012-11-01,2104.427001953125,1427.5899658203125
2012-11-02,2117.0458984375,1414.199951171875
2012-11-05,2114.027099609375,1417.260009765625
2012-11-06,2105.9990234375,1428.3900146484375
2012-11-07,2105.72998046875,1394.530029296875
2012-11-08,2071.509033203125,1377.510009765625
2012-11-09,2069.06689453125,1379.8499755859375
2012-11-12,2079.27294921875,1380.030029296875
2012-11-13,2047.8890380859375,1374.530029296875
2012-11-14,2055.4189453125,1355.489990234375
2012-11-15,2030.2900390625,1353.3299560546875
2012-11-16,2014.7249755859375,1359.8800048828125
2012-11-19,2016.9820556640625,1386.8900146484375
2012-11-20,2008.9229736328125,1387.81005859375
2012-11-21,2030.3189697265625,1391.030029296875
2012-11-22,2015.6109619140625,
2012-11-23,2027.384033203125,1409.1500244140625
2012-11-26,2017.4639892578125,1406.2900390625
2012-11-27,1991.1650390625,1398.93994140625
2012-11-28,1973.52294921875,1409.9300537109375
2012-11-29,1963.488037109375,1415.949951171875
2012-11-30,1980.116943359375,1416.1800537109375
2012-12-03,1959.7669677734375,1409.4599609375
2012-12-04,1975.1429443359375,1407.050048828125
2012-12-05,2031.906982421875,1409.280029296875
2012-12-06,2029.237060546875,1413.93994140625
2012-12-07,2061.785888671875,1418.0699462890625
2012-12-10,2083.77001953125,1418.550048828125
2012-12-11,2074.7041015625,1427.8399658203125
2012-12-12,2082.72607421875,1428.47998046875
2012-12-13,2061.47607421875,1419.449951171875
2012-12-14,2150.625,1413.5799560546875
2012-12-17,2160.342041015625,1430.3599853515625
2012-12-18,2162.464111328125,1446.7900390625
2012-12-19,2162.239013671875,1435.81005859375
2012-12-20,2168.35302734375,1443.68994140625
2012-12-21,2153.31005859375,1430.1500244140625
2012-12-24,2159.052978515625,1426.6600341796875
2012-12-25,2213.611083984375,
2012-12-26,2219.132080078125,1419.8299560546875
2012-12-27,2205.89697265625,1418.0999755859375
2012-12-28,2233.251953125,1402.4300537109375
2012-12-31,2269.1279296875,1426.18994140625
2013-01-02,,1462.4200439453125
2013-01-03,,1459.3699951171875
2013-01-04,2276.991943359375,1466.469970703125
2013-01-07,2285.364013671875,1461.8900146484375
2013-01-08,2276.070068359375,1457.1500244140625
2013-01-09,2275.340087890625,1461.02001953125
2013-01-10,2283.656982421875,1472.1199951171875
2013-01-11,2242.9970703125,1472.050048828125
2013-01-14,2311.739990234375,1470.6800537109375
2013-01-15,2325.681884765625,1472.3399658203125
2013-01-16,2309.4990234375,1472.6300048828125
2013-01-17,2284.908935546875,1480.93994140625
2013-01-18,2317.070068359375,1485.97998046875
2013-01-21,2328.220947265625,
2013-01-22,2315.138916015625,1492.56005859375
2013-01-23,2320.910888671875,1494.81005859375
2013-01-24,2302.597900390625,1494.8199462890625
2013-01-25,2291.303955078125,1502.9599609375
2013-01-28,2346.5048828125,1500.1800537109375
2013-01-29,2358.97705078125,1507.8399658203125
2013-01-30,2382.47509765625,1501.9599609375
2013-01-31,2385.422119140625,1498.1099853515625
2013-02-01,2419.02001953125,1513.1700439453125
2013-02-04,2428.154052734375,1495.7099609375
2013-02-05,2433.1298828125,1511.2900390625
2013-02-06,2434.47705078125,1512.1199951171875
2013-02-07,2418.530029296875,1509.3900146484375
2013-02-08,2432.402099609375,1517.9300537109375
2013-02-11,,1517.010009765625
2013-02-12,,1519.4300537109375
2013-02-13,,1520.3299560546875
2013-02-14,,1521.3800048828125
2013-02-15,,1519.7900390625
2013-02-18,2421.55810546875,
2013-02-19,2382.9140625,1530.93994140625
2013-02-20,2397.177978515625,1511.949951171875
2013-02-21,2325.950927734375,1502.4200439453125
2013-02-22,2314.1640625,1515.5999755859375
2013-02-25,2325.819091796875,1487.8499755859375
2013-02-26,2293.341064453125,1496.93994140625
2013-02-27,2313.219970703125,1515.989990234375
2013-02-28,2365.593017578125,1514.6800537109375
2013-03-01,2359.506103515625,1518.199951171875
2013-03-04,2273.404052734375,1525.199951171875
2013-03-05,2326.305908203125,1539.7900390625
2013-03-06,2347.178955078125,1541.4599609375
2013-03-07,2324.29296875,1544.260009765625
2013-03-08,2318.611083984375,1551.1800537109375
2013-03-11,2310.593017578125,1556.219970703125
2013-03-12,2286.60498046875,1552.47998046875
2013-03-13,2263.968017578125,1554.52001953125
2013-03-14,2270.277099609375,1563.22998046875
2013-03-15,2278.40087890625,1560.699951171875
2013-03-18,2240.01611328125,1552.0999755859375
2013-03-19,2257.43408203125,1548.3399658203125
2013-03-20,2317.375,1558.7099609375
2013-03-21,2324.241943359375,1545.800048828125
2013-03-22,2328.278076171875,1556.8900146484375
2013-03-25,2326.715087890625,1551.68994140625
2013-03-26,2297.6689453125,1563.77001953125
2013-03-27,2301.260009765625,1562.8499755859375
2013-03-28,2236.302001953125,1569.18994140625
2013-03-29,2236.62109375,
2013-04-01,2234.39501953125,1562.1700439453125
2013-04-02,2227.739990234375,1570.25
2013-04-03,2225.294921875,1553.68994140625
2013-04-04,,1559.97998046875
2013-04-05,,1553.280029296875
2013-04-08,2211.592041015625,1563.0699462890625
2013-04-09,2225.77392578125,1568.6099853515625
2013-04-10,2226.1259765625,1587.72998046875
2013-04-11,2219.552978515625,1593.3699951171875
2013-04-12,2206.780029296875,1588.8499755859375
2013-04-15,2181.94091796875,1552.3599853515625
2013-04-16,2194.844970703125,1574.5699462890625
2013-04-17,2193.7958984375,1552.010009765625
2013-04-18,2197.60205078125,1541.6099853515625
2013-04-19,2244.64306640625,1555.25
2013-04-22,2242.1689453125,1562.5
2013-04-23,2184.5380859375,1578.780029296875
2013-04-24,2218.318115234375,1578.7900390625
2013-04-25,2199.306884765625,1585.1600341796875
2013-04-26,2177.912109375,1582.239990234375
2013-04-29,,1593.6099853515625
2013-04-30,,1597.5699462890625
2013-05-01,,1582.699951171875
2013-05-02,2174.123046875,1597.5899658203125
2013-05-03,2205.4970703125,1614.4200439453125
2013-05-06,2231.166015625,1617.5
2013-05-07,2235.574951171875,1625.9599609375
2013-05-08,2246.300048828125,1632.68994140625
2013-05-09,2232.970947265625,1626.6700439453125
2013-05-10,2246.8310546875,1633.699951171875
2013-05-13,2241.919921875,1633.77001953125
2013-05-14,2217.010009765625,1650.3399658203125
2013-05-15,2224.797119140625,1658.780029296875
2013-05-16,2251.804931640625,1650.469970703125
2013-05-17,2282.8701171875,1667.469970703125
2013-05-20,2299.986083984375,1666.2900390625
2013-05-21,2305.114013671875,1669.1600341796875
2013-05-22,2302.403076171875,1655.3499755859375
2013-05-23,2275.6669921875,1650.510009765625
2013-05-24,2288.531982421875,1649.5999755859375
2013-05-27,2293.076904296875,
2013-05-28,2321.318115234375,1660.06005859375
2013-05-29,2324.01708984375,1648.3599853515625
2013-05-30,2317.7490234375,1654.4100341796875
2013-05-31,2300.594970703125,1630.739990234375
2013-06-03,2299.251953125,1640.4200439453125
2013-06-04,2272.4169921875,1631.3800048828125
2013-06-05,2270.929931640625,1608.9000244140625
2013-06-06,2242.110107421875,1622.56005859375
2013-06-07,2210.89794921875,1643.3800048828125
2013-06-10,,1642.81005859375
2013-06-11,,1626.1300048828125
2013-06-12,,1612.52001953125
2013-06-13,2148.35498046875,1636.3599853515625
2013-06-14,2162.041015625,1626.72998046875
2013-06-17,2156.215087890625,1639.0400390625
2013-06-18,2159.291015625,1651.81005859375
2013-06-19,2143.4541015625,1628.9300537109375
2013-06-20,2084.02099609375,1588.18994140625
2013-06-21,2073.094970703125,1592.4300537109375
2013-06-24,1963.2349853515625,1573.0899658203125
2013-06-25,1959.508056640625,1588.030029296875
2013-06-26,1951.4949951171875,1603.260009765625
2013-06-27,1950.011962890625,1613.199951171875
2013-06-28,1979.2060546875,1606.280029296875
2013-07-01,1995.241943359375,1614.9599609375
2013-07-02,2006.56005859375,1614.0799560546875
2013-07-03,1994.2679443359375,1615.4100341796875
2013-07-04,2006.0980224609375,
2013-07-05,2007.198974609375,1631.8900146484375
2013-07-08,1958.27294921875,1640.4599609375
2013-07-09,1965.4539794921875,1652.3199462890625
2013-07-10,2008.1259765625,1652.6199951171875
2013-07-11,2072.990966796875,1675.02001953125
2013-07-12,2039.4859619140625,1680.18994140625
2013-07-15,2059.389892578125,1682.5
2013-07-16,2065.719970703125,1676.260009765625
2013-07-17,2044.9219970703125,1680.9100341796875
2013-07-18,2023.39599609375,1689.3699951171875
2013-07-19,1992.64794921875,1692.0899658203125
2013-07-22,2004.761962890625,1695.530029296875
2013-07-23,2043.8759765625,1692.3900146484375
2013-07-24,2033.3289794921875,1685.93994140625
2013-07-25,2021.1739501953125,1690.25
2013-07-26,2010.8499755859375,1691.6500244140625
2013-07-29,1976.3060302734375,1685.3299560546875
2013-07-30,1990.06396484375,1685.9599609375
2013-07-31,1993.7989501953125,1685.72998046875
2013-08-01,2029.0670166015625,1706.8699951171875
2013-08-02,2029.41796875,1709.6700439453125
2013-08-05,2050.48095703125,1707.1400146484375
2013-08-06,2060.5,1697.3699951171875
2013-08-07,2046.7779541015625,1690.9100341796875
2013-08-08,2044.89501953125,1697.47998046875
2013-08-09,2052.235107421875,1691.4200439453125
2013-08-12,2101.282958984375,1689.469970703125
2013-08-13,2106.156005859375,1694.1600341796875
2013-08-14,2100.136962890625,1685.3900146484375
2013-08-15,2081.8798828125,1661.3199462890625
2013-08-16,2068.451904296875,1655.8299560546875
2013-08-19,2085.60205078125,1646.06005859375
2013-08-20,2072.594970703125,1652.3499755859375
2013-08-21,2072.9609375,1642.800048828125
2013-08-22,2067.1240234375,1656.9599609375
2013-08-23,2057.4580078125,1663.5
2013-08-26,2096.47412109375,1656.780029296875
2013-08-27,2103.56591796875,1630.47998046875
2013-08-28,2101.301025390625,1634.9599609375
2013-08-29,2097.22705078125,1638.1700439453125
2013-08-30,2098.382080078125,1632.969970703125
2013-09-02,2098.447998046875,
2013-09-03,2123.112060546875,1639.77001953125
2013-09-04,2127.617919921875,1653.0799560546875
2013-09-05,2122.429931640625,1655.0799560546875
2013-09-06,2139.992919921875,1655.1700439453125
2013-09-09,2212.51611328125,1671.7099609375
2013-09-10,2237.98388671875,1683.989990234375
2013-09-11,2241.26806640625,1689.1300048828125
2013-09-12,2255.60400390625,1683.4200439453125
2013-09-13,2236.217041015625,1687.989990234375
2013-09-16,2231.40087890625,1697.5999755859375
2013-09-17,2185.56005859375,1704.760009765625
2013-09-18,2191.85107421875,1725.52001953125
2013-09-19,,1722.3399658203125
2013-09-20,,1709.9100341796875
2013-09-23,2221.0439453125,1701.8399658203125
2013-09-24,2207.531005859375,1697.4200439453125
2013-09-25,2198.514892578125,1692.77001953125
2013-09-26,2155.80908203125,1698.6700439453125
2013-09-27,2160.027099609375,1691.75
2013-09-30,2174.6650390625,1681.550048828125
2013-10-01,,1695.0
2013-10-02,,1693.8699951171875
2013-10-03,,1678.6600341796875
2013-10-04,,1690.5
2013-10-07,,1676.1199951171875
2013-10-08,2198.198974609375,1655.449951171875
2013-10-09,2211.76904296875,1656.4000244140625
2013-10-10,2190.928955078125,1692.56005859375
2013-10-11,2228.14599609375,1703.199951171875
2013-10-14,2237.77294921875,1710.1400146484375
2013-10-15,2233.412109375,1698.06005859375
2013-10-16,2193.073974609375,1721.5400390625
2013-10-17,2188.5419921875,1733.1500244140625
2013-10-18,2193.780029296875,1744.5
2013-10-21,2229.237060546875,1744.6600341796875
2013-10-22,2210.652099609375,1754.6700439453125
2013-10-23,2183.10693359375,1746.3800048828125
2013-10-24,2164.322021484375,1752.0699462890625
2013-10-25,2132.955078125,1759.77001953125
2013-10-28,2133.868896484375,1762.1099853515625
2013-10-29,2128.864013671875,1771.949951171875
2013-10-30,2160.462890625,1763.31005859375
2013-10-31,2141.614013671875,1756.5400390625
2013-11-01,2149.56201171875,1761.6400146484375
2013-11-04,2149.634033203125,1767.9300537109375
2013-11-05,2157.239990234375,1762.969970703125
2013-11-06,2139.60693359375,1770.489990234375
2013-11-07,2129.39990234375,1747.1500244140625
2013-11-08,2106.126953125,1770.6099853515625
2013-11-11,2109.470947265625,1771.8900146484375
2013-11-12,2126.77197265625,1767.68994140625
2013-11-13,2087.94091796875,1782.0
2013-11-14,2100.506103515625,1790.6199951171875
2013-11-15,2135.826904296875,1798.1800537109375
2013-11-18,2197.218994140625,1791.530029296875
2013-11-19,2193.125,1787.8699951171875
2013-11-20,2206.613037109375,1781.3699951171875
2013-11-21,2205.76611328125,1795.8499755859375
2013-11-22,2196.3779296875,1804.760009765625
2013-11-25,2186.114990234375,1802.47998046875
2013-11-26,2183.072998046875,1802.75
2013-11-27,2201.070068359375,1807.22998046875
2013-11-28,2219.3720703125,
2013-11-29,2220.50390625,1805.81005859375
2013-12-02,2207.37109375,1800.9000244140625
2013-12-03,2222.669921875,1795.1500244140625
2013-12-04,2251.761962890625,1792.81005859375
2013-12-05,2247.06298828125,1785.030029296875
2013-12-06,2237.10791015625,1805.0899658203125
2013-12-09,2238.199951171875,1808.3699951171875
2013-12-10,2237.491943359375,1802.6199951171875
2013-12-11,2204.166015625,1782.219970703125
2013-12-12,2202.7958984375,1775.5
2013-12-13,2196.074951171875,1775.3199462890625
2013-12-16,2160.861083984375,1786.5400390625
2013-12-17,2151.0791015625,1781.0
2013-12-18,2148.284912109375,1810.6500244140625
2013-12-19,2127.7919921875,1809.5999755859375
2013-12-20,2084.7939453125,1818.3199462890625
2013-12-23,2089.70703125,1827.989990234375
2013-12-24,2092.905029296875,1833.3199462890625
2013-12-25,2106.35400390625,
2013-12-26,2073.09912109375,1842.02001953125
2013-12-27,2101.2509765625,1841.4000244140625
2013-12-30,2097.529052734375,1841.0699462890625
2013-12-31,2115.97802734375,1848.3599853515625
2014-01-02,2109.386962890625,1831.97998046875
2014-01-03,2083.135009765625,1831.3699951171875
2014-01-06,2045.708984375,1826.77001953125
2014-01-07,2047.3170166015625,1837.8800048828125
2014-01-08,2044.3399658203125,1837.489990234375
2014-01-09,2027.6219482421875,1838.1300048828125
2014-01-10,2013.2979736328125,1842.3699951171875
2014-01-13,2009.56396484375,1819.199951171875
2014-01-14,2026.842041015625,1838.8800048828125
2014-01-15,2023.3480224609375,1848.3800048828125
2014-01-16,2023.7010498046875,1845.8900146484375
2014-01-17,2004.948974609375,1838.699951171875
2014-01-20,1991.2530517578125,
2014-01-21,2008.31298828125,1843.800048828125
2014-01-22,2051.7490234375,1844.8599853515625
2014-01-23,2042.1800537109375,1828.4599609375
2014-01-24,2054.39208984375,1790.2900390625
2014-01-27,2033.300048828125,1781.56005859375
2014-01-28,2038.512939453125,1792.5
2014-01-29,2049.9140625,1774.199951171875
2014-01-30,2033.0830078125,1794.18994140625
2014-01-31,,1782.5899658203125
2014-02-03,,1741.8900146484375
2014-02-04,,1755.199951171875
2014-02-05,,1751.6400146484375
2014-02-06,,1773.4300537109375
2014-02-07,2044.4969482421875,1797.02001953125
2014-02-10,2086.06689453125,1799.8399658203125
2014-02-11,2103.6708984375,1819.75
2014-02-12,2109.955078125,1819.260009765625
2014-02-13,2098.40087890625,1829.8299560546875
2014-02-14,2115.847900390625,1838.6300048828125
2014-02-17,2135.4150390625,
2014-02-18,2119.06591796875,1840.760009765625
2014-02-19,2142.553955078125,1828.75
2014-02-20,2138.781982421875,1839.780029296875
2014-02-21,2113.693115234375,1836.25
2014-02-24,2076.68603515625,1847.6099853515625
2014-02-25,2034.218994140625,1845.1199951171875
2014-02-26,2041.2540283203125,1845.1600341796875
2014-02-27,2047.35400390625,1854.2900390625
2014-02-28,2056.302001953125,1859.449951171875
2014-03-03,2075.235107421875,1845.72998046875
2014-03-04,2071.472900390625,1873.9100341796875
2014-03-05,2053.083984375,1873.81005859375
2014-03-06,2059.577880859375,1877.030029296875
2014-03-07,2057.907958984375,1878.0400390625
2014-03-10,1999.06494140625,1877.1700439453125
2014-03-11,2001.156982421875,1867.6300048828125
2014-03-12,1997.6920166015625,1868.199951171875
2014-03-13,2019.1109619140625,1846.3399658203125
2014-03-14,2004.3389892578125,1841.1300048828125
2014-03-17,2023.6729736328125,1858.8299560546875
2014-03-18,2025.196044921875,1872.25
2014-03-19,2021.7340087890625,1860.77001953125
2014-03-20,1993.47900390625,1872.010009765625
2014-03-21,2047.6190185546875,1866.52001953125
2014-03-24,2066.279052734375,1857.43994140625
2014-03-25,2067.31103515625,1865.6199951171875
2014-03-26,2063.669921875,1852.56005859375
2014-03-27,2046.5880126953125,1849.0400390625
2014-03-28,2041.7120361328125,1857.6199951171875
2014-03-31,2033.3060302734375,1872.3399658203125
2014-04-01,2047.4599609375,1885.52001953125
2014-04-02,2058.988037109375,1890.9000244140625
2014-04-03,2043.7020263671875,1888.77001953125
2014-04-04,2058.8310546875,1865.0899658203125
2014-04-07,,1845.0400390625
2014-04-08,2098.283935546875,1851.9599609375
2014-04-09,2105.237060546875,1872.1800537109375
2014-04-10,2134.300048828125,1833.0799560546875
2014-04-11,2130.5419921875,1815.68994140625
2014-04-14,2131.5390625,1830.6099853515625
2014-04-15,2101.60107421875,1842.97998046875
2014-04-16,2105.1220703125,1862.31005859375
2014-04-17,2098.885009765625,1864.8499755859375
2014-04-18,2097.748046875,
2014-04-21,2065.825927734375,1871.8900146484375
2014-04-22,2072.8310546875,1879.550048828125
2014-04-23,2067.382080078125,1875.3900146484375
2014-04-24,2057.032958984375,1878.6099853515625
2014-04-25,2036.51904296875,1863.4000244140625
2014-04-28,2003.487060546875,1869.4300537109375
2014-04-29,2020.3409423828125,1878.3299560546875
2014-04-30,2026.3580322265625,1883.949951171875
2014-05-01,,1883.6800537109375
2014-05-02,,1881.1400146484375
2014-05-05,2027.35302734375,1884.6600341796875
2014-05-06,2028.0379638671875,1867.719970703125
2014-05-07,2010.0830078125,1878.2099609375
2014-05-08,2015.2740478515625,1875.6300048828125
2014-05-09,2011.135009765625,1878.47998046875
2014-05-12,2052.87109375,1896.6500244140625
2014-05-13,2050.72802734375,1897.449951171875
2014-05-14,2047.9100341796875,1888.530029296875
2014-05-15,2024.9739990234375,1870.8499755859375
2014-05-16,2026.5040283203125,1877.8599853515625
2014-05-19,2005.1829833984375,1885.0799560546875
2014-05-20,2008.1190185546875,1872.8299560546875
2014-05-21,2024.9510498046875,1888.030029296875
2014-05-22,2021.2850341796875,1892.489990234375
2014-05-23,2034.5689697265625,1900.530029296875
2014-05-26,2041.4759521484375,
2014-05-27,2034.56494140625,1911.9100341796875
2014-05-28,2050.22802734375,1909.780029296875
2014-05-29,2040.594970703125,1920.030029296875
2014-05-30,2039.2120361328125,1923.5699462890625
2014-06-02,,1924.969970703125
2014-06-03,2038.3050537109375,1924.239990234375
2014-06-04,2024.833984375,1927.8800048828125
2014-06-05,2040.8780517578125,1940.4599609375
2014-06-06,2029.9560546875,1949.43994140625
2014-06-09,2030.501953125,1951.27001953125
2014-06-10,2052.531982421875,1950.7900390625
2014-06-11,2054.947998046875,1943.8900146484375
2014-06-12,2051.712890625,1930.1099853515625
2014-06-13,2070.715087890625,1936.1600341796875
2014-06-16,2085.98291015625,1937.780029296875
2014-06-17,2066.697998046875,1941.989990234375
2014-06-18,2055.51904296875,1956.97998046875
2014-06-19,2023.7349853515625,1959.47998046875
2014-06-20,2026.6739501953125,1962.8699951171875
2014-06-23,2024.364990234375,1962.6099853515625
2014-06-24,2033.9310302734375,1949.97998046875
2014-06-25,2025.501953125,1959.530029296875
2014-06-26,2038.677001953125,1957.219970703125
2014-06-27,2036.510009765625,1960.9599609375
2014-06-30,2048.326904296875,1960.22998046875
2014-07-01,2050.381103515625,1973.3199462890625
2014-07-02,2059.41796875,1974.6199951171875
2014-07-03,2063.22900390625,1985.43994140625
2014-07-04,2059.375,
2014-07-07,2059.927001953125,1977.6500244140625
2014-07-08,2064.02099609375,1963.7099609375
2014-07-09,2038.612060546875,1972.8299560546875
2014-07-10,2038.342041015625,1964.6800537109375
2014-07-11,2046.9610595703125,1967.5699462890625
2014-07-14,2066.64599609375,1977.0999755859375
2014-07-15,2070.35693359375,1973.280029296875
2014-07-16,2067.27587890625,1981.5699462890625
2014-07-17,2055.591064453125,1958.1199951171875
2014-07-18,2059.06689453125,1978.219970703125
2014-07-21,2054.47900390625,1973.6300048828125
2014-07-22,2075.48095703125,1983.530029296875
2014-07-23,2078.489013671875,1987.010009765625
2014-07-24,2105.06201171875,1987.97998046875
2014-07-25,2126.614013671875,1978.3399658203125
2014-07-28,2177.947998046875,1978.9100341796875
2014-07-29,2183.19189453125,1969.949951171875
2014-07-30,2181.242919921875,1970.0699462890625
2014-07-31,2201.56201171875,1930.6700439453125
2014-08-01,2185.302978515625,1925.1500244140625
2014-08-04,2223.3310546875,1938.989990234375
2014-08-05,2219.945068359375,1920.2099609375
2014-08-06,2217.465087890625,1920.239990234375
2014-08-07,2187.6689453125,1909.5699462890625
2014-08-08,2194.425048828125,1931.5899658203125
2014-08-11,2224.654052734375,1936.9200439453125
2014-08-12,2221.594970703125,1933.75
2014-08-13,2222.876953125,1946.719970703125
2014-08-14,2206.466064453125,1955.1800537109375
2014-08-15,2226.73388671875,1955.06005859375
2014-08-18,2239.466064453125,1971.739990234375
2014-08-19,2245.330078125,1981.5999755859375
2014-08-20,2240.2109375,1986.510009765625
2014-08-21,2230.4580078125,1992.3699951171875
2014-08-22,2240.81201171875,1988.4000244140625
2014-08-25,2229.27392578125,1997.9200439453125
2014-08-26,2207.10595703125,2000.02001953125
2014-08-27,2209.465087890625,2000.1199951171875
2014-08-28,2195.818115234375,1996.739990234375
2014-08-29,2217.199951171875,2003.3699951171875
2014-09-01,2235.510986328125,
2014-09-02,2266.0458984375,2002.280029296875
2014-09-03,2288.626953125,2000.719970703125
2014-09-04,2306.862060546875,1997.6500244140625
2014-09-05,2326.431884765625,2007.7099609375
2014-09-08,,2001.5400390625
2014-09-09,2326.527099609375,1988.43994140625
2014-09-10,2318.304931640625,1995.68994140625
2014-09-11,2311.678955078125,1997.449951171875
2014-09-12,2331.949951171875,1985.5400390625
2014-09-15,2339.139892578125,1984.1300048828125
2014-09-16,2296.554931640625,1998.97998046875
2014-09-17,2307.89306640625,2001.5699462890625
2014-09-18,2315.927978515625,2011.3599853515625
2014-09-19,2329.450927734375,2010.4000244140625
2014-09-22,2289.865966796875,1994.2900390625
2014-09-23,2309.718017578125,1982.77001953125
2014-09-24,2343.574951171875,1998.300048828125
2014-09-25,2345.10302734375,1965.989990234375
2014-09-26,2347.718017578125,1982.8499755859375
2014-09-29,2357.7109375,1977.800048828125
2014-09-30,2363.8701171875,1972.2900390625
2014-10-01,,1946.1600341796875
2014-10-02,,1946.1700439453125
2014-10-03,,1967.9000244140625
2014-10-06,,1964.8199462890625
2014-10-07,,1935.0999755859375
2014-10-08,2382.7939453125,1968.8900146484375
2014-10-09,2389.37109375,1928.2099609375
2014-10-10,2374.5400390625,1906.1300048828125
2014-10-13,2366.009033203125,1874.739990234375
2014-10-14,2359.47509765625,1877.699951171875
2014-10-15,2373.669921875,1862.489990234375
2014-10-16,2356.4990234375,1862.760009765625
2014-10-17,2341.18408203125,1886.760009765625
2014-10-20,2356.72802734375,1904.010009765625
2014-10-21,2339.656982421875,1941.280029296875
2014-10-22,2326.552978515625,1927.1099853515625
2014-10-23,2302.41796875,1950.8199462890625
2014-10-24,2302.280029296875,1964.5799560546875
2014-10-27,2290.43701171875,1961.6300048828125
2014-10-28,2337.87109375,1985.050048828125
2014-10-29,2373.030029296875,1982.300048828125
2014-10-30,2391.075927734375,1994.6500244140625
2014-10-31,2420.177978515625,2018.050048828125
2014-11-03,2430.970947265625,2017.81005859375
2014-11-04,2430.737060546875,2012.0999755859375
2014-11-05,2420.39599609375,2023.5699462890625
2014-11-06,2425.80908203125,2031.2099609375
2014-11-07,2419.14599609375,2031.9200439453125
2014-11-10,2473.18310546875,2038.260009765625
2014-11-11,2470.594970703125,2039.6800537109375
2014-11-12,2494.27587890625,2038.25
2014-11-13,2486.669921875,2039.3299560546875
2014-11-14,2479.18505859375,2039.8199462890625
2014-11-17,2475.1201171875,2041.3199462890625
2014-11-18,2457.529052734375,2051.800048828125
2014-11-19,2451.1669921875,2048.719970703125
2014-11-20,2452.616943359375,2052.75
2014-11-21,2487.111083984375,2063.5
2014-11-24,2533.887939453125,2069.409912109375
2014-11-25,2567.596923828125,2067.030029296875
2014-11-26,2604.886962890625,2072.830078125
2014-11-27,2630.0458984375,
2014-11-28,2682.9189453125,2067.56005859375
2014-12-01,2680.739990234375,2053.43994140625
2014-12-02,2763.31689453125,2066.550048828125
2014-12-03,2779.736083984375,2074.330078125
2014-12-04,2900.362060546875,2071.919921875
2014-12-05,2938.781005859375,2075.3701171875
2014-12-08,3021.52392578125,2060.31005859375
2014-12-09,2859.9189453125,2059.820068359375
2014-12-10,2940.876953125,2026.1400146484375
2014-12-11,2925.742919921875,2035.3299560546875
2014-12-12,2938.173095703125,2002.3299560546875
2014-12-15,2953.4208984375,1989.6300048828125
2014-12-16,3021.51806640625,1972.739990234375
2014-12-17,3061.02001953125,2012.8900146484375
2014-12-18,3057.52099609375,2061.22998046875
2014-12-19,3108.595947265625,2070.64990234375
2014-12-22,3127.445068359375,2078.5400390625
2014-12-23,3032.612060546875,2082.169921875
2014-12-24,2972.531982421875,2081.8798828125
2014-12-26,3157.60302734375,2088.77001953125
2014-12-29,3168.01611328125,2090.570068359375
2014-12-30,3165.81494140625,2080.35009765625
2014-12-31,3234.677001953125,2058.89990234375
2015-01-02,,2058.199951171875
2015-01-05,3350.51904296875,2020.5799560546875
2015-01-06,3351.446044921875,2002.6099853515625
2015-01-07,3373.9541015625,2025.9000244140625
2015-01-08,3293.4560546875,2062.139892578125
2015-01-09,3285.412109375,2044.81005859375
2015-01-12,3229.31591796875,2028.260009765625
2015-01-13,3235.301025390625,2023.030029296875
2015-01-14,3222.43701171875,2011.27001953125
2015-01-15,3336.455078125,1992.6700439453125
2015-01-16,3376.4951171875,2019.4200439453125
2015-01-19,3116.35107421875,
2015-01-20,3173.052001953125,2022.550048828125
2015-01-21,3323.611083984375,2032.1199951171875
2015-01-22,3343.343994140625,2063.14990234375
2015-01-23,3351.763916015625,2051.820068359375
2015-01-26,3383.181884765625,2057.090087890625
2015-01-27,3352.9599609375,2029.550048828125
2015-01-28,3305.738037109375,2002.1600341796875
2015-01-29,3262.304931640625,2021.25
2015-01-30,3210.363037109375,1994.989990234375
2015-02-02,3128.300048828125,2020.8499755859375
2015-02-03,3204.906982421875,2050.030029296875
2015-02-04,3174.1259765625,2041.510009765625
2015-02-05,3136.531005859375,2062.52001953125
2015-02-06,3075.906982421875,2055.469970703125
2015-02-09,3095.1240234375,2046.739990234375
2015-02-10,3141.593017578125,2068.590087890625
2015-02-11,3157.7041015625,2068.530029296875
2015-02-12,3173.416015625,2088.47998046875
2015-02-13,3203.826904296875,2096.989990234375
2015-02-16,3222.363037109375,
2015-02-17,3246.906005859375,2100.340087890625
2015-02-18,,2099.679931640625
2015-02-19,,2097.449951171875
2015-02-20,,2110.300048828125
2015-02-23,,2109.659912109375
2015-02-24,,2115.47998046875
2015-02-25,3228.843017578125,2113.860107421875
2015-02-26,3298.35888671875,2110.739990234375
2015-02-27,3310.302978515625,2104.5
2015-03-02,3336.284912109375,2117.389892578125
2015-03-03,3263.052001953125,2107.780029296875
2015-03-04,3279.532958984375,2098.530029296875
2015-03-05,3248.47607421875,2101.0400390625
2015-03-06,3241.18701171875,2071.260009765625
2015-03-09,3302.407958984375,2079.429931640625
2015-03-10,3286.068115234375,2044.1600341796875
2015-03-11,3290.89990234375,2040.239990234375
2015-03-12,3349.322998046875,2065.949951171875
2015-03-13,3372.910888671875,2053.39990234375
2015-03-16,3449.304931640625,2081.18994140625
2015-03-17,3502.846923828125,2074.280029296875
2015-03-18,3577.301025390625,2099.5
2015-03-19,3582.27099609375,2089.27001953125
2015-03-20,3617.318115234375,2108.10009765625
2015-03-23,3687.72802734375,2104.419921875
2015-03-24,3691.409912109375,2091.5
2015-03-25,3660.72705078125,2061.050048828125
2015-03-26,3682.094970703125,2056.14990234375
2015-03-27,3691.095947265625,2061.02001953125
2015-03-30,3786.568115234375,2086.239990234375
2015-03-31,3747.89892578125,2067.889892578125
2015-04-01,3810.2939453125,2059.68994140625
2015-04-02,3825.783935546875,2066.9599609375
2015-04-03,3863.928955078125,
2015-04-06,,2080.6201171875
2015-04-07,3961.3779296875,2076.330078125
2015-04-08,3994.81103515625,2081.89990234375
2015-04-09,3957.533935546875,2091.179931640625
2015-04-10,4034.31005859375,2102.06005859375
2015-04-13,4121.71484375,2092.429931640625
2015-04-14,4135.56494140625,2095.840087890625
2015-04-15,4084.1630859375,2106.6298828125
2015-04-16,4194.8232421875,2104.989990234375
2015-04-17,4287.2958984375,2081.179931640625
2015-04-20,4217.0771484375,2100.39990234375
2015-04-21,4293.623046875,2097.2900390625
2015-04-22,4398.494140625,2107.9599609375
2015-04-23,4414.5078125,2112.929931640625
2015-04-24,4393.68603515625,2117.68994140625
2015-04-27,4527.39599609375,2108.919921875
2015-04-28,4476.21484375,2114.760009765625
2015-04-29,4476.6201171875,2106.85009765625
2015-04-30,4441.65478515625,2085.510009765625
2015-05-01,,2108.2900390625
2015-05-04,4480.4638671875,2114.489990234375
2015-05-05,4298.7060546875,2089.4599609375
2015-05-06,4229.26611328125,2080.14990234375
2015-05-07,4112.2138671875,2088.0
2015-05-08,4205.9169921875,2116.10009765625
2015-05-11,4333.583984375,2105.330078125
2015-05-12,4401.21923828125,2099.1201171875
2015-05-13,4375.759765625,2098.47998046875
2015-05-14,4378.31103515625,2121.10009765625
2015-05-15,4308.69091796875,2122.72998046875
2015-05-18,4283.4912109375,2129.199951171875
2015-05-19,4417.5517578125,2127.830078125
2015-05-20,4446.2880859375,2125.85009765625
2015-05-21,4529.421875,2130.820068359375
2015-05-22,4657.59619140625,2126.06005859375
2015-05-25,4813.7978515625,
2015-05-26,4910.89697265625,2104.199951171875
2015-05-27,4941.7138671875,2123.47998046875
2015-05-28,4620.26611328125,2120.7900390625
2015-05-29,4611.744140625,2107.389892578125
2015-06-01,4828.73779296875,2111.72998046875
2015-06-02,4910.52685546875,2109.60009765625
2015-06-03,4909.97802734375,2114.070068359375
2015-06-04,4947.10205078125,2095.840087890625
2015-06-05,5023.09619140625,2092.830078125
2015-06-08,5131.880859375,2079.280029296875
2015-06-09,5113.5341796875,2080.14990234375
2015-06-10,5106.0361328125,2105.199951171875
2015-06-11,5121.5927734375,2108.860107421875
2015-06-12,5166.35009765625,2094.110107421875
2015-06-15,5062.9931640625,2084.429931640625
2015-06-16,4887.43212890625,2096.2900390625
2015-06-17,4967.89794921875,2100.43994140625
2015-06-18,4785.35595703125,2121.239990234375
2015-06-19,4478.36376953125,2109.989990234375
2015-06-22,,2122.85009765625
2015-06-23,4576.4921875,2124.199951171875
2015-06-24,4690.14990234375,2108.580078125
2015-06-25,4527.77880859375,2102.31005859375
2015-06-26,4192.873046875,2101.489990234375
2015-06-29,4053.030029296875,2057.639892578125
2015-06-30,4277.22216796875,2063.110107421875
2015-07-01,4053.699951171875,2077.419921875
2015-07-02,3912.76708984375,2076.780029296875
2015-07-03,3686.9150390625,
2015-07-06,3775.912109375,2068.760009765625
2015-07-07,3727.125,2081.340087890625
2015-07-08,3507.19189453125,2046.6800537109375
2015-07-09,3709.330078125,2051.31005859375
2015-07-10,3877.802978515625,2076.6201171875
2015-07-13,3970.387939453125,2099.60009765625
2015-07-14,3924.487060546875,2108.949951171875
2015-07-15,3805.702880859375,2107.39990234375
2015-07-16,3823.176025390625,2124.2900390625
2015-07-17,3957.35205078125,2126.639892578125
2015-07-20,3992.110107421875,2128.280029296875
2015-07-21,4017.675048828125,2119.2099609375
2015-07-22,4026.044921875,2114.14990234375
2015-07-23,4123.9228515625,2102.14990234375
2015-07-24,4070.907958984375,2079.64990234375
2015-07-27,3725.55810546875,2067.639892578125
2015-07-28,3663.001953125,2093.25
2015-07-29,3789.16796875,2108.570068359375
2015-07-30,3705.76611328125,2108.6298828125
2015-07-31,3663.72607421875,2103.840087890625
2015-08-03,3622.905029296875,2098.0400390625
2015-08-04,3756.544921875,2093.320068359375
2015-08-05,3694.572998046875,2099.840087890625
2015-08-06,3661.5390625,2083.56005859375
2015-08-07,3744.205078125,2077.570068359375
2015-08-10,3928.4150390625,2104.179931640625
2015-08-11,3927.907958984375,2084.070068359375
2015-08-12,3886.320068359375,2086.050048828125
2015-08-13,3954.555908203125,2083.389892578125
2015-08-14,3965.3349609375,2091.5400390625
2015-08-17,3993.66796875,2102.43994140625
2015-08-18,3748.1640625,2096.919921875
2015-08-19,3794.10888671875,2079.610107421875
2015-08-20,3664.291015625,2035.72998046875
2015-08-21,3507.743896484375,1970.8900146484375
2015-08-24,3209.905029296875,1893.2099609375
2015-08-25,2964.967041015625,1867.6099853515625
2015-08-26,2927.2880859375,1940.510009765625
2015-08-27,3083.591064453125,1987.6600341796875
2015-08-28,3232.35009765625,1988.8699951171875
2015-08-31,3205.986083984375,1972.1800537109375
2015-09-01,3166.6240234375,1913.8499755859375
2015-09-02,3160.1669921875,1948.8599853515625
2015-09-03,,1951.1300048828125
2015-09-04,,1921.219970703125
2015-09-07,3080.419921875,
2015-09-08,3170.451904296875,1969.4100341796875
2015-09-09,3243.089111328125,1942.0400390625
2015-09-10,3197.89306640625,1952.2900390625
2015-09-11,3200.23388671875,1961.050048828125
2015-09-14,3114.798095703125,1953.030029296875
2015-09-15,3005.172119140625,1978.0899658203125
2015-09-16,3152.262939453125,1995.31005859375
2015-09-17,3086.06103515625,1990.199951171875
2015-09-18,3097.9169921875,1958.030029296875
2015-09-21,3156.5400390625,1966.969970703125
2015-09-22,3185.618896484375,1942.739990234375
2015-09-23,3115.887939453125,1938.760009765625
2015-09-24,3142.68701171875,1932.239990234375
2015-09-25,3092.346923828125,1931.3399658203125
2015-09-28,3100.756103515625,1881.77001953125
2015-09-29,3038.136962890625,1884.0899658203125
2015-09-30,3052.781005859375,1920.030029296875
2015-10-01,,1923.8199462890625
2015-10-02,,1951.3599853515625
2015-10-05,,1987.050048828125
2015-10-06,,1979.9200439453125
2015-10-07,,1995.8299560546875
2015-10-08,3143.35693359375,2013.4300537109375
2015-10-09,3183.152099609375,2014.8900146484375
2015-10-12,3287.662109375,2017.4599609375
2015-10-13,3293.22998046875,2003.68994140625
2015-10-14,3262.44091796875,1994.239990234375
2015-10-15,3338.072998046875,2023.8599853515625
2015-10-16,3391.35205078125,2033.1099853515625
2015-10-19,3386.699951171875,2033.6600341796875
2015-10-20,3425.330078125,2030.77001953125
2015-10-21,3320.676025390625,2018.93994140625
2015-10-22,3368.739013671875,2052.510009765625
2015-10-23,3412.43408203125,2075.14990234375
2015-10-26,3429.5810546875,2071.179931640625
2015-10-27,3434.3359375,2065.889892578125
2015-10-28,3375.196044921875,2090.35009765625
2015-10-29,3387.31494140625,2089.409912109375
2015-10-30,3382.56103515625,2079.360107421875
2015-11-02,3325.0849609375,2104.050048828125
2015-11-03,3316.695068359375,2109.7900390625
2015-11-04,3459.639892578125,2102.31005859375
2015-11-05,3522.819091796875,2099.929931640625
2015-11-06,3590.031982421875,2099.199951171875
2015-11-09,3646.881103515625,2078.580078125
2015-11-10,3640.485107421875,2081.719970703125
2015-11-11,3650.2490234375,2075.0
2015-11-12,3632.902099609375,2045.969970703125
2015-11-13,3580.839111328125,2023.0400390625
2015-11-16,3606.95703125,2053.18994140625
2015-11-17,3604.794921875,2050.43994140625
2015-11-18,3568.468017578125,2083.580078125
2015-11-19,3617.06201171875,2081.239990234375
2015-11-20,3630.5,2089.169921875
2015-11-23,3610.31494140625,2086.590087890625
2015-11-24,3616.113037109375,2089.139892578125
2015-11-25,3647.929931640625,2088.8701171875
2015-11-26,3635.552001953125,
2015-11-27,3436.302978515625,2090.110107421875
2015-11-30,3445.405029296875,2080.409912109375
2015-12-01,3456.30908203125,2102.6298828125
2015-12-02,3536.905029296875,2079.510009765625
2015-12-03,3584.823974609375,2049.6201171875
2015-12-04,3524.991943359375,2091.68994140625
2015-12-07,3536.927001953125,2077.070068359375
2015-12-08,3470.070068359375,2063.590087890625
2015-12-09,3472.43896484375,2047.6199951171875
2015-12-10,3455.4951171875,2052.22998046875
2015-12-11,3434.5810546875,2012.3699951171875
2015-12-14,3520.66796875,2021.93994140625
2015-12-15,3510.35400390625,2043.4100341796875
2015-12-16,3516.18701171875,2073.070068359375
2015-12-17,3579.9990234375,2041.8900146484375
2015-12-18,3578.964111328125,2005.550048828125
2015-12-21,3642.471923828125,2021.1500244140625
2015-12-22,3651.76708984375,2038.969970703125
2015-12-23,3636.089111328125,2064.2900390625
2015-12-24,3612.485107421875,2060.989990234375
2015-12-25,3628.0009765625,
2015-12-28,3533.779052734375,2056.5
2015-12-29,3563.736083984375,2078.360107421875
2015-12-30,3572.8759765625,2063.360107421875
2015-12-31,3539.181884765625,2043.93994140625
2016-01-04,3296.258056640625,2012.6600341796875
2016-01-05,3287.7109375,2016.7099609375
2016-01-06,3361.840087890625,1990.260009765625
2016-01-07,3125.001953125,1943.0899658203125
2016-01-08,3186.412109375,1922.030029296875
2016-01-11,3016.7041015625,1923.6700439453125
2016-01-12,3022.861083984375,1938.6800537109375
2016-01-13,2949.596923828125,1890.280029296875
2016-01-14,3007.64892578125,1921.8399658203125
2016-01-15,2900.969970703125,1880.3299560546875
2016-01-18,2913.8369140625,
2016-01-19,3007.739013671875,1881.3299560546875
2016-01-20,2976.694091796875,1859.3299560546875
2016-01-21,2880.48193359375,1868.989990234375
2016-01-22,2916.56201171875,1906.9000244140625
2016-01-25,2938.514892578125,1877.0799560546875
2016-01-26,2749.784912109375,1903.6300048828125
2016-01-27,2735.55810546875,1882.949951171875
2016-01-28,2655.660888671875,1893.3599853515625
2016-01-29,2737.60009765625,1940.239990234375
2016-02-01,2688.85400390625,1939.3800048828125
2016-02-02,2749.570068359375,1903.030029296875
2016-02-03,2739.2470703125,1912.530029296875
2016-02-04,2781.02294921875,1915.449951171875
2016-02-05,2763.491943359375,1880.050048828125
2016-02-08,,1853.43994140625
2016-02-09,,1852.2099609375
2016-02-10,,1851.8599853515625
2016-02-11,,1829.0799560546875
2016-02-12,,1864.780029296875
2016-02-15,2746.196044921875,
2016-02-16,2836.571044921875,1895.5799560546875
2016-02-17,2867.337890625,1926.8199462890625
2016-02-18,2862.89306640625,1917.8299560546875
2016-02-19,2860.02099609375,1917.780029296875
2016-02-22,2927.175048828125,1945.5
2016-02-23,2903.3310546875,1921.27001953125
2016-02-24,2928.89599609375,1929.800048828125
2016-02-25,2741.2451171875,1951.699951171875
2016-02-26,2767.2099609375,1948.050048828125
2016-02-29,2687.97900390625,1932.22998046875
2016-03-01,2733.169921875,1978.3499755859375
2016-03-02,2849.680908203125,1986.449951171875
2016-03-03,2859.758056640625,1993.4000244140625
2016-03-04,2874.14697265625,1999.989990234375
2016-03-07,2897.340087890625,2001.760009765625
2016-03-08,2901.386962890625,1979.260009765625
2016-03-09,2862.555908203125,1989.260009765625
2016-03-10,2804.72607421875,1989.5699462890625
2016-03-11,2810.306884765625,2022.18994140625
2016-03-14,2859.4990234375,2019.6400146484375
2016-03-15,2864.367919921875,2015.9300537109375
2016-03-16,2870.429931640625,2027.219970703125
2016-03-17,2904.83203125,2040.5899658203125
2016-03-18,2955.14990234375,2049.580078125
2016-03-21,3018.802001953125,2051.60009765625
2016-03-22,2999.363037109375,2049.800048828125
2016-03-23,3009.9599609375,2036.7099609375
2016-03-24,2960.969970703125,2035.93994140625
2016-03-25,2979.1259765625,
2016-03-28,2957.820068359375,2037.050048828125
2016-03-29,2919.83203125,2055.010009765625
2016-03-30,3000.64501953125,2063.949951171875
2016-03-31,3003.9150390625,2059.739990234375
2016-04-01,3009.530029296875,2072.780029296875
2016-04-04,,2066.1298828125
2016-04-05,3053.06494140625,2045.1700439453125
2016-04-06,3050.592041015625,2066.659912109375
2016-04-07,3008.419921875,2041.9100341796875
2016-04-08,2984.9580078125,2047.5999755859375
2016-04-11,3033.95703125,2041.989990234375
2016-04-12,3023.64599609375,2061.719970703125
2016-04-13,3066.637939453125,2082.419921875
2016-04-14,3082.362060546875,2082.780029296875
2016-04-15,3078.116943359375,2080.72998046875
2016-04-18,3033.659912109375,2094.340087890625
2016-04-19,3042.822998046875,2100.800048828125
2016-04-20,2972.583984375,2102.39990234375
2016-04-21,2952.89111328125,2091.47998046875
2016-04-22,2959.239990234375,2091.580078125
2016-04-25,2946.669921875,2087.7900390625
2016-04-26,2964.699951171875,2091.699951171875
2016-04-27,2953.6708984375,2095.14990234375
2016-04-28,2945.589111328125,2075.81005859375
2016-04-29,2938.323974609375,2065.300048828125
2016-05-02,,2081.429931640625
2016-05-03,2992.64306640625,2063.3701171875
2016-05-04,2991.27197265625,2051.1201171875
2016-05-05,2997.842041015625,2050.6298828125
2016-05-06,2913.248046875,2057.139892578125
2016-05-09,2832.113037109375,2058.68994140625
2016-05-10,2832.591064453125,2084.389892578125
2016-05-11,2837.037109375,2064.4599609375
2016-05-12,2835.862060546875,2064.110107421875
2016-05-13,2827.10888671875,2046.6099853515625
2016-05-16,2850.862060546875,2066.659912109375
2016-05-17,2843.68408203125,2047.2099609375
2016-05-18,2807.513916015625,2047.6300048828125
2016-05-19,2806.906005859375,2040.0400390625
2016-05-20,2825.48291015625,2052.320068359375
2016-05-23,2843.64501953125,2048.0400390625
2016-05-24,2821.666015625,2076.06005859375
2016-05-25,2815.0859375,2090.5400390625
2016-05-26,2822.443115234375,2090.10009765625
2016-05-27,2821.0458984375,2099.06005859375
2016-05-30,2822.450927734375,
2016-05-31,2916.615966796875,2096.949951171875
2016-06-01,2913.508056640625,2099.330078125
2016-06-02,2925.22900390625,2105.260009765625
2016-06-03,2938.681884765625,2099.1298828125
2016-06-06,2934.097900390625,2109.409912109375
2016-06-07,2936.044921875,2112.1298828125
2016-06-08,2927.158935546875,2119.1201171875
2016-06-09,,2115.47998046875
2016-06-10,,2096.070068359375
2016-06-13,2833.071044921875,2079.06005859375
2016-06-14,2842.18896484375,2075.320068359375
2016-06-15,2887.2099609375,2071.5
2016-06-16,2872.81689453125,2077.989990234375
2016-06-17,2885.10498046875,2071.219970703125
2016-06-20,2888.80908203125,2083.25
2016-06-21,2878.55810546875,2088.89990234375
2016-06-22,2905.550048828125,2085.449951171875
2016-06-23,2891.9599609375,2113.320068359375
2016-06-24,2854.285888671875,2037.4100341796875
2016-06-27,2895.702880859375,2000.5400390625
2016-06-28,2912.556884765625,2036.0899658203125
2016-06-29,2931.592041015625,2070.77001953125
2016-06-30,2929.60595703125,2098.860107421875
2016-07-01,2932.47607421875,2102.949951171875
2016-07-04,2988.60400390625,
2016-07-05,3006.39208984375,2088.550048828125
2016-07-06,3017.2919921875,2099.72998046875
2016-07-07,3016.846923828125,2097.89990234375
2016-07-08,2988.093994140625,2129.89990234375
2016-07-11,2994.9169921875,2137.159912109375
2016-07-12,3049.381103515625,2152.139892578125
2016-07-13,3060.68896484375,2152.429931640625
2016-07-14,3054.01806640625,2163.75
2016-07-15,3054.2958984375,2161.739990234375
2016-07-18,3043.56396484375,2166.889892578125
2016-07-19,3036.597900390625,2163.780029296875
2016-07-20,3027.89990234375,2173.02001953125
2016-07-21,3039.009033203125,2165.169921875
2016-07-22,3012.81591796875,2175.030029296875
2016-07-25,3015.827880859375,2168.47998046875
2016-07-26,3050.166015625,2169.179931640625
2016-07-27,2991.9990234375,2166.580078125
2016-07-28,2994.322998046875,2170.06005859375
2016-07-29,2979.339111328125,2173.60009765625
2016-08-01,2953.385009765625,2170.840087890625
2016-08-02,2971.279052734375,2157.030029296875
2016-08-03,2978.4609375,2163.7900390625
2016-08-04,2982.426025390625,2164.25
2016-08-05,2976.696044921875,2182.8701171875
2016-08-08,3004.277099609375,2180.889892578125
2016-08-09,3025.680908203125,2181.739990234375
2016-08-10,3018.74609375,2175.489990234375
2016-08-11,3002.637939453125,2185.7900390625
2016-08-12,3050.6669921875,2184.050048828125
2016-08-15,3125.195068359375,2190.14990234375
2016-08-16,3110.037109375,2178.14990234375
2016-08-17,3109.554931640625,2182.219970703125
2016-08-18,3104.114013671875,2187.02001953125
2016-08-19,3108.10205078125,2183.8701171875
2016-08-22,3084.804931640625,2182.639892578125
2016-08-23,3089.7060546875,2186.89990234375
2016-08-24,3085.8798828125,2175.43994140625
2016-08-25,3068.3291015625,2172.469970703125
2016-08-26,3070.30908203125,2169.0400390625
2016-08-29,3070.027099609375,2180.3798828125
2016-08-30,3074.677001953125,2176.1201171875
2016-08-31,3085.490966796875,2170.949951171875
2016-09-01,3063.304931640625,2170.860107421875
2016-09-02,3067.35205078125,2179.97998046875
2016-09-05,3072.094970703125,
2016-09-06,3090.712890625,2186.47998046875
2016-09-07,3091.927978515625,2186.159912109375
2016-09-08,3095.9541015625,2181.300048828125
2016-09-09,3078.85498046875,2127.81005859375
2016-09-12,3021.97705078125,2159.0400390625
2016-09-13,3023.510009765625,2127.02001953125
2016-09-14,3002.84912109375,2125.77001953125
2016-09-15,,2147.260009765625
2016-09-16,,2139.159912109375
2016-09-19,3026.051025390625,2139.1201171875
2016-09-20,3023.0,2139.760009765625
2016-09-21,3025.8740234375,2163.1201171875
2016-09-22,3042.31298828125,2177.179931640625
2016-09-23,3033.89599609375,2164.68994140625
2016-09-26,2980.429931640625,2146.10009765625
2016-09-27,2998.172119140625,2159.929931640625
2016-09-28,2987.85791015625,2171.3701171875
2016-09-29,2998.48291015625,2151.1298828125
2016-09-30,3004.702880859375,2168.27001953125
2016-10-03,,2161.199951171875
2016-10-04,,2150.489990234375
2016-10-05,,2159.72998046875
2016-10-06,,2160.77001953125
2016-10-07,,2153.739990234375
2016-10-10,3048.14306640625,2163.659912109375
2016-10-11,3065.25,2136.72998046875
2016-10-12,3058.498046875,2139.179931640625
2016-10-13,3061.345947265625,2132.550048828125
2016-10-14,3063.80908203125,2132.97998046875
2016-10-17,3041.166015625,2126.5
2016-10-18,3083.875,2139.60009765625
2016-10-19,3084.718994140625,2144.2900390625
2016-10-20,3084.4580078125,2141.340087890625
2016-10-21,3090.94091796875,2141.159912109375
2016-10-24,3128.2470703125,2151.330078125
2016-10-25,3131.93896484375,2143.159912109375
2016-10-26,3116.31201171875,2139.429931640625
2016-10-27,3112.35009765625,2133.0400390625
2016-10-28,3104.27001953125,2126.409912109375
2016-10-31,3100.491943359375,2126.14990234375
2016-11-01,3122.43603515625,2111.719970703125
2016-11-02,3102.73291015625,2097.93994140625
2016-11-03,3128.93603515625,2088.659912109375
2016-11-04,3125.31689453125,2085.179931640625
2016-11-07,3133.3330078125,2131.52001953125
2016-11-08,3147.887939453125,2139.56005859375
2016-11-09,3128.3701171875,2163.260009765625
2016-11-10,3171.281982421875,2167.47998046875
2016-11-11,3196.0439453125,2164.449951171875
2016-11-14,3210.37109375,2164.199951171875
2016-11-15,3206.986083984375,2180.389892578125
2016-11-16,3205.056884765625,2176.93994140625
2016-11-17,3208.452880859375,2187.1201171875
2016-11-18,3192.85595703125,2181.89990234375
2016-11-21,3218.14794921875,2198.179931640625
2016-11-22,3248.35205078125,2202.93994140625
2016-11-23,3241.136962890625,2204.719970703125
2016-11-24,3241.736083984375,
2016-11-25,3261.93798828125,2213.35009765625
2016-11-28,3277.0,2201.719970703125
2016-11-29,3282.924072265625,2204.659912109375
2016-11-30,3250.033935546875,2198.81005859375
2016-12-01,3273.30908203125,2191.080078125
2016-12-02,3243.843017578125,2191.949951171875
2016-12-05,3204.708984375,2204.7099609375
2016-12-06,3199.64697265625,2212.22998046875
2016-12-07,3222.241943359375,2241.35009765625
2016-12-08,3215.365966796875,2246.18994140625
2016-12-09,3232.883056640625,2259.530029296875
2016-12-12,3152.969970703125,2256.9599609375
2016-12-13,3155.037109375,2271.719970703125
2016-12-14,3140.531005859375,2253.280029296875
2016-12-15,3117.677001953125,2262.030029296875
2016-12-16,3122.98193359375,2258.070068359375
2016-12-19,3118.0849609375,2262.530029296875
2016-12-20,3102.8759765625,2270.760009765625
2016-12-21,3137.429931640625,2265.179931640625
2016-12-22,3139.55810546875,2260.9599609375
2016-12-23,3110.154052734375,2263.7900390625
2016-12-26,3122.569091796875,
2016-12-27,3114.6640625,2268.8798828125
2016-12-28,3102.236083984375,2249.919921875
2016-12-29,3096.096923828125,2249.260009765625
2016-12-30,3103.636962890625,2238.830078125
2017-01-03,3135.9208984375,2257.830078125
2017-01-04,3158.7939453125,2270.75
2017-01-05,3165.410888671875,2269.0
2017-01-06,3154.321044921875,2276.97998046875
2017-01-09,3171.236083984375,2268.89990234375
2017-01-10,3161.6708984375,2268.89990234375
2017-01-11,3136.75390625,2275.320068359375
2017-01-12,3119.2890625,2270.43994140625
2017-01-13,3112.763916015625,2274.639892578125
2017-01-16,3103.427978515625,
2017-01-17,3108.77490234375,2267.889892578125
2017-01-18,3113.011962890625,2271.889892578125
2017-01-19,3101.299072265625,2263.68994140625
2017-01-20,3123.138916015625,2271.31005859375
2017-01-23,3136.77490234375,2265.199951171875
2017-01-24,3142.552978515625,2280.070068359375
2017-01-25,3149.554931640625,2298.3701171875
2017-01-26,3159.166015625,2296.679931640625
2017-01-27,,2294.68994140625
2017-01-30,,2280.89990234375
2017-01-31,,2278.8701171875
2017-02-01,,2279.550048828125
2017-02-02,,2280.85009765625
2017-02-03,3140.169921875,2297.419921875
2017-02-06,3156.98388671875,2292.56005859375
2017-02-07,3153.087890625,2293.080078125
2017-02-08,3166.98193359375,2294.669921875
2017-02-09,3183.178955078125,2307.8701171875
2017-02-10,3196.698974609375,2316.10009765625
2017-02-13,3216.839111328125,2328.25
2017-02-14,3217.927978515625,2337.580078125
2017-02-15,3212.986083984375,2349.25
2017-02-16,3229.617919921875,2347.219970703125
2017-02-17,3202.075927734375,2351.159912109375
2017-02-20,3239.9609375,
2017-02-21,3253.325927734375,2365.3798828125
2017-02-22,3261.218017578125,2362.820068359375
2017-02-23,3251.375,2363.81005859375
2017-02-24,3253.43310546875,2367.340087890625
2017-02-27,3228.659912109375,2369.75
2017-02-28,3241.73291015625,2363.639892578125
2017-03-01,3246.93408203125,2395.9599609375
2017-03-02,3230.028076171875,2381.919921875
2017-03-03,3218.31201171875,2383.1201171875
2017-03-06,3233.865966796875,2375.31005859375
2017-03-07,3242.406005859375,2368.389892578125
2017-03-08,3240.6650390625,2362.97998046875
2017-03-09,3216.74609375,2364.8701171875
2017-03-10,3212.760009765625,2372.60009765625
2017-03-13,3237.02392578125,2373.469970703125
2017-03-14,3239.327880859375,2365.449951171875
2017-03-15,3241.760009765625,2385.260009765625
2017-03-16,3268.93505859375,2381.3798828125
2017-03-17,3237.447021484375,2378.25
2017-03-20,3250.80810546875,2373.469970703125
2017-03-21,3261.611083984375,2344.02001953125
2017-03-22,3245.219970703125,2348.449951171875
2017-03-23,3248.550048828125,2345.9599609375
2017-03-24,3269.445068359375,2343.97998046875
2017-03-27,3266.955078125,2341.590087890625
2017-03-28,3252.947998046875,2358.570068359375
2017-03-29,3241.31396484375,2361.1298828125
2017-03-30,3210.237060546875,2368.06005859375
2017-03-31,3222.513916015625,2362.719970703125
2017-04-03,,2358.840087890625
2017-04-04,,2360.159912109375
2017-04-05,3270.304931640625,2352.949951171875
2017-04-06,3281.0048828125,2357.489990234375
2017-04-07,3286.615966796875,2355.5400390625
2017-04-10,3269.39306640625,2357.159912109375
2017-04-11,3288.966064453125,2353.780029296875
2017-04-12,3273.830078125,2344.929931640625
2017-04-13,3275.9599609375,2328.949951171875
2017-04-14,3244.48291015625,
2017-04-17,3222.1669921875,2349.010009765625
2017-04-18,3196.712890625,2342.18994140625
2017-04-19,3170.68701171875,2338.169921875
2017-04-20,3172.10009765625,2355.840087890625
2017-04-21,3173.15087890625,2348.68994140625
2017-04-24,3129.531005859375,2374.14990234375
2017-04-25,3134.56689453125,2388.610107421875
2017-04-26,3140.846923828125,2387.449951171875
2017-04-27,3152.18701171875,2388.77001953125
2017-04-28,3154.657958984375,2384.199951171875
2017-05-01,,2388.330078125
2017-05-02,3143.7119140625,2391.169921875
2017-05-03,3135.345947265625,2388.1298828125
2017-05-04,3127.368896484375,2389.52001953125
2017-05-05,3103.0380859375,2399.2900390625
2017-05-08,3078.613037109375,2399.3798828125
2017-05-09,3080.527099609375,2396.919921875
2017-05-10,3052.784912109375,2399.6298828125
2017-05-11,3061.5,2394.43994140625
2017-05-12,3083.512939453125,2390.89990234375
2017-05-15,3090.22900390625,2402.320068359375
2017-05-16,3112.964111328125,2400.669921875
2017-05-17,3104.44189453125,2357.030029296875
2017-05-18,3090.138916015625,2365.719970703125
2017-05-19,3090.631103515625,2381.72998046875
2017-05-22,3075.676025390625,2394.02001953125
2017-05-23,3061.947021484375,2398.419921875
2017-05-24,3064.075927734375,2404.389892578125
2017-05-25,3107.8310546875,2415.070068359375
2017-05-26,3110.05908203125,2415.820068359375
2017-05-30,,2412.909912109375
2017-05-31,3117.177978515625,2411.800048828125
2017-06-01,3102.623046875,2430.06005859375
2017-06-02,3105.5400390625,2439.070068359375
2017-06-05,3091.656005859375,2436.10009765625
2017-06-06,3102.1259765625,2429.330078125
2017-06-07,3140.324951171875,2433.139892578125
2017-06-08,3150.333984375,2433.7900390625
2017-06-09,3158.39990234375,2431.77001953125
2017-06-12,3139.876953125,2429.389892578125
2017-06-13,3153.742919921875,2440.35009765625
2017-06-14,3130.674072265625,2437.919921875
2017-06-15,3132.486083984375,2432.4599609375
2017-06-16,3123.166015625,2433.14990234375
2017-06-19,3144.3740234375,2453.4599609375
2017-06-20,3140.013916015625,2437.030029296875
2017-06-21,3156.2119140625,2435.610107421875
2017-06-22,3147.452880859375,2434.5
2017-06-23,3157.873046875,2438.300048828125
2017-06-26,3185.444091796875,2439.070068359375
2017-06-27,3191.197021484375,2419.3798828125
2017-06-28,3173.200927734375,2440.68994140625
2017-06-29,3188.06298828125,2419.699951171875
2017-06-30,3192.427001953125,2423.409912109375
2017-07-03,3195.912109375,2429.010009765625
2017-07-04,3182.803955078125,
2017-07-05,3207.134033203125,2432.5400390625
2017-07-06,3212.444091796875,2409.75
2017-07-07,3217.95703125,2425.179931640625
2017-07-10,3212.632080078125,2427.429931640625
2017-07-11,3203.0380859375,2425.530029296875
2017-07-12,3197.5439453125,2443.25
2017-07-13,3218.1630859375,2447.830078125
2017-07-14,3222.4169921875,2459.27001953125
2017-07-17,3176.465087890625,2459.139892578125
2017-07-18,3187.56689453125,2460.610107421875
2017-07-19,3230.97607421875,2473.830078125
2017-07-20,3244.864990234375,2473.449951171875
2017-07-21,3237.98193359375,2472.5400390625
2017-07-24,3250.59912109375,2469.909912109375
2017-07-25,3243.68896484375,2477.1298828125
2017-07-26,3247.675048828125,2477.830078125
2017-07-27,3249.781005859375,2475.419921875
2017-07-28,3253.239990234375,2472.10009765625
2017-07-31,3273.028076171875,2470.300048828125
2017-08-01,3292.637939453125,2476.35009765625
2017-08-02,3285.056884765625,2477.570068359375
2017-08-03,3272.928955078125,2472.159912109375
2017-08-04,3262.0810546875,2476.830078125
2017-08-07,3279.45703125,2480.909912109375
2017-08-08,3281.873046875,2474.919921875
2017-08-09,3275.572998046875,2474.02001953125
2017-08-10,3261.7490234375,2438.2099609375
2017-08-11,3208.541015625,2441.320068359375
2017-08-14,3237.360107421875,2465.840087890625
2017-08-15,3251.261962890625,2464.610107421875
2017-08-16,3246.450927734375,2468.110107421875
2017-08-17,3268.429931640625,2430.010009765625
2017-08-18,3268.72412109375,2425.550048828125
2017-08-21,3286.906005859375,2428.3701171875
2017-08-22,3290.22607421875,2452.510009765625
2017-08-23,3287.705078125,2444.0400390625
2017-08-24,3271.511962890625,2438.969970703125
2017-08-25,3331.52197265625,2443.050048828125
2017-08-28,3362.65087890625,2444.239990234375
2017-08-29,3365.22607421875,2446.300048828125
2017-08-30,3363.626953125,2457.590087890625
2017-08-31,3360.81005859375,2471.64990234375
2017-09-01,3367.118896484375,2476.550048828125
2017-09-04,3379.8359375,
2017-09-05,3384.31689453125,2457.85009765625
2017-09-06,3385.388916015625,2465.5400390625
2017-09-07,3365.4970703125,2465.10009765625
2017-09-08,3365.242919921875,2461.429931640625
2017-09-11,3376.4189453125,2488.110107421875
2017-09-12,3379.488037109375,2496.47998046875
2017-09-13,3384.14697265625,2498.3701171875
2017-09-14,3371.426025390625,2495.6201171875
2017-09-15,3353.618896484375,2500.22998046875
2017-09-18,3362.85888671875,2503.8701171875
2017-09-19,3356.844970703125,2506.64990234375
2017-09-20,3365.99609375,2508.239990234375
2017-09-21,3357.81201171875,2500.60009765625
2017-09-22,3352.529052734375,2502.219970703125
2017-09-25,3341.549072265625,2496.659912109375
2017-09-26,3343.5830078125,2496.840087890625
2017-09-27,3345.27197265625,2507.0400390625
2017-09-28,3339.64208984375,2510.06005859375
2017-09-29,3348.943115234375,2519.360107421875
2017-10-02,,2529.1201171875
2017-10-03,,2534.580078125
2017-10-04,,2537.739990234375
2017-10-05,,2552.070068359375
2017-10-06,,2549.330078125
2017-10-09,3374.3779296875,2544.72998046875
2017-10-10,3382.988037109375,2550.639892578125
2017-10-11,3388.283935546875,2555.239990234375
2017-10-12,3386.10009765625,2550.929931640625
2017-10-13,3390.52294921875,2553.169921875
2017-10-16,3378.469970703125,2557.639892578125
2017-10-17,3372.041015625,2559.360107421875
2017-10-18,3381.7939453125,2561.260009765625
2017-10-19,3370.172119140625,2562.10009765625
2017-10-20,3378.64794921875,2575.2099609375
2017-10-23,3380.698974609375,2564.97998046875
2017-10-24,3388.248046875,2569.1298828125
2017-10-25,3396.89794921875,2557.14990234375
2017-10-26,3407.56689453125,2560.39990234375
2017-10-27,3416.81201171875,2581.070068359375
2017-10-30,3390.3369140625,2572.830078125
2017-10-31,3393.342041015625,2575.260009765625
2017-11-01,3395.9130859375,2579.360107421875
2017-11-02,3383.31005859375,2579.85009765625
2017-11-03,3371.743896484375,2587.840087890625
2017-11-06,3388.174072265625,2591.1298828125
2017-11-07,3413.574951171875,2590.639892578125
2017-11-08,3415.4599609375,2594.3798828125
2017-11-09,3427.794921875,2584.6201171875
2017-11-10,3432.673095703125,2582.300048828125
2017-11-13,3447.8359375,2584.840087890625
2017-11-14,3429.548095703125,2578.8701171875
2017-11-15,3402.52490234375,2564.6201171875
2017-11-16,3399.25,2585.639892578125
2017-11-17,3382.907958984375,2578.85009765625
2017-11-20,3392.39892578125,2582.139892578125
2017-11-21,3410.498046875,2599.030029296875
2017-11-22,3430.464111328125,2597.080078125
2017-11-23,3352.989013671875,
2017-11-24,3353.821044921875,2602.419921875
2017-11-27,3322.22998046875,2601.419921875
2017-11-28,3333.656982421875,2627.0400390625
2017-11-29,3337.862060546875,2626.070068359375
2017-11-30,3317.18798828125,2647.580078125
2017-12-01,3317.616943359375,2642.219970703125
2017-12-04,3309.617919921875,2639.43994140625
2017-12-05,3303.675048828125,2629.570068359375
2017-12-06,3293.965087890625,2629.27001953125
2017-12-07,3272.053955078125,2636.97998046875
2017-12-08,3289.991943359375,2651.5
2017-12-11,3322.196044921875,2659.989990234375
2017-12-12,3280.81396484375,2664.110107421875
2017-12-13,3303.037109375,2662.85009765625
2017-12-14,3292.43896484375,2652.010009765625
2017-12-15,3266.136962890625,2675.81005859375
2017-12-18,3267.922119140625,2690.159912109375
2017-12-19,3296.5380859375,2681.469970703125
2017-12-20,3287.60595703125,2679.25
2017-12-21,3300.05908203125,2684.570068359375
2017-12-22,3297.06298828125,2683.340087890625
2017-12-25,3280.839111328125,
2017-12-26,3306.125,2680.5
2017-12-27,3275.782958984375,2682.6201171875
2017-12-28,3296.385009765625,2687.5400390625
2017-12-29,3307.172119140625,2673.610107421875
2018-01-02,3348.325927734375,2695.81005859375
2018-01-03,3369.10791015625,2713.06005859375
2018-01-04,3385.7099609375,2723.989990234375
2018-01-05,3391.75,2743.14990234375
2018-01-08,3409.47998046875,2747.7099609375
2018-01-09,3413.89990234375,2751.2900390625
2018-01-10,3421.833984375,2748.22998046875
2018-01-11,3425.344970703125,2767.56005859375
2018-01-12,3428.94091796875,2786.239990234375
2018-01-15,3410.488037109375,
2018-01-16,3436.593994140625,2776.419921875
2018-01-17,3444.6708984375,2802.56005859375
2018-01-18,3474.75390625,2798.030029296875
2018-01-19,3487.864013671875,2810.300048828125
2018-01-22,3501.362060546875,2832.969970703125
2018-01-23,3546.5048828125,2839.1298828125
2018-01-24,3559.465087890625,2837.5400390625
2018-01-25,3548.306884765625,2839.25
2018-01-26,3558.12890625,2872.8701171875
2018-01-29,3523.0009765625,2853.530029296875
2018-01-30,3488.009033203125,2822.429931640625
2018-01-31,3480.8330078125,2823.81005859375
2018-02-01,3446.97998046875,2821.97998046875
2018-02-02,3462.0810546875,2762.1298828125
2018-02-05,3487.4970703125,2648.93994140625
2018-02-06,3370.652099609375,2695.139892578125
2018-02-07,3309.260009765625,2681.659912109375
2018-02-08,3262.050048828125,2581.0
2018-02-09,3129.85107421875,2619.550048828125
2018-02-12,3154.125,2656.0
2018-02-13,3184.958984375,2662.93994140625
2018-02-14,3199.158935546875,2698.6298828125
2018-02-15,,2731.199951171875
2018-02-16,,2732.219970703125
2018-02-20,,2716.260009765625
2018-02-21,,2701.330078125
2018-02-22,3268.55908203125,2703.9599609375
2018-02-23,3289.02392578125,2747.300048828125
2018-02-26,3329.573974609375,2779.60009765625
2018-02-27,3292.068115234375,2744.280029296875
2018-02-28,3259.407958984375,2713.830078125
2018-03-01,3273.7548828125,2677.669921875
2018-03-02,3254.528076171875,2691.25
2018-03-05,3256.926025390625,2720.93994140625
2018-03-06,3289.64208984375,2728.1201171875
2018-03-07,3271.66796875,2726.800048828125
2018-03-08,3288.406005859375,2738.969970703125
2018-03-09,3307.166015625,2786.570068359375
2018-03-12,3326.698974609375,2783.02001953125
2018-03-13,3310.239013671875,2765.31005859375
2018-03-14,3291.382080078125,2749.47998046875
2018-03-15,3291.112060546875,2747.330078125
2018-03-16,3269.882080078125,2752.010009765625
2018-03-19,3279.251953125,2712.919921875
2018-03-20,3290.639892578125,2716.93994140625
2018-03-21,3280.951904296875,2711.929931640625
2018-03-22,3263.47998046875,2643.68994140625
2018-03-23,3152.760986328125,2588.260009765625
2018-03-26,3133.721923828125,2658.550048828125
2018-03-27,3166.64892578125,2612.6201171875
2018-03-28,3122.2900390625,2605.0
2018-03-29,3160.531005859375,2640.8701171875
2018-03-30,3168.89697265625,
2018-04-02,3163.178955078125,2581.8798828125
2018-04-03,3136.633056640625,2614.449951171875
2018-04-04,3131.111083984375,2644.68994140625
2018-04-05,,2662.840087890625
2018-04-06,,2604.469970703125
2018-04-09,3138.2939453125,2613.159912109375
2018-04-10,3190.322021484375,2656.8701171875
2018-04-11,3208.08203125,2642.18994140625
2018-04-12,3180.157958984375,2663.989990234375
2018-04-13,3159.052001953125,2656.300048828125
2018-04-16,3110.64892578125,2677.840087890625
2018-04-17,3066.797119140625,2706.389892578125
2018-04-18,3091.39892578125,2708.639892578125
2018-04-19,3117.3759765625,2693.1298828125
2018-04-20,3071.54296875,2670.139892578125
2018-04-23,3068.011962890625,2670.2900390625
2018-04-24,3128.927001953125,2634.56005859375
2018-04-25,3117.97412109375,2639.39990234375
2018-04-26,3075.030029296875,2666.93994140625
2018-04-27,3082.23193359375,2669.909912109375
2018-04-30,,2648.050048828125
2018-05-01,,2654.800048828125
2018-05-02,3081.177001953125,2635.669921875
2018-05-03,3100.85888671875,2629.72998046875
2018-05-04,3091.032958984375,2663.419921875
2018-05-07,3136.64501953125,2672.6298828125
2018-05-08,3161.498046875,2671.919921875
2018-05-09,3159.14990234375,2697.7900390625
2018-05-10,3174.4130859375,2723.070068359375
2018-05-11,3163.262939453125,2727.719970703125
2018-05-14,3174.031982421875,2730.1298828125
2018-05-15,3192.117919921875,2711.449951171875
2018-05-16,3169.56494140625,2722.4599609375
2018-05-17,3154.282958984375,2720.1298828125
2018-05-18,3193.302978515625,2712.969970703125
2018-05-21,3213.840087890625,2733.010009765625
2018-05-22,3214.35009765625,2724.43994140625
2018-05-23,3168.964111328125,2733.2900390625
2018-05-24,3154.65087890625,2727.760009765625
2018-05-25,3141.302978515625,2721.330078125
2018-05-28,3135.08203125,
2018-05-29,3120.4609375,2689.860107421875
2018-05-30,3041.443115234375,2724.010009765625
2018-05-31,3095.47412109375,2705.27001953125
2018-06-01,3075.136962890625,2734.6201171875
2018-06-04,3091.19091796875,2746.8701171875
2018-06-05,3114.2060546875,2748.800048828125
2018-06-06,3115.179931640625,2772.35009765625
2018-06-07,3109.4990234375,2770.3701171875
2018-06-08,3067.14794921875,2779.030029296875
2018-06-11,3052.782958984375,2782.0
2018-06-12,3079.802001953125,2786.85009765625
2018-06-13,3049.797119140625,2775.6298828125
2018-06-14,3044.159912109375,2782.489990234375
2018-06-15,3021.90087890625,2779.659912109375
2018-06-18,,2773.75
2018-06-19,2907.822021484375,2762.590087890625
2018-06-20,2915.73095703125,2767.320068359375
2018-06-21,2875.81005859375,2749.760009765625
2018-06-22,2889.760009765625,2754.8798828125
2018-06-25,2859.3359375,2717.070068359375
2018-06-26,2844.508056640625,2723.06005859375
2018-06-27,2813.177978515625,2699.6298828125
2018-06-28,2786.89697265625,2716.31005859375
2018-06-29,2847.41796875,2718.3701171875
2018-07-02,2775.556884765625,2726.7099609375
2018-07-03,2786.887939453125,2713.219970703125
2018-07-04,2759.1259765625,
2018-07-05,2733.882080078125,2736.610107421875
2018-07-06,2747.22900390625,2759.820068359375
2018-07-09,2815.110107421875,2784.169921875
2018-07-10,2827.625,2793.840087890625
2018-07-11,2777.77099609375,2774.02001953125
2018-07-12,2837.658935546875,2798.2900390625
2018-07-13,2831.18408203125,2801.31005859375
2018-07-16,2814.0419921875,2798.429931640625
2018-07-17,2798.1259765625,2809.550048828125
2018-07-18,2787.257080078125,2815.6201171875
2018-07-19,2772.544921875,2804.489990234375
2018-07-20,2829.27099609375,2801.830078125
2018-07-23,2859.5419921875,2806.97998046875
2018-07-24,2905.56201171875,2820.39990234375
2018-07-25,2903.64697265625,2846.070068359375
2018-07-26,2882.22509765625,2837.43994140625
2018-07-27,2873.593994140625,2818.820068359375
2018-07-30,2869.050048828125,2802.60009765625
2018-07-31,2876.40087890625,2816.2900390625
2018-08-01,2824.533935546875,2813.360107421875
2018-08-02,2768.02392578125,2827.219970703125
2018-08-03,2740.443115234375,2840.35009765625
2018-08-06,2705.156982421875,2850.39990234375
2018-08-07,2779.3740234375,2858.449951171875
2018-08-08,2744.070068359375,2857.699951171875
2018-08-09,2794.382080078125,2853.580078125
2018-08-10,2795.31005859375,2833.280029296875
2018-08-13,2785.8720703125,2821.929931640625
2018-08-14,2780.965087890625,2839.9599609375
2018-08-15,2723.258056640625,2818.3701171875
2018-08-16,2705.19189453125,2840.68994140625
2018-08-17,2668.966064453125,2850.1298828125
2018-08-20,2698.466064453125,2857.050048828125
2018-08-21,2733.825927734375,2862.9599609375
2018-08-22,2714.60791015625,2861.820068359375
2018-08-23,2724.6240234375,2856.97998046875
2018-08-24,2729.430908203125,2874.68994140625
2018-08-27,2780.89892578125,2896.739990234375
2018-08-28,2777.98095703125,2897.52001953125
2018-08-29,2769.294921875,2914.0400390625
2018-08-30,2737.737060546875,2901.1298828125
2018-08-31,2725.25,2901.52001953125
2018-09-03,2720.73388671875,
2018-09-04,2750.580078125,2896.719970703125
2018-09-05,2704.3369140625,2888.60009765625
2018-09-06,2691.593017578125,2878.050048828125
2018-09-07,2702.301025390625,2871.679931640625
2018-09-10,2669.485107421875,2877.1298828125
2018-09-11,2664.800048828125,2887.889892578125
2018-09-12,2656.110107421875,2888.919921875
2018-09-13,2686.577880859375,2904.179931640625
2018-09-14,2681.64306640625,2904.97998046875
2018-09-17,2651.7890625,2888.800048828125
2018-09-18,2699.949951171875,2904.31005859375
2018-09-19,2730.85009765625,2907.949951171875
2018-09-20,2729.243896484375,2930.75
2018-09-21,2797.485107421875,2929.669921875
2018-09-24,,2919.3701171875
2018-09-25,2781.138916015625,2915.56005859375
2018-09-26,2806.81298828125,2905.969970703125
2018-09-27,2791.77490234375,2914.0
2018-09-28,2821.35009765625,2913.97998046875
2018-10-01,,2924.590087890625
2018-10-02,,2923.429931640625
2018-10-03,,2925.510009765625
2018-10-04,,2901.610107421875
2018-10-05,,2885.570068359375
2018-10-08,2716.510009765625,2884.429931640625
2018-10-09,2721.012939453125,2880.340087890625
2018-10-10,2725.8369140625,2785.679931640625
2018-10-11,2583.4580078125,2728.3701171875
2018-10-12,2606.9130859375,2767.1298828125
2018-10-15,2568.097900390625,2750.7900390625
2018-10-16,2546.330078125,2809.919921875
2018-10-17,2561.614013671875,2809.2099609375
2018-10-18,2486.4189453125,2768.780029296875
2018-10-19,2550.465087890625,2767.780029296875
2018-10-22,2654.8759765625,2755.8798828125
2018-10-23,2594.825927734375,2740.68994140625
2018-10-24,2603.294921875,2656.10009765625
2018-10-25,2603.800048828125,2705.570068359375
2018-10-26,2598.846923828125,2658.68994140625
2018-10-29,2542.10302734375,2641.25
2018-10-30,2568.048095703125,2682.6298828125
2018-10-31,2602.782958984375,2711.739990234375
2018-11-01,2606.237060546875,2740.3701171875
2018-11-02,2676.47607421875,2723.06005859375
2018-11-05,2665.430908203125,2738.31005859375
2018-11-06,2659.35595703125,2755.449951171875
2018-11-07,2641.342041015625,2813.889892578125
2018-11-08,2635.632080078125,2806.830078125
2018-11-09,2598.8720703125,2781.010009765625
2018-11-12,2630.52001953125,2726.219970703125
2018-11-13,2654.8798828125,2722.179931640625
2018-11-14,2632.242919921875,2701.580078125
2018-11-15,2668.169921875,2730.199951171875
2018-11-16,2679.110107421875,2736.27001953125
2018-11-19,2703.511962890625,2690.72998046875
2018-11-20,2645.85498046875,2641.889892578125
2018-11-21,2651.5048828125,2649.929931640625
2018-11-22,2645.43408203125,
2018-11-23,2579.48291015625,2632.56005859375
2018-11-26,2575.81005859375,2673.449951171875
2018-11-27,2574.678955078125,2682.169921875
2018-11-28,2601.737060546875,2743.7900390625
2018-11-29,2567.443115234375,2737.800048828125
2018-11-30,2588.18798828125,2760.169921875
2018-12-03,2654.798095703125,2790.3701171875
2018-12-04,2665.9580078125,2700.06005859375
2018-12-05,2649.804931640625,
2018-12-06,2605.180908203125,2695.949951171875
2018-12-07,2605.887939453125,2633.080078125
2018-12-10,2584.58203125,2637.719970703125
2018-12-11,2594.087890625,2636.780029296875
2018-12-12,2602.153076171875,2651.070068359375
2018-12-13,2634.049072265625,2650.5400390625
2018-12-14,2593.740966796875,2599.949951171875
2018-12-17,2597.97412109375,2545.93994140625
2018-12-18,2576.64990234375,2546.159912109375
2018-12-19,2549.56298828125,2506.9599609375
2018-12-20,2536.26806640625,2467.419921875
2018-12-21,2516.2509765625,2416.6201171875
2018-12-24,2527.007080078125,2351.10009765625
2018-12-25,2504.819091796875,
2018-12-26,2498.2939453125,2467.699951171875
2018-12-27,2483.0859375,2488.830078125
2018-12-28,2493.89599609375,2485.739990234375
2018-12-31,,2506.85009765625
2019-01-02,2465.291015625,2510.030029296875
2019-01-03,2464.363037109375,2447.889892578125
2019-01-04,2514.867919921875,2531.93994140625
2019-01-07,2533.089111328125,2549.68994140625
2019-01-08,2526.4619140625,2574.409912109375
2019-01-09,2544.344970703125,2584.9599609375
2019-01-10,2535.09912109375,2596.639892578125
2019-01-11,2553.8310546875,2596.260009765625
2019-01-14,2535.764892578125,2582.610107421875
2019-01-15,2570.344970703125,2610.300048828125
2019-01-16,2570.422119140625,2616.10009765625
2019-01-17,2559.636962890625,2635.9599609375
2019-01-18,2596.006103515625,2670.7099609375
2019-01-21,2610.509033203125,
2019-01-22,2579.7041015625,2632.89990234375
2019-01-23,2581.00390625,2638.699951171875
2019-01-24,2591.694091796875,2642.330078125
2019-01-25,2601.722900390625,2664.760009765625
2019-01-28,2596.97705078125,2643.85009765625
2019-01-29,2594.25390625,2640.0
2019-01-30,2575.575927734375,2681.050048828125
2019-01-31,2584.572021484375,2704.10009765625
2019-02-01,2618.23193359375,2706.530029296875
2019-02-04,,2724.8701171875
2019-02-05,,2737.699951171875
2019-02-06,,2731.610107421875
2019-02-07,,2706.050048828125
2019-02-08,,2707.8798828125
2019-02-11,2653.89599609375,2709.800048828125
2019-02-12,2671.89404296875,2744.72998046875
2019-02-13,2721.068115234375,2753.030029296875
2019-02-14,2719.699951171875,2745.72998046875
2019-02-15,2682.385009765625,2775.60009765625
2019-02-18,2754.35693359375,
2019-02-19,2755.64599609375,2779.760009765625
2019-02-20,2761.218994140625,2784.699951171875
2019-02-21,2751.801025390625,2774.8798828125
2019-02-22,2804.22607421875,2792.669921875
2019-02-25,2961.282958984375,2796.110107421875
2019-02-26,2941.51611328125,2793.89990234375
2019-02-27,2953.823974609375,2792.3798828125
2019-02-28,2940.9541015625,2784.489990234375
2019-03-01,2994.0048828125,2803.68994140625
2019-03-04,3027.575927734375,2792.81005859375
2019-03-05,3054.2470703125,2789.64990234375
2019-03-06,3102.09912109375,2771.449951171875
2019-03-07,3106.41796875,2748.929931640625
2019-03-08,2969.861083984375,2743.070068359375
2019-03-11,3026.992919921875,2783.300048828125
2019-03-12,3060.306884765625,2791.52001953125
2019-03-13,3026.950927734375,2810.919921875
2019-03-14,2990.68505859375,2808.47998046875
2019-03-15,3021.7509765625,2822.47998046875
2019-03-18,3096.41796875,2832.93994140625
2019-03-19,3090.97509765625,2832.570068359375
2019-03-20,3090.639892578125,2824.22998046875
2019-03-21,3101.455078125,2854.8798828125
2019-03-22,3104.14892578125,2800.7099609375
2019-03-25,3043.031005859375,2798.360107421875
2019-03-26,2997.094970703125,2818.4599609375
2019-03-27,3022.719970703125,2805.3701171875
2019-03-28,2994.943115234375,2815.43994140625
2019-03-29,3090.758056640625,2834.39990234375
2019-04-01,3170.361083984375,2867.18994140625
2019-04-02,3176.822998046875,2867.239990234375
2019-04-03,3216.294921875,2873.39990234375
2019-04-04,3246.571044921875,2879.389892578125
2019-04-05,,2892.739990234375
2019-04-08,3244.81005859375,2895.77001953125
2019-04-09,3239.6640625,2878.199951171875
2019-04-10,3241.929931640625,2888.2099609375
2019-04-11,3189.9619140625,2888.320068359375
2019-04-12,3188.6259765625,2907.409912109375
2019-04-15,3177.787109375,2905.580078125
2019-04-16,3253.597900390625,2907.06005859375
2019-04-17,3263.117919921875,2900.449951171875
2019-04-18,3250.200927734375,2905.030029296875
2019-04-19,3270.797119140625,
2019-04-22,3215.04296875,2907.969970703125
2019-04-23,3198.593994140625,2933.679931640625
2019-04-24,3201.614013671875,2927.25
2019-04-25,3123.825927734375,2926.169921875
2019-04-26,3086.39892578125,2939.8798828125
2019-04-29,,2943.030029296875
2019-04-30,,2945.830078125
2019-05-01,,2923.72998046875
2019-05-02,,2917.52001953125
2019-05-03,,2945.639892578125
2019-05-06,2906.464111328125,2932.469970703125
2019-05-07,2926.39111328125,2884.050048828125
2019-05-08,2893.757080078125,2879.419921875
2019-05-09,2850.9541015625,2870.719970703125
2019-05-10,2939.2109375,2881.39990234375
2019-05-13,2903.712890625,2811.8701171875
2019-05-14,2883.611083984375,2834.409912109375
2019-05-15,2938.677978515625,2850.9599609375
2019-05-16,2955.7109375,2876.320068359375
2019-05-17,2882.2958984375,2859.530029296875
2019-05-20,2870.60498046875,2840.22998046875
2019-05-21,2905.968994140625,2864.360107421875
2019-05-22,2891.705078125,2856.27001953125
2019-05-23,2852.514892578125,2822.239990234375
2019-05-24,2852.9951171875,2826.06005859375
2019-05-27,2892.3779296875,
2019-05-28,2909.910888671875,2802.389892578125
2019-05-29,2914.696044921875,2783.02001953125
2019-05-30,2905.804931640625,2788.860107421875
2019-05-31,2898.696044921875,2752.06005859375
2019-06-03,2890.0810546875,2744.449951171875
2019-06-04,2862.280029296875,2803.27001953125
2019-06-05,2861.41796875,2826.14990234375
2019-06-06,2827.798095703125,2843.489990234375
2019-06-07,,2873.340087890625
2019-06-10,2852.1298828125,2886.72998046875
2019-06-11,2925.716064453125,2885.719970703125
2019-06-12,2909.3798828125,2879.840087890625
2019-06-13,2910.740966796875,2891.639892578125
2019-06-14,2881.97412109375,2886.97998046875
2019-06-17,2887.6220703125,2889.669921875
2019-06-18,2890.157958984375,2917.75
2019-06-19,2917.802978515625,2926.4599609375
2019-06-20,2987.118896484375,2954.179931640625
2019-06-21,3001.97998046875,2950.4599609375
2019-06-24,3008.14794921875,2945.35009765625
2019-06-25,2982.073974609375,2917.3798828125
2019-06-26,2976.283935546875,2913.780029296875
2019-06-27,2996.79296875,2924.919921875
2019-06-28,2978.8779296875,2941.760009765625
2019-07-01,3044.903076171875,2964.330078125
2019-07-02,3043.943115234375,2973.010009765625
2019-07-03,3015.262939453125,2995.820068359375
2019-07-04,3005.2490234375,
2019-07-05,3011.05908203125,2990.409912109375
2019-07-08,2933.363037109375,2975.949951171875
2019-07-09,2928.22998046875,2979.6298828125
2019-07-10,2915.302001953125,2993.070068359375
2019-07-11,2917.760986328125,2999.909912109375
2019-07-12,2930.550048828125,3013.77001953125
2019-07-15,2942.18994140625,3014.300048828125
2019-07-16,2937.6201171875,3004.0400390625
2019-07-17,2931.68994140625,2984.419921875
2019-07-18,2901.179931640625,2995.110107421875
2019-07-19,2924.199951171875,2976.610107421875
2019-07-22,2886.97412109375,2985.030029296875
2019-07-23,2899.93994140625,3005.469970703125
2019-07-24,2923.280029296875,3019.56005859375
2019-07-25,2937.360107421875,3003.669921875
2019-07-26,2944.5400390625,3025.860107421875
2019-07-29,2941.010009765625,3020.969970703125
2019-07-30,2952.340087890625,3013.179931640625
2019-07-31,2932.510009765625,2980.3798828125
2019-08-01,2908.77001953125,2953.56005859375
2019-08-02,2867.840087890625,2932.050048828125
2019-08-05,2821.5,2844.739990234375
2019-08-06,2777.555908203125,2881.77001953125
2019-08-07,2768.679931640625,2883.97998046875
2019-08-08,2794.552001953125,2938.090087890625
2019-08-09,2774.75,2918.64990234375
2019-08-12,2814.989990234375,2882.699951171875
2019-08-13,2797.260009765625,2926.320068359375
2019-08-14,2808.909912109375,2840.60009765625
2019-08-15,2815.800048828125,2847.60009765625
2019-08-16,2823.820068359375,2888.679931640625
2019-08-19,2883.10009765625,2923.64990234375
2019-08-20,2880.0,2900.510009765625
2019-08-21,2880.330078125,2924.429931640625
2019-08-22,2883.43994140625,2922.949951171875
2019-08-23,2897.429931640625,2847.110107421875
2019-08-26,2863.570068359375,2878.3798828125
2019-08-27,2902.18994140625,2869.159912109375
2019-08-28,2893.760009765625,2887.93994140625
2019-08-29,2890.919921875,2924.580078125
2019-08-30,2886.239990234375,2926.4599609375
2019-09-02,2924.10595703125,
2019-09-03,2930.14990234375,2906.27001953125
2019-09-04,2957.409912109375,2937.780029296875
2019-09-05,2985.860107421875,2976.0
2019-09-06,2999.60009765625,2978.7099609375
2019-09-09,3024.739990234375,2978.429931640625
2019-09-10,3021.199951171875,2979.389892578125
2019-09-11,3008.81005859375,3000.929931640625
2019-09-12,3031.239990234375,3009.570068359375
2019-09-13,,3007.389892578125
2019-09-16,3030.75,2997.9599609375
2019-09-17,2978.1201171875,3005.699951171875
2019-09-18,2985.659912109375,3006.72998046875
2019-09-19,2999.280029296875,3006.7900390625
2019-09-20,3006.449951171875,2992.070068359375
2019-09-23,2977.080078125,2991.780029296875
2019-09-24,2985.340087890625,2966.60009765625
2019-09-25,2955.429931640625,2984.8701171875
2019-09-26,2929.090087890625,2977.6201171875
2019-09-27,2932.169921875,2961.7900390625
2019-09-30,2905.18994140625,2976.739990234375
2019-10-01,,2940.25
2019-10-02,,2887.610107421875
2019-10-03,,2910.6298828125
2019-10-04,,2952.010009765625
2019-10-07,,2938.7900390625
2019-10-08,2913.570068359375,2893.06005859375
2019-10-09,2924.860107421875,2919.39990234375
2019-10-10,2947.7099609375,2938.1298828125
2019-10-11,2973.659912109375,2970.27001953125
2019-10-14,3007.8798828125,2966.14990234375
2019-10-15,2991.050048828125,2995.679931640625
2019-10-16,2978.7099609375,2989.68994140625
2019-10-17,2977.330078125,2997.949951171875
2019-10-18,2938.139892578125,2986.199951171875
2019-10-21,2939.6201171875,3006.719970703125
2019-10-22,2954.3798828125,2995.989990234375
2019-10-23,2941.6201171875,3004.52001953125
2019-10-24,2940.919921875,3010.2900390625
2019-10-25,2954.929931640625,3022.550048828125
2019-10-28,2980.050048828125,3039.419921875
2019-10-29,2954.179931640625,3036.889892578125
2019-10-30,2939.320068359375,3046.77001953125
2019-10-31,2929.06005859375,3037.56005859375
2019-11-01,2958.199951171875,3066.909912109375
2019-11-04,2975.489990234375,3078.27001953125
2019-11-05,2991.56005859375,3074.6201171875
2019-11-06,2978.60009765625,3076.780029296875
2019-11-07,2978.7099609375,3085.179931640625
2019-11-08,2964.179931640625,3093.080078125
2019-11-11,2909.969970703125,3087.010009765625
2019-11-12,2914.820068359375,3091.840087890625
2019-11-13,2905.239990234375,3094.0400390625
2019-11-14,2909.8701171875,3096.6298828125
2019-11-15,2891.340087890625,3120.4599609375
2019-11-18,2909.199951171875,3122.030029296875
2019-11-19,2933.989990234375,3120.179931640625
2019-11-20,2911.050048828125,3108.4599609375
2019-11-21,2903.639892578125,3103.5400390625
2019-11-22,2885.2900390625,3110.2900390625
2019-11-25,2906.169921875,3133.639892578125
2019-11-26,2907.06005859375,3140.52001953125
2019-11-27,2903.18994140625,3153.6298828125
2019-11-28,2889.693115234375,
2019-11-29,2871.97998046875,3140.97998046875
2019-12-02,2875.81005859375,3113.8701171875
2019-12-03,2884.699951171875,3093.199951171875
2019-12-04,2878.115966796875,3112.760009765625
2019-12-05,2899.468994140625,3117.429931640625
2019-12-06,2912.013916015625,3145.909912109375
2019-12-09,2914.47802734375,3135.9599609375
2019-12-10,2917.31591796875,3132.52001953125
2019-12-11,2924.4169921875,3141.6298828125
2019-12-12,2915.697998046875,3168.570068359375
2019-12-13,2967.676025390625,3168.800048828125
2019-12-16,2984.39306640625,3191.449951171875
2019-12-17,3022.422119140625,3192.52001953125
2019-12-18,3017.0439453125,3191.139892578125
2019-12-19,3017.06591796875,3205.3701171875
2019-12-20,3004.93798828125,3221.219970703125
2019-12-23,2962.7509765625,3224.010009765625
2019-12-24,2982.680908203125,3223.3798828125
2019-12-25,2981.881103515625,
2019-12-26,3007.35498046875,3239.909912109375
2019-12-27,3005.035888671875,3240.02001953125
2019-12-30,3040.02392578125,3221.2900390625
2019-12-31,3050.1240234375,3230.780029296875
2020-01-02,3085.197998046875,3257.85009765625
2020-01-03,3083.785888671875,3234.85009765625
2020-01-06,3083.407958984375,3246.280029296875
2020-01-07,3104.802001953125,3237.179931640625
2020-01-08,3066.89306640625,3253.050048828125
2020-01-09,3094.882080078125,3274.699951171875
2020-01-10,3092.291015625,3265.35009765625
2020-01-13,3115.570068359375,3288.1298828125
2020-01-14,3106.820068359375,3283.14990234375
2020-01-15,3090.0400390625,3289.2900390625
2020-01-16,3074.0810546875,3316.81005859375
2020-01-17,3075.49609375,3329.6201171875
2020-01-20,3095.787109375,
2020-01-21,3052.139892578125,3320.7900390625
2020-01-22,3060.7548828125,3321.75
2020-01-23,2976.528076171875,3325.5400390625
2020-01-24,,3295.469970703125
2020-01-27,,3243.6298828125
2020-01-28,,3276.239990234375
2020-01-29,,3273.39990234375
2020-01-30,,3283.659912109375
2020-01-31,,3225.52001953125
2020-02-03,2746.60595703125,3248.919921875
2020-02-04,2783.2880859375,3297.590087890625
2020-02-05,2818.087890625,3334.68994140625
2020-02-06,2866.510009765625,3345.780029296875
2020-02-07,2875.9599609375,3327.7099609375
2020-02-10,2890.488037109375,3352.090087890625
2020-02-11,2901.669921875,3357.75
2020-02-12,2926.89892578125,3379.449951171875
2020-02-13,2906.073974609375,3373.93994140625
2020-02-14,2917.008056640625,3380.159912109375
2020-02-17,2983.6220703125,
2020-02-18,2984.971923828125,3370.2900390625
2020-02-19,2975.402099609375,3386.14990234375
2020-02-20,3030.154052734375,3373.22998046875
2020-02-21,3039.6689453125,3337.75
2020-02-24,3031.23291015625,3225.889892578125
2020-02-25,3013.050048828125,3128.2099609375
2020-02-26,2987.928955078125,3116.389892578125
2020-02-27,2991.330078125,2978.760009765625
2020-02-28,2880.303955078125,2954.219970703125
2020-03-02,2970.930908203125,3090.22998046875
2020-03-03,2992.89697265625,3003.3701171875
2020-03-04,3011.666015625,3130.1201171875
2020-03-05,3071.677001953125,3023.93994140625
2020-03-06,3034.510986328125,2972.3701171875
2020-03-09,2943.291015625,2746.56005859375
2020-03-10,2996.761962890625,2882.22998046875
2020-03-11,2968.51708984375,2741.3798828125
2020-03-12,2923.486083984375,2480.639892578125
2020-03-13,2887.427001953125,2711.02001953125
2020-03-16,2789.25390625,2386.1298828125
2020-03-17,2779.64111328125,2529.18994140625
2020-03-18,2728.756103515625,2398.10009765625
2020-03-19,2702.1298828125,2409.389892578125
2020-03-20,2745.617919921875,2304.919921875
2020-03-23,2660.169921875,2237.39990234375
2020-03-24,2722.43798828125,2447.330078125
2020-03-25,2781.591064453125,2475.56005859375
2020-03-26,2764.910888671875,2630.070068359375
2020-03-27,2772.202880859375,2541.469970703125
2020-03-30,2747.214111328125,2626.64990234375
2020-03-31,2750.2958984375,2584.590087890625
2020-04-01,2734.52197265625,2470.5
2020-04-02,2780.637939453125,2526.89990234375
2020-04-03,2763.987060546875,2488.64990234375
2020-04-06,,2663.679931640625
2020-04-07,2820.762939453125,2659.409912109375
2020-04-08,2815.368896484375,2749.97998046875
2020-04-09,2825.904052734375,2789.820068359375
2020-04-10,2796.631103515625,
2020-04-13,2783.048095703125,2761.6298828125
2020-04-14,2827.282958984375,2846.06005859375
2020-04-15,2811.174072265625,2783.360107421875
2020-04-16,2819.93505859375,2799.550048828125
2020-04-17,2838.4951171875,2874.56005859375
2020-04-20,2852.552978515625,2823.159912109375
2020-04-21,2827.012939453125,2736.56005859375
2020-04-22,2843.97998046875,2799.31005859375
2020-04-23,2838.4990234375,2797.800048828125
2020-04-24,2808.529052734375,2836.739990234375
2020-04-27,2815.4951171875,2878.47998046875
2020-04-28,2810.02392578125,2863.389892578125
2020-04-29,2822.44189453125,2939.510009765625
2020-04-30,2860.08203125,2912.429931640625
2020-05-01,,2830.7099609375
2020-05-04,,2842.739990234375
2020-05-05,,2868.43994140625
2020-05-06,2878.139892578125,2848.419921875
2020-05-07,2871.52294921875,2881.18994140625
2020-05-08,2895.340087890625,2929.800048828125
2020-05-11,2894.800048828125,2930.18994140625
2020-05-12,2891.555908203125,2870.1201171875
2020-05-13,2898.050048828125,2820.0
2020-05-14,2870.342041015625,2852.5
2020-05-15,2868.458984375,2863.699951171875
2020-05-18,2875.41796875,2953.909912109375
2020-05-19,2898.575927734375,2922.93994140625
2020-05-20,2883.738037109375,2971.610107421875
2020-05-21,2867.924072265625,2948.510009765625
2020-05-22,2813.764892578125,2955.449951171875
2020-05-25,2817.969970703125,
2020-05-26,2846.547119140625,2991.77001953125
2020-05-27,2836.803955078125,3036.1298828125
2020-05-28,2846.221923828125,3029.72998046875
2020-05-29,2852.35107421875,3044.31005859375
2020-06-01,2915.430908203125,3055.72998046875
2020-06-02,2921.39794921875,3080.820068359375
2020-06-03,2923.37109375,3122.8701171875
2020-06-04,2919.2509765625,3112.35009765625
2020-06-05,2930.799072265625,3193.929931640625
2020-06-08,2937.77099609375,3232.389892578125
2020-06-09,2956.112060546875,3207.179931640625
2020-06-10,2943.7529296875,3190.139892578125
2020-06-11,2920.89697265625,3002.10009765625
2020-06-12,2919.740966796875,3041.31005859375
2020-06-15,2890.030029296875,3066.590087890625
2020-06-16,2931.75,3124.739990234375
2020-06-17,2935.8701171875,3113.489990234375
2020-06-18,2939.320068359375,3115.340087890625
2020-06-19,2967.6298828125,3097.739990234375
2020-06-22,2965.27197265625,3117.860107421875
2020-06-23,2970.6201171875,3131.2900390625
2020-06-24,2979.551025390625,3050.330078125
2020-06-25,,3083.760009765625
2020-06-26,,3009.050048828125
2020-06-29,2961.51611328125,3053.239990234375
2020-06-30,2984.674072265625,3100.2900390625
2020-07-01,3025.98095703125,3115.860107421875
2020-07-02,3090.569091796875,3130.010009765625
2020-07-03,3152.81298828125,
2020-07-06,3332.881103515625,3179.719970703125
2020-07-07,3345.3369140625,3145.320068359375
2020-07-08,3403.43994140625,3169.93994140625
2020-07-09,3450.593994140625,3152.050048828125
2020-07-10,3383.322021484375,3185.0400390625
2020-07-13,3443.285888671875,3155.219970703125
2020-07-14,3414.618896484375,3197.52001953125
2020-07-15,3361.303955078125,3226.56005859375
2020-07-16,3210.09912109375,3215.570068359375
2020-07-17,3214.12890625,3224.72998046875
2020-07-20,3314.14892578125,3251.840087890625
2020-07-21,3320.89501953125,3257.300048828125
2020-07-22,3333.1640625,3276.02001953125
2020-07-23,3325.110107421875,3235.659912109375
2020-07-24,3196.76806640625,3215.6298828125
2020-07-27,3205.22705078125,3239.409912109375
2020-07-28,3227.9599609375,3218.43994140625
2020-07-29,3294.552001953125,3258.43994140625
2020-07-30,3286.822021484375,3246.219970703125
2020-07-31,3310.007080078125,3271.1201171875
2020-08-03,3367.966064453125,3294.610107421875
2020-08-04,3371.68994140625,3306.510009765625
2020-08-05,3377.56005859375,3327.77001953125
2020-08-06,3386.4599609375,3349.159912109375
2020-08-07,3354.034912109375,3351.280029296875
2020-08-10,3379.251953125,3360.469970703125
2020-08-11,3340.2900390625,3333.68994140625
2020-08-12,3319.26611328125,3380.35009765625
2020-08-13,3320.72607421875,3373.429931640625
2020-08-14,3360.09912109375,3372.85009765625
2020-08-17,3438.801025390625,3381.989990234375
2020-08-18,3451.089111328125,3389.780029296875
2020-08-19,3408.12890625,3374.85009765625
2020-08-20,3363.89892578125,3385.510009765625
2020-08-21,3380.68310546875,3397.159912109375
2020-08-24,3385.637939453125,3431.280029296875
2020-08-25,3373.577880859375,3443.6201171875
2020-08-26,3329.739013671875,3478.72998046875
2020-08-27,3350.110107421875,3484.550048828125
2020-08-28,3403.806884765625,3508.010009765625
2020-08-31,3395.677978515625,3500.31005859375
2020-09-01,3410.60693359375,3526.64990234375
2020-09-02,3404.802001953125,3580.840087890625
2020-09-03,3384.98095703125,3455.06005859375
2020-09-04,3355.366943359375,3426.9599609375
2020-09-07,3292.591064453125,
2020-09-08,3316.4169921875,3331.840087890625
2020-09-09,3254.6279296875,3398.9599609375
2020-09-10,3234.822998046875,3339.18994140625
2020-09-11,3260.345947265625,3340.969970703125
2020-09-14,3278.81396484375,3383.5400390625
2020-09-15,3295.679931640625,3401.199951171875
2020-09-16,3283.924072265625,3385.489990234375
2020-09-17,3270.43505859375,3357.010009765625
2020-09-18,3338.090087890625,3319.469970703125
2020-09-21,3316.93505859375,3281.06005859375
2020-09-22,3274.302001953125,3315.570068359375
2020-09-23,3279.7109375,3236.919921875
2020-09-24,3223.176025390625,3246.590087890625
2020-09-25,3219.41796875,3298.4599609375
2020-09-28,3217.534912109375,3351.60009765625
2020-09-29,3224.35888671875,3335.469970703125
2020-09-30,3218.052001953125,3363.0
2020-10-01,,3380.800048828125
2020-10-02,,3348.419921875
2020-10-05,,3408.60009765625
2020-10-06,,3360.969970703125
2020-10-07,,3419.43994140625
2020-10-08,,3446.830078125
2020-10-09,3272.075927734375,3477.139892578125
2020-10-12,3358.465087890625,3534.219970703125
2020-10-13,3359.75,3511.929931640625
2020-10-14,3340.778076171875,3488.669921875
2020-10-15,3332.18310546875,3483.340087890625
2020-10-16,3336.35791015625,3483.81005859375
2020-10-19,3312.669921875,3426.919921875
2020-10-20,3328.10009765625,3443.1201171875
2020-10-21,3325.02001953125,3435.56005859375
2020-10-22,3312.5,3453.489990234375
2020-10-23,3277.9970703125,3465.389892578125
2020-10-26,3251.118896484375,3400.969970703125
2020-10-27,3254.31591796875,3390.679931640625
2020-10-28,3269.239990234375,3271.030029296875
2020-10-29,3272.72998046875,3310.110107421875
2020-10-30,3224.532958984375,3269.9599609375
2020-11-02,3225.1201171875,3310.239990234375
2020-11-03,3271.073974609375,3369.159912109375
2020-11-04,3277.43994140625,3443.43994140625
2020-11-05,3320.133056640625,3510.449951171875
2020-11-06,3312.158935546875,3509.43994140625
2020-11-09,3373.72998046875,3550.5
2020-11-10,3360.14892578125,3545.530029296875
2020-11-11,3342.202880859375,3572.659912109375
2020-11-12,3338.679931640625,3537.010009765625
2020-11-13,3310.10498046875,3585.14990234375
2020-11-16,3346.968994140625,3626.909912109375
2020-11-17,3339.89990234375,3609.530029296875
2020-11-18,3347.302978515625,3567.7900390625
2020-11-19,3363.087890625,3581.8701171875
2020-11-20,3377.72998046875,3557.5400390625
2020-11-23,3414.489990234375,3577.590087890625
2020-11-24,3402.822998046875,3635.409912109375
2020-11-25,3362.326904296875,3629.64990234375
2020-11-26,3369.73291015625,
2020-11-27,3408.306884765625,3638.35009765625
2020-11-30,3391.760009765625,3621.6298828125
2020-12-01,3451.93994140625,3662.449951171875
2020-12-02,3449.381103515625,3669.010009765625
2020-12-03,3442.135986328125,3666.719970703125
2020-12-04,3444.5810546875,3699.1201171875
2020-12-07,3416.60400390625,3691.9599609375
2020-12-08,3410.179931640625,3702.25
2020-12-09,3371.964111328125,3672.820068359375
2020-12-10,3373.27587890625,3668.10009765625
2020-12-11,3347.19091796875,3663.4599609375
2020-12-14,3369.1201171875,3647.489990234375
2020-12-15,3367.22998046875,3694.6201171875
2020-12-16,3366.98291015625,3701.169921875
2020-12-17,3404.873046875,3722.47998046875
2020-12-18,3394.89990234375,3709.409912109375
2020-12-21,3420.569091796875,3694.919921875
2020-12-22,3356.781982421875,3687.260009765625
2020-12-23,3382.320068359375,3690.010009765625
2020-12-24,3363.113037109375,3703.06005859375
2020-12-25,3396.56298828125,
2020-12-28,3397.284912109375,3735.360107421875
2020-12-29,3379.035888671875,3727.0400390625
2020-12-30,3414.452880859375,3732.0400390625
2020-12-31,3473.069091796875,3756.070068359375
2021-01-04,3502.9580078125,3700.64990234375
2021-01-05,3528.677001953125,3726.860107421875
2021-01-06,3550.876953125,3748.139892578125
2021-01-07,3576.205078125,3803.7900390625
2021-01-08,3570.110107421875,3824.679931640625
2021-01-11,3531.498046875,3799.610107421875
2021-01-12,3608.340087890625,3801.18994140625
2021-01-13,3598.652099609375,3809.840087890625
2021-01-14,3565.905029296875,3795.5400390625
2021-01-15,3566.3779296875,3768.25
2021-01-18,3596.219970703125,
2021-01-19,3566.3798828125,3798.909912109375
2021-01-20,3583.092041015625,3851.85009765625
2021-01-21,3621.263916015625,3853.070068359375
2021-01-22,3606.75,3841.469970703125
2021-01-25,3624.238037109375,3855.360107421875
2021-01-26,3569.428955078125,3849.6201171875
2021-01-27,3573.340087890625,3750.77001953125
2021-01-28,3505.176025390625,3787.3798828125
2021-01-29,3483.069091796875,3714.239990234375
2021-02-01,3505.283935546875,3773.860107421875
2021-02-02,3533.68505859375,3826.31005859375
2021-02-03,3517.30810546875,3830.169921875
2021-02-04,3501.85888671875,3871.739990234375
2021-02-05,3496.330078125,3886.830078125
2021-02-08,3532.447021484375,3915.590087890625
2021-02-09,3603.489013671875,3911.22998046875
2021-02-10,3655.087890625,3909.8798828125
2021-02-11,,3916.3798828125
2021-02-12,,3934.830078125
2021-02-16,,3932.590087890625
2021-02-17,,3931.330078125
2021-02-18,3675.35693359375,3913.969970703125
2021-02-19,3696.16796875,3906.7099609375
2021-02-22,3642.43994140625,3876.5
2021-02-23,3636.360107421875,3881.3701171875
2021-02-24,3564.080078125,3925.429931640625
2021-02-25,3585.050048828125,3829.340087890625
2021-02-26,3509.080078125,3811.14990234375
2021-03-01,3551.39990234375,3901.820068359375
2021-03-02,3508.591064453125,3870.2900390625
2021-03-03,3576.89990234375,3819.719970703125
2021-03-04,3503.489990234375,3768.469970703125
2021-03-05,3501.987060546875,3841.93994140625
2021-03-08,3421.409912109375,3821.35009765625
2021-03-09,3359.2900390625,3875.43994140625
2021-03-10,3357.739990234375,3898.81005859375
2021-03-11,3436.830078125,3939.340087890625
2021-03-12,3453.080078125,3943.340087890625
2021-03-15,3419.949951171875,3968.93994140625
2021-03-16,3446.73291015625,3962.7099609375
2021-03-17,3445.551025390625,3974.1201171875
2021-03-18,3463.068115234375,3915.4599609375
2021-03-19,3404.659912109375,3913.10009765625
2021-03-22,3443.43994140625,3940.590087890625
2021-03-23,3411.510009765625,3910.52001953125
2021-03-24,3367.06005859375,3889.139892578125
2021-03-25,3363.590087890625,3909.52001953125
2021-03-26,3418.326904296875,3974.5400390625
2021-03-29,3435.300048828125,3971.090087890625
2021-03-30,3456.679931640625,3958.550048828125
2021-03-31,3441.909912109375,3972.889892578125
2021-04-01,3466.330078125,4019.8701171875
2021-04-02,3484.39208984375,
2021-04-05,,4077.909912109375
2021-04-06,3482.969970703125,4073.93994140625
2021-04-07,3479.6298828125,4079.949951171875
2021-04-08,3482.550048828125,4097.169921875
2021-04-09,3450.679931640625,4128.7998046875
2021-04-12,3412.949951171875,4127.990234375
2021-04-13,3396.469970703125,4141.58984375
2021-04-14,3416.719970703125,4124.66015625
2021-04-15,3398.989990234375,4170.419921875
2021-04-16,3426.6201171875,4185.47021484375
2021-04-19,3477.550048828125,4163.259765625
2021-04-20,3472.93994140625,4134.93994140625
2021-04-21,3472.929931640625,4173.419921875
2021-04-22,3465.110107421875,4134.97998046875
2021-04-23,3474.169921875,4180.169921875
2021-04-26,3441.169921875,4187.6201171875
2021-04-27,3442.610107421875,4186.72021484375
2021-04-28,3457.070068359375,4183.18017578125
2021-04-29,3474.89990234375,4211.47021484375
2021-04-30,3446.860107421875,4181.169921875
2021-05-03,,4192.66015625
2021-05-04,,4164.66015625
2021-05-05,,4167.58984375
2021-05-06,3441.280029296875,4201.6201171875
2021-05-07,3418.8701171875,4232.60009765625
2021-05-10,3427.989990234375,4188.43017578125
2021-05-11,3441.85009765625,4152.10009765625
2021-05-12,3462.75,4063.0400390625
2021-05-13,3429.5400390625,4112.5
2021-05-14,3490.3798828125,4173.85009765625
2021-05-17,3517.6201171875,4163.2900390625
2021-05-18,3529.010009765625,4127.830078125
2021-05-19,3510.9599609375,4115.68017578125
2021-05-20,3506.93994140625,4159.1201171875
2021-05-21,3486.56005859375,4155.85986328125
2021-05-24,3497.280029296875,4197.0498046875
2021-05-25,3581.340087890625,4188.1298828125
2021-05-26,3593.360107421875,4195.990234375
2021-05-27,3608.85009765625,4200.8798828125
2021-05-28,3600.780029296875,4204.10986328125
2021-05-31,3615.47998046875,
2021-06-01,3624.7099609375,4202.0400390625
2021-06-02,3597.139892578125,4208.1201171875
2021-06-03,3584.2099609375,4192.85009765625
2021-06-04,3591.840087890625,4229.89013671875
2021-06-07,3599.5400390625,4226.52001953125
2021-06-08,3580.110107421875,4227.259765625
2021-06-09,3591.39990234375,4219.5498046875
2021-06-10,3610.860107421875,4239.18017578125
2021-06-11,3589.75,4247.43994140625
2021-06-14,,4255.14990234375
2021-06-15,3556.56005859375,4246.58984375
2021-06-16,3518.330078125,4223.7001953125
2021-06-17,3525.60009765625,4221.85986328125
2021-06-18,3525.10009765625,4166.4501953125
2021-06-21,3529.179931640625,4224.7900390625
2021-06-22,3557.409912109375,4246.43994140625
2021-06-23,3566.219970703125,4241.83984375
2021-06-24,3566.64990234375,4266.490234375
2021-06-25,3607.56005859375,4280.7001953125
2021-06-28,3606.3701171875,4290.60986328125
2021-06-29,3573.179931640625,4291.7998046875
2021-06-30,3591.199951171875,4297.5
2021-07-01,3588.780029296875,4319.93994140625
2021-07-02,3518.760009765625,4352.33984375
2021-07-05,3534.320068359375,
2021-07-06,3530.260009765625,4343.5400390625
2021-07-07,3553.719970703125,4358.1298828125
2021-07-08,3525.5,4320.81982421875
2021-07-09,3524.090087890625,4369.5498046875
2021-07-12,3547.840087890625,4384.6298828125
2021-07-13,3566.52001953125,4369.2099609375
2021-07-14,3528.5,4374.2998046875
2021-07-15,3564.590087890625,4360.02978515625
2021-07-16,3539.300048828125,4327.16015625
2021-07-19,3539.1201171875,4258.490234375
2021-07-20,3536.7900390625,4323.06005859375
2021-07-21,3562.660888671875,4358.68994140625
2021-07-22,3574.73388671875,4367.47998046875
2021-07-23,3550.39990234375,4411.7900390625
2021-07-26,3467.43994140625,4422.2998046875
2021-07-27,3381.179931640625,4401.4599609375
2021-07-28,3361.590087890625,4400.64013671875
2021-07-29,3411.719970703125,4419.14990234375
2021-07-30,3397.360107421875,4395.259765625
2021-08-02,3464.2900390625,4387.16015625
2021-08-03,3447.989990234375,4423.14990234375
2021-08-04,3477.219970703125,4402.66015625
2021-08-05,3466.550048828125,4429.10009765625
2021-08-06,3458.22998046875,4436.52001953125
2021-08-09,3494.6298828125,4432.35009765625
2021-08-10,3529.929931640625,4436.75
2021-08-11,3532.6201171875,4442.41015625
2021-08-12,3524.739990234375,4460.830078125
2021-08-13,3516.300048828125,4468.0
2021-08-16,3517.340087890625,4479.7099609375
2021-08-17,3446.97607421875,4448.080078125
2021-08-18,3485.285888671875,4400.27001953125
2021-08-19,3465.554931640625,4405.7998046875
2021-08-20,3427.333984375,4441.669921875
2021-08-23,3477.1298828125,4479.52978515625
2021-08-24,3514.470947265625,4486.22998046875
2021-08-25,3540.3798828125,4496.18994140625
2021-08-26,3501.6640625,4470.0
2021-08-27,3522.156982421875,4509.3701171875
2021-08-30,3528.15087890625,4528.7900390625
2021-08-31,3543.93994140625,4522.68017578125
2021-09-01,3567.10009765625,4524.08984375
2021-09-02,3597.0400390625,4536.9501953125
2021-09-03,3581.72998046875,4535.43017578125
2021-09-06,3621.860107421875,
2021-09-07,3676.590087890625,4520.02978515625
2021-09-08,3675.18994140625,4514.06982421875
2021-09-09,3693.1298828125,4493.27978515625
2021-09-10,3703.110107421875,4458.580078125
2021-09-13,3715.3701171875,4468.72998046875
2021-09-14,3662.60009765625,4443.0498046875
2021-09-15,3656.219970703125,4480.7001953125
2021-09-16,3607.090087890625,4473.75
2021-09-17,3613.969970703125,4432.990234375
2021-09-20,,4357.72998046875
2021-09-21,,4354.18994140625
2021-09-22,3628.489990234375,4395.64013671875
2021-09-23,3642.219970703125,4448.97998046875
2021-09-24,3613.070068359375,4455.47998046875
2021-09-27,3582.830078125,4443.10986328125
2021-09-28,3602.219970703125,4352.6298828125
2021-09-29,3536.2900390625,4359.4599609375
2021-09-30,3568.169921875,4307.5400390625
2021-10-01,,4357.0400390625
2021-10-04,,4300.4599609375
2021-10-05,,4345.72021484375
2021-10-06,,4363.5498046875
2021-10-07,,4399.759765625
2021-10-08,3592.169921875,4391.33984375
2021-10-11,3591.7099609375,4361.18994140625
2021-10-12,3546.93994140625,4350.64990234375
2021-10-13,3561.760009765625,4363.7998046875
2021-10-14,3558.280029296875,4438.259765625
2021-10-15,3572.3701171875,4471.3701171875
2021-10-18,3568.139892578125,4486.4599609375
2021-10-19,3593.14990234375,4519.6298828125
2021-10-20,3587.0,4536.18994140625
2021-10-21,3594.780029296875,4549.77978515625
2021-10-22,3582.60009765625,4544.89990234375
2021-10-25,3609.860107421875,4566.47998046875
2021-10-26,3597.639892578125,4574.7900390625
2021-10-27,3562.31005859375,4551.68017578125
2021-10-28,3518.419921875,4596.419921875
2021-10-29,3547.340087890625,4605.3798828125
2021-11-01,3544.47998046875,4613.669921875
2021-11-02,3505.6298828125,4630.64990234375
2021-11-03,3498.5400390625,4660.56982421875
2021-11-04,3526.8701171875,4680.06005859375
2021-11-05,3491.570068359375,4697.52978515625
2021-11-08,3498.6298828125,4701.7001953125
2021-11-09,3507.0,4685.25
2021-11-10,3492.4599609375,4646.7099609375
2021-11-11,3532.7900390625,4649.27001953125
2021-11-12,3539.10009765625,4682.85009765625
2021-11-15,3533.300048828125,4682.7998046875
2021-11-16,3521.7900390625,4700.89990234375
2021-11-17,3537.3701171875,4688.669921875
2021-11-18,3520.7099609375,4704.5400390625
2021-11-19,3560.3701171875,4697.9599609375
2021-11-22,3582.080078125,4682.93994140625
2021-11-23,3589.089111328125,4690.7001953125
2021-11-24,3592.702880859375,4701.4599609375
2021-11-25,3584.179931640625,
2021-11-26,3564.090087890625,4594.6201171875
2021-11-29,3562.699951171875,4655.27001953125
2021-11-30,3563.889892578125,4567.0
2021-12-01,3576.889892578125,4513.0400390625
2021-12-02,3573.840087890625,4577.10009765625
2021-12-03,3607.429931640625,4538.43017578125
2021-12-06,3589.31005859375,4591.669921875
2021-12-07,3595.090087890625,4686.75
2021-12-08,3637.570068359375,4701.2099609375
2021-12-09,3673.0400390625,4667.4501953125
2021-12-10,3666.35009765625,4712.02001953125
2021-12-13,3681.080078125,4668.97021484375
2021-12-14,3661.530029296875,4634.08984375
2021-12-15,3647.6298828125,4709.85009765625
2021-12-16,3675.02001953125,4668.669921875
2021-12-17,3632.360107421875,4620.64013671875
2021-12-20,3593.60009765625,4568.02001953125
2021-12-21,3625.1298828125,4649.22998046875
2021-12-22,3622.6201171875,4696.56005859375
2021-12-23,3643.340087890625,4725.7900390625
2021-12-24,3618.053955078125,
2021-12-27,3615.969970703125,4791.18994140625
2021-12-28,3630.112060546875,4786.35009765625
2021-12-29,3597.0,4793.06005859375
2021-12-30,3619.18994140625,4778.72998046875
2021-12-31,3639.780029296875,4766.18017578125
2022-01-03,,4796.56005859375
2022-01-04,3632.330078125,4793.5400390625
2022-01-05,3595.179931640625,4700.580078125
2022-01-06,3586.080078125,4696.0498046875
2022-01-07,3579.5400390625,4677.02978515625
2022-01-10,3593.52001953125,4670.2900390625
2022-01-11,3567.43994140625,4713.06982421875
2022-01-12,3597.429931640625,4726.35009765625
2022-01-13,3555.260009765625,4659.02978515625
2022-01-14,3521.260009765625,4662.85009765625
2022-01-17,3541.669921875,
2022-01-18,3569.909912109375,4577.10986328125
2022-01-19,3558.179931640625,4532.759765625
2022-01-20,3555.06005859375,4482.72998046875
2022-01-21,3522.570068359375,4397.93994140625
2022-01-24,3524.110107421875,4410.1298828125
2022-01-25,3433.06005859375,4356.4501953125
2022-01-26,3455.669921875,4349.93017578125
2022-01-27,3394.25,4326.509765625
2022-01-28,3361.43994140625,4431.85009765625
2022-01-31,,4515.5498046875
2022-02-01,,4546.5400390625
2022-02-02,,4589.3798828125
2022-02-03,,4477.43994140625
2022-02-04,,4500.52978515625
2022-02-07,3429.580078125,4483.8701171875
2022-02-08,3452.6298828125,4521.5400390625
2022-02-09,3479.949951171875,4587.18017578125
2022-02-10,3485.909912109375,4504.080078125
2022-02-11,3462.949951171875,4418.64013671875
2022-02-14,3428.8798828125,4401.669921875
2022-02-15,3446.090087890625,4471.06982421875
2022-02-16,3465.830078125,4475.009765625
2022-02-17,3468.0400390625,4380.259765625
2022-02-18,3490.760009765625,4348.8701171875
2022-02-21,3490.610107421875,
2022-02-22,3457.14990234375,4304.759765625
2022-02-23,3489.14990234375,4225.5
2022-02-24,3429.9599609375,4288.7001953125
2022-02-25,3451.409912109375,4384.64990234375
2022-02-28,3462.31005859375,4373.93994140625
2022-03-01,3488.830078125,4306.259765625
2022-03-02,3484.18994140625,4386.5400390625
2022-03-03,3481.110107421875,4363.490234375
2022-03-04,3447.64990234375,4328.8701171875
2022-03-07,3372.860107421875,4201.08984375
2022-03-08,3293.530029296875,4170.7001953125
2022-03-09,3256.389892578125,4277.8798828125
2022-03-10,3296.090087890625,4259.52001953125
2022-03-11,3309.75,4204.31005859375
2022-03-14,3223.530029296875,4173.10986328125
2022-03-15,3063.969970703125,4262.4501953125
2022-03-16,3170.7099609375,4357.85986328125
2022-03-17,3215.0400390625,4411.669921875
2022-03-18,3251.070068359375,4463.1201171875
2022-03-21,3253.68994140625,4461.18017578125
2022-03-22,3259.860107421875,4511.60986328125
2022-03-23,3271.030029296875,4456.240234375
2022-03-24,3250.260009765625,4520.16015625
2022-03-25,3212.239990234375,4543.06005859375
2022-03-28,3214.5,4575.52001953125
2022-03-29,3203.93994140625,4631.60009765625
2022-03-30,3266.60009765625,4602.4501953125
2022-03-31,3252.199951171875,4530.41015625
2022-04-01,3282.719970703125,4545.85986328125
2022-04-04,,4582.64013671875
2022-04-05,,4525.1201171875
2022-04-06,3283.429931640625,4481.14990234375
2022-04-07,3236.699951171875,4500.2099609375
2022-04-08,3251.85009765625,4488.27978515625
2022-04-11,3167.1298828125,4412.52978515625
2022-04-12,3213.330078125,4397.4501953125
2022-04-13,3186.820068359375,4446.58984375
2022-04-14,3225.639892578125,4392.58984375
2022-04-15,3211.2451171875,
2022-04-18,3195.52001953125,4391.68994140625
2022-04-19,3194.030029296875,4462.2099609375
2022-04-20,3151.050048828125,4459.4501953125
2022-04-21,3079.81005859375,4393.66015625
2022-04-22,3086.919921875,4271.77978515625
2022-04-25,2928.510009765625,4296.1201171875
2022-04-26,2886.429931640625,4175.2001953125
2022-04-27,2958.280029296875,4183.9599609375
2022-04-28,2975.47998046875,4287.5
2022-04-29,3047.06005859375,4131.93017578125
2022-05-02,,4155.3798828125
2022-05-03,,4175.47998046875
2022-05-04,,4300.169921875
2022-05-05,3067.760009765625,4146.8701171875
2022-05-06,3001.56005859375,4123.33984375
2022-05-09,3004.139892578125,3991.239990234375
2022-05-10,3035.840087890625,4001.050048828125
2022-05-11,3058.699951171875,3935.179931640625
2022-05-12,3054.989990234375,3930.080078125
2022-05-13,3084.280029296875,4023.889892578125
2022-05-16,3073.75,4008.010009765625
2022-05-17,3093.699951171875,4088.85009765625
2022-05-18,3085.97998046875,3923.679931640625
2022-05-19,3096.9599609375,3900.7900390625
2022-05-20,3146.570068359375,3901.360107421875
2022-05-23,3146.860107421875,3973.75
2022-05-24,3070.929931640625,3941.47998046875
2022-05-25,3107.4599609375,3978.72998046875
2022-05-26,3123.110107421875,4057.840087890625
2022-05-27,3130.239990234375,4158.240234375
2022-05-30,3149.06005859375,
2022-05-31,3186.429931640625,4132.14990234375
2022-06-01,3182.159912109375,4101.22998046875
2022-06-02,3195.4599609375,4176.81982421875
2022-06-03,,4108.5400390625
2022-06-06,3236.3701171875,4121.43017578125
2022-06-07,3241.760009765625,4160.68017578125
2022-06-08,3263.7900390625,4115.77001953125
2022-06-09,3238.949951171875,4017.820068359375
2022-06-10,3284.830078125,3900.860107421875
2022-06-13,3255.550048828125,3749.6298828125
2022-06-14,3288.909912109375,3735.47998046875
2022-06-15,3305.409912109375,3789.989990234375
2022-06-16,3285.3798828125,3666.77001953125
2022-06-17,3316.7900390625,3674.840087890625
2022-06-20,3315.429931640625,
2022-06-21,3306.719970703125,3764.7900390625
2022-06-22,3267.199951171875,3759.889892578125
2022-06-23,3320.14990234375,3795.72998046875
2022-06-24,3349.75,3911.739990234375
2022-06-27,3379.18994140625,3900.110107421875
2022-06-28,3409.2099609375,3821.550048828125
2022-06-29,3361.52001953125,3818.830078125
2022-06-30,3398.6201171875,3785.3798828125
2022-07-01,3387.639892578125,3825.330078125
2022-07-04,3405.429931640625,
2022-07-05,3404.030029296875,3831.389892578125
2022-07-06,3355.35009765625,3845.080078125
2022-07-07,3364.39990234375,3902.6201171875
2022-07-08,3356.080078125,3899.3798828125
2022-07-11,3313.580078125,3854.429931640625
2022-07-12,3281.469970703125,3818.800048828125
2022-07-13,3284.2900390625,3801.780029296875
2022-07-14,3281.739990234375,3790.3798828125
2022-07-15,3228.06005859375,3863.159912109375
2022-07-18,3278.10009765625,3830.85009765625
2022-07-19,3279.429931640625,3936.68994140625
2022-07-20,3304.719970703125,3959.89990234375
2022-07-21,3272.0,3998.949951171875
2022-07-22,3269.969970703125,3961.6298828125
2022-07-25,3250.389892578125,3966.840087890625
2022-07-26,3277.43994140625,3921.050048828125
2022-07-27,3275.760009765625,4023.610107421875
2022-07-28,3282.580078125,4072.429931640625
2022-07-29,3253.239990234375,4130.2900390625
2022-08-01,3259.9599609375,4118.6298828125
2022-08-02,3186.27001953125,4091.18994140625
2022-08-03,3163.669921875,4155.169921875
2022-08-04,3189.0400390625,4151.93994140625
2022-08-05,3227.030029296875,4145.18994140625
2022-08-08,3236.929931640625,4140.06005859375
2022-08-09,3247.429931640625,4122.47021484375
2022-08-10,3230.02001953125,4210.240234375
2022-08-11,3281.669921875,4207.27001953125
2022-08-12,3276.889892578125,4280.14990234375
2022-08-15,3276.090087890625,4297.14013671875
2022-08-16,3277.8798828125,4305.2001953125
2022-08-17,3292.530029296875,4274.0400390625
2022-08-18,3277.5400390625,4283.740234375
2022-08-19,3258.080078125,4228.47998046875
2022-08-22,3277.7900390625,4137.990234375
2022-08-23,3276.219970703125,4128.72998046875
2022-08-24,3215.199951171875,4140.77001953125
2022-08-25,3246.25,4199.1201171875
2022-08-26,3236.219970703125,4057.659912109375
2022-08-29,3240.72998046875,4030.610107421875
2022-08-30,3227.219970703125,3986.159912109375
2022-08-31,3202.139892578125,3955.0
2022-09-01,3184.97998046875,3966.85009765625
2022-09-02,3186.47998046875,3924.260009765625
2022-09-05,3199.912109375,
2022-09-06,3243.449951171875,3908.18994140625
2022-09-07,3246.2900390625,3979.8701171875
2022-09-08,3235.590087890625,4006.179931640625
2022-09-09,3262.050048828125,4067.360107421875
2022-09-12,,4110.41015625
2022-09-13,3263.800048828125,3932.68994140625
2022-09-14,3237.5400390625,3946.010009765625
2022-09-15,3199.919921875,3901.35009765625
2022-09-16,3126.39990234375,3873.330078125
2022-09-19,3115.60009765625,3899.889892578125
2022-09-20,3122.409912109375,3855.929931640625
2022-09-21,3117.179931640625,3789.929931640625
2022-09-22,3108.909912109375,3757.989990234375
2022-09-23,3088.3701171875,3693.22998046875
2022-09-26,3051.22998046875,3655.0400390625
2022-09-27,3093.860107421875,3647.2900390625
2022-09-28,3045.070068359375,3719.0400390625
2022-09-29,3041.199951171875,3640.469970703125
2022-09-30,3024.389892578125,3585.6201171875
2022-10-03,,3678.429931640625
2022-10-04,,3790.929931640625
2022-10-05,,3783.280029296875
2022-10-06,,3744.52001953125
2022-10-07,,3639.659912109375
2022-10-10,2974.14990234375,3612.389892578125
2022-10-11,2979.7900390625,3588.840087890625
2022-10-12,3025.510009765625,3577.030029296875
2022-10-13,3016.360107421875,3669.909912109375
2022-10-14,3071.989990234375,3583.070068359375
2022-10-17,3084.93994140625,3677.949951171875
2022-10-18,3080.9599609375,3719.97998046875
2022-10-19,3044.3798828125,3695.159912109375
2022-10-20,3035.050048828125,3665.780029296875
2022-10-21,3038.929931640625,3752.75
2022-10-24,2977.56005859375,3797.340087890625
2022-10-25,2976.280029296875,3859.110107421875
2022-10-26,2999.5,3830.60009765625
2022-10-27,2982.89990234375,3807.300048828125
2022-10-28,2915.929931640625,3901.06005859375
2022-10-31,2893.47998046875,3871.97998046875
2022-11-01,2969.199951171875,3856.10009765625
2022-11-02,3003.3701171875,3759.68994140625
2022-11-03,2997.81005859375,3719.889892578125
2022-11-04,3070.800048828125,3770.550048828125
2022-11-07,3077.820068359375,3806.800048828125
2022-11-08,3064.489990234375,3828.110107421875
2022-11-09,3048.169921875,3748.570068359375
2022-11-10,3036.1298828125,3956.3701171875
2022-11-11,3087.2900390625,3992.929931640625
2022-11-14,3083.39990234375,3957.25
2022-11-15,3134.080078125,3991.72998046875
2022-11-16,3119.97998046875,3958.7900390625
2022-11-17,3115.429931640625,3946.56005859375
2022-11-18,3097.239990234375,3965.340087890625
2022-11-21,3085.0439453125,3949.93994140625
2022-11-22,3088.943115234375,4003.580078125
2022-11-23,3096.906982421875,4027.260009765625
2022-11-24,3089.31005859375,
2022-11-25,3101.68994140625,4026.1201171875
2022-11-28,3078.550048828125,3963.93994140625
2022-11-29,3149.75,3957.6298828125
2022-11-30,3151.340087890625,4080.110107421875
2022-12-01,3165.469970703125,4076.570068359375
2022-12-02,3156.139892578125,4071.699951171875
2022-12-05,3211.81005859375,3998.840087890625
2022-12-06,3212.530029296875,3941.260009765625
2022-12-07,3199.6201171875,3933.919921875
2022-12-08,3197.35009765625,3963.510009765625
2022-12-09,3206.949951171875,3934.3798828125
2022-12-12,3179.0400390625,3990.56005859375
2022-12-13,3176.330078125,4019.64990234375
2022-12-14,3176.530029296875,3995.320068359375
2022-12-15,3168.64990234375,3895.75
2022-12-16,3167.85791015625,3852.360107421875
2022-12-19,3107.1201171875,3817.659912109375
2022-12-20,3073.77001953125,3821.6201171875
2022-12-21,3068.409912109375,3878.43994140625
2022-12-22,3054.429931640625,3822.389892578125
2022-12-23,3045.865966796875,3844.820068359375
2022-12-26,3065.56298828125,
2022-12-27,3095.570068359375,3829.25
2022-12-28,3087.39990234375,3783.219970703125
2022-12-29,3073.699951171875,3849.280029296875
2022-12-30,3089.260009765625,3839.5
2023-01-03,3116.510009765625,3824.139892578125
2023-01-04,3123.52001953125,3852.969970703125
2023-01-05,3155.219970703125,3808.10009765625
2023-01-06,3157.639892578125,3895.080078125
2023-01-09,3176.080078125,3892.090087890625
2023-01-10,3169.510009765625,3919.25
2023-01-11,3161.840087890625,3969.610107421875
2023-01-12,3163.449951171875,3983.169921875
2023-01-13,3195.31005859375,3999.090087890625
2023-01-16,3227.592041015625,
2023-01-17,3224.239990234375,3990.969970703125
2023-01-18,3224.409912109375,3928.860107421875
2023-01-19,3240.280029296875,3898.85009765625
2023-01-20,3264.81005859375,3972.610107421875
2023-01-23,,4019.81005859375
2023-01-24,,4016.949951171875
2023-01-25,,4016.219970703125
2023-01-26,,4060.429931640625
2023-01-27,,4070.56005859375
2023-01-30,3269.320068359375,4017.77001953125
2023-01-31,3255.669921875,4076.60009765625
2023-02-01,3284.919921875,4119.2099609375
2023-02-02,3285.669921875,4179.759765625
2023-02-03,3263.409912109375,4136.47998046875
2023-02-06,3238.699951171875,4111.080078125
2023-02-07,3248.090087890625,4164.0
2023-02-08,3232.110107421875,4117.85986328125
2023-02-09,3270.3798828125,4081.5
2023-02-10,3260.669921875,4090.4599609375
2023-02-13,3284.159912109375,4137.2900390625
2023-02-14,3293.280029296875,4136.1298828125
2023-02-15,3280.489990234375,4147.60009765625
2023-02-16,3249.030029296875,4090.409912109375
2023-02-17,3224.02001953125,4079.090087890625
2023-02-20,3290.340087890625,
2023-02-21,3306.52001953125,3997.340087890625
2023-02-22,3291.14990234375,3991.050048828125
2023-02-23,3287.47998046875,4012.320068359375
2023-02-24,3267.159912109375,3970.0400390625
2023-02-27,3258.030029296875,3982.239990234375
2023-02-28,3279.610107421875,3970.14990234375
2023-03-01,3312.35009765625,3951.389892578125
2023-03-02,3310.64990234375,3981.35009765625
2023-03-03,3328.389892578125,4045.639892578125
2023-03-06,3322.030029296875,4048.419921875
2023-03-07,3285.10009765625,3986.3701171875
2023-03-08,3283.25,3992.010009765625
2023-03-09,3276.090087890625,3918.320068359375
2023-03-10,3230.080078125,3861.590087890625
2023-03-13,3268.699951171875,3855.760009765625
2023-03-14,3245.31005859375,3919.2900390625
2023-03-15,3263.31005859375,3891.929931640625
2023-03-16,3226.889892578125,3960.280029296875
2023-03-17,3250.550048828125,3916.639892578125
2023-03-20,3234.909912109375,3951.570068359375
2023-03-21,3255.64990234375,4002.8701171875
2023-03-22,3265.75,3936.969970703125
2023-03-23,3286.64990234375,3948.719970703125
2023-03-24,3265.64990234375,3970.989990234375
2023-03-27,3251.39990234375,3977.530029296875
2023-03-28,3245.3798828125,3971.27001953125
2023-03-29,3240.06005859375,4027.81005859375
2023-03-30,3261.25,4050.830078125
2023-03-31,3272.860107421875,4109.31005859375
2023-04-03,3296.39990234375,4124.509765625
2023-04-04,3312.56005859375,4100.60009765625
2023-04-05,,4090.3798828125
2023-04-06,3312.6298828125,4105.02001953125
2023-04-07,3327.64990234375,
2023-04-10,3315.360107421875,4109.10986328125
2023-04-11,3313.570068359375,4108.93994140625
2023-04-12,3327.179931640625,4091.949951171875
2023-04-13,3318.360107421875,4146.22021484375
2023-04-14,3338.14990234375,4137.64013671875
2023-04-17,3385.610107421875,4151.31982421875
2023-04-18,3393.330078125,4154.8701171875
2023-04-19,3370.1298828125,4154.52001953125
2023-04-20,3367.030029296875,4129.7900390625
2023-04-21,3301.260009765625,4133.52001953125
2023-04-24,3275.409912109375,4137.0400390625
2023-04-25,3264.8701171875,4071.6298828125
2023-04-26,3264.10009765625,4055.989990234375
2023-04-27,3285.8798828125,4135.35009765625
2023-04-28,3323.27001953125,4169.47998046875
2023-05-01,,4167.8701171875
2023-05-02,,4119.580078125
2023-05-03,,4090.75
2023-05-04,3350.4599609375,4061.219970703125
2023-05-05,3334.5,4136.25
2023-05-08,3395.0,4138.1201171875
2023-05-09,3357.669921875,4119.169921875
2023-05-10,3319.14990234375,4137.64013671875
2023-05-11,3309.550048828125,4130.6201171875
2023-05-12,3272.360107421875,4124.080078125
2023-05-15,3310.739990234375,4136.27978515625
2023-05-16,3290.989990234375,4109.89990234375
2023-05-17,3284.22998046875,4158.77001953125
2023-05-18,3297.320068359375,4198.0498046875
2023-05-19,3283.5400390625,4191.97998046875
2023-05-22,3296.469970703125,4192.6298828125
2023-05-23,3246.239990234375,4145.580078125
2023-05-24,3204.75,4115.240234375
2023-05-25,3201.260009765625,4151.27978515625
2023-05-26,3212.5,4205.4501953125
2023-05-29,3221.449951171875,
2023-05-30,3224.2099609375,4205.52001953125
2023-05-31,3204.56005859375,4179.830078125
2023-06-01,3204.6298828125,4221.02001953125
2023-06-02,3230.070068359375,4282.3701171875
2023-06-05,3232.43994140625,4273.7900390625
2023-06-06,3195.340087890625,4283.85009765625
2023-06-07,3197.760009765625,4267.52001953125
2023-06-08,3213.590087890625,4293.93017578125
2023-06-09,3231.409912109375,4298.85986328125
2023-06-12,3228.830078125,4338.93017578125
2023-06-13,3233.669921875,4369.009765625
2023-06-14,3228.989990234375,4372.58984375
2023-06-15,3252.97998046875,4425.83984375
2023-06-16,3273.330078125,4409.58984375
2023-06-19,3255.81005859375,
2023-06-20,3240.360107421875,4388.7099609375
2023-06-21,3197.89990234375,4365.68994140625
2023-06-22,,4381.89013671875
2023-06-23,,4348.330078125
2023-06-26,3150.6201171875,4328.81982421875
2023-06-27,3189.43994140625,4378.41015625
2023-06-28,3189.3798828125,4376.85986328125
2023-06-29,3182.3798828125,4396.43994140625
2023-06-30,3202.06005859375,4450.3798828125
2023-07-03,3243.97998046875,4455.58984375
2023-07-04,3245.35009765625,
2023-07-05,3222.949951171875,4446.81982421875
2023-07-06,3205.570068359375,4411.58984375
2023-07-07,3196.610107421875,4398.9501953125
2023-07-10,3203.699951171875,4409.52978515625
2023-07-11,3221.3701171875,4439.259765625
2023-07-12,3196.1298828125,4472.16015625
2023-07-13,3236.47998046875,4510.0400390625
2023-07-14,3237.699951171875,4505.419921875
2023-07-17,3209.6298828125,4522.7900390625
2023-07-18,3197.820068359375,4554.97998046875
2023-07-19,3198.840087890625,4565.72021484375
2023-07-20,3169.52001953125,4534.8701171875
2023-07-21,3167.75,4536.33984375
2023-07-24,3164.159912109375,4554.64013671875
2023-07-25,3231.52001953125,4567.4599609375
2023-07-26,3223.030029296875,4566.75
2023-07-27,3216.669921875,4537.41015625
2023-07-28,3275.929931640625,4582.22998046875
2023-07-31,3291.0400390625,4588.9599609375
2023-08-01,3290.948974609375,4576.72998046875
2023-08-02,3261.68994140625,4513.39013671875
2023-08-03,3280.462890625,4501.89013671875
2023-08-04,3288.083984375,4478.02978515625
2023-08-07,3268.8310546875,4518.43994140625
2023-08-08,3260.6201171875,4499.3798828125
2023-08-09,3244.489990234375,4467.7099609375
2023-08-10,3254.56005859375,4468.830078125
2023-08-11,3189.25,4464.0498046875
2023-08-14,3178.429931640625,4489.72021484375
2023-08-15,3176.179931640625,4437.85986328125
2023-08-16,3150.1298828125,4404.330078125
2023-08-17,3163.739990234375,4370.35986328125
2023-08-18,3131.949951171875,4369.7099609375
2023-08-21,3092.97998046875,4399.77001953125
2023-08-22,3120.330078125,4387.5498046875
2023-08-23,3078.39990234375,4436.009765625
2023-08-24,3082.239990234375,4376.31005859375
2023-08-25,3064.070068359375,4405.7099609375
2023-08-28,3098.639892578125,4433.31005859375
2023-08-29,3135.889892578125,4497.6298828125
2023-08-30,3137.139892578125,4514.8701171875
2023-08-31,3119.8798828125,4507.66015625
2023-09-01,3133.25,4515.77001953125
2023-09-04,3177.06005859375,
2023-09-05,3154.3701171875,4496.830078125
2023-09-06,3158.080078125,4465.47998046875
2023-09-07,3122.35009765625,4451.14013671875
2023-09-08,3116.719970703125,4457.490234375
2023-09-11,3142.780029296875,4487.4599609375
2023-09-12,3137.06005859375,4461.89990234375
2023-09-13,3123.070068359375,4467.43994140625
2023-09-14,3126.550048828125,4505.10009765625
2023-09-15,3117.739990234375,4450.31982421875
2023-09-18,3125.929931640625,4453.52978515625
2023-09-19,3124.9599609375,4443.9501953125
2023-09-20,3108.568115234375,4402.2001953125
2023-09-21,3084.700927734375,4330.0
2023-09-22,3132.431884765625,4320.06005859375
2023-09-25,3115.60693359375,4337.43994140625
2023-09-26,3102.27294921875,4273.52978515625
2023-09-27,3107.31591796875,4274.509765625
2023-09-28,3110.47509765625,4299.7001953125
2023-09-29,,4288.0498046875
2023-10-02,,4288.39013671875
2023-10-03,,4229.4501953125
2023-10-04,,4263.75
2023-10-05,,4258.18994140625
2023-10-06,,4308.5
2023-10-09,3096.922119140625,4335.66015625
2023-10-10,3075.239990234375,4358.240234375
2023-10-11,3078.9560546875,4376.9501953125
2023-10-12,3107.90087890625,4349.60986328125
2023-10-13,3088.10009765625,4327.77978515625
2023-10-16,3073.81298828125,4373.6298828125
2023-10-17,3083.5,4373.2001953125
2023-10-18,3058.7099609375,4314.60009765625
2023-10-19,3005.39306640625,4278.0
2023-10-20,2983.06005859375,4224.16015625
2023-10-23,2939.291015625,4217.0400390625
2023-10-24,2962.243896484375,4247.68017578125
2023-10-25,2974.114013671875,4186.77001953125
2023-10-26,2988.299072265625,4137.22998046875
2023-10-27,3017.783935546875,4117.3701171875
2023-10-30,3021.552978515625,4166.81982421875
2023-10-31,3018.77099609375,4193.7998046875
2023-11-01,3023.076904296875,4237.85986328125
2023-11-02,3009.406005859375,4317.77978515625
2023-11-03,3030.798095703125,4358.33984375
2023-11-06,3058.410888671875,4365.97998046875
2023-11-07,3057.27001953125,4378.3798828125
2023-11-08,3052.373046875,4382.77978515625
2023-11-09,3053.279052734375,4347.35009765625
2023-11-10,3038.969970703125,4415.240234375
2023-11-13,3046.532958984375,4411.5498046875
2023-11-14,3056.070068359375,4495.7001953125
2023-11-15,3072.8349609375,4502.8798828125
2023-11-16,3050.926025390625,4508.240234375
2023-11-17,3054.3701171875,4514.02001953125
2023-11-20,3068.319091796875,4547.3798828125
2023-11-21,3067.93310546875,4538.18994140625
2023-11-22,3043.611083984375,4556.6201171875
2023-11-23,3061.85595703125,
2023-11-24,3040.971923828125,4559.33984375
2023-11-27,3031.699951171875,4550.43017578125
2023-11-28,3038.550048828125,4554.89013671875
2023-11-29,3021.68701171875,4550.580078125
2023-11-30,3029.673095703125,4567.7998046875
2023-12-01,3031.635986328125,4594.6298828125
2023-12-04,3022.9140625,4569.77978515625
2023-12-05,2972.2958984375,4567.18017578125
2023-12-06,2968.93310546875,4549.33984375
2023-12-07,2966.2060546875,4585.58984375
2023-12-08,2969.55908203125,4604.3701171875
2023-12-11,2991.43896484375,4622.43994140625
2023-12-12,3003.43798828125,4643.7001953125
2023-12-13,2968.760986328125,4707.08984375
2023-12-14,2958.986083984375,4719.5498046875
2023-12-15,2942.556884765625,4719.18994140625
2023-12-18,2930.800048828125,4740.56005859375
2023-12-19,2932.39111328125,4768.3701171875
2023-12-20,2902.110107421875,4698.35009765625
2023-12-21,2918.715087890625,4746.75
2023-12-22,2914.77490234375,4754.6298828125
2023-12-25,2918.81298828125,
2023-12-26,2898.8798828125,4774.75
2023-12-27,2914.614013671875,4781.580078125
2023-12-28,2954.7041015625,4783.35009765625
2023-12-29,2974.93505859375,4769.830078125
2024-01-02,2962.27587890625,4742.830078125
2024-01-03,2967.2470703125,4704.81005859375
2024-01-04,2954.34912109375,4688.68017578125
2024-01-05,2929.179931640625,4697.240234375
2024-01-08,2887.5380859375,4763.5400390625
2024-01-09,2893.25,4756.5
2024-01-10,2877.701904296875,4783.4501953125
2024-01-11,2886.64990234375,4780.240234375
2024-01-12,2881.97705078125,4783.830078125
2024-01-15,2886.2900390625,
2024-01-16,2893.989013671875,4765.97998046875
2024-01-17,2833.614990234375,4739.2099609375
2024-01-18,2845.780029296875,4780.93994140625
2024-01-19,2832.279052734375,4839.81005859375
2024-01-22,2756.340087890625,4850.43017578125
2024-01-23,2770.97607421875,4864.60009765625
2024-01-24,2820.77197265625,4868.5498046875
2024-01-25,2906.10888671875,4894.16015625
2024-01-26,2910.222900390625,4890.97021484375
2024-01-29,2883.360107421875,4927.93017578125
2024-01-30,2830.527099609375,4924.97021484375
2024-01-31,2788.548095703125,4845.64990234375
2024-02-01,2770.739990234375,4906.18994140625
2024-02-02,2730.152099609375,4958.60986328125
2024-02-05,2702.18505859375,4942.81005859375
2024-02-06,2789.486083984375,4954.22998046875
2024-02-07,2829.696044921875,4995.06005859375
2024-02-08,2865.903076171875,4997.91015625
2024-02-09,,5026.60986328125
2024-02-12,,5021.83984375
2024-02-13,,4953.169921875
2024-02-14,,5000.6201171875
2024-02-15,,5029.72998046875
2024-02-16,,5005.56982421875
2024-02-19,2910.5439453125,
2024-02-20,2922.72998046875,4975.509765625
2024-02-21,2950.9560546875,4981.7998046875
2024-02-22,2988.35791015625,5087.02978515625
2024-02-23,3004.881103515625,5088.7998046875
2024-02-26,2977.02197265625,5069.52978515625
2024-02-27,3015.48095703125,5078.18017578125
2024-02-28,2957.85205078125,5069.759765625
2024-02-29,3015.1708984375,5096.27001953125
2024-03-01,3027.02001953125,5137.080078125
2024-03-04,3039.305908203125,5130.9501953125
2024-03-05,3047.79296875,5078.64990234375
2024-03-06,3039.930908203125,5104.759765625
2024-03-07,3027.40087890625,5157.35986328125
2024-03-08,3046.01904296875,5123.68994140625
2024-03-11,3068.455078125,5117.93994140625
2024-03-12,3055.93505859375,5175.27001953125
2024-03-13,3043.8349609375,5165.31005859375
2024-03-14,3038.23388671875,5150.47998046875
2024-03-15,3054.635986328125,5117.08984375
2024-03-18,3084.926025390625,5149.419921875
2024-03-19,3062.756103515625,5178.509765625
2024-03-20,3079.68603515625,5224.6201171875
2024-03-21,3077.113037109375,5241.52978515625
2024-03-22,3048.033935546875,5234.18017578125
2024-03-25,3026.305908203125,5218.18994140625
2024-03-26,3031.48095703125,5203.580078125
2024-03-27,2993.138916015625,5248.490234375
2024-03-28,3010.6640625,5254.35009765625
2024-03-29,3041.1669921875,
2024-04-01,3077.37890625,5243.77001953125
2024-04-02,3074.958984375,5205.81005859375
2024-04-03,3069.2958984375,5211.490234375
2024-04-04,,5147.2099609375
2024-04-05,,5204.33984375
2024-04-08,3047.052978515625,5202.39013671875
2024-04-09,3048.537109375,5209.91015625
2024-04-10,3027.3349609375,5160.64013671875
2024-04-11,3034.24609375,5199.06005859375
2024-04-12,3019.47412109375,5123.41015625
2024-04-15,3057.3779296875,5061.81982421875
2024-04-16,3007.068115234375,5051.41015625
2024-04-17,3071.381103515625,5022.2099609375
2024-04-18,3074.22509765625,5011.1201171875
2024-04-19,3065.260986328125,4967.22998046875
2024-04-22,3044.594970703125,5010.60009765625
2024-04-23,3021.97802734375,5070.5498046875
2024-04-24,3044.822021484375,5071.6298828125
2024-04-25,3052.89990234375,5048.419921875
2024-04-26,3088.635986328125,5099.9599609375
2024-04-29,3113.04296875,5116.169921875
2024-04-30,3104.824951171875,5035.68994140625
2024-05-01,,5018.39013671875
2024-05-02,,5064.2001953125
2024-05-03,,5127.7900390625
2024-05-06,3140.719970703125,5180.740234375
2024-05-07,3147.738037109375,5187.7001953125
2024-05-08,3128.47998046875,5187.669921875
2024-05-09,3154.320068359375,5214.080078125
2024-05-10,3154.547119140625,5222.68017578125
2024-05-13,3148.02099609375,5221.419921875
2024-05-14,3145.77392578125,5246.68017578125
2024-05-15,3119.902099609375,5308.14990234375
2024-05-16,3122.40087890625,5297.10009765625
2024-05-17,3154.02587890625,5303.27001953125
2024-05-20,3171.14501953125,5308.1298828125
2024-05-21,3157.966064453125,5321.41015625
2024-05-22,3158.5400390625,5307.009765625
2024-05-23,3116.386962890625,5267.83984375
2024-05-24,3088.87109375,5304.72021484375
2024-05-27,3124.04296875,
2024-05-28,3109.572021484375,5306.0400390625
2024-05-29,3111.01806640625,5266.9501953125
2024-05-30,3091.677978515625,5235.47998046875
2024-05-31,3086.81298828125,5277.509765625
2024-06-03,3078.489013671875,5283.39990234375
2024-06-04,3091.198974609375,5291.33984375
2024-06-05,3065.403076171875,5354.02978515625
2024-06-06,3048.7939453125,5352.9599609375
2024-06-07,3051.279052734375,5346.990234375
2024-06-10,,5360.7900390625
2024-06-11,3028.044921875,5375.31982421875
2024-06-12,3037.468017578125,5421.02978515625
2024-06-13,3028.9189453125,5433.740234375
2024-06-14,3032.633056640625,5431.60009765625
2024-06-17,3015.89111328125,5473.22998046875
2024-06-18,3030.24609375,5487.02978515625
2024-06-19,3018.049072265625,
2024-06-20,3005.43701171875,5473.169921875
2024-06-21,2998.137939453125,5464.6201171875
2024-06-24,2963.09912109375,5447.8701171875
2024-06-25,2949.99609375,5469.2998046875
2024-06-26,2972.52490234375,5477.89990234375
2024-06-27,2945.85205078125,5482.8701171875
2024-06-28,2967.403076171875,5460.47998046875
2024-07-01,2994.72998046875,5475.08984375
2024-07-02,2997.010986328125,5509.009765625
2024-07-03,2982.3759765625,5537.02001953125
2024-07-04,2957.56689453125,
2024-07-05,2949.93310546875,5567.18994140625
2024-07-08,2922.449951171875,5572.85009765625
2024-07-09,2959.3720703125,5576.97998046875
2024-07-10,2939.364013671875,5633.91015625
2024-07-11,2970.386962890625,5584.5400390625
2024-07-12,2971.294921875,5615.35009765625
2024-07-15,2974.010986328125,5631.22021484375
2024-07-16,2976.303955078125,5667.2001953125
2024-07-17,2962.85498046875,5588.27001953125
2024-07-18,2977.133056640625,5544.58984375
2024-07-19,2982.30908203125,5505.0
2024-07-22,2964.216064453125,5564.41015625
2024-07-23,2915.368896484375,5555.740234375
2024-07-24,2901.951904296875,5427.1298828125
2024-07-25,2886.741943359375,5399.22021484375
2024-07-26,2890.89697265625,5459.10009765625
2024-07-29,2891.844970703125,5463.5400390625
2024-07-30,2879.300048828125,5436.43994140625
2024-07-31,2938.7490234375,5522.2998046875
2024-08-01,2932.386962890625,5446.68017578125
2024-08-02,2905.337890625,5346.56005859375
2024-08-05,2860.697998046875,5186.330078125
2024-08-06,2867.283935546875,5240.02978515625
2024-08-07,2869.833984375,5199.5
2024-08-08,2869.90087890625,5319.31005859375
2024-08-09,2862.194091796875,5344.16015625
2024-08-12,2858.205078125,5344.39013671875
2024-08-13,2867.946044921875,5434.43017578125
2024-08-14,2850.654052734375,5455.2099609375
2024-08-15,2877.35791015625,5543.22021484375
2024-08-16,2879.429931640625,5554.25
2024-08-19,2893.674072265625,5608.25
2024-08-20,2866.660888671875,5597.1201171875
2024-08-21,2856.583984375,5620.85009765625
2024-08-22,2848.77197265625,5570.64013671875
2024-08-23,2854.367919921875,5634.60986328125
2024-08-26,2855.52001953125,5616.83984375
2024-08-27,2848.73095703125,5625.7998046875
2024-08-28,2837.428955078125,5592.18017578125
2024-08-29,2823.10595703125,5591.9599609375
2024-08-30,2842.214111328125,5648.39990234375
2024-09-02,2811.034912109375,
2024-09-03,2802.97900390625,5528.93017578125
2024-09-04,2784.278076171875,5520.06982421875
2024-09-05,2788.31396484375,5503.41015625
2024-09-06,2765.806884765625,5408.419921875
2024-09-09,2736.488037109375,5471.0498046875
2024-09-10,2744.19189453125,5495.52001953125
2024-09-11,2721.794921875,5554.1298828125
2024-09-12,2717.123046875,5595.759765625
2024-09-13,2704.090087890625,5626.02001953125
2024-09-16,,5633.08984375
2024-09-17,,5634.580078125
2024-09-18,2717.281005859375,5618.259765625
2024-09-19,2736.02197265625,5713.64013671875
2024-09-20,2736.81396484375,5702.5498046875
2024-09-23,2748.91796875,5718.56982421875
2024-09-24,2863.1259765625,5732.93017578125
2024-09-25,2896.305908203125,5722.259765625
2024-09-26,3000.952880859375,5745.3701171875
2024-09-27,3087.529052734375,5738.169921875
2024-09-30,3336.4970703125,5762.47998046875
2024-10-01,,5708.75
2024-10-02,,5709.5400390625
2024-10-03,,5699.93994140625
2024-10-04,,5751.06982421875
2024-10-07,,5695.93994140625
2024-10-08,3489.77490234375,5751.1298828125
2024-10-09,3258.85791015625,5792.0400390625
2024-10-10,3301.926025390625,5780.0498046875
2024-10-11,3217.738037109375,5815.02978515625
2024-10-14,3284.322998046875,5859.85009765625
2024-10-15,3201.2919921875,5815.259765625
2024-10-16,3202.947998046875,5842.47021484375
2024-10-17,3169.384033203125,5841.47021484375
2024-10-18,3261.56298828125,5864.669921875
2024-10-21,3268.110107421875,5853.97998046875
2024-10-22,3285.866943359375,5851.2001953125
2024-10-23,3302.802978515625,5797.419921875
2024-10-24,3280.262939453125,5809.85986328125
2024-10-25,3299.699951171875,5808.1201171875
2024-10-28,3322.197998046875,5823.52001953125
2024-10-29,3286.406982421875,5832.919921875
2024-10-30,3266.238037109375,5813.669921875
2024-10-31,3279.823974609375,5705.4501953125
2024-11-01,3272.013916015625,5728.7998046875
2024-11-04,3310.20703125,5712.68994140625
2024-11-05,3386.987060546875,5782.759765625
2024-11-06,3383.805908203125,5929.0400390625
2024-11-07,3470.660888671875,5973.10009765625
2024-11-08,3452.297119140625,5995.5400390625
2024-11-11,3470.06591796875,6001.35009765625
2024-11-12,3421.969970703125,5983.990234375
2024-11-13,3439.278076171875,5985.3798828125
2024-11-14,3379.839111328125,5949.169921875
2024-11-15,3330.72607421875,5870.6201171875
2024-11-18,3323.84912109375,5893.6201171875
2024-11-19,3346.010009765625,5916.97998046875
2024-11-20,3367.989013671875,5917.10986328125
2024-11-21,3370.404052734375,5948.7099609375
2024-11-22,3267.19189453125,5969.33984375
2024-11-25,3263.760009765625,5987.3701171875
2024-11-26,3259.757080078125,6021.6298828125
2024-11-27,3309.779052734375,5998.740234375
2024-11-28,3295.697998046875,
2024-11-29,3326.4560546875,6032.3798828125
2024-12-02,3363.98193359375,6047.14990234375
2024-12-03,3378.805908203125,6049.8798828125
2024-12-04,3364.64990234375,6086.490234375
2024-12-05,3368.85498046875,6075.10986328125
2024-12-06,3404.075927734375,6090.27001953125
2024-12-09,3402.533935546875,6052.85009765625
2024-12-10,3422.660888671875,6034.91015625
2024-12-11,3432.489990234375,6084.18994140625
2024-12-12,3461.5,6051.25
2024-12-13,3391.8779296875,6051.08984375
2024-12-16,3386.3310546875,6074.080078125
2024-12-17,3361.485107421875,6050.60986328125
2024-12-18,3382.2080078125,5872.16015625
2024-12-19,3370.032958984375,5867.080078125
2024-12-20,3368.069091796875,5930.85009765625
2024-12-23,3351.257080078125,5974.06982421875
2024-12-24,3393.528076171875,6040.0400390625
2024-12-25,3393.35009765625,
2024-12-26,3398.076904296875,6037.58984375
2024-12-27,3400.14208984375,5970.83984375
2024-12-30,3407.325927734375,5906.93994140625
2024-12-31,3351.762939453125,5881.6298828125
2025-01-02,3262.56103515625,5868.5498046875
2025-01-03,3211.429931640625,5942.47021484375
2025-01-06,3206.923095703125,5975.3798828125
2025-01-07,3229.64404296875,5909.02978515625
2025-01-08,3230.16796875,5918.25
2025-01-09,3211.39306640625,
2025-01-10,3168.52392578125,5827.0400390625
2025-01-13,3160.7548828125,5836.22021484375
2025-01-14,3240.93994140625,5842.91015625
2025-01-15,3227.116943359375,5949.91015625
2025-01-16,3236.031982421875,5937.33984375
2025-01-17,3241.821044921875,5996.66015625
2025-01-20,3244.3779296875,
2025-01-21,3242.623046875,6049.240234375
2025-01-22,3213.6240234375,6086.3701171875
2025-01-23,3230.1640625,6118.7099609375
2025-01-24,3252.6259765625,6101.240234375
2025-01-27,3250.60107421875,6012.27978515625
2025-01-28,,6067.7001953125
2025-01-29,,6039.31005859375
2025-01-30,,6071.169921875
2025-01-31,,6040.52978515625
2025-02-03,,5994.56982421875
2025-02-04,,6037.8798828125
2025-02-05,3229.488037109375,6061.47998046875
2025-02-06,3270.658935546875,6083.56982421875
2025-02-07,3303.6669921875,6025.990234375
2025-02-10,3322.169921875,6066.43994140625
2025-02-11,3318.056884765625,6068.5
2025-02-12,3346.385009765625,6051.97021484375
2025-02-13,3332.48291015625,6115.06982421875
2025-02-14,3346.72412109375,6114.6298828125
2025-02-17,3355.830078125,
2025-02-18,3324.490966796875,6129.580078125
2025-02-19,3351.5390625,6144.14990234375
2025-02-20,3350.782958984375,6117.52001953125
2025-02-21,3379.113037109375,6013.1298828125
2025-02-24,3373.028076171875,5983.25
2025-02-25,3346.0400390625,5955.25
2025-02-26,3380.214111328125,5956.06005859375
2025-02-27,3388.06201171875,5861.56982421875
2025-02-28,3320.89697265625,5954.5
2025-03-03,3316.925048828125,5849.72021484375
2025-03-04,3324.2099609375,5778.14990234375
2025-03-05,3341.965087890625,5842.6298828125
2025-03-06,3381.097900390625,5738.52001953125
2025-03-07,3372.5458984375,5770.2001953125
2025-03-10,3366.1630859375,5614.56005859375
2025-03-11,3379.827880859375,5572.06982421875
2025-03-12,3371.924072265625,5599.2998046875
2025-03-13,3358.72900390625,5521.52001953125
2025-03-14,3419.56201171875,5638.93994140625
2025-03-17,3426.12890625,5675.1201171875
2025-03-18,3429.759033203125,5614.66015625
2025-03-19,3426.428955078125,5675.2900390625
2025-03-20,3408.947998046875,5662.89013671875
2025-03-21,3364.8310546875,5667.56005859375
2025-03-24,3370.028076171875,5767.56982421875
2025-03-25,3369.97607421875,5776.64990234375
2025-03-26,3368.697021484375,5712.2001953125
2025-03-27,3373.7490234375,5693.31005859375
2025-03-28,3351.306884765625,5580.93994140625
2025-03-31,3335.74609375,5611.85009765625
2025-04-01,3348.43505859375,5633.06982421875
2025-04-02,3350.126953125,5670.97021484375
2025-04-03,3342.008056640625,5396.52001953125
2025-04-04,,5074.080078125
2025-04-07,3096.575927734375,5062.25
2025-04-08,3145.549072265625,4982.77001953125
2025-04-09,3186.81005859375,5456.89990234375
2025-04-10,3223.637939453125,5268.0498046875
2025-04-11,3238.22705078125,5363.35986328125
2025-04-14,3262.80810546875,5405.97021484375
2025-04-15,3267.662109375,5396.6298828125
2025-04-16,3276.00390625,5275.7001953125
2025-04-17,3280.341064453125,5282.7001953125
2025-04-18,3276.72998046875,
2025-04-21,3291.43408203125,5158.2001953125
2025-04-22,3299.757080078125,5287.759765625
2025-04-23,3296.35498046875,5375.85986328125
2025-04-24,3297.2880859375,5484.77001953125
2025-04-25,3295.06005859375,5525.2099609375
2025-04-28,3288.4150390625,5528.75
2025-04-29,3286.655029296875,5560.830078125
2025-04-30,3279.031005859375,5569.06005859375
2025-05-01,,5604.14013671875
2025-05-02,,5686.669921875
2025-05-05,,5650.3798828125
2025-05-06,3316.114013671875,5606.91015625
2025-05-07,3342.6650390625,5631.27978515625
2025-05-08,3351.99609375,5663.93994140625
2025-05-09,3341.9990234375,5659.91015625
2025-05-12,3369.2451171875,5844.18994140625
2025-05-13,3374.87109375,5886.5498046875
2025-05-14,3403.947998046875,5892.580078125
2025-05-15,3380.821044921875,5916.93017578125
2025-05-16,3367.4619140625,5958.3798828125
2025-05-19,3367.5830078125,5963.60009765625
2025-05-20,3380.47802734375,5940.4599609375
2025-05-21,3387.573974609375,5844.60986328125
2025-05-22,3380.18896484375,5842.009765625
2025-05-23,3348.3720703125,5802.81982421875
2025-05-26,3346.839111328125,
2025-05-27,3340.68701171875,5921.5400390625
2025-05-28,3339.931884765625,5888.5498046875
2025-05-29,3363.446044921875,5912.169921875
2025-05-30,3347.487060546875,5911.68994140625
2025-06-02,,5935.93994140625
2025-06-03,3361.97607421875,5970.3701171875
2025-06-04,3376.202880859375,5970.81005859375
2025-06-05,3384.09912109375,5939.2998046875
2025-06-06,3385.35791015625,6000.35986328125
2025-06-09,3399.77197265625,6005.8798828125
2025-06-10,3384.81591796875,6038.81005859375
2025-06-11,3402.31591796875,6022.240234375
2025-06-12,3402.657958984375,6045.259765625
2025-06-13,3376.99609375,5976.97021484375
2025-06-16,3388.72900390625,6033.10986328125
2025-06-17,3387.405029296875,5982.72021484375
2025-06-18,3388.80908203125,5980.8701171875
2025-06-19,3362.10791015625,
2025-06-20,3359.89501953125,5967.83984375
2025-06-23,3381.58203125,6025.169921875
2025-06-24,3420.56591796875,6092.18017578125
2025-06-25,3455.97412109375,6092.16015625
2025-06-26,3448.452880859375,6141.02001953125
2025-06-27,3424.22705078125,6173.06982421875
2025-06-30,3444.426025390625,6204.9501953125
2025-07-01,3457.7470703125,6198.009765625
2025-07-02,3454.7919921875,6227.419921875
2025-07-03,3461.15087890625,6279.35009765625
2025-07-04,3472.319091796875,
2025-07-07,3473.126953125,6229.97998046875
2025-07-08,3497.47509765625,6225.52001953125
2025-07-09,3493.050048828125,6263.259765625
2025-07-10,3509.681884765625,6280.4599609375
2025-07-11,3510.177001953125,6259.75
2025-07-14,3519.64990234375,6268.56005859375
2025-07-15,3504.9990234375,6243.759765625
2025-07-16,3503.777099609375,6263.7001953125
2025-07-17,3516.824951171875,6297.35986328125
2025-07-18,3534.48291015625,6296.7900390625
2025-07-21,3559.791015625,6305.60009765625
2025-07-22,3581.861083984375,6309.6201171875
2025-07-23,3582.298095703125,6358.91015625
2025-07-24,3605.72705078125,6363.35009765625
2025-07-25,3593.655029296875,6388.64013671875
2025-07-28,3597.93701171875,6389.77001953125
2025-07-29,3609.7109375,6370.85986328125
2025-07-30,3615.717041015625,6362.89990234375
2025-07-31,3573.2080078125,6339.39013671875
2025-08-01,3559.951904296875,6238.009765625
2025-08-04,3583.30908203125,6329.93994140625
2025-08-05,3617.597900390625,6299.18994140625
2025-08-06,3633.9951171875,6345.06005859375
2025-08-07,3639.6669921875,6340.0
2025-08-08,3635.1279296875,6389.4501953125
2025-08-11,3647.547119140625,6373.4501953125
2025-08-12,3665.91796875,6445.759765625
2025-08-13,3683.465087890625,6466.580078125
2025-08-14,3666.443115234375,6468.5400390625
2025-08-15,3696.77099609375,6449.7998046875
2025-08-18,3728.027099609375,6449.14990234375
2025-08-19,3727.2880859375,6411.3701171875
2025-08-20,3766.2099609375,6395.77978515625
2025-08-21,3771.09912109375,6370.169921875
2025-08-22,3825.759033203125,6466.91015625
2025-08-25,3883.56201171875,6439.31982421875
2025-08-26,3868.382080078125,6465.93994140625
2025-08-27,3800.35009765625,6481.39990234375
2025-08-28,3843.596923828125,6501.85986328125
2025-08-29,3857.927001953125,6460.259765625
2025-09-01,3875.531005859375,
2025-09-02,3858.133056640625,6415.5400390625
2025-09-03,3813.556884765625,6448.259765625
2025-09-04,3765.8759765625,6502.080078125
2025-09-05,3812.513916015625,6481.5
2025-09-08,3826.841064453125,6495.14990234375
2025-09-09,3807.2919921875,6512.60986328125
2025-09-10,3812.220947265625,6532.0400390625
2025-09-11,3875.30908203125,6587.47021484375
2025-09-12,3870.597900390625,6584.2900390625
2025-09-15,3860.50390625,6615.27978515625
2025-09-16,3861.864990234375,6606.759765625
2025-09-17,3876.341064453125,6600.35009765625
2025-09-18,3831.656005859375,6631.9599609375
2025-09-19,3820.089111328125,6664.35986328125
