净值日期,单位净值,累计净值,日增长率,申购状态,赎回状态,分红送配
2009-09-25,1.0,1.0,,封闭期,封闭期,
2009-09-30,0.997,0.997,-0.30%,封闭期,封闭期,
2009-10-09,1.006,1.006,0.90%,封闭期,封闭期,
2009-10-16,1.016,1.016,0.99%,封闭期,封闭期,
2009-10-23,1.041,1.041,2.46%,封闭期,封闭期,
2009-10-30,1.027,1.027,-1.34%,封闭期,封闭期,
2009-11-04,1.081,1.081,5.26%,封闭期,封闭期,
2009-11-06,1.095,1.095,1.30%,封闭期,封闭期,
2009-11-10,1.103,1.103,0.73%,封闭期,封闭期,
2009-11-11,1.107,1.107,0.36%,开放申购,开放赎回,
2009-11-12,1.11,1.11,0.27%,开放申购,开放赎回,
2009-11-13,1.124,1.124,1.26%,开放申购,开放赎回,
2009-11-16,1.148,1.148,2.14%,开放申购,开放赎回,
2009-11-17,1.154,1.154,0.52%,开放申购,开放赎回,
2009-11-18,1.158,1.158,0.35%,开放申购,开放赎回,
2009-11-19,1.176,1.176,1.55%,开放申购,开放赎回,
2009-11-20,1.184,1.184,0.68%,开放申购,开放赎回,
2009-11-23,1.204,1.204,1.69%,开放申购,开放赎回,
2009-11-24,1.144,1.144,-4.98%,开放申购,开放赎回,
2009-11-25,1.184,1.184,3.50%,开放申购,开放赎回,
2009-11-26,1.139,1.139,-3.80%,开放申购,开放赎回,
2009-11-27,1.111,1.111,-2.46%,开放申购,开放赎回,
2009-11-30,1.158,1.158,4.23%,开放申购,开放赎回,
2009-12-01,1.188,1.188,2.59%,开放申购,开放赎回,
2009-12-02,1.204,1.204,1.35%,开放申购,开放赎回,
2009-12-03,1.212,1.212,0.66%,开放申购,开放赎回,
2009-12-04,1.183,1.183,-2.39%,开放申购,开放赎回,
2009-12-07,1.202,1.202,1.61%,开放申购,开放赎回,
2009-12-08,1.199,1.199,-0.25%,开放申购,开放赎回,
2009-12-09,1.181,1.181,-1.50%,开放申购,开放赎回,
2009-12-10,1.19,1.19,0.76%,开放申购,开放赎回,
2009-12-11,1.19,1.19,0.00%,开放申购,开放赎回,
2009-12-14,1.185,1.185,-0.42%,开放申购,开放赎回,
2009-12-15,1.187,1.187,0.17%,开放申购,开放赎回,
2009-12-16,1.183,1.183,-0.34%,开放申购,开放赎回,
2009-12-17,1.148,1.148,-2.96%,开放申购,开放赎回,
2009-12-18,1.107,1.107,-3.57%,开放申购,开放赎回,
2009-12-21,1.12,1.12,1.17%,开放申购,开放赎回,
2009-12-22,1.09,1.09,-2.68%,开放申购,开放赎回,
2009-12-23,1.109,1.109,1.74%,开放申购,开放赎回,
2009-12-24,1.143,1.143,3.07%,开放申购,开放赎回,
2009-12-25,1.15,1.15,0.61%,开放申购,开放赎回,
2009-12-28,1.168,1.168,1.57%,开放申购,开放赎回,
2009-12-29,1.172,1.172,0.34%,开放申购,开放赎回,
2009-12-30,1.167,1.167,-0.43%,开放申购,开放赎回,
2009-12-31,1.176,1.176,0.77%,开放申购,开放赎回,
2010-01-04,1.183,1.183,0.60%,开放申购,开放赎回,
2010-01-05,1.194,1.194,0.93%,开放申购,开放赎回,
2010-01-06,1.193,1.193,-0.08%,开放申购,开放赎回,
2010-01-07,1.17,1.17,-1.93%,开放申购,开放赎回,
2010-01-08,1.184,1.184,1.20%,开放申购,开放赎回,
2010-01-11,1.191,1.191,0.59%,开放申购,开放赎回,
2010-01-12,1.215,1.215,2.02%,开放申购,开放赎回,
2010-01-13,1.203,1.203,-0.99%,开放申购,开放赎回,
2010-01-14,1.233,1.233,2.49%,开放申购,开放赎回,
2010-01-15,1.241,1.241,0.65%,开放申购,开放赎回,
2010-01-18,1.261,1.261,1.61%,开放申购,开放赎回,
2010-01-19,1.262,1.262,0.08%,开放申购,开放赎回,
2010-01-20,1.217,1.217,-3.57%,开放申购,开放赎回,
2010-01-21,1.221,1.221,0.33%,开放申购,开放赎回,
2010-01-22,1.189,1.189,-2.62%,开放申购,开放赎回,
2010-01-25,1.171,1.171,-1.51%,开放申购,开放赎回,
2010-01-26,1.129,1.129,-3.59%,开放申购,开放赎回,
2010-01-27,1.122,1.122,-0.62%,开放申购,开放赎回,
2010-01-28,1.139,1.139,1.52%,开放申购,开放赎回,
2010-01-29,1.149,1.149,0.88%,开放申购,开放赎回,
2010-02-01,1.138,1.138,-0.96%,开放申购,开放赎回,
2010-02-02,1.13,1.13,-0.70%,开放申购,开放赎回,
2010-02-03,1.146,1.146,1.42%,开放申购,开放赎回,
2010-02-04,1.157,1.157,0.96%,开放申购,开放赎回,
2010-02-05,1.133,1.133,-2.07%,开放申购,开放赎回,
2010-02-08,1.133,1.133,0.00%,开放申购,开放赎回,
2010-02-09,1.133,1.133,0.00%,开放申购,开放赎回,
2010-02-10,1.146,1.146,1.15%,开放申购,开放赎回,
2010-02-11,1.144,1.144,-0.17%,开放申购,开放赎回,
2010-02-12,1.159,1.159,1.31%,开放申购,开放赎回,
2010-02-22,1.159,1.159,0.00%,开放申购,开放赎回,
2010-02-23,1.169,1.169,0.86%,开放申购,开放赎回,
2010-02-24,1.193,1.193,2.05%,开放申购,开放赎回,
2010-02-25,1.212,1.212,1.59%,开放申购,开放赎回,
2010-02-26,1.213,1.213,0.08%,开放申购,开放赎回,
2010-03-01,1.226,1.226,1.07%,开放申购,开放赎回,
2010-03-02,1.227,1.227,0.08%,开放申购,开放赎回,
2010-03-03,1.244,1.244,1.39%,开放申购,开放赎回,
2010-03-04,1.201,1.201,-3.46%,开放申购,开放赎回,
2010-03-05,1.205,1.205,0.33%,开放申购,开放赎回,
2010-03-08,1.218,1.218,1.08%,开放申购,开放赎回,
2010-03-09,1.219,1.219,0.08%,开放申购,开放赎回,
2010-03-10,1.204,1.204,-1.23%,开放申购,开放赎回,
2010-03-11,1.195,1.195,-0.75%,开放申购,开放赎回,
2010-03-12,1.177,1.177,-1.51%,开放申购,开放赎回,
2010-03-15,1.168,1.168,-0.76%,开放申购,开放赎回,
2010-03-16,1.177,1.177,0.77%,开放申购,开放赎回,
2010-03-17,1.208,1.208,2.63%,开放申购,开放赎回,
2010-03-18,1.211,1.211,0.25%,开放申购,开放赎回,
2010-03-19,1.22,1.22,0.74%,开放申购,开放赎回,
2010-03-22,1.226,1.226,0.49%,开放申购,开放赎回,
2010-03-23,1.218,1.218,-0.65%,开放申购,开放赎回,
2010-03-24,1.224,1.224,0.49%,开放申购,开放赎回,
2010-03-25,1.209,1.209,-1.23%,开放申购,开放赎回,
2010-03-26,1.225,1.225,1.32%,开放申购,开放赎回,
2010-03-29,1.234,1.234,0.73%,开放申购,开放赎回,
2010-03-30,1.239,1.239,0.41%,开放申购,开放赎回,
2010-03-31,1.242,1.242,0.24%,开放申购,开放赎回,
2010-04-01,1.26,1.26,1.45%,开放申购,开放赎回,
2010-04-02,1.264,1.264,0.32%,开放申购,开放赎回,
2010-04-06,1.266,1.266,0.16%,开放申购,开放赎回,
2010-04-07,1.269,1.269,0.24%,开放申购,开放赎回,
2010-04-08,1.269,1.269,0.00%,开放申购,开放赎回,
2010-04-09,1.287,1.287,1.42%,开放申购,开放赎回,
2010-04-12,1.297,1.297,0.78%,开放申购,开放赎回,
2010-04-13,1.283,1.283,-1.08%,开放申购,开放赎回,
2010-04-14,1.297,1.297,1.09%,开放申购,开放赎回,
2010-04-15,1.281,1.281,-1.23%,开放申购,开放赎回,
2010-04-16,1.277,1.277,-0.31%,开放申购,开放赎回,
2010-04-19,1.225,1.225,-4.07%,开放申购,开放赎回,
2010-04-20,1.24,1.24,1.22%,开放申购,开放赎回,
2010-04-21,1.275,1.275,2.82%,开放申购,开放赎回,
2010-04-22,1.277,1.277,0.16%,开放申购,开放赎回,
2010-04-23,1.268,1.268,-0.70%,开放申购,开放赎回,
2010-04-26,1.269,1.269,0.08%,开放申购,开放赎回,
2010-04-27,1.237,1.237,-2.52%,开放申购,开放赎回,
2010-04-28,1.231,1.231,-0.49%,开放申购,开放赎回,
2010-04-29,1.193,1.193,-3.09%,开放申购,开放赎回,
2010-04-30,1.163,1.163,-2.51%,开放申购,开放赎回,
2010-05-04,1.162,1.162,-0.09%,开放申购,开放赎回,
2010-05-05,1.194,1.194,2.75%,开放申购,开放赎回,
2010-05-06,1.158,1.158,-3.02%,开放申购,开放赎回,
2010-05-07,1.092,1.142,-1.38%,开放申购,开放赎回,每份派现金0.0500元
2010-05-10,1.073,1.123,-1.74%,开放申购,开放赎回,
2010-05-11,1.043,1.093,-2.80%,开放申购,开放赎回,
2010-05-12,1.019,1.069,-2.30%,开放申购,开放赎回,
2010-05-13,1.046,1.096,2.65%,开放申购,开放赎回,
2010-05-14,1.053,1.103,0.67%,开放申购,开放赎回,
2010-05-17,0.989,1.039,-6.08%,开放申购,开放赎回,
2010-05-18,1.002,1.052,1.31%,开放申购,开放赎回,
2010-05-19,1.004,1.054,0.20%,开放申购,开放赎回,
2010-05-20,0.985,1.035,-1.89%,开放申购,开放赎回,
2010-05-21,1.005,1.055,2.03%,开放申购,开放赎回,
2010-05-24,1.048,1.098,4.28%,开放申购,开放赎回,
2010-05-25,1.041,1.091,-0.67%,开放申购,开放赎回,
2010-05-26,1.044,1.094,0.29%,开放申购,开放赎回,
2010-05-27,1.062,1.112,1.72%,开放申购,开放赎回,
2010-05-28,1.066,1.116,0.38%,开放申购,开放赎回,
2010-05-31,1.034,1.084,-3.00%,开放申购,开放赎回,
2010-06-01,1.015,1.065,-1.84%,开放申购,开放赎回,
2010-06-02,1.029,1.079,1.38%,开放申购,开放赎回,
2010-06-03,1.022,1.072,-0.68%,开放申购,开放赎回,
2010-06-04,1.031,1.081,0.88%,开放申购,开放赎回,
2010-06-07,1.027,1.077,-0.39%,开放申购,开放赎回,
2010-06-08,1.036,1.086,0.88%,开放申购,开放赎回,
2010-06-09,1.06,1.11,2.32%,开放申购,开放赎回,
2010-06-10,1.063,1.113,0.28%,开放申购,开放赎回,
2010-06-11,1.057,1.107,-0.56%,开放申购,开放赎回,
2010-06-17,1.044,1.094,-1.23%,开放申购,开放赎回,
2010-06-18,1.003,1.053,-3.93%,开放申购,开放赎回,
2010-06-21,1.031,1.081,2.79%,开放申购,开放赎回,
2010-06-22,1.039,1.089,0.78%,开放申购,开放赎回,
2010-06-23,1.033,1.083,-0.58%,开放申购,开放赎回,
2010-06-24,1.033,1.083,0.00%,开放申购,开放赎回,
2010-06-25,1.017,1.067,-1.55%,开放申购,开放赎回,
2010-06-28,1.001,1.051,-1.57%,开放申购,开放赎回,
2010-06-29,0.947,0.997,-5.39%,开放申购,开放赎回,
2010-06-30,0.929,0.979,-1.90%,开放申购,开放赎回,
2010-07-01,0.915,0.965,-1.51%,开放申购,开放赎回,
2010-07-02,0.9103,0.9603,-0.51%,开放申购,开放赎回,
2010-07-05,0.9051,0.9551,-0.57%,开放申购,开放赎回,
2010-07-06,0.9296,0.9796,2.71%,开放申购,开放赎回,
2010-07-07,0.9425,0.9925,1.39%,开放申购,开放赎回,
2010-07-08,0.9375,0.9875,-0.53%,开放申购,开放赎回,
2010-07-09,0.9639,1.0139,2.82%,开放申购,开放赎回,
2010-07-12,0.974,1.024,1.05%,开放申购,开放赎回,
2010-07-13,0.9593,1.0093,-1.51%,开放申购,开放赎回,
2010-07-14,0.9678,1.0178,0.89%,开放申购,开放赎回,
2010-07-15,0.9465,0.9965,-2.20%,开放申购,开放赎回,
2010-07-16,0.9519,1.0019,0.57%,开放申购,开放赎回,
2010-07-19,0.9723,1.0223,2.14%,开放申购,开放赎回,
2010-07-20,0.9986,1.0486,2.70%,开放申购,开放赎回,
2010-07-21,1.0005,1.0505,0.19%,开放申购,开放赎回,
2010-07-22,1.0145,1.0645,1.40%,开放申购,开放赎回,
2010-07-23,1.014,1.064,-0.05%,开放申购,开放赎回,
2010-07-26,1.0272,1.0772,1.30%,开放申购,开放赎回,
2010-07-27,1.0267,1.0767,-0.05%,开放申购,开放赎回,
2010-07-28,1.0492,1.0992,2.19%,开放申购,开放赎回,
2010-07-29,1.0568,1.1068,0.72%,开放申购,开放赎回,
2010-07-30,1.0561,1.1061,-0.07%,开放申购,开放赎回,
2010-08-02,1.0744,1.1244,1.73%,开放申购,开放赎回,
2010-08-03,1.0566,1.1066,-1.66%,开放申购,开放赎回,
2010-08-04,1.0696,1.1196,1.23%,开放申购,开放赎回,
2010-08-05,1.0742,1.1242,0.43%,开放申购,开放赎回,
2010-08-06,1.0953,1.1453,1.96%,开放申购,开放赎回,
2010-08-09,1.109,1.159,1.25%,开放申购,开放赎回,
2010-08-10,1.0691,1.1191,-3.60%,开放申购,开放赎回,
2010-08-11,1.0813,1.1313,1.14%,开放申购,开放赎回,
2010-08-12,1.0679,1.1179,-1.24%,开放申购,开放赎回,
2010-08-13,1.0874,1.1374,1.83%,开放申购,开放赎回,
2010-08-16,1.1112,1.1612,2.19%,开放申购,开放赎回,
2010-08-17,1.1195,1.1695,0.75%,开放申购,开放赎回,
2010-08-18,1.1193,1.1693,-0.02%,开放申购,开放赎回,
2010-08-19,1.1204,1.1704,0.10%,开放申购,开放赎回,
2010-08-20,1.0976,1.1476,-2.04%,开放申购,开放赎回,
2010-08-23,1.1066,1.1566,0.82%,开放申购,开放赎回,
2010-08-24,1.119,1.169,1.12%,开放申购,开放赎回,
2010-08-25,1.0979,1.1479,-1.89%,开放申购,开放赎回,
2010-08-26,1.1053,1.1553,0.67%,开放申购,开放赎回,
2010-08-27,1.1129,1.1629,0.69%,开放申购,开放赎回,
2010-08-30,1.1419,1.1919,2.61%,开放申购,开放赎回,
2010-08-31,1.1502,1.2002,0.73%,开放申购,开放赎回,
2010-09-01,1.1361,1.1861,-1.23%,开放申购,开放赎回,
2010-09-02,1.1587,1.2087,1.99%,开放申购,开放赎回,
2010-09-03,1.1677,1.2177,0.78%,开放申购,开放赎回,
2010-09-06,1.165,1.215,-0.23%,开放申购,开放赎回,
2010-09-07,1.1716,1.2216,0.57%,开放申购,开放赎回,
2010-09-08,1.1812,1.2312,0.82%,开放申购,开放赎回,
2010-09-09,1.1664,1.2164,-1.25%,开放申购,开放赎回,
2010-09-10,1.1776,1.2276,0.96%,开放申购,开放赎回,
2010-09-13,1.1976,1.2476,1.70%,开放申购,开放赎回,
2010-09-14,1.2013,1.2513,0.31%,开放申购,开放赎回,
2010-09-15,1.1833,1.2333,-1.50%,开放申购,开放赎回,
2010-09-16,1.155,1.205,-2.39%,开放申购,开放赎回,
2010-09-17,1.1533,1.2033,-0.15%,开放申购,开放赎回,
2010-09-20,1.1412,1.1912,-1.05%,开放申购,开放赎回,
2010-09-21,1.1397,1.1897,-0.13%,开放申购,开放赎回,
2010-09-27,1.1698,1.2198,2.64%,开放申购,开放赎回,
2010-09-28,1.1652,1.2152,-0.39%,开放申购,开放赎回,
2010-09-29,1.15,1.2,-1.30%,开放申购,开放赎回,
2010-09-30,1.1666,1.2166,1.44%,开放申购,开放赎回,
2010-10-08,1.1921,1.2421,2.19%,开放申购,开放赎回,
2010-10-11,1.1972,1.2472,0.43%,开放申购,开放赎回,
2010-10-12,1.2011,1.2511,0.33%,开放申购,开放赎回,
2010-10-13,1.2084,1.2584,0.61%,开放申购,开放赎回,
2010-10-14,1.1706,1.2206,-3.13%,开放申购,开放赎回,
2010-10-15,1.1734,1.2234,0.24%,开放申购,开放赎回,
2010-10-18,1.1602,1.2102,-1.12%,开放申购,开放赎回,
2010-10-19,1.1941,1.2441,2.92%,开放申购,开放赎回,
2010-10-20,1.1978,1.2478,0.31%,开放申购,开放赎回,
2010-10-21,1.2071,1.2571,0.78%,开放申购,开放赎回,
2010-10-22,1.2176,1.2676,0.87%,开放申购,开放赎回,
2010-10-25,1.2462,1.2962,2.35%,开放申购,开放赎回,
2010-10-26,1.2575,1.3075,0.91%,开放申购,开放赎回,
2010-10-27,1.2453,1.2953,-0.97%,开放申购,开放赎回,
2010-10-28,1.2464,1.2964,0.09%,开放申购,开放赎回,
2010-10-29,1.2597,1.3097,1.07%,开放申购,开放赎回,
2010-11-01,1.294,1.344,2.72%,开放申购,开放赎回,
2010-11-02,1.2878,1.3378,-0.48%,开放申购,开放赎回,
2010-11-03,1.2701,1.3201,-1.37%,开放申购,开放赎回,
2010-11-04,1.3009,1.3509,2.43%,开放申购,开放赎回,
2010-11-05,1.3208,1.3708,1.53%,开放申购,开放赎回,
2010-11-08,1.3493,1.3993,2.16%,开放申购,开放赎回,
2010-11-09,1.3579,1.4079,0.64%,开放申购,开放赎回,
2010-11-10,1.3619,1.4119,0.29%,开放申购,开放赎回,
2010-11-11,1.3513,1.4013,-0.78%,开放申购,开放赎回,
2010-11-12,1.2736,1.3236,-5.75%,开放申购,开放赎回,
2010-11-15,1.3076,1.3576,2.67%,开放申购,开放赎回,
2010-11-16,1.2635,1.3135,-3.37%,开放申购,开放赎回,
2010-11-17,1.2134,1.2634,-3.97%,开放申购,开放赎回,
2010-11-18,1.2314,1.2814,1.48%,开放申购,开放赎回,
2010-11-19,1.2666,1.3166,2.86%,开放申购,开放赎回,
2010-11-22,1.2829,1.3329,1.29%,开放申购,开放赎回,
2010-11-23,1.2621,1.3121,-1.62%,开放申购,开放赎回,
2010-11-24,1.2958,1.3458,2.67%,开放申购,开放赎回,
2010-11-25,1.3085,1.3585,0.98%,开放申购,开放赎回,
2010-11-26,1.3008,1.3508,-0.59%,开放申购,开放赎回,
2010-11-29,1.3057,1.3557,0.38%,开放申购,开放赎回,
2010-11-30,1.2731,1.3231,-2.50%,开放申购,开放赎回,
2010-12-01,1.2745,1.3245,0.11%,开放申购,开放赎回,
2010-12-02,1.2795,1.3295,0.39%,开放申购,开放赎回,
2010-12-03,1.2705,1.3205,-0.70%,开放申购,开放赎回,
2010-12-06,1.2506,1.3006,-1.57%,开放申购,开放赎回,
2010-12-07,1.2667,1.3167,1.29%,开放申购,开放赎回,
2010-12-08,1.2633,1.3133,-0.27%,开放申购,开放赎回,
2010-12-09,1.2384,1.2884,-1.97%,开放申购,开放赎回,
2010-12-10,1.2559,1.3059,1.41%,开放申购,开放赎回,
2010-12-13,1.2889,1.3389,2.63%,开放申购,开放赎回,
2010-12-14,1.3041,1.3541,1.18%,开放申购,开放赎回,
2010-12-15,1.301,1.351,-0.24%,开放申购,开放赎回,
2010-12-16,1.2976,1.3476,-0.26%,开放申购,开放赎回,
2010-12-17,1.3003,1.3503,0.21%,开放申购,开放赎回,
2010-12-20,1.2849,1.3349,-1.18%,开放申购,开放赎回,
2010-12-21,1.2989,1.3489,1.09%,开放申购,开放赎回,
2010-12-22,1.2874,1.3374,-0.89%,开放申购,开放赎回,
2010-12-23,1.2625,1.3125,-1.93%,开放申购,开放赎回,
2010-12-24,1.2441,1.2941,-1.46%,开放申购,开放赎回,
2010-12-27,1.2103,1.2603,-2.72%,开放申购,开放赎回,
2010-12-28,1.1822,1.2322,-2.32%,开放申购,开放赎回,
2010-12-29,1.2016,1.2516,1.64%,开放申购,开放赎回,
2010-12-30,1.2053,1.2553,0.31%,开放申购,开放赎回,
2010-12-31,1.231,1.281,2.13%,开放申购,开放赎回,
2011-01-04,1.247,1.297,1.30%,开放申购,开放赎回,
2011-01-05,1.2511,1.3011,0.33%,开放申购,开放赎回,
2011-01-06,1.2445,1.2945,-0.53%,开放申购,开放赎回,
2011-01-07,1.2384,1.2884,-0.49%,开放申购,开放赎回,
2011-01-10,1.2041,1.2541,-2.77%,开放申购,开放赎回,
2011-01-11,1.1982,1.2482,-0.49%,开放申购,开放赎回,
2011-01-12,1.205,1.255,0.57%,开放申购,开放赎回,
2011-01-13,1.2035,1.2535,-0.12%,开放申购,开放赎回,
2011-01-14,1.1791,1.2291,-2.03%,开放申购,开放赎回,
2011-01-17,1.1308,1.1808,-4.10%,开放申购,开放赎回,
2011-01-18,1.1347,1.1847,0.34%,开放申购,开放赎回,
2011-01-19,1.1606,1.2106,2.28%,开放申购,开放赎回,
2011-01-20,1.1206,1.1706,-3.45%,开放申购,开放赎回,
2011-01-21,1.1274,1.1774,0.61%,开放申购,开放赎回,
2011-01-24,1.1017,1.1517,-2.28%,开放申购,开放赎回,
2011-01-25,1.0883,1.1383,-1.22%,开放申购,开放赎回,
2011-01-26,1.108,1.158,1.81%,开放申购,开放赎回,
2011-01-27,1.1265,1.1765,1.67%,开放申购,开放赎回,
2011-01-28,1.1372,1.1872,0.95%,开放申购,开放赎回,
2011-01-31,1.152,1.202,1.30%,开放申购,开放赎回,
2011-02-01,1.1567,1.2067,0.41%,开放申购,开放赎回,
2011-02-09,1.1515,1.2015,-0.45%,开放申购,开放赎回,
2011-02-10,1.181,1.231,2.56%,开放申购,开放赎回,
2011-02-11,1.1935,1.2435,1.06%,开放申购,开放赎回,
2011-02-14,1.2138,1.2638,1.70%,开放申购,开放赎回,
2011-02-15,1.2131,1.2631,-0.06%,开放申购,开放赎回,
2011-02-16,1.2327,1.2827,1.62%,开放申购,开放赎回,
2011-02-17,1.2409,1.2909,0.67%,开放申购,开放赎回,
2011-02-18,1.2299,1.2799,-0.89%,开放申购,开放赎回,
2011-02-21,1.2539,1.3039,1.95%,开放申购,开放赎回,
2011-02-22,1.2224,1.2724,-2.51%,开放申购,开放赎回,
2011-02-23,1.2387,1.2887,1.33%,开放申购,开放赎回,
2011-02-24,1.2502,1.3002,0.93%,开放申购,开放赎回,
2011-02-25,1.2514,1.3014,0.10%,开放申购,开放赎回,
2011-02-28,1.2661,1.3161,1.17%,开放申购,开放赎回,
2011-03-01,1.2731,1.3231,0.55%,开放申购,开放赎回,
2011-03-02,1.2698,1.3198,-0.26%,开放申购,开放赎回,
2011-03-03,1.2462,1.2962,-1.86%,开放申购,开放赎回,
2011-03-04,1.26,1.31,1.11%,开放申购,开放赎回,
2011-03-07,1.2766,1.3266,1.32%,开放申购,开放赎回,
2011-03-08,1.2831,1.3331,0.51%,开放申购,开放赎回,
2011-03-09,1.2868,1.3368,0.29%,开放申购,开放赎回,
2011-03-10,1.2777,1.3277,-0.71%,开放申购,开放赎回,
2011-03-11,1.2769,1.3269,-0.06%,开放申购,开放赎回,
2011-03-14,1.2887,1.3387,0.92%,开放申购,开放赎回,
2011-03-15,1.2748,1.3248,-1.08%,开放申购,开放赎回,
2011-03-16,1.2907,1.3407,1.25%,开放申购,开放赎回,
2011-03-17,1.2682,1.3182,-1.74%,开放申购,开放赎回,
2011-03-18,1.2736,1.3236,0.43%,开放申购,开放赎回,
2011-03-21,1.2639,1.3139,-0.76%,开放申购,开放赎回,
2011-03-22,1.2638,1.3138,-0.01%,开放申购,开放赎回,
2011-03-23,1.2802,1.3302,1.30%,开放申购,开放赎回,
2011-03-24,1.2834,1.3334,0.25%,开放申购,开放赎回,
2011-03-25,1.2936,1.3436,0.79%,开放申购,开放赎回,
2011-03-28,1.2906,1.3406,-0.23%,开放申购,开放赎回,
2011-03-29,1.2697,1.3197,-1.62%,开放申购,开放赎回,
2011-03-30,1.2587,1.3087,-0.87%,开放申购,开放赎回,
2011-03-31,1.2435,1.2935,-1.21%,开放申购,开放赎回,
2011-04-01,1.2587,1.3087,1.22%,开放申购,开放赎回,
2011-04-06,1.2569,1.3069,-0.14%,开放申购,开放赎回,
2011-04-07,1.2644,1.3144,0.60%,开放申购,开放赎回,
2011-04-08,1.2783,1.3283,1.10%,开放申购,开放赎回,
2011-04-11,1.2684,1.3184,-0.77%,开放申购,开放赎回,
2011-04-12,1.2701,1.3201,0.13%,开放申购,开放赎回,
2011-04-13,1.2821,1.3321,0.94%,开放申购,开放赎回,
2011-04-14,1.2788,1.3288,-0.26%,开放申购,开放赎回,
2011-04-15,1.2815,1.3315,0.21%,开放申购,开放赎回,
2011-04-18,1.2854,1.3354,0.30%,开放申购,开放赎回,
2011-04-19,1.2705,1.3205,-1.16%,开放申购,开放赎回,
2011-04-20,1.2791,1.3291,0.68%,开放申购,开放赎回,
2011-04-21,1.2875,1.3375,0.66%,开放申购,开放赎回,
2011-04-22,1.2821,1.3321,-0.42%,开放申购,开放赎回,
2011-04-25,1.2559,1.3059,-2.04%,开放申购,开放赎回,
2011-04-26,1.2359,1.2859,-1.59%,开放申购,开放赎回,
2011-04-27,1.2221,1.2721,-1.12%,开放申购,开放赎回,
2011-04-28,1.1845,1.2345,-3.08%,开放申购,开放赎回,
2011-04-29,1.2034,1.2534,1.60%,开放申购,开放赎回,
2011-05-03,1.2229,1.2729,1.62%,开放申购,开放赎回,
2011-05-04,1.1979,1.2479,-2.04%,开放申购,开放赎回,
2011-05-05,1.2009,1.2509,0.25%,开放申购,开放赎回,
2011-05-06,1.2063,1.2563,0.45%,开放申购,开放赎回,
2011-05-09,1.2156,1.2656,0.77%,开放申购,开放赎回,
2011-05-10,1.2224,1.2724,0.56%,开放申购,开放赎回,
2011-05-11,1.225,1.275,0.21%,开放申购,开放赎回,
2011-05-12,1.2096,1.2596,-1.26%,开放申购,开放赎回,
2011-05-13,1.2188,1.2688,0.76%,开放申购,开放赎回,
2011-05-16,1.2184,1.2684,-0.03%,开放申购,开放赎回,
2011-05-17,1.2121,1.2621,-0.52%,开放申购,开放赎回,
2011-05-18,1.2198,1.2698,0.64%,开放申购,开放赎回,
2011-05-19,1.2136,1.2636,-0.51%,开放申购,开放赎回,
2011-05-20,1.2097,1.2597,-0.32%,开放申购,开放赎回,
2011-05-23,1.1662,1.2162,-3.60%,开放申购,开放赎回,
2011-05-24,1.1646,1.2146,-0.14%,开放申购,开放赎回,
2011-05-25,1.1519,1.2019,-1.09%,开放申购,开放赎回,
2011-05-26,1.141,1.191,-0.95%,开放申购,开放赎回,
2011-05-27,1.1069,1.1569,-2.99%,开放申购,开放赎回,
2011-05-30,1.0872,1.1372,-1.78%,开放申购,开放赎回,
2011-05-31,1.1107,1.1607,2.16%,开放申购,开放赎回,
2011-06-01,1.1218,1.1718,1.00%,开放申购,开放赎回,
2011-06-02,1.1075,1.1575,-1.27%,开放申购,开放赎回,
2011-06-03,1.1256,1.1756,1.63%,开放申购,开放赎回,
2011-06-07,1.1354,1.1854,0.87%,开放申购,开放赎回,
2011-06-08,1.1392,1.1892,0.33%,开放申购,开放赎回,
2011-06-09,1.114,1.164,-2.21%,开放申购,开放赎回,
2011-06-10,1.117,1.167,0.27%,开放申购,开放赎回,
2011-06-13,1.117,1.167,0.00%,开放申购,开放赎回,
2011-06-14,1.1343,1.1843,1.55%,开放申购,开放赎回,
2011-06-15,1.1246,1.1746,-0.86%,开放申购,开放赎回,
2011-06-16,1.1015,1.1515,-2.05%,开放申购,开放赎回,
2011-06-17,1.0861,1.1361,-1.40%,开放申购,开放赎回,
2011-06-20,1.0722,1.1222,-1.28%,开放申购,开放赎回,
2011-06-21,1.0865,1.1365,1.33%,开放申购,开放赎回,
2011-06-22,1.0825,1.1325,-0.37%,开放申购,开放赎回,
2011-06-23,1.1021,1.1521,1.81%,开放申购,开放赎回,
2011-06-24,1.1274,1.1774,2.30%,开放申购,开放赎回,
2011-06-27,1.1414,1.1914,1.24%,开放申购,开放赎回,
2011-06-28,1.1428,1.1928,0.12%,开放申购,开放赎回,
2011-06-29,1.1278,1.1778,-1.31%,开放申购,开放赎回,
2011-06-30,1.1436,1.1936,1.40%,开放申购,开放赎回,
2011-07-01,1.1498,1.1998,0.54%,开放申购,开放赎回,
2011-07-04,1.1768,1.2268,2.35%,开放申购,开放赎回,
2011-07-05,1.1839,1.2339,0.60%,开放申购,开放赎回,
2011-07-06,1.1867,1.2367,0.24%,开放申购,开放赎回,
2011-07-07,1.1867,1.2367,0.00%,开放申购,开放赎回,
2011-07-08,1.1856,1.2356,-0.09%,开放申购,开放赎回,
2011-07-11,1.1958,1.2458,0.86%,开放申购,开放赎回,
2011-07-12,1.1797,1.2297,-1.35%,开放申购,开放赎回,
2011-07-13,1.2021,1.2521,1.90%,开放申购,开放赎回,
2011-07-14,1.2117,1.2617,0.80%,开放申购,开放赎回,
2011-07-15,1.2189,1.2689,0.59%,开放申购,开放赎回,
2011-07-18,1.2186,1.2686,-0.02%,开放申购,开放赎回,
2011-07-19,1.2065,1.2565,-0.99%,开放申购,开放赎回,
2011-07-20,1.2077,1.2577,0.10%,开放申购,开放赎回,
2011-07-21,1.1924,1.2424,-1.27%,开放申购,开放赎回,
2011-07-22,1.1963,1.2463,0.33%,开放申购,开放赎回,
2011-07-25,1.1519,1.2019,-3.71%,开放申购,开放赎回,
2011-07-26,1.1566,1.2066,0.41%,开放申购,开放赎回,
2011-07-27,1.1749,1.2249,1.58%,开放申购,开放赎回,
2011-07-28,1.1678,1.2178,-0.60%,开放申购,开放赎回,
2011-07-29,1.1554,1.2054,-1.06%,开放申购,开放赎回,
2011-08-01,1.1591,1.2091,0.32%,开放申购,开放赎回,
2011-08-02,1.1312,1.2012,-0.68%,开放申购,开放赎回,每份派现金0.0200元
2011-08-03,1.1346,1.2046,0.30%,开放申购,开放赎回,
2011-08-04,1.1402,1.2102,0.49%,开放申购,开放赎回,
2011-08-05,1.1192,1.1892,-1.84%,开放申购,开放赎回,
2011-08-08,1.066,1.136,-4.75%,开放申购,开放赎回,
2011-08-09,1.0627,1.1327,-0.31%,开放申购,开放赎回,
2011-08-10,1.077,1.147,1.35%,开放申购,开放赎回,
2011-08-11,1.0948,1.1648,1.65%,开放申购,开放赎回,
2011-08-12,1.1067,1.1767,1.09%,开放申购,开放赎回,
2011-08-15,1.122,1.192,1.38%,开放申购,开放赎回,
2011-08-16,1.1131,1.1831,-0.79%,开放申购,开放赎回,
2011-08-17,1.1085,1.1785,-0.41%,开放申购,开放赎回,
2011-08-18,1.0905,1.1605,-1.62%,开放申购,开放赎回,
2011-08-19,1.0809,1.1509,-0.88%,开放申购,开放赎回,
2011-08-22,1.0736,1.1436,-0.68%,开放申购,开放赎回,
2011-08-23,1.0902,1.1602,1.55%,开放申购,开放赎回,
2011-08-24,1.0885,1.1585,-0.16%,开放申购,开放赎回,
2011-08-25,1.11,1.18,1.98%,开放申购,开放赎回,
2011-08-26,1.1124,1.1824,0.22%,开放申购,开放赎回,
2011-08-29,1.1029,1.1729,-0.85%,开放申购,开放赎回,
2011-08-30,1.0939,1.1639,-0.82%,开放申购,开放赎回,
2011-08-31,1.089,1.159,-0.45%,开放申购,开放赎回,
2011-09-01,1.0807,1.1507,-0.76%,开放申购,开放赎回,
2011-09-02,1.0689,1.1389,-1.09%,开放申购,开放赎回,
2011-09-05,1.044,1.114,-2.33%,开放申购,开放赎回,
2011-09-06,1.0362,1.1062,-0.75%,开放申购,开放赎回,
2011-09-07,1.0596,1.1296,2.26%,开放申购,开放赎回,
2011-09-08,1.0487,1.1187,-1.03%,开放申购,开放赎回,
2011-09-09,1.0425,1.1125,-0.59%,开放申购,开放赎回,
2011-09-13,1.0262,1.0962,-1.56%,开放申购,开放赎回,
2011-09-14,1.0374,1.1074,1.09%,开放申购,开放赎回,
2011-09-15,1.0382,1.1082,0.08%,开放申购,开放赎回,
2011-09-16,1.038,1.108,-0.02%,开放申购,开放赎回,
2011-09-19,1.0185,1.0885,-1.88%,开放申购,开放赎回,
2011-09-20,1.0232,1.0932,0.46%,开放申购,开放赎回,
2011-09-21,1.0521,1.1221,2.82%,开放申购,开放赎回,
2011-09-22,1.0232,1.0932,-2.75%,开放申购,开放赎回,
2011-09-23,1.0153,1.0853,-0.77%,开放申购,开放赎回,
2011-09-26,0.9997,1.0697,-1.54%,开放申购,开放赎回,
2011-09-27,1.0036,1.0736,0.39%,开放申购,开放赎回,
2011-09-28,0.9875,1.0575,-1.60%,开放申购,开放赎回,
2011-09-29,0.9574,1.0274,-3.05%,开放申购,开放赎回,
2011-09-30,0.9541,1.0241,-0.34%,开放申购,开放赎回,
2011-10-10,0.9484,1.0184,-0.60%,开放申购,开放赎回,
2011-10-11,0.9448,1.0148,-0.38%,开放申购,开放赎回,
2011-10-12,0.976,1.046,3.30%,开放申购,开放赎回,
2011-10-13,0.9881,1.0581,1.24%,开放申购,开放赎回,
2011-10-14,0.9842,1.0542,-0.39%,开放申购,开放赎回,
2011-10-17,0.9869,1.0569,0.27%,开放申购,开放赎回,
2011-10-18,0.9587,1.0287,-2.86%,开放申购,开放赎回,
2011-10-19,0.9533,1.0233,-0.56%,开放申购,开放赎回,
2011-10-20,0.9266,0.9966,-2.80%,开放申购,开放赎回,
2011-10-21,0.9104,0.9804,-1.75%,开放申购,开放赎回,
2011-10-24,0.9257,0.9957,1.68%,开放申购,开放赎回,
2011-10-25,0.9507,1.0207,2.70%,开放申购,开放赎回,
2011-10-26,0.9604,1.0304,1.02%,开放申购,开放赎回,
2011-10-27,0.9614,1.0314,0.10%,开放申购,开放赎回,
2011-10-28,0.9825,1.0525,2.19%,开放申购,开放赎回,
2011-10-31,0.9873,1.0573,0.49%,开放申购,开放赎回,
2011-11-01,0.9874,1.0574,0.01%,开放申购,开放赎回,
2011-11-02,1.0045,1.0745,1.73%,开放申购,开放赎回,
2011-11-03,1.0103,1.0803,0.58%,开放申购,开放赎回,
2011-11-04,1.0181,1.0881,0.77%,开放申购,开放赎回,
2011-11-07,1.0142,1.0842,-0.38%,开放申购,开放赎回,
2011-11-08,1.0008,1.0708,-1.32%,开放申购,开放赎回,
2011-11-09,1.0168,1.0868,1.60%,开放申购,开放赎回,
2011-11-10,1.0024,1.0724,-1.42%,开放申购,开放赎回,
2011-11-11,1.0018,1.0718,-0.06%,开放申购,开放赎回,
2011-11-14,1.0246,1.0946,2.28%,开放申购,开放赎回,
2011-11-15,1.0323,1.1023,0.75%,开放申购,开放赎回,
2011-11-16,1.0078,1.0778,-2.37%,开放申购,开放赎回,
2011-11-17,1.0057,1.0757,-0.21%,开放申购,开放赎回,
2011-11-18,0.9785,1.0485,-2.70%,开放申购,开放赎回,
2011-11-21,0.9792,1.0492,0.07%,开放申购,开放赎回,
2011-11-22,0.9772,1.0472,-0.20%,开放申购,开放赎回,
2011-11-23,0.9736,1.0436,-0.37%,开放申购,开放赎回,
2011-11-24,0.9719,1.0419,-0.17%,开放申购,开放赎回,
2011-11-25,0.9662,1.0362,-0.59%,开放申购,开放赎回,
2011-11-28,0.9671,1.0371,0.09%,开放申购,开放赎回,
2011-11-29,0.9824,1.0524,1.58%,开放申购,开放赎回,
2011-11-30,0.9447,1.0147,-3.84%,开放申购,开放赎回,
2011-12-01,0.9628,1.0328,1.92%,开放申购,开放赎回,
2011-12-02,0.9441,1.0141,-1.94%,开放申购,开放赎回,
2011-12-05,0.9145,0.9845,-3.14%,开放申购,开放赎回,
2011-12-06,0.9144,0.9844,-0.01%,开放申购,开放赎回,
2011-12-07,0.9168,0.9868,0.26%,开放申购,开放赎回,
2011-12-08,0.9163,0.9863,-0.05%,开放申购,开放赎回,
2011-12-09,0.9078,0.9778,-0.93%,开放申购,开放赎回,
2011-12-12,0.8965,0.9665,-1.24%,开放申购,开放赎回,
2011-12-13,0.8669,0.9369,-3.30%,开放申购,开放赎回,
2011-12-14,0.8511,0.9211,-1.82%,开放申购,开放赎回,
2011-12-15,0.8289,0.8989,-2.61%,开放申购,开放赎回,
2011-12-16,0.852,0.922,2.79%,开放申购,开放赎回,
2011-12-19,0.8538,0.9238,0.21%,开放申购,开放赎回,
2011-12-20,0.8513,0.9213,-0.29%,开放申购,开放赎回,
2011-12-21,0.8319,0.9019,-2.28%,开放申购,开放赎回,
2011-12-22,0.8215,0.8915,-1.25%,开放申购,开放赎回,
2011-12-23,0.8283,0.8983,0.83%,开放申购,开放赎回,
2011-12-26,0.8237,0.8937,-0.56%,开放申购,开放赎回,
2011-12-27,0.8039,0.8739,-2.40%,开放申购,开放赎回,
2011-12-28,0.7999,0.8699,-0.50%,开放申购,开放赎回,
2011-12-29,0.7999,0.8699,0.00%,开放申购,开放赎回,
2011-12-30,0.8139,0.8839,1.75%,开放申购,开放赎回,
2011-12-31,0.8139,0.8839,0.00%,开放申购,开放赎回,
2012-01-04,0.7938,0.8638,-2.47%,开放申购,开放赎回,
2012-01-05,0.766,0.836,-3.50%,开放申购,开放赎回,
2012-01-06,0.7691,0.8391,0.40%,开放申购,开放赎回,
2012-01-09,0.7987,0.8687,3.85%,开放申购,开放赎回,
2012-01-10,0.83,0.9,3.92%,开放申购,开放赎回,
2012-01-11,0.8303,0.9003,0.04%,开放申购,开放赎回,
2012-01-12,0.8301,0.9001,-0.02%,开放申购,开放赎回,
2012-01-13,0.8036,0.8736,-3.19%,开放申购,开放赎回,
2012-01-16,0.7792,0.8492,-3.04%,开放申购,开放赎回,
2012-01-17,0.8204,0.8904,5.29%,开放申购,开放赎回,
2012-01-18,0.8046,0.8746,-1.93%,开放申购,开放赎回,
2012-01-19,0.8124,0.8824,0.97%,开放申购,开放赎回,
2012-01-20,0.8229,0.8929,1.29%,开放申购,开放赎回,
2012-01-30,0.8173,0.8873,-0.68%,开放申购,开放赎回,
2012-01-31,0.8178,0.8878,0.06%,开放申购,开放赎回,
2012-02-01,0.8111,0.8811,-0.82%,开放申购,开放赎回,
2012-02-02,0.8257,0.8957,1.80%,开放申购,开放赎回,
2012-02-03,0.8386,0.9086,1.56%,开放申购,开放赎回,
2012-02-06,0.8455,0.9155,0.82%,开放申购,开放赎回,
2012-02-07,0.8324,0.9024,-1.55%,开放申购,开放赎回,
2012-02-08,0.8532,0.9232,2.50%,开放申购,开放赎回,
2012-02-09,0.8589,0.9289,0.67%,开放申购,开放赎回,
2012-02-10,0.8633,0.9333,0.51%,开放申购,开放赎回,
2012-02-13,0.8706,0.9406,0.85%,开放申购,开放赎回,
2012-02-14,0.8717,0.9417,0.13%,开放申购,开放赎回,
2012-02-15,0.8841,0.9541,1.42%,开放申购,开放赎回,
2012-02-16,0.8839,0.9539,-0.02%,开放申购,开放赎回,
2012-02-17,0.8812,0.9512,-0.31%,开放申购,开放赎回,
2012-02-20,0.8833,0.9533,0.24%,开放申购,开放赎回,
2012-02-21,0.8935,0.9635,1.15%,开放申购,开放赎回,
2012-02-22,0.9101,0.9801,1.86%,开放申购,开放赎回,
2012-02-23,0.9128,0.9828,0.30%,开放申购,开放赎回,
2012-02-24,0.9259,0.9959,1.44%,开放申购,开放赎回,
2012-02-27,0.9275,0.9975,0.17%,开放申购,开放赎回,
2012-02-28,0.9231,0.9931,-0.47%,开放申购,开放赎回,
2012-02-29,0.9115,0.9815,-1.26%,开放申购,开放赎回,
2012-03-01,0.916,0.986,0.49%,开放申购,开放赎回,
2012-03-02,0.9344,1.0044,2.01%,开放申购,开放赎回,
2012-03-05,0.9353,1.0053,0.10%,开放申购,开放赎回,
2012-03-06,0.9264,0.9964,-0.95%,开放申购,开放赎回,
2012-03-07,0.9199,0.9899,-0.70%,开放申购,开放赎回,
2012-03-08,0.9338,1.0038,1.51%,开放申购,开放赎回,
2012-03-09,0.947,1.017,1.41%,开放申购,开放赎回,
2012-03-12,0.9523,1.0223,0.56%,开放申购,开放赎回,
2012-03-13,0.9614,1.0314,0.96%,开放申购,开放赎回,
2012-03-14,0.9203,0.9903,-4.28%,开放申购,开放赎回,
2012-03-15,0.9098,0.9798,-1.14%,开放申购,开放赎回,
2012-03-16,0.9327,1.0027,2.52%,开放申购,开放赎回,
2012-03-19,0.9424,1.0124,1.04%,开放申购,开放赎回,
2012-03-20,0.923,0.993,-2.06%,开放申购,开放赎回,
2012-03-21,0.9261,0.9961,0.34%,开放申购,开放赎回,
2012-03-22,0.922,0.992,-0.44%,开放申购,开放赎回,
2012-03-23,0.905,0.975,-1.84%,开放申购,开放赎回,
2012-03-26,0.9041,0.9741,-0.10%,开放申购,开放赎回,
2012-03-27,0.9009,0.9709,-0.35%,开放申购,开放赎回,
2012-03-28,0.8627,0.9327,-4.24%,开放申购,开放赎回,
2012-03-29,0.8474,0.9174,-1.77%,开放申购,开放赎回,
2012-03-30,0.8452,0.9152,-0.26%,开放申购,开放赎回,
2012-03-31,0.8452,0.9152,0.00%,开放申购,开放赎回,
2012-04-05,0.872,0.942,3.17%,开放申购,开放赎回,
2012-04-06,0.8772,0.9472,0.60%,开放申购,开放赎回,
2012-04-09,0.8675,0.9375,-1.11%,开放申购,开放赎回,
2012-04-10,0.8771,0.9471,1.11%,开放申购,开放赎回,
2012-04-11,0.88,0.95,0.33%,开放申购,开放赎回,
2012-04-12,0.8973,0.9673,1.97%,开放申购,开放赎回,
2012-04-13,0.9054,0.9754,0.90%,开放申购,开放赎回,
2012-04-16,0.9078,0.9778,0.27%,开放申购,开放赎回,
2012-04-17,0.8951,0.9651,-1.40%,开放申购,开放赎回,
2012-04-18,0.9144,0.9844,2.16%,开放申购,开放赎回,
2012-04-19,0.9123,0.9823,-0.23%,开放申购,开放赎回,
2012-04-20,0.9197,0.9897,0.81%,开放申购,开放赎回,
2012-04-23,0.9094,0.9794,-1.12%,开放申购,开放赎回,
2012-04-24,0.9037,0.9737,-0.63%,开放申购,开放赎回,
2012-04-25,0.916,0.986,1.36%,开放申购,开放赎回,
2012-04-26,0.9116,0.9816,-0.48%,开放申购,开放赎回,
2012-04-27,0.9034,0.9734,-0.90%,开放申购,开放赎回,
2012-05-02,0.9158,0.9858,1.37%,开放申购,开放赎回,
2012-05-03,0.9195,0.9895,0.40%,开放申购,开放赎回,
2012-05-04,0.9251,0.9951,0.61%,开放申购,开放赎回,
2012-05-07,0.9313,1.0013,0.67%,开放申购,开放赎回,
2012-05-08,0.9311,1.0011,-0.02%,开放申购,开放赎回,
2012-05-09,0.9157,0.9857,-1.65%,开放申购,开放赎回,
2012-05-10,0.9189,0.9889,0.35%,开放申购,开放赎回,
2012-05-11,0.9153,0.9853,-0.39%,开放申购,开放赎回,
2012-05-14,0.914,0.984,-0.14%,开放申购,开放赎回,
2012-05-15,0.9132,0.9832,-0.09%,开放申购,开放赎回,
2012-05-16,0.9027,0.9727,-1.15%,开放申购,开放赎回,
2012-05-17,0.9154,0.9854,1.41%,开放申购,开放赎回,
2012-05-18,0.9018,0.9718,-1.49%,开放申购,开放赎回,
2012-05-21,0.9013,0.9713,-0.06%,开放申购,开放赎回,
2012-05-22,0.9148,0.9848,1.50%,开放申购,开放赎回,
2012-05-23,0.9144,0.9844,-0.04%,开放申购,开放赎回,
2012-05-24,0.9073,0.9773,-0.78%,开放申购,开放赎回,
2012-05-25,0.8974,0.9674,-1.09%,开放申购,开放赎回,
2012-05-28,0.9096,0.9796,1.36%,开放申购,开放赎回,
2012-05-29,0.9232,0.9932,1.50%,开放申购,开放赎回,
2012-05-30,0.9248,0.9948,0.17%,开放申购,开放赎回,
2012-05-31,0.9253,0.9953,0.05%,开放申购,开放赎回,
2012-06-01,0.9231,0.9931,-0.24%,开放申购,开放赎回,
2012-06-04,0.8944,0.9644,-3.11%,开放申购,开放赎回,
2012-06-05,0.8936,0.9636,-0.09%,开放申购,开放赎回,
2012-06-06,0.8895,0.9595,-0.46%,开放申购,开放赎回,
2012-06-07,0.8851,0.9551,-0.49%,开放申购,开放赎回,
2012-06-08,0.8811,0.9511,-0.45%,开放申购,开放赎回,
2012-06-11,0.8968,0.9668,1.78%,开放申购,开放赎回,
2012-06-12,0.8918,0.9618,-0.56%,开放申购,开放赎回,
2012-06-13,0.9076,0.9776,1.77%,开放申购,开放赎回,
2012-06-14,0.9024,0.9724,-0.57%,开放申购,开放赎回,
2012-06-15,0.9017,0.9717,-0.08%,开放申购,开放赎回,
2012-06-18,0.9101,0.9801,0.93%,开放申购,开放赎回,
2012-06-19,0.904,0.974,-0.67%,开放申购,开放赎回,
2012-06-20,0.8989,0.9689,-0.56%,开放申购,开放赎回,
2012-06-21,0.8883,0.9583,-1.18%,开放申购,开放赎回,
2012-06-25,0.8654,0.9354,-2.58%,开放申购,开放赎回,
2012-06-26,0.8647,0.9347,-0.08%,开放申购,开放赎回,
2012-06-27,0.8615,0.9315,-0.37%,开放申购,开放赎回,
2012-06-28,0.8502,0.9202,-1.31%,开放申购,开放赎回,
2012-06-29,0.8599,0.9299,1.14%,开放申购,开放赎回,
2012-06-30,0.8599,0.9299,0.00%,开放申购,开放赎回,
2012-07-02,0.8691,0.9391,1.07%,开放申购,开放赎回,
2012-07-03,0.8707,0.9407,0.18%,开放申购,开放赎回,
2012-07-04,0.8665,0.9365,-0.48%,开放申购,开放赎回,
2012-07-05,0.8478,0.9178,-2.16%,开放申购,开放赎回,
2012-07-06,0.864,0.934,1.91%,开放申购,开放赎回,
2012-07-09,0.8435,0.9135,-2.37%,开放申购,开放赎回,
2012-07-10,0.8357,0.9057,-0.92%,开放申购,开放赎回,
2012-07-11,0.8448,0.9148,1.09%,开放申购,开放赎回,
2012-07-12,0.8557,0.9257,1.29%,开放申购,开放赎回,
2012-07-13,0.8523,0.9223,-0.40%,开放申购,开放赎回,
2012-07-16,0.8231,0.8931,-3.43%,开放申购,开放赎回,
2012-07-17,0.8285,0.8985,0.66%,开放申购,开放赎回,
2012-07-18,0.833,0.903,0.54%,开放申购,开放赎回,
2012-07-19,0.8424,0.9124,1.13%,开放申购,开放赎回,
2012-07-20,0.8371,0.9071,-0.63%,开放申购,开放赎回,
2012-07-23,0.8297,0.8997,-0.88%,开放申购,开放赎回,
2012-07-24,0.8352,0.9052,0.66%,开放申购,开放赎回,
2012-07-25,0.8284,0.8984,-0.81%,开放申购,开放赎回,
2012-07-26,0.8213,0.8913,-0.86%,开放申购,开放赎回,
2012-07-27,0.8168,0.8868,-0.55%,开放申购,开放赎回,
2012-07-30,0.8011,0.8711,-1.92%,开放申购,开放赎回,
2012-07-31,0.7873,0.8573,-1.72%,开放申购,开放赎回,
2012-08-01,0.8008,0.8708,1.71%,开放申购,开放赎回,
2012-08-02,0.7959,0.8659,-0.61%,开放申购,开放赎回,
2012-08-03,0.8111,0.8811,1.91%,开放申购,开放赎回,
2012-08-06,0.8293,0.8993,2.24%,开放申购,开放赎回,
2012-08-07,0.8366,0.9066,0.88%,开放申购,开放赎回,
2012-08-08,0.8339,0.9039,-0.32%,开放申购,开放赎回,
2012-08-09,0.8453,0.9153,1.37%,开放申购,开放赎回,
2012-08-10,0.8431,0.9131,-0.26%,开放申购,开放赎回,
2012-08-13,0.8248,0.8948,-2.17%,开放申购,开放赎回,
2012-08-14,0.8322,0.9022,0.90%,开放申购,开放赎回,
2012-08-15,0.823,0.893,-1.11%,开放申购,开放赎回,
2012-08-16,0.8174,0.8874,-0.68%,开放申购,开放赎回,
2012-08-17,0.8174,0.8874,0.00%,开放申购,开放赎回,
2012-08-20,0.818,0.888,0.07%,开放申购,开放赎回,
2012-08-21,0.8289,0.8989,1.33%,开放申购,开放赎回,
2012-08-22,0.8219,0.8919,-0.84%,开放申购,开放赎回,
2012-08-23,0.827,0.897,0.62%,开放申购,开放赎回,
2012-08-24,0.8123,0.8823,-1.78%,开放申购,开放赎回,
2012-08-27,0.793,0.863,-2.38%,开放申购,开放赎回,
2012-08-28,0.797,0.867,0.50%,开放申购,开放赎回,
2012-08-29,0.7919,0.8619,-0.64%,开放申购,开放赎回,
2012-08-30,0.7801,0.8501,-1.49%,开放申购,开放赎回,
2012-08-31,0.7824,0.8524,0.29%,开放申购,开放赎回,
2012-09-03,0.7967,0.8667,1.83%,开放申购,开放赎回,
2012-09-04,0.7883,0.8583,-1.05%,开放申购,开放赎回,
2012-09-05,0.7923,0.8623,0.51%,开放申购,开放赎回,
2012-09-06,0.8009,0.8709,1.09%,开放申购,开放赎回,
2012-09-07,0.8284,0.8984,3.43%,开放申购,开放赎回,
2012-09-10,0.8352,0.9052,0.82%,开放申购,开放赎回,
2012-09-11,0.832,0.902,-0.38%,开放申购,开放赎回,
2012-09-12,0.8381,0.9081,0.73%,开放申购,开放赎回,
2012-09-13,0.8271,0.8971,-1.31%,开放申购,开放赎回,
2012-09-14,0.8291,0.8991,0.24%,开放申购,开放赎回,
2012-09-17,0.8054,0.8754,-2.86%,开放申购,开放赎回,
2012-09-18,0.8021,0.8721,-0.41%,开放申购,开放赎回,
2012-09-19,0.8096,0.8796,0.94%,开放申购,开放赎回,
2012-09-20,0.7873,0.8573,-2.75%,开放申购,开放赎回,
2012-09-21,0.7831,0.8531,-0.53%,开放申购,开放赎回,
2012-09-24,0.7886,0.8586,0.70%,开放申购,开放赎回,
2012-09-25,0.7832,0.8532,-0.68%,开放申购,开放赎回,
2012-09-26,0.7661,0.8361,-2.18%,开放申购,开放赎回,
2012-09-27,0.7824,0.8524,2.13%,开放申购,开放赎回,
2012-09-28,0.7963,0.8663,1.78%,开放申购,开放赎回,
2012-09-30,0.7962,0.8662,-0.01%,开放申购,开放赎回,
2012-10-08,0.7922,0.8622,-0.50%,开放申购,开放赎回,
2012-10-09,0.8116,0.8816,2.45%,开放申购,开放赎回,
2012-10-10,0.819,0.889,0.91%,开放申购,开放赎回,
2012-10-11,0.8074,0.8774,-1.42%,开放申购,开放赎回,
2012-10-12,0.8056,0.8756,-0.22%,开放申购,开放赎回,
2012-10-15,0.8015,0.8715,-0.51%,开放申购,开放赎回,
2012-10-16,0.8038,0.8738,0.29%,开放申购,开放赎回,
2012-10-17,0.8056,0.8756,0.22%,开放申购,开放赎回,
2012-10-18,0.8184,0.8884,1.59%,开放申购,开放赎回,
2012-10-19,0.8161,0.8861,-0.28%,开放申购,开放赎回,
2012-10-22,0.8192,0.8892,0.38%,开放申购,开放赎回,
2012-10-23,0.8098,0.8798,-1.15%,开放申购,开放赎回,
2012-10-24,0.8095,0.8795,-0.04%,开放申购,开放赎回,
2012-10-25,0.802,0.872,-0.93%,开放申购,开放赎回,
2012-10-26,0.7872,0.8572,-1.85%,开放申购,开放赎回,
2012-10-29,0.7861,0.8561,-0.14%,开放申购,开放赎回,
2012-10-30,0.7865,0.8565,0.05%,开放申购,开放赎回,
2012-10-31,0.7882,0.8582,0.22%,开放申购,开放赎回,
2012-11-01,0.8024,0.8724,1.80%,开放申购,开放赎回,
2012-11-02,0.8074,0.8774,0.62%,开放申购,开放赎回,
2012-11-05,0.804,0.874,-0.42%,开放申购,开放赎回,
2012-11-06,0.7988,0.8688,-0.65%,开放申购,开放赎回,
2012-11-07,0.7978,0.8678,-0.13%,开放申购,开放赎回,
2012-11-08,0.779,0.849,-2.36%,开放申购,开放赎回,
2012-11-09,0.776,0.846,-0.39%,开放申购,开放赎回,
2012-11-12,0.7806,0.8506,0.59%,开放申购,开放赎回,
2012-11-13,0.7654,0.8354,-1.95%,开放申购,开放赎回,
2012-11-14,0.7675,0.8375,0.27%,开放申购,开放赎回,
2012-11-15,0.7546,0.8246,-1.68%,开放申购,开放赎回,
2012-11-16,0.7505,0.8205,-0.54%,开放申购,开放赎回,
2012-11-19,0.7521,0.8221,0.21%,开放申购,开放赎回,
2012-11-20,0.7492,0.8192,-0.39%,开放申购,开放赎回,
2012-11-21,0.7566,0.8266,0.99%,开放申购,开放赎回,
2012-11-22,0.747,0.817,-1.27%,开放申购,开放赎回,
2012-11-23,0.7495,0.8195,0.33%,开放申购,开放赎回,
2012-11-26,0.7411,0.8111,-1.12%,开放申购,开放赎回,
2012-11-27,0.716,0.786,-3.39%,开放申购,开放赎回,
2012-11-28,0.7009,0.7709,-2.11%,开放申购,开放赎回,
2012-11-29,0.6946,0.7646,-0.90%,开放申购,开放赎回,
2012-11-30,0.7047,0.7747,1.45%,开放申购,开放赎回,
2012-12-03,0.6886,0.7586,-2.28%,开放申购,开放赎回,
2012-12-04,0.6967,0.7667,1.18%,开放申购,开放赎回,
2012-12-05,0.7211,0.7911,3.50%,开放申购,开放赎回,
2012-12-06,0.7207,0.7907,-0.06%,开放申购,开放赎回,
2012-12-07,0.7364,0.8064,2.18%,开放申购,开放赎回,
2012-12-10,0.7487,0.8187,1.67%,开放申购,开放赎回,
2012-12-11,0.7439,0.8139,-0.64%,开放申购,开放赎回,
2012-12-12,0.7441,0.8141,0.03%,开放申购,开放赎回,
2012-12-13,0.7347,0.8047,-1.26%,开放申购,开放赎回,
2012-12-14,0.7639,0.8339,3.97%,开放申购,开放赎回,
2012-12-17,0.7699,0.8399,0.79%,开放申购,开放赎回,
2012-12-18,0.7686,0.8386,-0.17%,开放申购,开放赎回,
2012-12-19,0.7715,0.8415,0.38%,开放申购,开放赎回,
2012-12-20,0.7738,0.8438,0.30%,开放申购,开放赎回,
2012-12-21,0.7719,0.8419,-0.25%,开放申购,开放赎回,
2012-12-24,0.7758,0.8458,0.51%,开放申购,开放赎回,
2012-12-25,0.7927,0.8627,2.18%,开放申购,开放赎回,
2012-12-26,0.802,0.872,1.17%,开放申购,开放赎回,
2012-12-27,0.7951,0.8651,-0.86%,开放申购,开放赎回,
2012-12-28,0.8036,0.8736,1.07%,开放申购,开放赎回,
2012-12-31,0.8125,0.8825,1.11%,开放申购,开放赎回,
2013-01-04,0.8083,0.8783,-0.52%,开放申购,开放赎回,
2013-01-07,0.8154,0.8854,0.88%,开放申购,开放赎回,
2013-01-08,0.8245,0.8945,1.12%,开放申购,开放赎回,
2013-01-09,0.8263,0.8963,0.22%,开放申购,开放赎回,
2013-01-10,0.8313,0.9013,0.61%,开放申购,开放赎回,
2013-01-11,0.8113,0.8813,-2.41%,开放申购,开放赎回,
2013-01-14,0.838,0.908,3.29%,开放申购,开放赎回,
2013-01-15,0.8534,0.9234,1.84%,开放申购,开放赎回,
2013-01-16,0.8533,0.9233,-0.01%,开放申购,开放赎回,
2013-01-17,0.8433,0.9133,-1.17%,开放申购,开放赎回,
2013-01-18,0.8566,0.9266,1.58%,开放申购,开放赎回,
2013-01-21,0.8627,0.9327,0.71%,开放申购,开放赎回,
2013-01-22,0.8496,0.9196,-1.52%,开放申购,开放赎回,
2013-01-23,0.8511,0.9211,0.18%,开放申购,开放赎回,
2013-01-24,0.8342,0.9042,-1.99%,开放申购,开放赎回,
2013-01-25,0.8328,0.9028,-0.17%,开放申购,开放赎回,
2013-01-28,0.8529,0.9229,2.41%,开放申购,开放赎回,
2013-01-29,0.8606,0.9306,0.90%,开放申购,开放赎回,
2013-01-30,0.8648,0.9348,0.49%,开放申购,开放赎回,
2013-01-31,0.8598,0.9298,-0.58%,开放申购,开放赎回,
2013-02-01,0.8664,0.9364,0.77%,开放申购,开放赎回,
2013-02-04,0.8609,0.9309,-0.63%,开放申购,开放赎回,
2013-02-05,0.8694,0.9394,0.99%,开放申购,开放赎回,
2013-02-06,0.8749,0.9449,0.63%,开放申购,开放赎回,
2013-02-07,0.878,0.948,0.35%,开放申购,开放赎回,
2013-02-08,0.8901,0.9601,1.38%,开放申购,开放赎回,
2013-02-18,0.8945,0.9645,0.49%,开放申购,开放赎回,
2013-02-19,0.879,0.949,-1.73%,开放申购,开放赎回,
2013-02-20,0.8963,0.9663,1.97%,开放申购,开放赎回,
2013-02-21,0.8787,0.9487,-1.96%,开放申购,开放赎回,
2013-02-22,0.8759,0.9459,-0.32%,开放申购,开放赎回,
2013-02-25,0.885,0.955,1.04%,开放申购,开放赎回,
2013-02-26,0.8722,0.9422,-1.45%,开放申购,开放赎回,
2013-02-27,0.8728,0.9428,0.07%,开放申购,开放赎回,
2013-02-28,0.8898,0.9598,1.95%,开放申购,开放赎回,
2013-03-01,0.8992,0.9692,1.06%,开放申购,开放赎回,
2013-03-04,0.8687,0.9387,-3.39%,开放申购,开放赎回,
2013-03-05,0.8873,0.9573,2.14%,开放申购,开放赎回,
2013-03-06,0.9004,0.9704,1.48%,开放申购,开放赎回,
2013-03-07,0.89,0.96,-1.16%,开放申购,开放赎回,
2013-03-08,0.8807,0.9507,-1.04%,开放申购,开放赎回,
2013-03-11,0.8809,0.9509,0.02%,开放申购,开放赎回,
2013-03-12,0.8598,0.9298,-2.40%,开放申购,开放赎回,
2013-03-13,0.8523,0.9223,-0.87%,开放申购,开放赎回,
2013-03-14,0.8558,0.9258,0.41%,开放申购,开放赎回,
2013-03-15,0.8573,0.9273,0.18%,开放申购,开放赎回,
2013-03-18,0.8468,0.9168,-1.22%,开放申购,开放赎回,
2013-03-19,0.8493,0.9193,0.30%,开放申购,开放赎回,
2013-03-20,0.87,0.94,2.44%,开放申购,开放赎回,
2013-03-21,0.8787,0.9487,1.00%,开放申购,开放赎回,
2013-03-22,0.8821,0.9521,0.39%,开放申购,开放赎回,
2013-03-25,0.8794,0.9494,-0.31%,开放申购,开放赎回,
2013-03-26,0.8736,0.9436,-0.66%,开放申购,开放赎回,
2013-03-27,0.8755,0.9455,0.22%,开放申购,开放赎回,
2013-03-28,0.8514,0.9214,-2.75%,开放申购,开放赎回,
2013-03-29,0.851,0.921,-0.05%,开放申购,开放赎回,
2013-04-01,0.8564,0.9264,0.63%,开放申购,开放赎回,
2013-04-02,0.8465,0.9165,-1.16%,开放申购,开放赎回,
2013-04-03,0.8393,0.9093,-0.85%,开放申购,开放赎回,
2013-04-08,0.8424,0.9124,0.37%,开放申购,开放赎回,
2013-04-09,0.8502,0.9202,0.93%,开放申购,开放赎回,
2013-04-10,0.8486,0.9186,-0.19%,开放申购,开放赎回,
2013-04-11,0.8453,0.9153,-0.39%,开放申购,开放赎回,
2013-04-12,0.8385,0.9085,-0.80%,开放申购,开放赎回,
2013-04-15,0.8273,0.8973,-1.34%,开放申购,开放赎回,
2013-04-16,0.8358,0.9058,1.03%,开放申购,开放赎回,
2013-04-17,0.8428,0.9128,0.84%,开放申购,开放赎回,
2013-04-18,0.8452,0.9152,0.28%,开放申购,开放赎回,
2013-04-19,0.8622,0.9322,2.01%,开放申购,开放赎回,
2013-04-22,0.866,0.936,0.44%,开放申购,开放赎回,
2013-04-23,0.8435,0.9135,-2.60%,开放申购,开放赎回,
2013-04-24,0.8594,0.9294,1.89%,开放申购,开放赎回,
2013-04-25,0.847,0.917,-1.44%,开放申购,开放赎回,
2013-04-26,0.8343,0.9043,-1.50%,开放申购,开放赎回,
2013-05-02,0.8379,0.9079,0.43%,开放申购,开放赎回,
2013-05-03,0.8535,0.9235,1.86%,开放申购,开放赎回,
2013-05-06,0.8688,0.9388,1.79%,开放申购,开放赎回,
2013-05-07,0.8706,0.9406,0.21%,开放申购,开放赎回,
2013-05-08,0.8781,0.9481,0.86%,开放申购,开放赎回,
2013-05-09,0.8786,0.9486,0.06%,开放申购,开放赎回,
2013-05-10,0.8839,0.9539,0.60%,开放申购,开放赎回,
2013-05-13,0.8871,0.9571,0.36%,开放申购,开放赎回,
2013-05-14,0.8777,0.9477,-1.06%,开放申购,开放赎回,
2013-05-15,0.8889,0.9589,1.28%,开放申购,开放赎回,
2013-05-16,0.8974,0.9674,0.96%,开放申购,开放赎回,
2013-05-17,0.9104,0.9804,1.45%,开放申购,开放赎回,
2013-05-20,0.921,0.991,1.16%,开放申购,开放赎回,
2013-05-21,0.9323,1.0023,1.23%,开放申购,开放赎回,
2013-05-22,0.9255,0.9955,-0.73%,开放申购,开放赎回,
2013-05-23,0.9181,0.9881,-0.80%,开放申购,开放赎回,
2013-05-24,0.9317,1.0017,1.48%,开放申购,开放赎回,
2013-05-27,0.9408,1.0108,0.98%,开放申购,开放赎回,
2013-05-28,0.9426,1.0126,0.19%,开放申购,开放赎回,
2013-05-29,0.9494,1.0194,0.72%,开放申购,开放赎回,
2013-05-30,0.9516,1.0216,0.23%,开放申购,开放赎回,
2013-05-31,0.9461,1.0161,-0.58%,开放申购,开放赎回,
2013-06-03,0.9401,1.0101,-0.63%,开放申购,开放赎回,
2013-06-04,0.9226,0.9926,-1.86%,开放申购,开放赎回,
2013-06-05,0.9263,0.9963,0.40%,开放申购,开放赎回,
2013-06-06,0.911,0.981,-1.65%,开放申购,开放赎回,
2013-06-07,0.8941,0.9641,-1.86%,开放申购,开放赎回,
2013-06-13,0.8705,0.9405,-2.64%,开放申购,开放赎回,
2013-06-14,0.8869,0.9569,1.88%,开放申购,开放赎回,
2013-06-17,0.8889,0.9589,0.23%,开放申购,开放赎回,
2013-06-18,0.8921,0.9621,0.36%,开放申购,开放赎回,
2013-06-19,0.8871,0.9571,-0.56%,开放申购,开放赎回,
2013-06-20,0.8595,0.9295,-3.11%,开放申购,开放赎回,
2013-06-21,0.8554,0.9254,-0.48%,开放申购,开放赎回,
2013-06-24,0.8053,0.8753,-5.86%,开放申购,开放赎回,
2013-06-25,0.8021,0.8721,-0.40%,开放申购,开放赎回,
2013-06-26,0.818,0.888,1.98%,开放申购,开放赎回,
2013-06-27,0.8054,0.8754,-1.54%,开放申购,开放赎回,
2013-06-28,0.8061,0.8761,0.09%,开放申购,开放赎回,
2013-06-30,0.8061,0.8761,0.00%,开放申购,开放赎回,
2013-07-01,0.8204,0.8904,1.77%,开放申购,开放赎回,
2013-07-02,0.8331,0.9031,1.55%,开放申购,开放赎回,
2013-07-03,0.8345,0.9045,0.17%,开放申购,开放赎回,
2013-07-04,0.8407,0.9107,0.74%,开放申购,开放赎回,
2013-07-05,0.8364,0.9064,-0.51%,开放申购,开放赎回,
2013-07-08,0.8057,0.8757,-3.67%,开放申购,开放赎回,
2013-07-09,0.8102,0.8802,0.56%,开放申购,开放赎回,
2013-07-10,0.8343,0.9043,2.97%,开放申购,开放赎回,
2013-07-11,0.8565,0.9265,2.66%,开放申购,开放赎回,
2013-07-12,0.8494,0.9194,-0.83%,开放申购,开放赎回,
2013-07-15,0.8657,0.9357,1.92%,开放申购,开放赎回,
2013-07-16,0.876,0.946,1.19%,开放申购,开放赎回,
2013-07-17,0.864,0.934,-1.37%,开放申购,开放赎回,
2013-07-18,0.8631,0.9331,-0.10%,开放申购,开放赎回,
2013-07-19,0.8427,0.9127,-2.36%,开放申购,开放赎回,
2013-07-22,0.8584,0.9284,1.86%,开放申购,开放赎回,
2013-07-23,0.8781,0.9481,2.30%,开放申购,开放赎回,
2013-07-24,0.883,0.953,0.56%,开放申购,开放赎回,
2013-07-25,0.8671,0.9371,-1.80%,开放申购,开放赎回,
2013-07-26,0.8661,0.9361,-0.12%,开放申购,开放赎回,
2013-07-29,0.8502,0.9202,-1.84%,开放申购,开放赎回,
2013-07-30,0.8466,0.9166,-0.42%,开放申购,开放赎回,
2013-07-31,0.8511,0.9211,0.53%,开放申购,开放赎回,
2013-08-01,0.8724,0.9424,2.50%,开放申购,开放赎回,
2013-08-02,0.8753,0.9453,0.33%,开放申购,开放赎回,
2013-08-05,0.8891,0.9591,1.58%,开放申购,开放赎回,
2013-08-06,0.8981,0.9681,1.01%,开放申购,开放赎回,
2013-08-07,0.89,0.96,-0.90%,开放申购,开放赎回,
2013-08-08,0.8923,0.9623,0.26%,开放申购,开放赎回,
2013-08-09,0.8954,0.9654,0.35%,开放申购,开放赎回,
2013-08-12,0.909,0.979,1.52%,开放申购,开放赎回,
2013-08-13,0.9135,0.9835,0.50%,开放申购,开放赎回,
2013-08-14,0.9102,0.9802,-0.36%,开放申购,开放赎回,
2013-08-15,0.8984,0.9684,-1.30%,开放申购,开放赎回,
2013-08-16,0.8803,0.9503,-2.01%,开放申购,开放赎回,
2013-08-19,0.8931,0.9631,1.45%,开放申购,开放赎回,
2013-08-20,0.8909,0.9609,-0.25%,开放申购,开放赎回,
2013-08-21,0.8975,0.9675,0.74%,开放申购,开放赎回,
2013-08-22,0.8997,0.9697,0.25%,开放申购,开放赎回,
2013-08-23,0.8976,0.9676,-0.23%,开放申购,开放赎回,
2013-08-26,0.9153,0.9853,1.97%,开放申购,开放赎回,
2013-08-27,0.9218,0.9918,0.71%,开放申购,开放赎回,
2013-08-28,0.9152,0.9852,-0.72%,开放申购,开放赎回,
2013-08-29,0.9146,0.9846,-0.07%,开放申购,开放赎回,
2013-08-30,0.9061,0.9761,-0.93%,开放申购,开放赎回,
2013-09-02,0.9121,0.9821,0.66%,开放申购,开放赎回,
2013-09-03,0.925,0.995,1.41%,开放申购,开放赎回,
2013-09-04,0.9275,0.9975,0.27%,开放申购,开放赎回,
2013-09-05,0.9291,0.9991,0.17%,开放申购,开放赎回,
2013-09-06,0.9362,1.0062,0.76%,开放申购,开放赎回,
2013-09-09,0.9453,1.0153,0.97%,开放申购,开放赎回,
2013-09-10,0.9544,1.0244,0.96%,开放申购,开放赎回,
2013-09-11,0.9458,1.0158,-0.90%,开放申购,开放赎回,
2013-09-12,0.9484,1.0184,0.27%,开放申购,开放赎回,
2013-09-13,0.9494,1.0194,0.11%,开放申购,开放赎回,
2013-09-16,0.9501,1.0201,0.07%,开放申购,开放赎回,
2013-09-17,0.9341,1.0041,-1.68%,开放申购,开放赎回,
2013-09-18,0.9425,1.0125,0.90%,开放申购,开放赎回,
2013-09-23,0.9608,1.0308,1.94%,开放申购,开放赎回,
2013-09-24,0.9615,1.0315,0.07%,开放申购,开放赎回,
2013-09-25,0.9584,1.0284,-0.32%,开放申购,开放赎回,
2013-09-26,0.9396,1.0096,-1.96%,开放申购,开放赎回,
2013-09-27,0.9429,1.0129,0.35%,开放申购,开放赎回,
2013-09-30,0.9544,1.0244,1.22%,开放申购,开放赎回,
2013-10-08,0.9696,1.0396,1.59%,开放申购,开放赎回,
2013-10-09,0.9798,1.0498,1.05%,开放申购,开放赎回,
2013-10-10,0.9747,1.0447,-0.52%,开放申购,开放赎回,
2013-10-11,0.9905,1.0605,1.62%,开放申购,开放赎回,
2013-10-14,1.0001,1.0701,0.97%,开放申购,开放赎回,
2013-10-15,1.0014,1.0714,0.13%,开放申购,开放赎回,
2013-10-16,0.9743,1.0443,-2.71%,开放申购,开放赎回,
2013-10-17,0.9728,1.0428,-0.15%,开放申购,开放赎回,
2013-10-18,0.976,1.046,0.33%,开放申购,开放赎回,
2013-10-21,1.0009,1.0709,2.55%,开放申购,开放赎回,
2013-10-22,0.9909,1.0609,-1.00%,开放申购,开放赎回,
2013-10-23,0.967,1.037,-2.41%,开放申购,开放赎回,
2013-10-24,0.9609,1.0309,-0.63%,开放申购,开放赎回,
2013-10-25,0.9429,1.0129,-1.87%,开放申购,开放赎回,
2013-10-28,0.9398,1.0098,-0.33%,开放申购,开放赎回,
2013-10-29,0.9153,0.9853,-2.61%,开放申购,开放赎回,
2013-10-30,0.9294,0.9994,1.54%,开放申购,开放赎回,
2013-10-31,0.9175,0.9875,-1.28%,开放申购,开放赎回,
2013-11-01,0.9149,0.9849,-0.28%,开放申购,开放赎回,
2013-11-04,0.9209,0.9909,0.66%,开放申购,开放赎回,
2013-11-05,0.9324,1.0024,1.25%,开放申购,开放赎回,
2013-11-06,0.9229,0.9929,-1.02%,开放申购,开放赎回,
2013-11-07,0.9107,0.9807,-1.32%,开放申购,开放赎回,
2013-11-08,0.8977,0.9677,-1.43%,开放申购,开放赎回,
2013-11-11,0.9015,0.9715,0.42%,开放申购,开放赎回,
2013-11-12,0.9095,0.9795,0.89%,开放申购,开放赎回,
2013-11-13,0.8934,0.9634,-1.77%,开放申购,开放赎回,
2013-11-14,0.9047,0.9747,1.26%,开放申购,开放赎回,
2013-11-15,0.9226,0.9926,1.98%,开放申购,开放赎回,
2013-11-18,0.944,1.014,2.32%,开放申购,开放赎回,
2013-11-19,0.9469,1.0169,0.31%,开放申购,开放赎回,
2013-11-20,0.9558,1.0258,0.94%,开放申购,开放赎回,
2013-11-21,0.9527,1.0227,-0.32%,开放申购,开放赎回,
2013-11-22,0.9474,1.0174,-0.56%,开放申购,开放赎回,
2013-11-25,0.9467,1.0167,-0.07%,开放申购,开放赎回,
2013-11-26,0.948,1.018,0.14%,开放申购,开放赎回,
2013-11-27,0.9584,1.0284,1.10%,开放申购,开放赎回,
2013-11-28,0.9661,1.0361,0.80%,开放申购,开放赎回,
2013-11-29,0.9716,1.0416,0.57%,开放申购,开放赎回,
2013-12-02,0.9304,1.0004,-4.24%,开放申购,开放赎回,
2013-12-03,0.9513,1.0213,2.25%,开放申购,开放赎回,
2013-12-04,0.9684,1.0384,1.80%,开放申购,开放赎回,
2013-12-05,0.9674,1.0374,-0.10%,开放申购,开放赎回,
2013-12-06,0.965,1.035,-0.25%,开放申购,开放赎回,
2013-12-09,0.9718,1.0418,0.70%,开放申购,开放赎回,
2013-12-10,0.9724,1.0424,0.06%,开放申购,开放赎回,
2013-12-11,0.9621,1.0321,-1.06%,开放申购,开放赎回,
2013-12-12,0.9644,1.0344,0.24%,开放申购,开放赎回,
2013-12-13,0.9661,1.0361,0.18%,开放申购,开放赎回,
2013-12-16,0.95,1.02,-1.67%,开放申购,开放赎回,
2013-12-17,0.9442,1.0142,-0.61%,开放申购,开放赎回,
2013-12-18,0.9442,1.0142,0.00%,开放申购,开放赎回,
2013-12-19,0.9351,1.0051,-0.96%,开放申购,开放赎回,
2013-12-20,0.9238,0.9938,-1.21%,开放申购,开放赎回,
2013-12-23,0.9228,0.9928,-0.11%,开放申购,开放赎回,
2013-12-24,0.9288,0.9988,0.65%,开放申购,开放赎回,
2013-12-25,0.9381,1.0081,1.00%,开放申购,开放赎回,
2013-12-26,0.9228,0.9928,-1.63%,开放申购,开放赎回,
2013-12-27,0.9364,1.0064,1.47%,开放申购,开放赎回,
2013-12-30,0.9391,1.0091,0.29%,开放申购,开放赎回,
2013-12-31,0.9429,1.0129,0.40%,开放申购,开放赎回,
2014-01-02,0.9473,1.0173,0.47%,开放申购,开放赎回,
2014-01-03,0.9399,1.0099,-0.78%,开放申购,开放赎回,
2014-01-06,0.915,0.985,-2.65%,开放申购,开放赎回,
2014-01-07,0.9202,0.9902,0.57%,开放申购,开放赎回,
2014-01-08,0.9213,0.9913,0.12%,开放申购,开放赎回,
2014-01-09,0.9114,0.9814,-1.07%,开放申购,开放赎回,
2014-01-10,0.8956,0.9656,-1.73%,开放申购,开放赎回,
2014-01-13,0.8916,0.9616,-0.45%,开放申购,开放赎回,
2014-01-14,0.9083,0.9783,1.87%,开放申购,开放赎回,
2014-01-15,0.9141,0.9841,0.64%,开放申购,开放赎回,
2014-01-16,0.9154,0.9854,0.14%,开放申购,开放赎回,
2014-01-17,0.9055,0.9755,-1.08%,开放申购,开放赎回,
2014-01-20,0.8989,0.9689,-0.73%,开放申购,开放赎回,
2014-01-21,0.912,0.982,1.46%,开放申购,开放赎回,
2014-01-22,0.9352,1.0052,2.54%,开放申购,开放赎回,
2014-01-23,0.9412,1.0112,0.64%,开放申购,开放赎回,
2014-01-24,0.9528,1.0228,1.23%,开放申购,开放赎回,
2014-01-27,0.9525,1.0225,-0.03%,开放申购,开放赎回,
2014-01-28,0.9504,1.0204,-0.22%,开放申购,开放赎回,
2014-01-29,0.9583,1.0283,0.83%,开放申购,开放赎回,
2014-01-30,0.9529,1.0229,-0.56%,开放申购,开放赎回,
2014-02-07,0.9696,1.0396,1.75%,开放申购,开放赎回,
2014-02-10,0.9968,1.0668,2.81%,开放申购,开放赎回,
2014-02-11,0.9981,1.0681,0.13%,开放申购,开放赎回,
2014-02-12,1.0083,1.0783,1.02%,开放申购,开放赎回,
2014-02-13,0.9941,1.0641,-1.41%,开放申购,开放赎回,
2014-02-14,1.0104,1.0804,1.64%,开放申购,开放赎回,
2014-02-17,1.0287,1.0987,1.81%,开放申购,开放赎回,
2014-02-18,1.0273,1.0973,-0.14%,开放申购,开放赎回,
2014-02-19,1.0273,1.0973,0.00%,开放申购,开放赎回,
2014-02-20,1.0135,1.0835,-1.34%,开放申购,开放赎回,
2014-02-21,1.0071,1.0771,-0.63%,开放申购,开放赎回,
2014-02-24,1.0032,1.0732,-0.39%,开放申购,开放赎回,
2014-02-25,0.9696,1.0396,-3.35%,开放申购,开放赎回,
2014-02-26,0.9757,1.0457,0.63%,开放申购,开放赎回,
2014-02-27,0.9633,1.0333,-1.27%,开放申购,开放赎回,
2014-02-28,0.9729,1.0429,1.00%,开放申购,开放赎回,
2014-03-03,0.9921,1.0621,1.97%,开放申购,开放赎回,
2014-03-04,0.9922,1.0622,0.01%,开放申购,开放赎回,
2014-03-05,0.9873,1.0573,-0.49%,开放申购,开放赎回,
2014-03-06,0.9857,1.0557,-0.16%,开放申购,开放赎回,
2014-03-07,0.9809,1.0509,-0.49%,开放申购,开放赎回,
2014-03-10,0.9428,1.0128,-3.88%,开放申购,开放赎回,
2014-03-11,0.9436,1.0136,0.08%,开放申购,开放赎回,
2014-03-12,0.9439,1.0139,0.03%,开放申购,开放赎回,
2014-03-13,0.9534,1.0234,1.01%,开放申购,开放赎回,
2014-03-14,0.9492,1.0192,-0.44%,开放申购,开放赎回,
2014-03-17,0.9672,1.0372,1.90%,开放申购,开放赎回,
2014-03-18,0.9722,1.0422,0.52%,开放申购,开放赎回,
2014-03-19,0.9703,1.0403,-0.20%,开放申购,开放赎回,
2014-03-20,0.9461,1.0161,-2.49%,开放申购,开放赎回,
2014-03-21,0.9637,1.0337,1.86%,开放申购,开放赎回,
2014-03-24,0.9714,1.0414,0.80%,开放申购,开放赎回,
2014-03-25,0.9727,1.0427,0.13%,开放申购,开放赎回,
2014-03-26,0.975,1.045,0.24%,开放申购,开放赎回,
2014-03-27,0.9617,1.0317,-1.36%,开放申购,开放赎回,
2014-03-28,0.9436,1.0136,-1.88%,开放申购,开放赎回,
2014-03-31,0.9379,1.0079,-0.60%,开放申购,开放赎回,
2014-04-01,0.9515,1.0215,1.45%,开放申购,开放赎回,
2014-04-02,0.9521,1.0221,0.06%,开放申购,开放赎回,
2014-04-03,0.9507,1.0207,-0.15%,开放申购,开放赎回,
2014-04-04,0.9607,1.0307,1.05%,开放申购,开放赎回,
2014-04-08,0.9704,1.0404,1.01%,开放申购,开放赎回,
2014-04-09,0.9789,1.0489,0.88%,开放申购,开放赎回,
2014-04-10,0.9836,1.0536,0.48%,开放申购,开放赎回,
2014-04-11,0.9795,1.0495,-0.42%,开放申购,开放赎回,
2014-04-14,0.9864,1.0564,0.70%,开放申购,开放赎回,
2014-04-15,0.9796,1.0496,-0.69%,开放申购,开放赎回,
2014-04-16,0.9791,1.0491,-0.05%,开放申购,开放赎回,
2014-04-17,0.9779,1.0479,-0.12%,开放申购,开放赎回,
2014-04-18,0.9813,1.0513,0.35%,开放申购,开放赎回,
2014-04-21,0.9662,1.0362,-1.54%,开放申购,开放赎回,
2014-04-22,0.9618,1.0318,-0.46%,开放申购,开放赎回,
2014-04-23,0.9577,1.0277,-0.43%,开放申购,开放赎回,
2014-04-24,0.9474,1.0174,-1.08%,开放申购,开放赎回,
2014-04-25,0.9278,0.9978,-2.07%,开放申购,开放赎回,
2014-04-28,0.901,0.971,-2.89%,开放申购,开放赎回,
2014-04-29,0.9136,0.9836,1.40%,开放申购,开放赎回,
2014-04-30,0.92,0.99,0.70%,开放申购,开放赎回,
2014-05-05,0.9274,0.9974,0.80%,开放申购,开放赎回,
2014-05-06,0.932,1.002,0.50%,开放申购,开放赎回,
2014-05-07,0.9163,0.9863,-1.68%,开放申购,开放赎回,
2014-05-08,0.9173,0.9873,0.11%,开放申购,开放赎回,
2014-05-09,0.9086,0.9786,-0.95%,开放申购,开放赎回,
2014-05-12,0.9309,1.0009,2.45%,开放申购,开放赎回,
2014-05-13,0.9297,0.9997,-0.13%,开放申购,开放赎回,
2014-05-14,0.9289,0.9989,-0.09%,开放申购,开放赎回,
2014-05-15,0.9125,0.9825,-1.77%,开放申购,开放赎回,
2014-05-16,0.9114,0.9814,-0.12%,开放申购,开放赎回,
2014-05-19,0.9067,0.9767,-0.52%,开放申购,开放赎回,
2014-05-20,0.9092,0.9792,0.28%,开放申购,开放赎回,
2014-05-21,0.9167,0.9867,0.82%,开放申购,开放赎回,
2014-05-22,0.9167,0.9867,0.00%,开放申购,开放赎回,
2014-05-23,0.9264,0.9964,1.06%,开放申购,开放赎回,
2014-05-26,0.9359,1.0059,1.03%,开放申购,开放赎回,
2014-05-27,0.9338,1.0038,-0.22%,开放申购,开放赎回,
2014-05-28,0.944,1.014,1.09%,开放申购,开放赎回,
2014-05-29,0.9347,1.0047,-0.99%,开放申购,开放赎回,
2014-05-30,0.9365,1.0065,0.19%,开放申购,开放赎回,
2014-06-03,0.9349,1.0049,-0.17%,开放申购,开放赎回,
2014-06-04,0.9271,0.9971,-0.83%,开放申购,开放赎回,
2014-06-05,0.9372,1.0072,1.09%,开放申购,开放赎回,
2014-06-06,0.934,1.004,-0.34%,开放申购,开放赎回,
2014-06-09,0.9293,0.9993,-0.50%,开放申购,开放赎回,
2014-06-10,0.9393,1.0093,1.08%,开放申购,开放赎回,
2014-06-11,0.9435,1.0135,0.45%,开放申购,开放赎回,
2014-06-12,0.9419,1.0119,-0.17%,开放申购,开放赎回,
2014-06-13,0.9513,1.0213,1.00%,开放申购,开放赎回,
2014-06-16,0.9568,1.0268,0.58%,开放申购,开放赎回,
2014-06-17,0.949,1.019,-0.82%,开放申购,开放赎回,
2014-06-18,0.9444,1.0144,-0.48%,开放申购,开放赎回,
2014-06-19,0.921,0.991,-2.48%,开放申购,开放赎回,
2014-06-20,0.9291,0.9991,0.88%,开放申购,开放赎回,
2014-06-23,0.9353,1.0053,0.67%,开放申购,开放赎回,
2014-06-24,0.9411,1.0111,0.62%,开放申购,开放赎回,
2014-06-25,0.9354,1.0054,-0.61%,开放申购,开放赎回,
2014-06-26,0.9467,1.0167,1.21%,开放申购,开放赎回,
2014-06-27,0.9532,1.0232,0.69%,开放申购,开放赎回,
2014-06-30,0.9616,1.0316,0.88%,开放申购,开放赎回,
2014-07-01,0.9678,1.0378,0.64%,开放申购,开放赎回,
2014-07-02,0.9744,1.0444,0.68%,开放申购,开放赎回,
2014-07-03,0.9837,1.0537,0.95%,开放申购,开放赎回,
2014-07-04,0.9806,1.0506,-0.32%,开放申购,开放赎回,
2014-07-07,0.9829,1.0529,0.23%,开放申购,开放赎回,
2014-07-08,0.9888,1.0588,0.60%,开放申购,开放赎回,
2014-07-09,0.9758,1.0458,-1.31%,开放申购,开放赎回,
2014-07-10,0.9758,1.0458,0.00%,开放申购,开放赎回,
2014-07-11,0.987,1.057,1.15%,开放申购,开放赎回,
2014-07-14,1.0012,1.0712,1.44%,开放申购,开放赎回,
2014-07-15,1.002,1.072,0.08%,开放申购,开放赎回,
2014-07-16,0.9948,1.0648,-0.72%,开放申购,开放赎回,
2014-07-17,0.9876,1.0576,-0.72%,开放申购,开放赎回,
2014-07-18,0.9903,1.0603,0.27%,开放申购,开放赎回,
2014-07-21,0.9873,1.0573,-0.30%,开放申购,开放赎回,
2014-07-22,0.9997,1.0697,1.26%,开放申购,开放赎回,
2014-07-23,0.9935,1.0635,-0.62%,开放申购,开放赎回,
2014-07-24,0.993,1.063,-0.05%,开放申购,开放赎回,
2014-07-25,1.0011,1.0711,0.82%,开放申购,开放赎回,
2014-07-28,1.0193,1.0893,1.82%,开放申购,开放赎回,
2014-07-29,1.0287,1.0987,0.92%,开放申购,开放赎回,
2014-07-30,1.0306,1.1006,0.18%,开放申购,开放赎回,
2014-07-31,1.0403,1.1103,0.94%,开放申购,开放赎回,
2014-08-01,1.0294,1.0994,-1.05%,开放申购,开放赎回,
2014-08-04,1.0453,1.1153,1.54%,开放申购,开放赎回,
2014-08-05,1.0502,1.1202,0.47%,开放申购,开放赎回,
2014-08-06,1.0569,1.1269,0.64%,开放申购,开放赎回,
2014-08-07,1.047,1.117,-0.94%,开放申购,开放赎回,
2014-08-08,1.053,1.123,0.57%,开放申购,开放赎回,
2014-08-11,1.0682,1.1382,1.44%,开放申购,开放赎回,
2014-08-12,1.0734,1.1434,0.49%,开放申购,开放赎回,
2014-08-13,1.0739,1.1439,0.05%,开放申购,开放赎回,
2014-08-14,1.0673,1.1373,-0.61%,开放申购,开放赎回,
2014-08-15,1.079,1.149,1.10%,开放申购,开放赎回,
2014-08-18,1.0929,1.1629,1.29%,开放申购,开放赎回,
2014-08-19,1.096,1.166,0.28%,开放申购,开放赎回,
2014-08-20,1.0961,1.1661,0.01%,开放申购,开放赎回,
2014-08-21,1.0959,1.1659,-0.02%,开放申购,开放赎回,
2014-08-22,1.102,1.172,0.56%,开放申购,开放赎回,
2014-08-25,1.0939,1.1639,-0.74%,开放申购,开放赎回,
2014-08-26,1.0754,1.1454,-1.69%,开放申购,开放赎回,
2014-08-27,1.0786,1.1486,0.30%,开放申购,开放赎回,
2014-08-28,1.0694,1.1394,-0.85%,开放申购,开放赎回,
2014-08-29,1.0801,1.1501,1.00%,开放申购,开放赎回,
2014-09-01,1.0985,1.1685,1.70%,开放申购,开放赎回,
2014-09-02,1.1143,1.1843,1.44%,开放申购,开放赎回,
2014-09-03,1.1219,1.1919,0.68%,开放申购,开放赎回,
2014-09-04,1.131,1.201,0.81%,开放申购,开放赎回,
2014-09-05,1.1352,1.2052,0.37%,开放申购,开放赎回,
2014-09-09,1.1432,1.2132,0.70%,开放申购,开放赎回,
2014-09-10,1.1452,1.2152,0.17%,开放申购,开放赎回,
2014-09-11,1.1441,1.2141,-0.10%,开放申购,开放赎回,
2014-09-12,1.156,1.226,1.04%,开放申购,开放赎回,
2014-09-15,1.1675,1.2375,0.99%,开放申购,开放赎回,
2014-09-16,1.13,1.2,-3.21%,开放申购,开放赎回,
2014-09-17,1.1396,1.2096,0.85%,开放申购,开放赎回,
2014-09-18,1.1472,1.2172,0.67%,开放申购,开放赎回,
2014-09-19,1.1564,1.2264,0.80%,开放申购,开放赎回,
2014-09-22,1.1415,1.2115,-1.29%,开放申购,开放赎回,
2014-09-23,1.1554,1.2254,1.22%,开放申购,开放赎回,
2014-09-24,1.1696,1.2396,1.23%,开放申购,开放赎回,
2014-09-25,1.1697,1.2397,0.01%,开放申购,开放赎回,
2014-09-26,1.1737,1.2437,0.34%,开放申购,开放赎回,
2014-09-29,1.1847,1.2547,0.94%,开放申购,开放赎回,
2014-09-30,1.1937,1.2637,0.76%,开放申购,开放赎回,
2014-10-08,1.2116,1.2816,1.50%,开放申购,开放赎回,
2014-10-09,1.214,1.284,0.20%,开放申购,开放赎回,
2014-10-10,1.2089,1.2789,-0.42%,开放申购,开放赎回,
2014-10-13,1.209,1.279,0.01%,开放申购,开放赎回,
2014-10-14,1.2052,1.2752,-0.31%,开放申购,开放赎回,
2014-10-15,1.2102,1.2802,0.41%,开放申购,开放赎回,
2014-10-16,1.1914,1.2614,-1.55%,开放申购,开放赎回,
2014-10-17,1.1808,1.2508,-0.89%,开放申购,开放赎回,
2014-10-20,1.1966,1.2666,1.34%,开放申购,开放赎回,
2014-10-21,1.1861,1.2561,-0.88%,开放申购,开放赎回,
2014-10-22,1.143,1.243,-1.10%,开放申购,开放赎回,每份派现金0.0300元
2014-10-23,1.1271,1.2271,-1.39%,开放申购,开放赎回,
2014-10-24,1.1315,1.2315,0.39%,开放申购,开放赎回,
2014-10-27,1.1394,1.2394,0.70%,开放申购,开放赎回,
2014-10-28,1.1654,1.2654,2.28%,开放申购,开放赎回,
2014-10-29,1.1804,1.2804,1.29%,开放申购,开放赎回,
2014-10-30,1.1806,1.2806,0.02%,开放申购,开放赎回,
2014-10-31,1.1792,1.2792,-0.12%,开放申购,开放赎回,
2014-11-03,1.1887,1.2887,0.81%,开放申购,开放赎回,
2014-11-04,1.183,1.283,-0.48%,开放申购,开放赎回,
2014-11-05,1.1812,1.2812,-0.15%,开放申购,开放赎回,
2014-11-06,1.1879,1.2879,0.57%,开放申购,开放赎回,
2014-11-07,1.1772,1.2772,-0.90%,开放申购,开放赎回,
2014-11-10,1.1892,1.2892,1.02%,开放申购,开放赎回,
2014-11-11,1.1554,1.2554,-2.84%,开放申购,开放赎回,
2014-11-12,1.1744,1.2744,1.64%,开放申购,开放赎回,
2014-11-13,1.1644,1.2644,-0.85%,开放申购,开放赎回,
2014-11-14,1.1616,1.2616,-0.24%,开放申购,开放赎回,
2014-11-17,1.1726,1.2726,0.95%,开放申购,开放赎回,
2014-11-18,1.1748,1.2748,0.19%,开放申购,开放赎回,
2014-11-19,1.1787,1.2787,0.33%,开放申购,开放赎回,
2014-11-20,1.1763,1.2763,-0.20%,开放申购,开放赎回,
2014-11-21,1.1888,1.2888,1.06%,开放申购,开放赎回,
2014-11-24,1.2076,1.3076,1.58%,开放申购,开放赎回,
2014-11-25,1.2251,1.3251,1.45%,开放申购,开放赎回,
2014-11-26,1.2309,1.3309,0.47%,开放申购,开放赎回,
2014-11-27,1.2393,1.3393,0.68%,开放申购,开放赎回,
2014-11-28,1.238,1.338,-0.10%,开放申购,开放赎回,
2014-12-01,1.2295,1.3295,-0.69%,开放申购,开放赎回,
2014-12-02,1.2452,1.3452,1.28%,开放申购,开放赎回,
2014-12-03,1.2592,1.3592,1.12%,开放申购,开放赎回,
2014-12-04,1.2849,1.3849,2.04%,开放申购,开放赎回,
2014-12-05,1.2579,1.3579,-2.10%,开放申购,开放赎回,
2014-12-08,1.276,1.376,1.44%,开放申购,开放赎回,
2014-12-09,1.226,1.326,-3.92%,开放申购,开放赎回,
2014-12-10,1.2668,1.3668,3.33%,开放申购,开放赎回,
2014-12-11,1.2848,1.3848,1.42%,开放申购,开放赎回,
2014-12-12,1.2927,1.3927,0.61%,开放申购,开放赎回,
2014-12-15,1.312,1.412,1.49%,开放申购,开放赎回,
2014-12-16,1.3166,1.4166,0.35%,开放申购,开放赎回,
2014-12-17,1.3053,1.4053,-0.86%,开放申购,开放赎回,
2014-12-18,1.3053,1.4053,0.00%,开放申购,开放赎回,
2014-12-19,1.2979,1.3979,-0.57%,开放申购,开放赎回,
2014-12-22,1.2492,1.3492,-3.75%,开放申购,开放赎回,
2014-12-23,1.2242,1.3242,-2.00%,开放申购,开放赎回,
2014-12-24,1.2396,1.3396,1.26%,开放申购,开放赎回,
2014-12-25,1.2625,1.3625,1.85%,开放申购,开放赎回,
2014-12-26,1.2755,1.3755,1.03%,开放申购,开放赎回,
2014-12-29,1.263,1.363,-0.98%,开放申购,开放赎回,
2014-12-30,1.242,1.342,-1.66%,开放申购,开放赎回,
2014-12-31,1.2526,1.3526,0.85%,开放申购,开放赎回,
2015-01-05,1.2737,1.3737,1.68%,开放申购,开放赎回,
2015-01-06,1.2878,1.3878,1.11%,开放申购,开放赎回,
2015-01-07,1.2898,1.3898,0.16%,开放申购,开放赎回,
2015-01-08,1.2798,1.3798,-0.78%,开放申购,开放赎回,
2015-01-09,1.272,1.372,-0.61%,开放申购,开放赎回,
2015-01-12,1.255,1.355,-1.34%,开放申购,开放赎回,
2015-01-13,1.271,1.371,1.27%,开放申购,开放赎回,
2015-01-14,1.2655,1.3655,-0.43%,开放申购,开放赎回,
2015-01-15,1.2809,1.3809,1.22%,开放申购,开放赎回,
2015-01-16,1.2969,1.3969,1.25%,开放申购,开放赎回,
2015-01-19,1.2439,1.3439,-4.09%,开放申购,开放赎回,
2015-01-20,1.2865,1.3865,3.42%,开放申购,开放赎回,
2015-01-21,1.3178,1.4178,2.43%,开放申购,开放赎回,
2015-01-22,1.3355,1.4355,1.34%,开放申购,开放赎回,
2015-01-23,1.3234,1.4234,-0.91%,开放申购,开放赎回,
2015-01-26,1.3519,1.4519,2.15%,开放申购,开放赎回,
2015-01-27,1.3559,1.4559,0.30%,开放申购,开放赎回,
2015-01-28,1.3491,1.4491,-0.50%,开放申购,开放赎回,
2015-01-29,1.34,1.44,-0.67%,开放申购,开放赎回,
2015-01-30,1.3247,1.4247,-1.14%,开放申购,开放赎回,
2015-02-02,1.3196,1.4196,-0.39%,开放申购,开放赎回,
2015-02-03,1.3417,1.4417,1.67%,开放申购,开放赎回,
2015-02-04,1.3365,1.4365,-0.39%,开放申购,开放赎回,
2015-02-05,1.3302,1.4302,-0.47%,开放申购,开放赎回,
2015-02-06,1.3039,1.4039,-1.98%,开放申购,开放赎回,
2015-02-09,1.2976,1.3976,-0.48%,开放申购,开放赎回,
2015-02-10,1.3145,1.4145,1.30%,开放申购,开放赎回,
2015-02-11,1.3282,1.4282,1.04%,开放申购,开放赎回,
2015-02-12,1.3371,1.4371,0.67%,开放申购,开放赎回,
2015-02-13,1.357,1.457,1.49%,开放申购,开放赎回,
2015-02-16,1.3796,1.4796,1.67%,开放申购,开放赎回,
2015-02-17,1.3889,1.4889,0.67%,开放申购,开放赎回,
2015-02-25,1.3878,1.4878,-0.08%,开放申购,开放赎回,
2015-02-26,1.4018,1.5018,1.01%,开放申购,开放赎回,
2015-02-27,1.4128,1.5128,0.78%,开放申购,开放赎回,
2015-03-02,1.44,1.54,1.93%,开放申购,开放赎回,
2015-03-03,1.4354,1.5354,-0.32%,开放申购,开放赎回,
2015-03-04,1.4562,1.5562,1.45%,开放申购,开放赎回,
2015-03-05,1.456,1.556,-0.01%,开放申购,开放赎回,
2015-03-06,1.4391,1.5391,-1.16%,开放申购,开放赎回,
2015-03-09,1.4567,1.5567,1.22%,开放申购,开放赎回,
2015-03-10,1.4709,1.5709,0.97%,开放申购,开放赎回,
2015-03-11,1.4679,1.5679,-0.20%,开放申购,开放赎回,
2015-03-12,1.4673,1.5673,-0.04%,开放申购,开放赎回,
2015-03-13,1.4829,1.5829,1.06%,开放申购,开放赎回,
2015-03-16,1.5246,1.6246,2.81%,开放申购,开放赎回,
2015-03-17,1.5472,1.6472,1.48%,开放申购,开放赎回,
2015-03-18,1.572,1.672,1.60%,开放申购,开放赎回,
2015-03-19,1.5844,1.6844,0.79%,开放申购,开放赎回,
2015-03-20,1.6,1.7,0.98%,开放申购,开放赎回,
2015-03-23,1.6367,1.7367,2.29%,开放申购,开放赎回,
2015-03-24,1.6432,1.7432,0.40%,开放申购,开放赎回,
2015-03-25,1.6608,1.7608,1.07%,开放申购,开放赎回,
2015-03-26,1.6496,1.7496,-0.67%,开放申购,开放赎回,
2015-03-27,1.6677,1.7677,1.10%,开放申购,开放赎回,
2015-03-30,1.6876,1.7876,1.19%,开放申购,开放赎回,
2015-03-31,1.6893,1.7893,0.10%,开放申购,开放赎回,
2015-04-01,1.7279,1.8279,2.29%,开放申购,开放赎回,
2015-04-02,1.7581,1.8581,1.75%,开放申购,开放赎回,
2015-04-03,1.7846,1.8846,1.51%,开放申购,开放赎回,
2015-04-07,1.8259,1.9259,2.31%,开放申购,开放赎回,
2015-04-08,1.8135,1.9135,-0.68%,开放申购,开放赎回,
2015-04-09,1.7997,1.8997,-0.76%,开放申购,开放赎回,
2015-04-10,1.8458,1.9458,2.56%,开放申购,开放赎回,
2015-04-13,1.8839,1.9839,2.06%,开放申购,开放赎回,
2015-04-14,1.8833,1.9833,-0.03%,开放申购,开放赎回,
2015-04-15,1.8135,1.9135,-3.71%,开放申购,开放赎回,
2015-04-16,1.8379,1.9379,1.35%,开放申购,开放赎回,
2015-04-17,1.8537,1.9537,0.86%,开放申购,开放赎回,
2015-04-20,1.8223,1.9223,-1.69%,开放申购,开放赎回,
2015-04-21,1.8871,1.9871,3.56%,开放申购,开放赎回,
2015-04-22,1.9354,2.0354,2.56%,开放申购,开放赎回,
2015-04-23,1.9551,2.0551,1.02%,开放申购,开放赎回,
2015-04-24,1.9584,2.0584,0.17%,开放申购,开放赎回,
2015-04-27,1.9789,2.0789,1.05%,开放申购,开放赎回,
2015-04-28,1.9252,2.0252,-2.71%,开放申购,开放赎回,
2015-04-29,1.9623,2.0623,1.93%,开放申购,开放赎回,
2015-04-30,1.9729,2.0729,0.54%,开放申购,开放赎回,
2015-05-04,1.9806,2.0806,0.39%,开放申购,开放赎回,
2015-05-05,1.9127,2.0127,-3.43%,开放申购,开放赎回,
2015-05-06,1.8872,1.9872,-1.33%,开放申购,开放赎回,
2015-05-07,1.8477,1.9477,-2.09%,开放申购,开放赎回,
2015-05-08,1.9137,2.0137,3.57%,开放申购,开放赎回,
2015-05-11,1.993,2.093,4.14%,开放申购,开放赎回,
2015-05-12,2.0349,2.1349,2.10%,开放申购,开放赎回,
2015-05-13,2.0527,2.1527,0.87%,开放申购,开放赎回,
2015-05-14,2.0504,2.1504,-0.11%,开放申购,开放赎回,
2015-05-15,2.0348,2.1348,-0.76%,开放申购,开放赎回,
2015-05-18,2.0677,2.1677,1.62%,开放申购,开放赎回,
2015-05-19,2.1146,2.2146,2.27%,开放申购,开放赎回,
2015-05-20,2.148,2.248,1.58%,开放申购,开放赎回,
2015-05-21,2.2237,2.3237,3.52%,开放申购,开放赎回,
2015-05-22,2.2582,2.3582,1.55%,开放申购,开放赎回,
2015-05-25,2.3153,2.4153,2.53%,开放申购,开放赎回,
2015-05-26,2.3889,2.4889,3.18%,开放申购,开放赎回,
2015-05-27,2.4159,2.5159,1.13%,开放申购,开放赎回,
2015-05-28,2.2772,2.3772,-5.74%,开放申购,开放赎回,
2015-05-29,2.2994,2.3994,0.97%,开放申购,开放赎回,
2015-06-01,2.4138,2.5138,4.98%,开放申购,开放赎回,
2015-06-02,2.5022,2.6022,3.66%,开放申购,开放赎回,
2015-06-03,2.5228,2.6228,0.82%,开放申购,开放赎回,
2015-06-04,2.5219,2.6219,-0.04%,开放申购,开放赎回,
2015-06-05,2.5613,2.6613,1.56%,开放申购,开放赎回,
2015-06-08,2.536,2.636,-0.99%,开放申购,开放赎回,
2015-06-09,2.5323,2.6323,-0.15%,开放申购,开放赎回,
2015-06-10,2.5776,2.6776,1.79%,开放申购,开放赎回,
2015-06-11,2.6123,2.7123,1.35%,开放申购,开放赎回,
2015-06-12,2.6558,2.7558,1.67%,开放申购,开放赎回,
2015-06-15,2.6067,2.7067,-1.85%,开放申购,开放赎回,
2015-06-16,2.5055,2.6055,-3.88%,开放申购,开放赎回,
2015-06-17,2.5555,2.6555,2.00%,开放申购,开放赎回,
2015-06-18,2.4756,2.5756,-3.13%,开放申购,开放赎回,
2015-06-19,2.3133,2.4133,-6.56%,开放申购,开放赎回,
2015-06-23,2.3248,2.4248,0.50%,开放申购,开放赎回,
2015-06-24,2.3733,2.4733,2.09%,开放申购,开放赎回,
2015-06-25,2.2931,2.3931,-3.38%,开放申购,开放赎回,
2015-06-26,2.0999,2.1999,-8.43%,开放申购,开放赎回,
2015-06-29,1.9607,2.0607,-6.63%,开放申购,开放赎回,
2015-06-30,2.056,2.156,4.86%,开放申购,开放赎回,
2015-07-01,1.9452,2.0452,-5.39%,开放申购,开放赎回,
2015-07-02,1.8173,1.9173,-6.58%,开放申购,开放赎回,
2015-07-03,1.716,1.816,-5.57%,开放申购,开放赎回,
2015-07-06,1.6918,1.7918,-1.41%,开放申购,开放赎回,
2015-07-07,1.5848,1.6848,-6.32%,开放申购,开放赎回,
2015-07-08,1.5475,1.6475,-2.35%,开放申购,开放赎回,
2015-07-09,1.6165,1.7165,4.46%,开放申购,开放赎回,
2015-07-10,1.6958,1.7958,4.91%,开放申购,开放赎回,
2015-07-13,1.7876,1.8876,5.41%,开放申购,开放赎回,
2015-07-14,1.8168,1.9168,1.63%,开放申购,开放赎回,
2015-07-15,1.7184,1.8184,-5.42%,开放申购,开放赎回,
2015-07-16,1.7569,1.8569,2.24%,开放申购,开放赎回,
2015-07-17,1.8479,1.9479,5.18%,开放申购,开放赎回,
2015-07-20,1.8749,1.9749,1.46%,开放申购,开放赎回,
2015-07-21,1.8984,1.9984,1.25%,开放申购,开放赎回,
2015-07-22,1.9208,2.0208,1.18%,开放申购,开放赎回,
2015-07-23,1.977,2.077,2.93%,开放申购,开放赎回,
2015-07-24,1.9481,2.0481,-1.46%,开放申购,开放赎回,
2015-07-27,1.8075,1.9075,-7.22%,开放申购,开放赎回,
2015-07-28,1.7747,1.8747,-1.81%,开放申购,开放赎回,
2015-07-29,1.8576,1.9576,4.67%,开放申购,开放赎回,
2015-07-30,1.8085,1.9085,-2.64%,开放申购,开放赎回,
2015-07-31,1.7933,1.8933,-0.84%,开放申购,开放赎回,
2015-08-03,1.752,1.852,-2.30%,开放申购,开放赎回,
2015-08-04,1.8419,1.9419,5.13%,开放申购,开放赎回,
2015-08-05,1.8192,1.9192,-1.23%,开放申购,开放赎回,
2015-08-06,1.8089,1.9089,-0.57%,开放申购,开放赎回,
2015-08-07,1.8582,1.9582,2.73%,开放申购,开放赎回,
2015-08-10,1.9431,2.0431,4.57%,开放申购,开放赎回,
2015-08-11,1.9516,2.0516,0.44%,开放申购,开放赎回,
2015-08-12,1.9303,2.0303,-1.09%,开放申购,开放赎回,
2015-08-13,1.9743,2.0743,2.28%,开放申购,开放赎回,
2015-08-14,1.9948,2.0948,1.04%,开放申购,开放赎回,
2015-08-17,2.0377,2.1377,2.15%,开放申购,开放赎回,
2015-08-18,1.8929,1.9929,-7.11%,开放申购,开放赎回,
2015-08-19,1.9339,2.0339,2.17%,开放申购,开放赎回,
2015-08-20,1.8718,1.9718,-3.21%,开放申购,开放赎回,
2015-08-21,1.7768,1.8768,-5.08%,开放申购,开放赎回,
2015-08-24,1.6418,1.7418,-7.60%,开放申购,开放赎回,
2015-08-25,1.5227,1.6227,-7.25%,开放申购,开放赎回,
2015-08-26,1.4676,1.5676,-3.62%,开放申购,开放赎回,
2015-08-27,1.5171,1.6171,3.37%,开放申购,开放赎回,
2015-08-28,1.6046,1.7046,5.77%,开放申购,开放赎回,
2015-08-31,1.5454,1.6454,-3.69%,开放申购,开放赎回,
2015-09-01,1.4517,1.5517,-6.06%,开放申购,开放赎回,
2015-09-02,1.4412,1.5412,-0.72%,开放申购,开放赎回,
2015-09-07,1.4502,1.5502,0.62%,开放申购,开放赎回,
2015-09-08,1.5058,1.6058,3.83%,开放申购,开放赎回,
2015-09-09,1.5462,1.6462,2.68%,开放申购,开放赎回,
2015-09-10,1.5226,1.6226,-1.53%,开放申购,开放赎回,
2015-09-11,1.5352,1.6352,0.83%,开放申购,开放赎回,
2015-09-14,1.4367,1.5367,-6.42%,开放申购,开放赎回,
2015-09-15,1.361,1.461,-5.27%,开放申购,开放赎回,
2015-09-16,1.448,1.548,6.39%,开放申购,开放赎回,
2015-09-17,1.4226,1.5226,-1.75%,开放申购,开放赎回,
2015-09-18,1.4402,1.5402,1.24%,开放申购,开放赎回,
2015-09-21,1.4892,1.5892,3.40%,开放申购,开放赎回,
2015-09-22,1.5,1.6,0.73%,开放申购,开放赎回,
2015-09-23,1.4838,1.5838,-1.08%,开放申购,开放赎回,
2015-09-24,1.5044,1.6044,1.39%,开放申购,开放赎回,
2015-09-25,1.4576,1.5576,-3.11%,开放申购,开放赎回,
2015-09-28,1.4827,1.5827,1.72%,开放申购,开放赎回,
2015-09-29,1.4566,1.5566,-1.76%,开放申购,开放赎回,
2015-09-30,1.4612,1.5612,0.32%,开放申购,开放赎回,
2015-10-08,1.5158,1.6158,3.74%,开放申购,开放赎回,
2015-10-09,1.5372,1.6372,1.41%,开放申购,开放赎回,
2015-10-12,1.5932,1.6932,3.64%,开放申购,开放赎回,
2015-10-13,1.6127,1.7127,1.22%,开放申购,开放赎回,
2015-10-14,1.596,1.696,-1.04%,开放申购,开放赎回,
2015-10-15,1.6422,1.7422,2.89%,开放申购,开放赎回,
2015-10-16,1.669,1.769,1.63%,开放申购,开放赎回,
2015-10-19,1.6689,1.7689,-0.01%,开放申购,开放赎回,
2015-10-20,1.6954,1.7954,1.59%,开放申购,开放赎回,
2015-10-21,1.5962,1.6962,-5.85%,开放申购,开放赎回,
2015-10-22,1.6543,1.7543,3.64%,开放申购,开放赎回,
2015-10-23,1.6936,1.7936,2.38%,开放申购,开放赎回,
2015-10-26,1.7057,1.8057,0.71%,开放申购,开放赎回,
2015-10-27,1.7167,1.8167,0.64%,开放申购,开放赎回,
2015-10-28,1.6765,1.7765,-2.34%,开放申购,开放赎回,
2015-10-29,1.6906,1.7906,0.84%,开放申购,开放赎回,
2015-10-30,1.6858,1.7858,-0.28%,开放申购,开放赎回,
2015-11-02,1.6523,1.7523,-1.99%,开放申购,开放赎回,
2015-11-03,1.6494,1.7494,-0.18%,开放申购,开放赎回,
2015-11-04,1.7285,1.8285,4.80%,开放申购,开放赎回,
2015-11-05,1.7305,1.8305,0.12%,开放申购,开放赎回,
2015-11-06,1.7685,1.8685,2.20%,开放申购,开放赎回,
2015-11-09,1.7884,1.8884,1.13%,开放申购,开放赎回,
2015-11-10,1.795,1.895,0.37%,开放申购,开放赎回,
2015-11-11,1.8206,1.9206,1.43%,开放申购,开放赎回,
2015-11-12,1.8199,1.9199,-0.04%,开放申购,开放赎回,
2015-11-13,1.794,1.894,-1.42%,开放申购,开放赎回,
2015-11-16,1.8277,1.9277,1.88%,开放申购,开放赎回,
2015-11-17,1.8118,1.9118,-0.87%,开放申购,开放赎回,
2015-11-18,1.7837,1.8837,-1.55%,开放申购,开放赎回,
2015-11-19,1.8268,1.9268,2.42%,开放申购,开放赎回,
2015-11-20,1.8465,1.9465,1.08%,开放申购,开放赎回,
2015-11-23,1.8324,1.9324,-0.76%,开放申购,开放赎回,
2015-11-24,1.8446,1.9446,0.67%,开放申购,开放赎回,
2015-11-25,1.8724,1.9724,1.51%,开放申购,开放赎回,
2015-11-26,1.8612,1.9612,-0.60%,开放申购,开放赎回,
2015-11-27,1.7489,1.8489,-6.03%,开放申购,开放赎回,
2015-11-30,1.7559,1.8559,0.40%,开放申购,开放赎回,
2015-12-01,1.7639,1.8639,0.46%,开放申购,开放赎回,
2015-12-02,1.756,1.856,-0.45%,开放申购,开放赎回,
2015-12-03,1.7926,1.8926,2.08%,开放申购,开放赎回,
2015-12-04,1.7798,1.8798,-0.71%,开放申购,开放赎回,
2015-12-07,1.7994,1.8994,1.10%,开放申购,开放赎回,
2015-12-08,1.755,1.855,-2.47%,开放申购,开放赎回,
2015-12-09,1.7486,1.8486,-0.36%,开放申购,开放赎回,
2015-12-10,1.7437,1.8437,-0.28%,开放申购,开放赎回,
2015-12-11,1.7309,1.8309,-0.73%,开放申购,开放赎回,
2015-12-14,1.7649,1.8649,1.96%,开放申购,开放赎回,
2015-12-15,1.778,1.878,0.74%,开放申购,开放赎回,
2015-12-16,1.7849,1.8849,0.39%,开放申购,开放赎回,
2015-12-17,1.827,1.927,2.36%,开放申购,开放赎回,
2015-12-18,1.8231,1.9231,-0.21%,开放申购,开放赎回,
2015-12-21,1.8434,1.9434,1.11%,开放申购,开放赎回,
2015-12-22,1.8588,1.9588,0.84%,开放申购,开放赎回,
2015-12-23,1.8401,1.9401,-1.01%,开放申购,开放赎回,
2015-12-24,1.8354,1.9354,-0.26%,开放申购,开放赎回,
2015-12-25,1.8443,1.9443,0.48%,开放申购,开放赎回,
2015-12-28,1.802,1.902,-2.29%,开放申购,开放赎回,
2015-12-29,1.818,1.918,0.89%,开放申购,开放赎回,
2015-12-30,1.8329,1.9329,0.82%,开放申购,开放赎回,
2015-12-31,1.8055,1.9055,-1.49%,开放申购,开放赎回,
2016-01-04,1.663,1.763,-7.89%,开放申购,开放赎回,
2016-01-05,1.6413,1.7413,-1.30%,开放申购,开放赎回,
2016-01-06,1.6811,1.7811,2.42%,开放申购,开放赎回,
2016-01-07,1.5436,1.6436,-8.18%,开放申购,开放赎回,
2016-01-08,1.5681,1.6681,1.59%,开放申购,开放赎回,
2016-01-11,1.4661,1.5661,-6.50%,开放申购,开放赎回,
2016-01-12,1.468,1.568,0.13%,开放申购,开放赎回,
2016-01-13,1.4189,1.5189,-3.34%,开放申购,开放赎回,
2016-01-14,1.4652,1.5652,3.26%,开放申购,开放赎回,
2016-01-15,1.412,1.512,-3.63%,开放申购,开放赎回,
2016-01-18,1.432,1.532,1.42%,开放申购,开放赎回,
2016-01-19,1.4821,1.5821,3.50%,开放申购,开放赎回,
2016-01-20,1.4686,1.5686,-0.91%,开放申购,开放赎回,
2016-01-21,1.4133,1.5133,-3.77%,开放申购,开放赎回,
2016-01-22,1.4355,1.5355,1.57%,开放申购,开放赎回,
2016-01-25,1.4496,1.5496,0.98%,开放申购,开放赎回,
2016-01-26,1.3453,1.4453,-7.20%,开放申购,开放赎回,
2016-01-27,1.3283,1.4283,-1.26%,开放申购,开放赎回,
2016-01-28,1.2723,1.3723,-4.22%,开放申购,开放赎回,
2016-01-29,1.3184,1.4184,3.62%,开放申购,开放赎回,
2016-02-01,1.3021,1.4021,-1.24%,开放申购,开放赎回,
2016-02-02,1.346,1.446,3.37%,开放申购,开放赎回,
2016-02-03,1.3514,1.4514,0.40%,开放申购,开放赎回,
2016-02-04,1.3774,1.4774,1.92%,开放申购,开放赎回,
2016-02-05,1.3644,1.4644,-0.94%,开放申购,开放赎回,
2016-02-15,1.3653,1.4653,0.07%,开放申购,开放赎回,
2016-02-16,1.4197,1.5197,3.98%,开放申购,开放赎回,
2016-02-17,1.4363,1.5363,1.17%,开放申购,开放赎回,
2016-02-18,1.4329,1.5329,-0.24%,开放申购,开放赎回,
2016-02-19,1.4378,1.5378,0.34%,开放申购,开放赎回,
2016-02-22,1.4664,1.5664,1.99%,开放申购,开放赎回,
2016-02-23,1.4588,1.5588,-0.52%,开放申购,开放赎回,
2016-02-24,1.4679,1.5679,0.62%,开放申购,开放赎回,
2016-02-25,1.3568,1.4568,-7.57%,开放申购,开放赎回,
2016-02-26,1.3622,1.4622,0.40%,开放申购,开放赎回,
2016-02-29,1.2932,1.3932,-5.07%,开放申购,开放赎回,
2016-03-01,1.322,1.422,2.23%,开放申购,开放赎回,
2016-03-02,1.3867,1.4867,4.89%,开放申购,开放赎回,
2016-03-03,1.3922,1.4922,0.40%,开放申购,开放赎回,
2016-03-04,1.3564,1.4564,-2.57%,开放申购,开放赎回,
2016-03-07,1.3868,1.4868,2.24%,开放申购,开放赎回,
2016-03-08,1.3895,1.4895,0.19%,开放申购,开放赎回,
2016-03-09,1.3554,1.4554,-2.45%,开放申购,开放赎回,
2016-03-10,1.3348,1.4348,-1.52%,开放申购,开放赎回,
2016-03-11,1.3332,1.4332,-0.12%,开放申购,开放赎回,
2016-03-14,1.3762,1.4762,3.23%,开放申购,开放赎回,
2016-03-15,1.3651,1.4651,-0.81%,开放申购,开放赎回,
2016-03-16,1.3475,1.4475,-1.29%,开放申购,开放赎回,
2016-03-17,1.3901,1.4901,3.16%,开放申购,开放赎回,
2016-03-18,1.4367,1.5367,3.35%,开放申购,开放赎回,
2016-03-21,1.4713,1.5713,2.41%,开放申购,开放赎回,
2016-03-22,1.4658,1.5658,-0.37%,开放申购,开放赎回,
2016-03-23,1.4757,1.5757,0.68%,开放申购,开放赎回,
2016-03-24,1.4527,1.5527,-1.56%,开放申购,开放赎回,
2016-03-25,1.4661,1.5661,0.92%,开放申购,开放赎回,
2016-03-28,1.4572,1.5572,-0.61%,开放申购,开放赎回,
2016-03-29,1.4298,1.5298,-1.88%,开放申购,开放赎回,
2016-03-30,1.4799,1.5799,3.50%,开放申购,开放赎回,
2016-03-31,1.4843,1.5843,0.30%,开放申购,开放赎回,
2016-04-01,1.477,1.577,-0.49%,开放申购,开放赎回,
2016-04-05,1.5149,1.6149,2.57%,开放申购,开放赎回,
2016-04-06,1.5234,1.6234,0.56%,开放申购,开放赎回,
2016-04-07,1.5017,1.6017,-1.42%,开放申购,开放赎回,
2016-04-08,1.4883,1.5883,-0.89%,开放申购,开放赎回,
2016-04-11,1.5197,1.6197,2.11%,开放申购,开放赎回,
2016-04-12,1.5079,1.6079,-0.78%,开放申购,开放赎回,
2016-04-13,1.5295,1.6295,1.43%,开放申购,开放赎回,
2016-04-14,1.5425,1.6425,0.85%,开放申购,开放赎回,
2016-04-15,1.5382,1.6382,-0.28%,开放申购,开放赎回,
2016-04-18,1.5145,1.6145,-1.54%,开放申购,开放赎回,
2016-04-19,1.5204,1.6204,0.39%,开放申购,开放赎回,
2016-04-20,1.4538,1.5538,-4.38%,开放申购,开放赎回,
2016-04-21,1.4427,1.5427,-0.76%,开放申购,开放赎回,
2016-04-22,1.4516,1.5516,0.62%,开放申购,开放赎回,
2016-04-25,1.4444,1.5444,-0.50%,开放申购,开放赎回,
2016-04-26,1.4601,1.5601,1.09%,开放申购,开放赎回,
2016-04-27,1.4535,1.5535,-0.45%,开放申购,开放赎回,
2016-04-28,1.4474,1.5474,-0.42%,开放申购,开放赎回,
2016-04-29,1.4468,1.5468,-0.04%,开放申购,开放赎回,
2016-05-03,1.4886,1.5886,2.89%,开放申购,开放赎回,
2016-05-04,1.4896,1.5896,0.07%,开放申购,开放赎回,
2016-05-05,1.4974,1.5974,0.52%,开放申购,开放赎回,
2016-05-06,1.4425,1.5425,-3.67%,开放申购,开放赎回,
2016-05-09,1.3921,1.4921,-3.49%,开放申购,开放赎回,
2016-05-10,1.3916,1.4916,-0.04%,开放申购,开放赎回,
2016-05-11,1.3889,1.4889,-0.19%,开放申购,开放赎回,
2016-05-12,1.3896,1.4896,0.05%,开放申购,开放赎回,
2016-05-13,1.3869,1.4869,-0.19%,开放申购,开放赎回,
2016-05-16,1.4095,1.5095,1.63%,开放申购,开放赎回,
2016-05-17,1.4052,1.5052,-0.31%,开放申购,开放赎回,
2016-05-18,1.3681,1.4681,-2.64%,开放申购,开放赎回,
2016-05-19,1.3775,1.4775,0.69%,开放申购,开放赎回,
2016-05-20,1.3932,1.4932,1.14%,开放申购,开放赎回,
2016-05-23,1.4109,1.5109,1.27%,开放申购,开放赎回,
2016-05-24,1.3957,1.4957,-1.08%,开放申购,开放赎回,
2016-05-25,1.3895,1.4895,-0.44%,开放申购,开放赎回,
2016-05-26,1.396,1.496,0.47%,开放申购,开放赎回,
2016-05-27,1.3956,1.4956,-0.03%,开放申购,开放赎回,
2016-05-30,1.3901,1.4901,-0.39%,开放申购,开放赎回,
2016-05-31,1.4458,1.5458,4.01%,开放申购,开放赎回,
2016-06-01,1.452,1.552,0.43%,开放申购,开放赎回,
2016-06-02,1.4609,1.5609,0.61%,开放申购,开放赎回,
2016-06-03,1.4663,1.5663,0.37%,开放申购,开放赎回,
2016-06-06,1.4702,1.5702,0.27%,开放申购,开放赎回,
2016-06-07,1.4691,1.5691,-0.07%,开放申购,开放赎回,
2016-06-08,1.4655,1.5655,-0.25%,开放申购,开放赎回,
2016-06-13,1.4023,1.5023,-4.31%,开放申购,开放赎回,
2016-06-14,1.4055,1.5055,0.23%,开放申购,开放赎回,
2016-06-15,1.4509,1.5509,3.23%,开放申购,开放赎回,
2016-06-16,1.4462,1.5462,-0.32%,开放申购,开放赎回,
2016-06-17,1.4542,1.5542,0.55%,开放申购,开放赎回,
2016-06-20,1.4596,1.5596,0.37%,开放申购,开放赎回,
2016-06-21,1.4439,1.5439,-1.08%,开放申购,开放赎回,
2016-06-22,1.4651,1.5651,1.47%,开放申购,开放赎回,
2016-06-23,1.4583,1.5583,-0.46%,开放申购,开放赎回,
2016-06-24,1.4409,1.5409,-1.19%,开放申购,开放赎回,
2016-06-27,1.4738,1.5738,2.28%,开放申购,开放赎回,
2016-06-28,1.4887,1.5887,1.01%,开放申购,开放赎回,
2016-06-29,1.4921,1.5921,0.23%,开放申购,开放赎回,
2016-06-30,1.4931,1.5931,0.07%,开放申购,开放赎回,
2016-07-01,1.4906,1.5906,-0.17%,开放申购,开放赎回,
2016-07-04,1.5188,1.6188,1.89%,开放申购,开放赎回,
2016-07-05,1.5274,1.6274,0.57%,开放申购,开放赎回,
2016-07-06,1.5338,1.6338,0.42%,开放申购,开放赎回,
2016-07-07,1.5395,1.6395,0.37%,开放申购,开放赎回,
2016-07-08,1.5357,1.6357,-0.25%,开放申购,开放赎回,
2016-07-11,1.5387,1.6387,0.20%,开放申购,开放赎回,
2016-07-12,1.5576,1.6576,1.23%,开放申购,开放赎回,
2016-07-13,1.5697,1.6697,0.78%,开放申购,开放赎回,
2016-07-14,1.572,1.672,0.15%,开放申购,开放赎回,
2016-07-15,1.569,1.669,-0.19%,开放申购,开放赎回,
2016-07-18,1.5617,1.6617,-0.47%,开放申购,开放赎回,
2016-07-19,1.5654,1.6654,0.24%,开放申购,开放赎回,
2016-07-20,1.5623,1.6623,-0.20%,开放申购,开放赎回,
2016-07-21,1.568,1.668,0.36%,开放申购,开放赎回,
2016-07-22,1.5564,1.6564,-0.74%,开放申购,开放赎回,
2016-07-25,1.5604,1.6604,0.26%,开放申购,开放赎回,
2016-07-26,1.5801,1.6801,1.26%,开放申购,开放赎回,
2016-07-27,1.5186,1.6186,-3.89%,开放申购,开放赎回,
2016-07-28,1.5215,1.6215,0.19%,开放申购,开放赎回,
2016-07-29,1.5121,1.6121,-0.62%,开放申购,开放赎回,
2016-08-01,1.4903,1.5903,-1.44%,开放申购,开放赎回,
2016-08-02,1.504,1.604,0.92%,开放申购,开放赎回,
2016-08-03,1.5109,1.6109,0.46%,开放申购,开放赎回,
2016-08-04,1.5202,1.6202,0.62%,开放申购,开放赎回,
2016-08-05,1.5125,1.6125,-0.51%,开放申购,开放赎回,
2016-08-08,1.5332,1.6332,1.37%,开放申购,开放赎回,
2016-08-09,1.5452,1.6452,0.78%,开放申购,开放赎回,
2016-08-10,1.54,1.64,-0.34%,开放申购,开放赎回,
2016-08-11,1.519,1.619,-1.36%,开放申购,开放赎回,
2016-08-12,1.5355,1.6355,1.09%,开放申购,开放赎回,
2016-08-15,1.569,1.669,2.18%,开放申购,开放赎回,
2016-08-16,1.5753,1.6753,0.40%,开放申购,开放赎回,
2016-08-17,1.5798,1.6798,0.29%,开放申购,开放赎回,
2016-08-18,1.5802,1.6802,0.03%,开放申购,开放赎回,
2016-08-19,1.5827,1.6827,0.16%,开放申购,开放赎回,
2016-08-22,1.5645,1.6645,-1.15%,开放申购,开放赎回,
2016-08-23,1.5662,1.6662,0.11%,开放申购,开放赎回,
2016-08-24,1.568,1.668,0.11%,开放申购,开放赎回,
2016-08-25,1.5558,1.6558,-0.78%,开放申购,开放赎回,
2016-08-26,1.5623,1.6623,0.42%,开放申购,开放赎回,
2016-08-29,1.5662,1.6662,0.25%,开放申购,开放赎回,
2016-08-30,1.566,1.666,-0.01%,开放申购,开放赎回,
2016-08-31,1.568,1.668,0.13%,开放申购,开放赎回,
2016-09-01,1.5561,1.6561,-0.76%,开放申购,开放赎回,
2016-09-02,1.5503,1.6503,-0.37%,开放申购,开放赎回,
2016-09-05,1.5584,1.6584,0.52%,开放申购,开放赎回,
2016-09-06,1.582,1.682,1.51%,开放申购,开放赎回,
2016-09-07,1.5824,1.6824,0.03%,开放申购,开放赎回,
2016-09-08,1.5878,1.6878,0.34%,开放申购,开放赎回,
2016-09-09,1.5776,1.6776,-0.64%,开放申购,开放赎回,
2016-09-12,1.5359,1.6359,-2.64%,开放申购,开放赎回,
2016-09-13,1.5423,1.6423,0.42%,开放申购,开放赎回,
2016-09-14,1.533,1.633,-0.60%,开放申购,开放赎回,
2016-09-19,1.5481,1.6481,0.99%,开放申购,开放赎回,
2016-09-20,1.5476,1.6476,-0.03%,开放申购,开放赎回,
2016-09-21,1.5484,1.6484,0.05%,开放申购,开放赎回,
2016-09-22,1.5581,1.6581,0.63%,开放申购,开放赎回,
2016-09-23,1.5548,1.6548,-0.21%,开放申购,开放赎回,
2016-09-26,1.5255,1.6255,-1.88%,开放申购,开放赎回,
2016-09-27,1.5355,1.6355,0.66%,开放申购,开放赎回,
2016-09-28,1.5346,1.6346,-0.06%,开放申购,开放赎回,
2016-09-29,1.5391,1.6391,0.29%,开放申购,开放赎回,
2016-09-30,1.5458,1.6458,0.44%,开放申购,开放赎回,
2016-10-10,1.5732,1.6732,1.77%,开放申购,开放赎回,
2016-10-11,1.5818,1.6818,0.55%,开放申购,开放赎回,
2016-10-12,1.581,1.681,-0.05%,开放申购,开放赎回,
2016-10-13,1.5816,1.6816,0.04%,开放申购,开放赎回,
2016-10-14,1.5779,1.6779,-0.23%,开放申购,开放赎回,
2016-10-17,1.5649,1.6649,-0.82%,开放申购,开放赎回,
2016-10-18,1.5871,1.6871,1.42%,开放申购,开放赎回,
2016-10-19,1.5839,1.6839,-0.20%,开放申购,开放赎回,
2016-10-20,1.5846,1.6846,0.04%,开放申购,开放赎回,
2016-10-21,1.5792,1.6792,-0.34%,开放申购,开放赎回,
2016-10-24,1.5943,1.6943,0.96%,开放申购,开放赎回,
2016-10-25,1.5997,1.6997,0.34%,开放申购,开放赎回,
2016-10-26,1.5922,1.6922,-0.47%,开放申购,开放赎回,
2016-10-27,1.5891,1.6891,-0.19%,开放申购,开放赎回,
2016-10-28,1.5751,1.6751,-0.88%,开放申购,开放赎回,
2016-10-31,1.5742,1.6742,-0.06%,开放申购,开放赎回,
2016-11-01,1.5871,1.6871,0.82%,开放申购,开放赎回,
2016-11-02,1.575,1.675,-0.76%,开放申购,开放赎回,
2016-11-03,1.5817,1.6817,0.43%,开放申购,开放赎回,
2016-11-04,1.5768,1.6768,-0.31%,开放申购,开放赎回,
2016-11-07,1.5781,1.6781,0.08%,开放申购,开放赎回,
2016-11-08,1.5861,1.6861,0.51%,开放申购,开放赎回,
2016-11-09,1.5747,1.6747,-0.72%,开放申购,开放赎回,
2016-11-10,1.5941,1.6941,1.23%,开放申购,开放赎回,
2016-11-11,1.6052,1.7052,0.70%,开放申购,开放赎回,
2016-11-14,1.6124,1.7124,0.45%,开放申购,开放赎回,
2016-11-15,1.6184,1.7184,0.37%,开放申购,开放赎回,
2016-11-16,1.6195,1.7195,0.07%,开放申购,开放赎回,
2016-11-17,1.6179,1.7179,-0.10%,开放申购,开放赎回,
2016-11-18,1.61,1.71,-0.49%,开放申购,开放赎回,
2016-11-21,1.612,1.712,0.12%,开放申购,开放赎回,
2016-11-22,1.6234,1.7234,0.71%,开放申购,开放赎回,
2016-11-23,1.6165,1.7165,-0.43%,开放申购,开放赎回,
2016-11-24,1.6144,1.7144,-0.13%,开放申购,开放赎回,
2016-11-25,1.6211,1.7211,0.42%,开放申购,开放赎回,
2016-11-28,1.6253,1.7253,0.26%,开放申购,开放赎回,
2016-11-29,1.6136,1.7136,-0.72%,开放申购,开放赎回,
2016-11-30,1.6055,1.7055,-0.50%,开放申购,开放赎回,
2016-12-01,1.6145,1.7145,0.56%,开放申购,开放赎回,
2016-12-02,1.5908,1.6908,-1.47%,开放申购,开放赎回,
2016-12-05,1.5831,1.6831,-0.48%,开放申购,开放赎回,
2016-12-06,1.5843,1.6843,0.08%,开放申购,开放赎回,
2016-12-07,1.599,1.699,0.93%,开放申购,开放赎回,
2016-12-08,1.592,1.692,-0.44%,开放申购,开放赎回,
2016-12-09,1.5883,1.6883,-0.23%,开放申购,开放赎回,
2016-12-12,1.5271,1.6271,-3.85%,开放申购,开放赎回,
2016-12-13,1.5337,1.6337,0.43%,开放申购,开放赎回,
2016-12-14,1.5252,1.6252,-0.55%,开放申购,开放赎回,
2016-12-15,1.5343,1.6343,0.60%,开放申购,开放赎回,
2016-12-16,1.5434,1.6434,0.59%,开放申购,开放赎回,
2016-12-19,1.5437,1.6437,0.02%,开放申购,开放赎回,
2016-12-20,1.5391,1.6391,-0.30%,开放申购,开放赎回,
2016-12-21,1.55,1.65,0.71%,开放申购,开放赎回,
2016-12-22,1.5486,1.6486,-0.09%,开放申购,开放赎回,
2016-12-23,1.5351,1.6351,-0.87%,开放申购,开放赎回,
2016-12-26,1.5381,1.6381,0.20%,开放申购,开放赎回,
2016-12-27,1.5369,1.6369,-0.08%,开放申购,开放赎回,
2016-12-28,1.5327,1.6327,-0.27%,开放申购,开放赎回,
2016-12-29,1.5289,1.6289,-0.25%,开放申购,开放赎回,
2016-12-30,1.5313,1.6313,0.16%,开放申购,开放赎回,
2016-12-31,1.5313,1.6313,0.00%,开放申购,开放赎回,
2017-01-03,1.5443,1.6443,0.85%,开放申购,开放赎回,
2017-01-04,1.5614,1.6614,1.11%,开放申购,开放赎回,
2017-01-05,1.5624,1.6624,0.06%,开放申购,开放赎回,
2017-01-06,1.556,1.656,-0.41%,开放申购,开放赎回,
2017-01-09,1.566,1.666,0.64%,开放申购,开放赎回,
2017-01-10,1.5611,1.6611,-0.31%,开放申购,开放赎回,
2017-01-11,1.547,1.647,-0.90%,开放申购,开放赎回,
2017-01-12,1.5333,1.6333,-0.89%,开放申购,开放赎回,
2017-01-13,1.5154,1.6154,-1.17%,开放申购,开放赎回,
2017-01-16,1.4769,1.5769,-2.54%,开放申购,开放赎回,
2017-01-17,1.4891,1.5891,0.83%,开放申购,开放赎回,
2017-01-18,1.4864,1.5864,-0.18%,开放申购,开放赎回,
2017-01-19,1.4807,1.5807,-0.38%,开放申购,开放赎回,
2017-01-20,1.498,1.598,1.17%,开放申购,开放赎回,
2017-01-23,1.5092,1.6092,0.75%,开放申购,开放赎回,
2017-01-24,1.5076,1.6076,-0.11%,开放申购,开放赎回,
2017-01-25,1.5111,1.6111,0.23%,开放申购,开放赎回,
2017-01-26,1.5212,1.6212,0.67%,开放申购,开放赎回,
2017-02-03,1.5171,1.6171,-0.27%,开放申购,开放赎回,
2017-02-06,1.5287,1.6287,0.76%,开放申购,开放赎回,
2017-02-07,1.5279,1.6279,-0.05%,开放申购,开放赎回,
2017-02-08,1.5365,1.6365,0.56%,开放申购,开放赎回,
2017-02-09,1.5457,1.6457,0.60%,开放申购,开放赎回,
2017-02-10,1.5472,1.6472,0.10%,开放申购,开放赎回,
2017-02-13,1.5548,1.6548,0.49%,开放申购,开放赎回,
2017-02-14,1.556,1.656,0.08%,开放申购,开放赎回,
2017-02-15,1.5411,1.6411,-0.96%,开放申购,开放赎回,
2017-02-16,1.5521,1.6521,0.71%,开放申购,开放赎回,
2017-02-17,1.5401,1.6401,-0.77%,开放申购,开放赎回,
2017-02-20,1.5582,1.6582,1.18%,开放申购,开放赎回,
2017-02-21,1.5697,1.6697,0.74%,开放申购,开放赎回,
2017-02-22,1.5789,1.6789,0.59%,开放申购,开放赎回,
2017-02-23,1.5788,1.6788,-0.01%,开放申购,开放赎回,
2017-02-24,1.5796,1.6796,0.05%,开放申购,开放赎回,
2017-02-27,1.5669,1.6669,-0.80%,开放申购,开放赎回,
2017-02-28,1.5731,1.6731,0.40%,开放申购,开放赎回,
2017-03-01,1.5773,1.6773,0.27%,开放申购,开放赎回,
2017-03-02,1.57,1.67,-0.46%,开放申购,开放赎回,
2017-03-03,1.5741,1.6741,0.26%,开放申购,开放赎回,
2017-03-06,1.589,1.689,0.95%,开放申购,开放赎回,
2017-03-07,1.5903,1.6903,0.08%,开放申购,开放赎回,
2017-03-08,1.5843,1.6843,-0.38%,开放申购,开放赎回,
2017-03-09,1.571,1.671,-0.84%,开放申购,开放赎回,
2017-03-10,1.5731,1.6731,0.13%,开放申购,开放赎回,
2017-03-13,1.5872,1.6872,0.90%,开放申购,开放赎回,
2017-03-14,1.5839,1.6839,-0.21%,开放申购,开放赎回,
2017-03-15,1.5823,1.6823,-0.10%,开放申购,开放赎回,
2017-03-16,1.5957,1.6957,0.85%,开放申购,开放赎回,
2017-03-17,1.5819,1.6819,-0.86%,开放申购,开放赎回,
2017-03-20,1.5851,1.6851,0.20%,开放申购,开放赎回,
2017-03-21,1.5893,1.6893,0.27%,开放申购,开放赎回,
2017-03-22,1.5857,1.6857,-0.23%,开放申购,开放赎回,
2017-03-23,1.5886,1.6886,0.18%,开放申购,开放赎回,
2017-03-24,1.5971,1.6971,0.54%,开放申购,开放赎回,
2017-03-27,1.59,1.69,-0.44%,开放申购,开放赎回,
2017-03-28,1.5861,1.6861,-0.25%,开放申购,开放赎回,
2017-03-29,1.5819,1.6819,-0.26%,开放申购,开放赎回,
2017-03-30,1.558,1.658,-1.51%,开放申购,开放赎回,
2017-03-31,1.5639,1.6639,0.38%,开放申购,开放赎回,
2017-04-05,1.5959,1.6959,2.05%,开放申购,开放赎回,
2017-04-06,1.6003,1.7003,0.28%,开放申购,开放赎回,
2017-04-07,1.6048,1.7048,0.28%,开放申购,开放赎回,
2017-04-10,1.602,1.702,-0.17%,开放申购,开放赎回,
2017-04-11,1.6164,1.7164,0.90%,开放申购,开放赎回,
2017-04-12,1.6044,1.7044,-0.74%,开放申购,开放赎回,
2017-04-13,1.6138,1.7138,0.59%,开放申购,开放赎回,
2017-04-14,1.5936,1.6936,-1.25%,开放申购,开放赎回,
2017-04-17,1.5769,1.6769,-1.05%,开放申购,开放赎回,
2017-04-18,1.5682,1.6682,-0.55%,开放申购,开放赎回,
2017-04-19,1.5525,1.6525,-1.00%,开放申购,开放赎回,
2017-04-20,1.5519,1.6519,-0.04%,开放申购,开放赎回,
2017-04-21,1.5411,1.6411,-0.70%,开放申购,开放赎回,
2017-04-24,1.5038,1.6038,-2.42%,开放申购,开放赎回,
2017-04-25,1.5087,1.6087,0.33%,开放申购,开放赎回,
2017-04-26,1.5125,1.6125,0.25%,开放申购,开放赎回,
2017-04-27,1.5159,1.6159,0.22%,开放申购,开放赎回,
2017-04-28,1.5204,1.6204,0.30%,开放申购,开放赎回,
2017-05-02,1.5213,1.6213,0.06%,开放申购,开放赎回,
2017-05-03,1.5169,1.6169,-0.29%,开放申购,开放赎回,
2017-05-04,1.5121,1.6121,-0.32%,开放申购,开放赎回,
2017-05-05,1.4922,1.5922,-1.32%,开放申购,开放赎回,
2017-05-08,1.4658,1.5658,-1.77%,开放申购,开放赎回,
2017-05-09,1.4741,1.5741,0.57%,开放申购,开放赎回,
2017-05-10,1.4452,1.5452,-1.96%,开放申购,开放赎回,
2017-05-11,1.4421,1.5421,-0.21%,开放申购,开放赎回,
2017-05-12,1.44,1.54,-0.15%,开放申购,开放赎回,
2017-05-15,1.4472,1.5472,0.50%,开放申购,开放赎回,
2017-05-16,1.4754,1.5754,1.95%,开放申购,开放赎回,
2017-05-17,1.4786,1.5786,0.22%,开放申购,开放赎回,
2017-05-18,1.4668,1.5668,-0.80%,开放申购,开放赎回,
2017-05-19,1.4666,1.5666,-0.01%,开放申购,开放赎回,
2017-05-22,1.4466,1.5466,-1.36%,开放申购,开放赎回,
2017-05-23,1.418,1.518,-1.98%,开放申购,开放赎回,
2017-05-24,1.4261,1.5261,0.57%,开放申购,开放赎回,
2017-05-25,1.4383,1.5383,0.86%,开放申购,开放赎回,
2017-05-26,1.4359,1.5359,-0.17%,开放申购,开放赎回,
2017-05-31,1.4327,1.5327,-0.22%,开放申购,开放赎回,
2017-06-01,1.4063,1.5063,-1.84%,开放申购,开放赎回,
2017-06-02,1.421,1.521,1.05%,开放申购,开放赎回,
2017-06-05,1.4312,1.5312,0.72%,开放申购,开放赎回,
2017-06-06,1.4371,1.5371,0.41%,开放申购,开放赎回,
2017-06-07,1.4639,1.5639,1.86%,开放申购,开放赎回,
2017-06-08,1.4655,1.5655,0.11%,开放申购,开放赎回,
2017-06-09,1.4687,1.5687,0.22%,开放申购,开放赎回,
2017-06-12,1.4534,1.5534,-1.04%,开放申购,开放赎回,
2017-06-13,1.4715,1.5715,1.25%,开放申购,开放赎回,
2017-06-14,1.4685,1.5685,-0.20%,开放申购,开放赎回,
2017-06-15,1.4815,1.5815,0.89%,开放申购,开放赎回,
2017-06-16,1.4801,1.5801,-0.09%,开放申购,开放赎回,
2017-06-19,1.4905,1.5905,0.70%,开放申购,开放赎回,
2017-06-20,1.4929,1.5929,0.16%,开放申购,开放赎回,
2017-06-21,1.4955,1.5955,0.17%,开放申购,开放赎回,
2017-06-22,1.476,1.576,-1.30%,开放申购,开放赎回,
2017-06-23,1.4798,1.5798,0.26%,开放申购,开放赎回,
2017-06-26,1.5037,1.6037,1.62%,开放申购,开放赎回,
2017-06-27,1.5041,1.6041,0.03%,开放申购,开放赎回,
2017-06-28,1.4979,1.5979,-0.41%,开放申购,开放赎回,
2017-06-29,1.5054,1.6054,0.50%,开放申购,开放赎回,
2017-06-30,1.5105,1.6105,0.34%,开放申购,开放赎回,
2017-07-03,1.5197,1.6197,0.61%,开放申购,开放赎回,
2017-07-04,1.5125,1.6125,-0.47%,开放申购,开放赎回,
2017-07-05,1.5234,1.6234,0.72%,开放申购,开放赎回,
2017-07-06,1.5254,1.6254,0.13%,开放申购,开放赎回,
2017-07-07,1.5314,1.6314,0.39%,开放申购,开放赎回,
2017-07-10,1.5269,1.6269,-0.29%,开放申购,开放赎回,
2017-07-11,1.509,1.609,-1.17%,开放申购,开放赎回,
2017-07-12,1.5097,1.6097,0.05%,开放申购,开放赎回,
2017-07-13,1.5139,1.6139,0.28%,开放申购,开放赎回,
2017-07-14,1.5093,1.6093,-0.30%,开放申购,开放赎回,
2017-07-17,1.4506,1.5506,-3.89%,开放申购,开放赎回,
2017-07-18,1.4647,1.5647,0.97%,开放申购,开放赎回,
2017-07-19,1.4932,1.5932,1.95%,开放申购,开放赎回,
2017-07-20,1.5026,1.6026,0.63%,开放申购,开放赎回,
2017-07-21,1.5094,1.6094,0.45%,开放申购,开放赎回,
2017-07-24,1.5191,1.6191,0.64%,开放申购,开放赎回,
2017-07-25,1.5157,1.6157,-0.22%,开放申购,开放赎回,
2017-07-26,1.5142,1.6142,-0.10%,开放申购,开放赎回,
2017-07-27,1.5234,1.6234,0.61%,开放申购,开放赎回,
2017-07-28,1.531,1.631,0.50%,开放申购,开放赎回,
2017-07-31,1.5503,1.6503,1.26%,开放申购,开放赎回,
2017-08-01,1.5476,1.6476,-0.17%,开放申购,开放赎回,
2017-08-02,1.5396,1.6396,-0.52%,开放申购,开放赎回,
2017-08-03,1.542,1.642,0.16%,开放申购,开放赎回,
2017-08-04,1.5335,1.6335,-0.55%,开放申购,开放赎回,
2017-08-07,1.5515,1.6515,1.17%,开放申购,开放赎回,
2017-08-08,1.5515,1.6515,0.00%,开放申购,开放赎回,
2017-08-09,1.5602,1.6602,0.56%,开放申购,开放赎回,
2017-08-10,1.5482,1.6482,-0.77%,开放申购,开放赎回,
2017-08-11,1.5184,1.6184,-1.92%,开放申购,开放赎回,
2017-08-14,1.549,1.649,2.02%,开放申购,开放赎回,
2017-08-15,1.5541,1.6541,0.33%,开放申购,开放赎回,
2017-08-16,1.5552,1.6552,0.07%,开放申购,开放赎回,
2017-08-17,1.5664,1.6664,0.72%,开放申购,开放赎回,
2017-08-18,1.562,1.662,-0.28%,开放申购,开放赎回,
2017-08-21,1.5752,1.6752,0.85%,开放申购,开放赎回,
2017-08-22,1.5686,1.6686,-0.42%,开放申购,开放赎回,
2017-08-23,1.5563,1.6563,-0.78%,开放申购,开放赎回,
2017-08-24,1.546,1.646,-0.66%,开放申购,开放赎回,
2017-08-25,1.5621,1.6621,1.04%,开放申购,开放赎回,
2017-08-28,1.5804,1.6804,1.17%,开放申购,开放赎回,
2017-08-29,1.5764,1.6764,-0.25%,开放申购,开放赎回,
2017-08-30,1.5871,1.6871,0.68%,开放申购,开放赎回,
2017-08-31,1.5912,1.6912,0.26%,开放申购,开放赎回,
2017-09-01,1.6044,1.7044,0.83%,开放申购,开放赎回,
2017-09-04,1.6131,1.7131,0.54%,开放申购,开放赎回,
2017-09-05,1.6149,1.7149,0.11%,开放申购,开放赎回,
2017-09-06,1.6232,1.7232,0.51%,开放申购,开放赎回,
2017-09-07,1.6119,1.7119,-0.70%,开放申购,开放赎回,
2017-09-08,1.6153,1.7153,0.21%,开放申购,开放赎回,
2017-09-11,1.6331,1.7331,1.10%,开放申购,开放赎回,
2017-09-12,1.6319,1.7319,-0.07%,开放申购,开放赎回,
2017-09-13,1.6413,1.7413,0.58%,开放申购,开放赎回,
2017-09-14,1.6384,1.7384,-0.18%,开放申购,开放赎回,
2017-09-15,1.6267,1.7267,-0.71%,开放申购,开放赎回,
2017-09-18,1.638,1.738,0.69%,开放申购,开放赎回,
2017-09-19,1.6301,1.7301,-0.48%,开放申购,开放赎回,
2017-09-20,1.6433,1.7433,0.81%,开放申购,开放赎回,
2017-09-21,1.6245,1.7245,-1.14%,开放申购,开放赎回,
2017-09-22,1.615,1.715,-0.58%,开放申购,开放赎回,
2017-09-25,1.5958,1.6958,-1.19%,开放申购,开放赎回,
2017-09-26,1.6026,1.7026,0.43%,开放申购,开放赎回,
2017-09-27,1.6175,1.7175,0.93%,开放申购,开放赎回,
2017-09-28,1.614,1.714,-0.22%,开放申购,开放赎回,
2017-09-29,1.6222,1.7222,0.51%,开放申购,开放赎回,
2017-10-09,1.6396,1.7396,1.07%,开放申购,开放赎回,
2017-10-10,1.646,1.746,0.39%,开放申购,开放赎回,
2017-10-11,1.6369,1.7369,-0.55%,开放申购,开放赎回,
2017-10-12,1.6349,1.7349,-0.12%,开放申购,开放赎回,
2017-10-13,1.6471,1.7471,0.75%,开放申购,开放赎回,
2017-10-16,1.626,1.726,-1.28%,开放申购,开放赎回,
2017-10-17,1.6243,1.7243,-0.10%,开放申购,开放赎回,
2017-10-18,1.6128,1.7128,-0.71%,开放申购,开放赎回,
2017-10-19,1.5983,1.6983,-0.90%,开放申购,开放赎回,
2017-10-20,1.6147,1.7147,1.03%,开放申购,开放赎回,
2017-10-23,1.6242,1.7242,0.59%,开放申购,开放赎回,
2017-10-24,1.6218,1.7218,-0.15%,开放申购,开放赎回,
2017-10-25,1.6324,1.7324,0.65%,开放申购,开放赎回,
2017-10-26,1.6382,1.7382,0.36%,开放申购,开放赎回,
2017-10-27,1.6285,1.7285,-0.59%,开放申购,开放赎回,
2017-10-30,1.6005,1.7005,-1.72%,开放申购,开放赎回,
2017-10-31,1.6119,1.7119,0.71%,开放申购,开放赎回,
2017-11-01,1.6102,1.7102,-0.11%,开放申购,开放赎回,
2017-11-02,1.5943,1.6943,-0.99%,开放申购,开放赎回,
2017-11-03,1.5806,1.6806,-0.86%,开放申购,开放赎回,
2017-11-06,1.6005,1.7005,1.26%,开放申购,开放赎回,
2017-11-07,1.61,1.71,0.59%,开放申购,开放赎回,
2017-11-08,1.6127,1.7127,0.17%,开放申购,开放赎回,
2017-11-09,1.6241,1.7241,0.71%,开放申购,开放赎回,
2017-11-10,1.6313,1.7313,0.44%,开放申购,开放赎回,
2017-11-13,1.6383,1.7383,0.43%,开放申购,开放赎回,
2017-11-14,1.6249,1.7249,-0.82%,开放申购,开放赎回,
2017-11-15,1.6069,1.7069,-1.11%,开放申购,开放赎回,
2017-11-16,1.6118,1.7118,0.30%,开放申购,开放赎回,
2017-11-17,1.5661,1.6661,-2.84%,开放申购,开放赎回,
2017-11-20,1.5825,1.6825,1.05%,开放申购,开放赎回,
2017-11-21,1.588,1.688,0.35%,开放申购,开放赎回,
2017-11-22,1.5839,1.6839,-0.26%,开放申购,开放赎回,
2017-11-23,1.5458,1.6458,-2.41%,开放申购,开放赎回,
2017-11-24,1.5465,1.6465,0.05%,开放申购,开放赎回,
2017-11-27,1.5268,1.6268,-1.27%,开放申购,开放赎回,
2017-11-28,1.5511,1.6511,1.59%,开放申购,开放赎回,
2017-11-29,1.5557,1.6557,0.30%,开放申购,开放赎回,
2017-11-30,1.5427,1.6427,-0.84%,开放申购,开放赎回,
2017-12-01,1.5548,1.6548,0.78%,开放申购,开放赎回,
2017-12-04,1.5463,1.6463,-0.55%,开放申购,开放赎回,
2017-12-05,1.5123,1.6123,-2.20%,开放申购,开放赎回,
2017-12-06,1.5217,1.6217,0.62%,开放申购,开放赎回,
2017-12-07,1.5148,1.6148,-0.45%,开放申购,开放赎回,
2017-12-08,1.5303,1.6303,1.02%,开放申购,开放赎回,
2017-12-11,1.5495,1.6495,1.25%,开放申购,开放赎回,
2017-12-12,1.5374,1.6374,-0.78%,开放申购,开放赎回,
2017-12-13,1.5476,1.6476,0.66%,开放申购,开放赎回,
2017-12-14,1.5493,1.6493,0.11%,开放申购,开放赎回,
2017-12-15,1.5374,1.6374,-0.77%,开放申购,开放赎回,
2017-12-18,1.5287,1.6287,-0.57%,开放申购,开放赎回,
2017-12-19,1.5408,1.6408,0.79%,开放申购,开放赎回,
2017-12-20,1.5286,1.6286,-0.79%,开放申购,开放赎回,
2017-12-21,1.5381,1.6381,0.62%,开放申购,开放赎回,
2017-12-22,1.5391,1.6391,0.07%,开放申购,开放赎回,
2017-12-25,1.5254,1.6254,-0.89%,开放申购,开放赎回,
2017-12-26,1.5337,1.6337,0.54%,开放申购,开放赎回,
2017-12-27,1.5228,1.6228,-0.71%,开放申购,开放赎回,
2017-12-28,1.5302,1.6302,0.49%,开放申购,开放赎回,
2017-12-29,1.5411,1.6411,0.71%,开放申购,开放赎回,
2017-12-31,1.5411,1.6411,,开放申购,开放赎回,
2018-01-02,1.5602,1.6602,1.24%,开放申购,开放赎回,
2018-01-03,1.5731,1.6731,0.83%,开放申购,开放赎回,
2018-01-04,1.5798,1.6798,0.43%,开放申购,开放赎回,
2018-01-05,1.5798,1.6798,0.00%,开放申购,开放赎回,
2018-01-08,1.5865,1.6865,0.42%,开放申购,开放赎回,
2018-01-09,1.5863,1.6863,-0.01%,开放申购,开放赎回,
2018-01-10,1.577,1.677,-0.59%,开放申购,开放赎回,
2018-01-11,1.5818,1.6818,0.30%,开放申购,开放赎回,
2018-01-12,1.5755,1.6755,-0.40%,开放申购,开放赎回,
2018-01-15,1.5412,1.6412,-2.18%,开放申购,开放赎回,
2018-01-16,1.5522,1.6522,0.71%,开放申购,开放赎回,
2018-01-17,1.544,1.644,-0.53%,开放申购,开放赎回,
2018-01-18,1.548,1.648,0.26%,开放申购,开放赎回,
2018-01-19,1.5442,1.6442,-0.25%,开放申购,开放赎回,
2018-01-22,1.5621,1.6621,1.16%,开放申购,开放赎回,
2018-01-23,1.5637,1.6637,0.10%,开放申购,开放赎回,
2018-01-24,1.5733,1.6733,0.61%,开放申购,开放赎回,
2018-01-25,1.5705,1.6705,-0.18%,开放申购,开放赎回,
2018-01-26,1.5706,1.6706,0.01%,开放申购,开放赎回,
2018-01-29,1.555,1.655,-0.99%,开放申购,开放赎回,
2018-01-30,1.5556,1.6556,0.04%,开放申购,开放赎回,
2018-01-31,1.5261,1.6261,-1.90%,开放申购,开放赎回,
2018-02-01,1.4782,1.5782,-3.14%,开放申购,开放赎回,
2018-02-02,1.4826,1.5826,0.30%,开放申购,开放赎回,
2018-02-05,1.4812,1.5812,-0.09%,开放申购,开放赎回,
2018-02-06,1.4128,1.5128,-4.62%,开放申购,开放赎回,
2018-02-07,1.4141,1.5141,0.09%,开放申购,开放赎回,
2018-02-08,1.427,1.527,0.91%,开放申购,开放赎回,
2018-02-09,1.3773,1.4773,-3.48%,开放申购,开放赎回,
2018-02-12,1.4098,1.5098,2.36%,开放申购,开放赎回,
2018-02-13,1.4178,1.5178,0.57%,开放申购,开放赎回,
2018-02-14,1.4221,1.5221,0.30%,开放申购,开放赎回,
2018-02-22,1.4503,1.5503,1.98%,开放申购,开放赎回,
2018-02-23,1.4554,1.5554,0.35%,开放申购,开放赎回,
2018-02-26,1.4865,1.5865,2.14%,开放申购,开放赎回,
2018-02-27,1.4821,1.5821,-0.30%,开放申购,开放赎回,
2018-02-28,1.4851,1.5851,0.20%,开放申购,开放赎回,
2018-03-01,1.5006,1.6006,1.04%,开放申购,开放赎回,
2018-03-02,1.4928,1.5928,-0.52%,开放申购,开放赎回,
2018-03-05,1.4944,1.5944,0.11%,开放申购,开放赎回,
2018-03-06,1.5136,1.6136,1.28%,开放申购,开放赎回,
2018-03-07,1.4999,1.5999,-0.91%,开放申购,开放赎回,
2018-03-08,1.5106,1.6106,0.71%,开放申购,开放赎回,
2018-03-09,1.5285,1.6285,1.19%,开放申购,开放赎回,
2018-03-12,1.5491,1.6491,1.35%,开放申购,开放赎回,
2018-03-13,1.5399,1.6399,-0.59%,开放申购,开放赎回,
2018-03-14,1.5246,1.6246,-0.99%,开放申购,开放赎回,
2018-03-15,1.522,1.622,-0.17%,开放申购,开放赎回,
2018-03-16,1.5143,1.6143,-0.51%,开放申购,开放赎回,
2018-03-19,1.5157,1.6157,0.09%,开放申购,开放赎回,
2018-03-20,1.5202,1.6202,0.30%,开放申购,开放赎回,
2018-03-21,1.5098,1.6098,-0.68%,开放申购,开放赎回,
2018-03-22,1.5031,1.6031,-0.44%,开放申购,开放赎回,
2018-03-23,1.4293,1.5293,-4.91%,开放申购,开放赎回,
2018-03-26,1.4565,1.5565,1.90%,开放申购,开放赎回,
2018-03-27,1.4872,1.5872,2.11%,开放申购,开放赎回,
2018-03-28,1.4729,1.5729,-0.96%,开放申购,开放赎回,
2018-03-29,1.4873,1.5873,0.98%,开放申购,开放赎回,
2018-03-30,1.506,1.606,1.26%,开放申购,开放赎回,
2018-04-02,1.5076,1.6076,0.11%,开放申购,开放赎回,
2018-04-03,1.4932,1.5932,-0.96%,开放申购,开放赎回,
2018-04-04,1.4836,1.5836,-0.64%,开放申购,开放赎回,
2018-04-09,1.4853,1.5853,0.11%,开放申购,开放赎回,
2018-04-10,1.4942,1.5942,0.60%,开放申购,开放赎回,
2018-04-11,1.4996,1.5996,0.36%,开放申购,开放赎回,
2018-04-12,1.4913,1.5913,-0.55%,开放申购,开放赎回,
2018-04-13,1.4857,1.5857,-0.38%,开放申购,开放赎回,
2018-04-16,1.482,1.582,-0.25%,开放申购,开放赎回,
2018-04-17,1.454,1.554,-1.89%,开放申购,开放赎回,
2018-04-18,1.4726,1.5726,1.28%,开放申购,开放赎回,
2018-04-19,1.4805,1.5805,0.54%,开放申购,开放赎回,
2018-04-20,1.4514,1.5514,-1.97%,开放申购,开放赎回,
2018-04-23,1.4377,1.5377,-0.94%,开放申购,开放赎回,
2018-04-24,1.4693,1.5693,2.20%,开放申购,开放赎回,
2018-04-25,1.4697,1.5697,0.03%,开放申购,开放赎回,
2018-04-26,1.4439,1.5439,-1.76%,开放申购,开放赎回,
2018-04-27,1.4474,1.5474,0.24%,开放申购,开放赎回,
2018-05-02,1.4458,1.5458,-0.11%,开放申购,开放赎回,
2018-05-03,1.4592,1.5592,0.93%,开放申购,开放赎回,
2018-05-04,1.4593,1.5593,0.01%,开放申购,开放赎回,
2018-05-07,1.4852,1.5852,1.77%,开放申购,开放赎回,
2018-05-08,1.4906,1.5906,0.36%,开放申购,开放赎回,
2018-05-09,1.4876,1.5876,-0.20%,开放申购,开放赎回,
2018-05-10,1.4903,1.5903,0.18%,开放申购,开放赎回,
2018-05-11,1.4791,1.5791,-0.75%,开放申购,开放赎回,
2018-05-14,1.4736,1.5736,-0.37%,开放申购,开放赎回,
2018-05-15,1.4862,1.5862,0.86%,开放申购,开放赎回,
2018-05-16,1.4829,1.5829,-0.22%,开放申购,开放赎回,
2018-05-17,1.4761,1.5761,-0.46%,开放申购,开放赎回,
2018-05-18,1.4815,1.5815,0.37%,开放申购,开放赎回,
2018-05-21,1.4998,1.5998,1.24%,开放申购,开放赎回,
2018-05-22,1.5049,1.6049,0.34%,开放申购,开放赎回,
2018-05-23,1.4866,1.5866,-1.22%,开放申购,开放赎回,
2018-05-24,1.4818,1.5818,-0.32%,开放申购,开放赎回,
2018-05-25,1.4651,1.5651,-1.13%,开放申购,开放赎回,
2018-05-28,1.4588,1.5588,-0.43%,开放申购,开放赎回,
2018-05-29,1.4455,1.5455,-0.91%,开放申购,开放赎回,
2018-05-30,1.4096,1.5096,-2.48%,开放申购,开放赎回,
2018-05-31,1.4266,1.5266,1.21%,开放申购,开放赎回,
2018-06-01,1.4107,1.5107,-1.11%,开放申购,开放赎回,
2018-06-04,1.4104,1.5104,-0.02%,开放申购,开放赎回,
2018-06-05,1.4327,1.5327,1.58%,开放申购,开放赎回,
2018-06-06,1.4325,1.5325,-0.01%,开放申购,开放赎回,
2018-06-07,1.4236,1.5236,-0.62%,开放申购,开放赎回,
2018-06-08,1.4075,1.5075,-1.13%,开放申购,开放赎回,
2018-06-11,1.399,1.499,-0.60%,开放申购,开放赎回,
2018-06-12,1.4136,1.5136,1.04%,开放申购,开放赎回,
2018-06-13,1.3935,1.4935,-1.42%,开放申购,开放赎回,
2018-06-14,1.389,1.489,-0.32%,开放申购,开放赎回,
2018-06-15,1.3654,1.4654,-1.70%,开放申购,开放赎回,
2018-06-19,1.2846,1.3846,-5.92%,开放申购,开放赎回,
2018-06-20,1.2987,1.3987,1.10%,开放申购,开放赎回,
2018-06-21,1.2727,1.3727,-2.00%,开放申购,开放赎回,
2018-06-22,1.2901,1.3901,1.37%,开放申购,开放赎回,
2018-06-25,1.2817,1.3817,-0.65%,开放申购,开放赎回,
2018-06-26,1.2902,1.3902,0.66%,开放申购,开放赎回,
2018-06-27,1.2783,1.3783,-0.92%,开放申购,开放赎回,
2018-06-28,1.2659,1.3659,-0.97%,开放申购,开放赎回,
2018-06-29,1.305,1.405,3.09%,开放申购,开放赎回,
2018-06-30,1.305,1.405,,开放申购,开放赎回,
2018-07-02,1.2859,1.3859,-1.46%,开放申购,开放赎回,
2018-07-03,1.2997,1.3997,1.07%,开放申购,开放赎回,
2018-07-04,1.2821,1.3821,-1.35%,开放申购,开放赎回,
2018-07-05,1.2505,1.3505,-2.46%,开放申购,开放赎回,
2018-07-06,1.254,1.354,0.28%,开放申购,开放赎回,
2018-07-09,1.2802,1.3802,2.09%,开放申购,开放赎回,
2018-07-10,1.2875,1.3875,0.57%,开放申购,开放赎回,
2018-07-11,1.2637,1.3637,-1.85%,开放申购,开放赎回,
2018-07-12,1.2967,1.3967,2.61%,开放申购,开放赎回,
2018-07-13,1.3044,1.4044,0.59%,开放申购,开放赎回,
2018-07-16,1.3024,1.4024,-0.15%,开放申购,开放赎回,
2018-07-17,1.3025,1.4025,0.01%,开放申购,开放赎回,
2018-07-18,1.2937,1.3937,-0.68%,开放申购,开放赎回,
2018-07-19,1.2829,1.3829,-0.83%,开放申购,开放赎回,
2018-07-20,1.2984,1.3984,1.21%,开放申购,开放赎回,
2018-07-23,1.3077,1.4077,0.72%,开放申购,开放赎回,
2018-07-24,1.3293,1.4293,1.65%,开放申购,开放赎回,
2018-07-25,1.3305,1.4305,0.09%,开放申购,开放赎回,
2018-07-26,1.3221,1.4221,-0.63%,开放申购,开放赎回,
2018-07-27,1.3165,1.4165,-0.42%,开放申购,开放赎回,
2018-07-30,1.301,1.401,-1.18%,开放申购,开放赎回,
2018-07-31,1.3015,1.4015,0.04%,开放申购,开放赎回,
2018-08-01,1.2815,1.3815,-1.54%,开放申购,开放赎回,
2018-08-02,1.2548,1.3548,-2.08%,开放申购,开放赎回,
2018-08-03,1.2394,1.3394,-1.23%,开放申购,开放赎回,
2018-08-06,1.2143,1.3143,-2.03%,开放申购,开放赎回,
2018-08-07,1.2458,1.3458,2.59%,开放申购,开放赎回,
2018-08-08,1.2276,1.3276,-1.46%,开放申购,开放赎回,
2018-08-09,1.2576,1.3576,2.44%,开放申购,开放赎回,
2018-08-10,1.264,1.364,0.51%,开放申购,开放赎回,
2018-08-13,1.2701,1.3701,0.48%,开放申购,开放赎回,
2018-08-14,1.2659,1.3659,-0.33%,开放申购,开放赎回,
2018-08-15,1.241,1.341,-1.97%,开放申购,开放赎回,
2018-08-16,1.2307,1.3307,-0.83%,开放申购,开放赎回,
2018-08-17,1.2109,1.3109,-1.61%,开放申购,开放赎回,
2018-08-20,1.2179,1.3179,0.58%,开放申购,开放赎回,
2018-08-21,1.2323,1.3323,1.18%,开放申购,开放赎回,
2018-08-22,1.2195,1.3195,-1.04%,开放申购,开放赎回,
2018-08-23,1.226,1.326,0.53%,开放申购,开放赎回,
2018-08-24,1.2233,1.3233,-0.22%,开放申购,开放赎回,
2018-08-27,1.2494,1.3494,2.13%,开放申购,开放赎回,
2018-08-28,1.2527,1.3527,0.26%,开放申购,开放赎回,
2018-08-29,1.245,1.345,-0.61%,开放申购,开放赎回,
2018-08-30,1.2273,1.3273,-1.42%,开放申购,开放赎回,
2018-08-31,1.2147,1.3147,-1.03%,开放申购,开放赎回,
2018-09-03,1.2203,1.3203,0.46%,开放申购,开放赎回,
2018-09-04,1.2327,1.3327,1.02%,开放申购,开放赎回,
2018-09-05,1.2147,1.3147,-1.46%,开放申购,开放赎回,
2018-09-06,1.2093,1.3093,-0.44%,开放申购,开放赎回,
2018-09-07,1.2088,1.3088,-0.04%,开放申购,开放赎回,
2018-09-10,1.1881,1.2881,-1.71%,开放申购,开放赎回,
2018-09-11,1.1876,1.2876,-0.04%,开放申购,开放赎回,
2018-09-12,1.1854,1.2854,-0.19%,开放申购,开放赎回,
2018-09-13,1.192,1.292,0.56%,开放申购,开放赎回,
2018-09-14,1.18,1.28,-1.01%,开放申购,开放赎回,
2018-09-17,1.1638,1.2638,-1.37%,开放申购,开放赎回,
2018-09-18,1.1833,1.2833,1.68%,开放申购,开放赎回,
2018-09-19,1.1963,1.2963,1.10%,开放申购,开放赎回,
2018-09-20,1.1957,1.2957,-0.05%,开放申购,开放赎回,
2018-09-21,1.2132,1.3132,1.46%,开放申购,开放赎回,
2018-09-25,1.2103,1.3103,-0.24%,开放申购,开放赎回,
2018-09-26,1.2161,1.3161,0.48%,开放申购,开放赎回,
2018-09-27,1.2019,1.3019,-1.17%,开放申购,开放赎回,
2018-09-28,1.2129,1.3129,0.92%,开放申购,开放赎回,
2018-10-08,1.1758,1.2758,-3.06%,开放申购,开放赎回,
2018-10-09,1.1729,1.2729,-0.25%,开放申购,开放赎回,
2018-10-10,1.1719,1.2719,-0.09%,开放申购,开放赎回,
2018-10-11,1.0941,1.1941,-6.64%,开放申购,开放赎回,
2018-10-12,1.0871,1.1871,-0.64%,开放申购,开放赎回,
2018-10-15,1.0683,1.1683,-1.73%,开放申购,开放赎回,
2018-10-16,1.0443,1.1443,-2.25%,开放申购,开放赎回,
2018-10-17,1.0526,1.1526,0.79%,开放申购,开放赎回,
2018-10-18,1.0251,1.1251,-2.61%,开放申购,开放赎回,
2018-10-19,1.0514,1.1514,2.57%,开放申购,开放赎回,
2018-10-22,1.101,1.201,4.72%,开放申购,开放赎回,
2018-10-23,1.0819,1.1819,-1.73%,开放申购,开放赎回,
2018-10-24,1.0801,1.1801,-0.17%,开放申购,开放赎回,
2018-10-25,1.0772,1.1772,-0.27%,开放申购,开放赎回,
2018-10-26,1.0769,1.1769,-0.03%,开放申购,开放赎回,
2018-10-29,1.0599,1.1599,-1.58%,开放申购,开放赎回,
2018-10-30,1.0702,1.1702,0.97%,开放申购,开放赎回,
2018-10-31,1.0868,1.1868,1.55%,开放申购,开放赎回,
2018-11-01,1.0935,1.1935,0.62%,开放申购,开放赎回,
2018-11-02,1.1274,1.2274,3.10%,开放申购,开放赎回,
2018-11-05,1.1283,1.2283,0.08%,开放申购,开放赎回,
2018-11-06,1.1281,1.2281,-0.02%,开放申购,开放赎回,
2018-11-07,1.123,1.223,-0.45%,开放申购,开放赎回,
2018-11-08,1.1155,1.2155,-0.67%,开放申购,开放赎回,
2018-11-09,1.1128,1.2128,-0.24%,开放申购,开放赎回,
2018-11-12,1.1405,1.2405,2.49%,开放申购,开放赎回,
2018-11-13,1.1604,1.2604,1.74%,开放申购,开放赎回,
2018-11-14,1.156,1.256,-0.38%,开放申购,开放赎回,
2018-11-15,1.1743,1.2743,1.58%,开放申购,开放赎回,
2018-11-16,1.1841,1.2841,0.83%,开放申购,开放赎回,
2018-11-19,1.1867,1.2867,0.22%,开放申购,开放赎回,
2018-11-20,1.1547,1.2547,-2.70%,开放申购,开放赎回,
2018-11-21,1.1588,1.2588,0.36%,开放申购,开放赎回,
2018-11-22,1.1582,1.2582,-0.05%,开放申购,开放赎回,
2018-11-23,1.1156,1.2156,-3.68%,开放申购,开放赎回,
2018-11-26,1.1135,1.2135,-0.19%,开放申购,开放赎回,
2018-11-27,1.1182,1.2182,0.42%,开放申购,开放赎回,
2018-11-28,1.1316,1.2316,1.20%,开放申购,开放赎回,
2018-11-29,1.1087,1.2087,-2.02%,开放申购,开放赎回,
2018-11-30,1.116,1.216,0.66%,开放申购,开放赎回,
2018-12-03,1.1499,1.2499,3.04%,开放申购,开放赎回,
2018-12-04,1.1552,1.2552,0.46%,开放申购,开放赎回,
2018-12-05,1.1473,1.2473,-0.68%,开放申购,开放赎回,
2018-12-06,1.125,1.225,-1.94%,开放申购,开放赎回,
2018-12-07,1.1254,1.2254,0.04%,开放申购,开放赎回,
2018-12-10,1.1134,1.2134,-1.07%,开放申购,开放赎回,
2018-12-11,1.1226,1.2226,0.83%,开放申购,开放赎回,
2018-12-12,1.1228,1.2228,0.02%,开放申购,开放赎回,
2018-12-13,1.1351,1.2351,1.10%,开放申购,开放赎回,
2018-12-14,1.1084,1.2084,-2.35%,开放申购,开放赎回,
2018-12-17,1.1064,1.2064,-0.18%,开放申购,开放赎回,
2018-12-18,1.1008,1.2008,-0.51%,开放申购,开放赎回,
2018-12-19,1.0864,1.1864,-1.31%,开放申购,开放赎回,
2018-12-20,1.0892,1.1892,0.26%,开放申购,开放赎回,
2018-12-21,1.0822,1.1822,-0.64%,开放申购,开放赎回,
2018-12-24,1.0931,1.1931,1.01%,开放申购,开放赎回,
2018-12-25,1.0812,1.1812,-1.09%,开放申购,开放赎回,
2018-12-26,1.0772,1.1772,-0.37%,开放申购,开放赎回,
2018-12-27,1.0659,1.1659,-1.05%,开放申购,开放赎回,
2018-12-28,1.0672,1.1672,0.12%,开放申购,开放赎回,
2018-12-31,1.0671,1.1671,,开放申购,开放赎回,
2019-01-02,1.0584,1.1584,-0.82%,开放申购,开放赎回,
2019-01-03,1.0538,1.1538,-0.43%,开放申购,开放赎回,
2019-01-04,1.0776,1.1776,2.26%,开放申购,开放赎回,
2019-01-07,1.0966,1.1966,1.76%,开放申购,开放赎回,
2019-01-08,1.0939,1.1939,-0.25%,开放申购,开放赎回,
2019-01-09,1.0969,1.1969,0.27%,开放申购,开放赎回,
2019-01-10,1.0952,1.1952,-0.16%,开放申购,开放赎回,
2019-01-11,1.103,1.203,0.71%,开放申购,开放赎回,
2019-01-14,1.0962,1.1962,-0.62%,开放申购,开放赎回,
2019-01-15,1.1113,1.2113,1.38%,开放申购,开放赎回,
2019-01-16,1.1089,1.2089,-0.22%,开放申购,开放赎回,
2019-01-17,1.1007,1.2007,-0.74%,开放申购,开放赎回,
2019-01-18,1.1112,1.2112,0.95%,开放申购,开放赎回,
2019-01-21,1.1174,1.2174,0.56%,开放申购,开放赎回,
2019-01-22,1.1015,1.2015,-1.42%,开放申购,开放赎回,
2019-01-23,1.1034,1.2034,0.17%,开放申购,开放赎回,
2019-01-24,1.1091,1.2091,0.52%,开放申购,开放赎回,
2019-01-25,1.1044,1.2044,-0.42%,开放申购,开放赎回,
2019-01-28,1.1014,1.2014,-0.27%,开放申购,开放赎回,
2019-01-29,1.0886,1.1886,-1.16%,开放申购,开放赎回,
2019-01-30,1.0783,1.1783,-0.95%,开放申购,开放赎回,
2019-01-31,1.0696,1.1696,-0.81%,开放申购,开放赎回,
2019-02-01,1.0984,1.1984,2.69%,开放申购,开放赎回,
2019-02-11,1.1232,1.2232,2.26%,开放申购,开放赎回,
2019-02-12,1.1317,1.2317,0.76%,开放申购,开放赎回,
2019-02-13,1.1494,1.2494,1.56%,开放申购,开放赎回,
2019-02-14,1.1545,1.2545,0.44%,开放申购,开放赎回,
2019-02-15,1.1473,1.2473,-0.62%,开放申购,开放赎回,
2019-02-18,1.1858,1.2858,3.36%,开放申购,开放赎回,
2019-02-19,1.187,1.287,0.10%,开放申购,开放赎回,
2019-02-20,1.1871,1.2871,0.01%,开放申购,开放赎回,
2019-02-21,1.1851,1.2851,-0.17%,开放申购,开放赎回,
2019-02-22,1.2135,1.3135,2.40%,开放申购,开放赎回,
2019-02-25,1.2783,1.3783,5.34%,开放申购,开放赎回,
2019-02-26,1.2772,1.3772,-0.09%,开放申购,开放赎回,
2019-02-27,1.2715,1.3715,-0.45%,开放申购,开放赎回,
2019-02-28,1.2735,1.3735,0.16%,开放申购,开放赎回,
2019-03-01,1.2834,1.3834,0.78%,开放申购,开放赎回,
2019-03-04,1.3053,1.4053,1.71%,开放申购,开放赎回,
2019-03-05,1.3339,1.4339,2.19%,开放申购,开放赎回,
2019-03-06,1.3563,1.4563,1.68%,开放申购,开放赎回,
2019-03-07,1.3732,1.4732,1.25%,开放申购,开放赎回,
2019-03-08,1.3224,1.4224,-3.70%,开放申购,开放赎回,
2019-03-11,1.3721,1.4721,3.76%,开放申购,开放赎回,
2019-03-12,1.3949,1.4949,1.66%,开放申购,开放赎回,
2019-03-13,1.3648,1.4648,-2.16%,开放申购,开放赎回,
2019-03-14,1.3356,1.4356,-2.14%,开放申购,开放赎回,
2019-03-15,1.3498,1.4498,1.06%,开放申购,开放赎回,
2019-03-18,1.3831,1.4831,2.47%,开放申购,开放赎回,
2019-03-19,1.388,1.488,0.35%,开放申购,开放赎回,
2019-03-20,1.3862,1.4862,-0.13%,开放申购,开放赎回,
2019-03-21,1.4043,1.5043,1.31%,开放申购,开放赎回,
2019-03-22,1.412,1.512,0.55%,开放申购,开放赎回,
2019-03-25,1.3948,1.4948,-1.22%,开放申购,开放赎回,
2019-03-26,1.3577,1.4577,-2.66%,开放申购,开放赎回,
2019-03-27,1.37,1.47,0.91%,开放申购,开放赎回,
2019-03-28,1.3515,1.4515,-1.35%,开放申购,开放赎回,
2019-03-29,1.394,1.494,3.14%,开放申购,开放赎回,
2019-04-01,1.4445,1.5445,3.62%,开放申购,开放赎回,
2019-04-02,1.4487,1.5487,0.29%,开放申购,开放赎回,
2019-04-03,1.4634,1.5634,1.01%,开放申购,开放赎回,
2019-04-04,1.4721,1.5721,0.59%,开放申购,开放赎回,
2019-04-08,1.4662,1.5662,-0.40%,开放申购,开放赎回,
2019-04-09,1.4685,1.5685,0.16%,开放申购,开放赎回,
2019-04-10,1.4665,1.5665,-0.14%,开放申购,开放赎回,
2019-04-11,1.4371,1.5371,-2.00%,开放申购,开放赎回,
2019-04-12,1.4336,1.5336,-0.24%,开放申购,开放赎回,
2019-04-15,1.4194,1.5194,-0.99%,开放申购,开放赎回,
2019-04-16,1.4482,1.5482,2.03%,开放申购,开放赎回,
2019-04-17,1.4555,1.5555,0.50%,开放申购,开放赎回,
2019-04-18,1.4479,1.5479,-0.52%,开放申购,开放赎回,
2019-04-19,1.456,1.556,0.56%,开放申购,开放赎回,
2019-04-22,1.4353,1.5353,-1.42%,开放申购,开放赎回,
2019-04-23,1.413,1.513,-1.55%,开放申购,开放赎回,
2019-04-24,1.4254,1.5254,0.88%,开放申购,开放赎回,
2019-04-25,1.3742,1.4742,-3.59%,开放申购,开放赎回,
2019-04-26,1.3628,1.4628,-0.83%,开放申购,开放赎回,
2019-04-29,1.328,1.428,-2.55%,开放申购,开放赎回,
2019-04-30,1.3372,1.4372,0.69%,开放申购,开放赎回,
2019-05-06,1.2408,1.3408,-7.21%,开放申购,开放赎回,
2019-05-07,1.256,1.356,1.23%,开放申购,开放赎回,
2019-05-08,1.251,1.351,-0.40%,开放申购,开放赎回,
2019-05-09,1.2371,1.3371,-1.11%,开放申购,开放赎回,
2019-05-10,1.2793,1.3793,3.41%,开放申购,开放赎回,
2019-05-13,1.2649,1.3649,-1.13%,开放申购,开放赎回,
2019-05-14,1.2559,1.3559,-0.71%,开放申购,开放赎回,
2019-05-15,1.2824,1.3824,2.11%,开放申购,开放赎回,
2019-05-16,1.2902,1.3902,0.61%,开放申购,开放赎回,
2019-05-17,1.2506,1.3506,-3.07%,开放申购,开放赎回,
2019-05-20,1.2461,1.3461,-0.36%,开放申购,开放赎回,
2019-05-21,1.2673,1.3673,1.70%,开放申购,开放赎回,
2019-05-22,1.2596,1.3596,-0.61%,开放申购,开放赎回,
2019-05-23,1.2353,1.3353,-1.93%,开放申购,开放赎回,
2019-05-24,1.2283,1.3283,-0.57%,开放申购,开放赎回,
2019-05-27,1.2578,1.3578,2.40%,开放申购,开放赎回,
2019-05-28,1.2561,1.3561,-0.14%,开放申购,开放赎回,
2019-05-29,1.2565,1.3565,0.03%,开放申购,开放赎回,
2019-05-30,1.2491,1.3491,-0.59%,开放申购,开放赎回,
2019-05-31,1.2459,1.3459,-0.26%,开放申购,开放赎回,
2019-06-03,1.2323,1.3323,-1.09%,开放申购,开放赎回,
2019-06-04,1.2183,1.3183,-1.14%,开放申购,开放赎回,
2019-06-05,1.2165,1.3165,-0.15%,开放申购,开放赎回,
2019-06-06,1.1916,1.2916,-2.05%,开放申购,开放赎回,
2019-06-10,1.2031,1.3031,0.97%,开放申购,开放赎回,
2019-06-11,1.2462,1.3462,3.58%,开放申购,开放赎回,
2019-06-12,1.2373,1.3373,-0.71%,开放申购,开放赎回,
2019-06-13,1.2413,1.3413,0.32%,开放申购,开放赎回,
2019-06-14,1.2179,1.3179,-1.89%,开放申购,开放赎回,
2019-06-17,1.2196,1.3196,0.14%,开放申购,开放赎回,
2019-06-18,1.2182,1.3182,-0.11%,开放申购,开放赎回,
2019-06-19,1.2339,1.3339,1.29%,开放申购,开放赎回,
2019-06-20,1.2581,1.3581,1.96%,开放申购,开放赎回,
2019-06-21,1.2745,1.3745,1.30%,开放申购,开放赎回,
2019-06-24,1.2752,1.3752,0.05%,开放申购,开放赎回,
2019-06-25,1.2631,1.3631,-0.95%,开放申购,开放赎回,
2019-06-26,1.2608,1.3608,-0.18%,开放申购,开放赎回,
2019-06-27,1.2717,1.3717,0.86%,开放申购,开放赎回,
2019-06-28,1.2586,1.3586,-1.03%,开放申购,开放赎回,
2019-06-30,1.2585,1.3585,,开放申购,开放赎回,
2019-07-01,1.2949,1.3949,2.88%,开放申购,开放赎回,
2019-07-02,1.291,1.391,-0.30%,开放申购,开放赎回,
2019-07-03,1.2805,1.3805,-0.81%,开放申购,开放赎回,
2019-07-04,1.2769,1.3769,-0.28%,开放申购,开放赎回,
2019-07-05,1.2819,1.3819,0.39%,开放申购,开放赎回,
2019-07-08,1.2404,1.3404,-3.24%,开放申购,开放赎回,
2019-07-09,1.2429,1.3429,0.20%,开放申购,开放赎回,
2019-07-10,1.2342,1.3342,-0.70%,开放申购,开放赎回,
2019-07-11,1.2344,1.3344,0.02%,开放申购,开放赎回,
2019-07-12,1.2392,1.3392,0.39%,开放申购,开放赎回,
2019-07-15,1.2547,1.3547,1.25%,开放申购,开放赎回,
2019-07-16,1.2566,1.3566,0.15%,开放申购,开放赎回,
2019-07-17,1.2559,1.3559,-0.06%,开放申购,开放赎回,
2019-07-18,1.2358,1.3358,-1.60%,开放申购,开放赎回,
2019-07-19,1.2442,1.3442,0.68%,开放申购,开放赎回,
2019-07-22,1.2213,1.3213,-1.84%,开放申购,开放赎回,
2019-07-23,1.2326,1.3326,0.93%,开放申购,开放赎回,
2019-07-24,1.2446,1.3446,0.97%,开放申购,开放赎回,
2019-07-25,1.2491,1.3491,0.36%,开放申购,开放赎回,
2019-07-26,1.2508,1.3508,0.14%,开放申购,开放赎回,
2019-07-29,1.2505,1.3505,-0.02%,开放申购,开放赎回,
2019-07-30,1.257,1.357,0.52%,开放申购,开放赎回,
2019-07-31,1.2523,1.3523,-0.37%,开放申购,开放赎回,
2019-08-01,1.2442,1.3442,-0.65%,开放申购,开放赎回,
2019-08-02,1.2297,1.3297,-1.17%,开放申购,开放赎回,
2019-08-05,1.2159,1.3159,-1.12%,开放申购,开放赎回,
2019-08-06,1.191,1.291,-2.05%,开放申购,开放赎回,
2019-08-07,1.1853,1.2853,-0.48%,开放申购,开放赎回,
2019-08-08,1.1927,1.2927,0.62%,开放申购,开放赎回,
2019-08-09,1.1792,1.2792,-1.13%,开放申购,开放赎回,
2019-08-12,1.1998,1.2998,1.75%,开放申购,开放赎回,
2019-08-13,1.1935,1.2935,-0.53%,开放申购,开放赎回,
2019-08-14,1.2,1.3,0.54%,开放申购,开放赎回,
2019-08-15,1.2058,1.3058,0.48%,开放申购,开放赎回,
2019-08-16,1.2099,1.3099,0.34%,开放申购,开放赎回,
2019-08-19,1.247,1.347,3.07%,开放申购,开放赎回,
2019-08-20,1.2465,1.3465,-0.04%,开放申购,开放赎回,
2019-08-21,1.2488,1.3488,0.18%,开放申购,开放赎回,
2019-08-22,1.25,1.35,0.10%,开放申购,开放赎回,
2019-08-23,1.2501,1.3501,0.01%,开放申购,开放赎回,
2019-08-26,1.2422,1.3422,-0.63%,开放申购,开放赎回,
2019-08-27,1.2618,1.3618,1.58%,开放申购,开放赎回,
2019-08-28,1.2601,1.3601,-0.13%,开放申购,开放赎回,
2019-08-29,1.2615,1.3615,0.11%,开放申购,开放赎回,
2019-08-30,1.2498,1.3498,-0.93%,开放申购,开放赎回,
2019-09-02,1.2797,1.3797,2.39%,开放申购,开放赎回,
2019-09-03,1.2881,1.3881,0.66%,开放申购,开放赎回,
2019-09-04,1.3001,1.4001,0.93%,开放申购,开放赎回,
2019-09-05,1.3118,1.4118,0.90%,开放申购,开放赎回,
2019-09-06,1.3156,1.4156,0.29%,开放申购,开放赎回,
2019-09-09,1.3422,1.4422,2.02%,开放申购,开放赎回,
2019-09-10,1.3379,1.4379,-0.32%,开放申购,开放赎回,
2019-09-11,1.3312,1.4312,-0.50%,开放申购,开放赎回,
2019-09-12,1.3375,1.4375,0.47%,开放申购,开放赎回,
2019-09-16,1.339,1.439,0.11%,开放申购,开放赎回,
2019-09-17,1.312,1.412,-2.02%,开放申购,开放赎回,
2019-09-18,1.3122,1.4122,0.02%,开放申购,开放赎回,
2019-09-19,1.3243,1.4243,0.92%,开放申购,开放赎回,
2019-09-20,1.3275,1.4275,0.24%,开放申购,开放赎回,
2019-09-23,1.3192,1.4192,-0.63%,开放申购,开放赎回,
2019-09-24,1.3217,1.4217,0.19%,开放申购,开放赎回,
2019-09-25,1.299,1.399,-1.72%,开放申购,开放赎回,
2019-09-26,1.2706,1.3706,-2.19%,开放申购,开放赎回,
2019-09-27,1.279,1.379,0.66%,开放申购,开放赎回,
2019-09-30,1.2633,1.3633,-1.23%,开放申购,开放赎回,
2019-10-08,1.2633,1.3633,0.00%,开放申购,开放赎回,
2019-10-09,1.2731,1.3731,0.78%,开放申购,开放赎回,
2019-10-10,1.2884,1.3884,1.20%,开放申购,开放赎回,
2019-10-11,1.2909,1.3909,0.19%,开放申购,开放赎回,
2019-10-14,1.3091,1.4091,1.41%,开放申购,开放赎回,
2019-10-15,1.2922,1.3922,-1.29%,开放申购,开放赎回,
2019-10-16,1.2865,1.3865,-0.44%,开放申购,开放赎回,
2019-10-17,1.2843,1.3843,-0.17%,开放申购,开放赎回,
2019-10-18,1.2676,1.3676,-1.30%,开放申购,开放赎回,
2019-10-21,1.265,1.365,-0.21%,开放申购,开放赎回,
2019-10-22,1.2784,1.3784,1.06%,开放申购,开放赎回,
2019-10-23,1.2693,1.3693,-0.71%,开放申购,开放赎回,
2019-10-24,1.2673,1.3673,-0.16%,开放申购,开放赎回,
2019-10-25,1.2763,1.3763,0.71%,开放申购,开放赎回,
2019-10-28,1.2981,1.3981,1.71%,开放申购,开放赎回,
2019-10-29,1.2797,1.3797,-1.42%,开放申购,开放赎回,
2019-10-30,1.2652,1.3652,-1.13%,开放申购,开放赎回,
2019-10-31,1.2578,1.3578,-0.58%,开放申购,开放赎回,
2019-11-01,1.2688,1.3688,0.87%,开放申购,开放赎回,
2019-11-04,1.2748,1.3748,0.47%,开放申购,开放赎回,
2019-11-05,1.2839,1.3839,0.71%,开放申购,开放赎回,
2019-11-06,1.2715,1.3715,-0.97%,开放申购,开放赎回,
2019-11-07,1.2796,1.3796,0.64%,开放申购,开放赎回,
2019-11-08,1.2752,1.3752,-0.34%,开放申购,开放赎回,
2019-11-11,1.248,1.348,-2.13%,开放申购,开放赎回,
2019-11-12,1.249,1.349,0.08%,开放申购,开放赎回,
2019-11-13,1.2474,1.3474,-0.13%,开放申购,开放赎回,
2019-11-14,1.2563,1.3563,0.71%,开放申购,开放赎回,
2019-11-15,1.246,1.346,-0.82%,开放申购,开放赎回,
2019-11-18,1.252,1.352,0.48%,开放申购,开放赎回,
2019-11-19,1.2721,1.3721,1.61%,开放申购,开放赎回,
2019-11-20,1.2652,1.3652,-0.54%,开放申购,开放赎回,
2019-11-21,1.2649,1.3649,-0.02%,开放申购,开放赎回,
2019-11-22,1.2547,1.3547,-0.81%,开放申购,开放赎回,
2019-11-25,1.2542,1.3542,-0.04%,开放申购,开放赎回,
2019-11-26,1.2497,1.3497,-0.36%,开放申购,开放赎回,
2019-11-27,1.2549,1.3549,0.42%,开放申购,开放赎回,
2019-11-28,1.2514,1.3514,-0.28%,开放申购,开放赎回,
2019-11-29,1.2528,1.3528,0.11%,开放申购,开放赎回,
2019-12-02,1.2554,1.3554,0.21%,开放申购,开放赎回,
2019-12-03,1.2605,1.3605,0.41%,开放申购,开放赎回,
2019-12-04,1.2594,1.3594,-0.09%,开放申购,开放赎回,
2019-12-05,1.2711,1.3711,0.93%,开放申购,开放赎回,
2019-12-06,1.2813,1.3813,0.80%,开放申购,开放赎回,
2019-12-09,1.2851,1.3851,0.30%,开放申购,开放赎回,
2019-12-10,1.2914,1.3914,0.49%,开放申购,开放赎回,
2019-12-11,1.2865,1.3865,-0.38%,开放申购,开放赎回,
2019-12-12,1.2837,1.3837,-0.22%,开放申购,开放赎回,
2019-12-13,1.2991,1.3991,1.20%,开放申购,开放赎回,
2019-12-16,1.3214,1.4214,1.72%,开放申购,开放赎回,
2019-12-17,1.339,1.439,1.33%,开放申购,开放赎回,
2019-12-18,1.3388,1.4388,-0.01%,开放申购,开放赎回,
2019-12-19,1.3405,1.4405,0.13%,开放申购,开放赎回,
2019-12-20,1.3267,1.4267,-1.03%,开放申购,开放赎回,
2019-12-23,1.3017,1.4017,-1.88%,开放申购,开放赎回,
2019-12-24,1.3204,1.4204,1.44%,开放申购,开放赎回,
2019-12-25,1.3253,1.4253,0.37%,开放申购,开放赎回,
2019-12-26,1.3341,1.4341,0.66%,开放申购,开放赎回,
2019-12-27,1.3249,1.4249,-0.69%,开放申购,开放赎回,
2019-12-30,1.3403,1.4403,1.16%,开放申购,开放赎回,
2019-12-31,1.3466,1.4466,0.47%,开放申购,开放赎回,
2020-01-02,1.3707,1.4707,1.79%,开放申购,开放赎回,
2020-01-03,1.3743,1.4743,0.26%,开放申购,开放赎回,
2020-01-06,1.3873,1.4873,0.95%,开放申购,开放赎回,
2020-01-07,1.4032,1.5032,1.15%,开放申购,开放赎回,
2020-01-08,1.385,1.485,-1.30%,开放申购,开放赎回,
2020-01-09,1.4026,1.5026,1.27%,开放申购,开放赎回,
2020-01-10,1.3986,1.4986,-0.29%,开放申购,开放赎回,
2020-01-13,1.4177,1.5177,1.37%,开放申购,开放赎回,
2020-01-14,1.4139,1.5139,-0.27%,开放申购,开放赎回,
2020-01-15,1.4109,1.5109,-0.21%,开放申购,开放赎回,
2020-01-16,1.4103,1.5103,-0.04%,开放申购,开放赎回,
2020-01-17,1.4062,1.5062,-0.29%,开放申购,开放赎回,
2020-01-20,1.4251,1.5251,1.34%,开放申购,开放赎回,
2020-01-21,1.4095,1.5095,-1.09%,开放申购,开放赎回,
2020-01-22,1.4221,1.5221,0.89%,开放申购,开放赎回,
2020-01-23,1.3732,1.4732,-3.44%,开放申购,开放赎回,
2020-02-03,1.2589,1.3589,-8.32%,开放申购,开放赎回,
2020-02-04,1.2791,1.3791,1.60%,开放申购,开放赎回,
2020-02-05,1.3085,1.4085,2.30%,开放申购,开放赎回,
2020-02-06,1.3469,1.4469,2.93%,开放申购,开放赎回,
2020-02-07,1.3578,1.4578,0.81%,开放申购,开放赎回,
2020-02-10,1.3725,1.4725,1.08%,开放申购,开放赎回,
2020-02-11,1.3664,1.4664,-0.44%,开放申购,开放赎回,
2020-02-12,1.3901,1.4901,1.73%,开放申购,开放赎回,
2020-02-13,1.3791,1.4791,-0.79%,开放申购,开放赎回,
2020-02-14,1.3809,1.4809,0.13%,开放申购,开放赎回,
2020-02-17,1.4237,1.5237,3.10%,开放申购,开放赎回,
2020-02-18,1.4397,1.5397,1.12%,开放申购,开放赎回,
2020-02-19,1.426,1.526,-0.95%,开放申购,开放赎回,
2020-02-20,1.4509,1.5509,1.75%,开放申购,开放赎回,
2020-02-21,1.4702,1.5702,1.33%,开放申购,开放赎回,
2020-02-24,1.4897,1.5897,1.33%,开放申购,开放赎回,
2020-02-25,1.4969,1.5969,0.48%,开放申购,开放赎回,
2020-02-26,1.4598,1.5598,-2.48%,开放申购,开放赎回,
2020-02-27,1.4622,1.5622,0.16%,开放申购,开放赎回,
2020-02-28,1.3885,1.4885,-5.04%,开放申购,开放赎回,
2020-03-02,1.437,1.537,3.49%,开放申购,开放赎回,
2020-03-03,1.4494,1.5494,0.86%,开放申购,开放赎回,
2020-03-04,1.4509,1.5509,0.10%,开放申购,开放赎回,
2020-03-05,1.4719,1.5719,1.45%,开放申购,开放赎回,
2020-03-06,1.4627,1.5627,-0.63%,开放申购,开放赎回,
2020-03-09,1.4045,1.5045,-3.98%,开放申购,开放赎回,
2020-03-10,1.442,1.542,2.67%,开放申购,开放赎回,
2020-03-11,1.4217,1.5217,-1.41%,开放申购,开放赎回,
2020-03-12,1.3981,1.4981,-1.66%,开放申购,开放赎回,
2020-03-13,1.3891,1.4891,-0.64%,开放申购,开放赎回,
2020-03-16,1.3263,1.4263,-4.52%,开放申购,开放赎回,
2020-03-17,1.3288,1.4288,0.19%,开放申购,开放赎回,
2020-03-18,1.3063,1.4063,-1.69%,开放申购,开放赎回,
2020-03-19,1.3157,1.4157,0.72%,开放申购,开放赎回,
2020-03-20,1.3311,1.4311,1.17%,开放申购,开放赎回,
2020-03-23,1.2776,1.3776,-4.02%,开放申购,开放赎回,
2020-03-24,1.3007,1.4007,1.81%,开放申购,开放赎回,
2020-03-25,1.3299,1.4299,2.24%,开放申购,开放赎回,
2020-03-26,1.3175,1.4175,-0.93%,开放申购,开放赎回,
2020-03-27,1.3108,1.4108,-0.51%,开放申购,开放赎回,
2020-03-30,1.2842,1.3842,-2.03%,开放申购,开放赎回,
2020-03-31,1.2873,1.3873,0.24%,开放申购,开放赎回,
2020-04-01,1.2819,1.3819,-0.42%,开放申购,开放赎回,
2020-04-02,1.3129,1.4129,2.42%,开放申购,开放赎回,
2020-04-03,1.3033,1.4033,-0.73%,开放申购,开放赎回,
2020-04-07,1.3423,1.4423,2.99%,开放申购,开放赎回,
2020-04-08,1.3434,1.4434,0.08%,开放申购,开放赎回,
2020-04-09,1.3557,1.4557,0.92%,开放申购,开放赎回,
2020-04-10,1.3282,1.4282,-2.03%,开放申购,开放赎回,
2020-04-13,1.3186,1.4186,-0.72%,开放申购,开放赎回,
2020-04-14,1.3474,1.4474,2.18%,开放申购,开放赎回,
2020-04-15,1.3428,1.4428,-0.34%,开放申购,开放赎回,
2020-04-16,1.3544,1.4544,0.86%,开放申购,开放赎回,
2020-04-17,1.3548,1.4548,0.03%,开放申购,开放赎回,
2020-04-20,1.37,1.47,1.12%,开放申购,开放赎回,
2020-04-21,1.3606,1.4606,-0.69%,开放申购,开放赎回,
2020-04-22,1.3713,1.4713,0.79%,开放申购,开放赎回,
2020-04-23,1.3644,1.4644,-0.50%,开放申购,开放赎回,
2020-04-24,1.344,1.444,-1.50%,开放申购,开放赎回,
2020-04-27,1.3424,1.4424,-0.12%,开放申购,开放赎回,
2020-04-28,1.333,1.433,-0.70%,开放申购,开放赎回,
2020-04-29,1.3332,1.4332,0.02%,开放申购,开放赎回,
2020-04-30,1.3645,1.4645,2.35%,开放申购,开放赎回,
2020-05-06,1.3879,1.4879,1.71%,开放申购,开放赎回,
2020-05-07,1.3865,1.4865,-0.10%,开放申购,开放赎回,
2020-05-08,1.4016,1.5016,1.09%,开放申购,开放赎回,
2020-05-11,1.3988,1.4988,-0.20%,开放申购,开放赎回,
2020-05-12,1.4027,1.5027,0.28%,开放申购,开放赎回,
2020-05-13,1.4088,1.5088,0.43%,开放申购,开放赎回,
2020-05-14,1.3971,1.4971,-0.83%,开放申购,开放赎回,
2020-05-15,1.4025,1.5025,0.39%,开放申购,开放赎回,
2020-05-18,1.396,1.496,-0.46%,开放申购,开放赎回,
2020-05-19,1.4124,1.5124,1.17%,开放申购,开放赎回,
2020-05-20,1.3989,1.4989,-0.96%,开放申购,开放赎回,
2020-05-21,1.3838,1.4838,-1.08%,开放申购,开放赎回,
2020-05-22,1.3603,1.4603,-1.70%,开放申购,开放赎回,
2020-05-25,1.3573,1.4573,-0.22%,开放申购,开放赎回,
2020-05-26,1.3826,1.4826,1.86%,开放申购,开放赎回,
2020-05-27,1.3705,1.4705,-0.88%,开放申购,开放赎回,
2020-05-28,1.3688,1.4688,-0.12%,开放申购,开放赎回,
2020-05-29,1.3803,1.4803,0.84%,开放申购,开放赎回,
2020-06-01,1.4206,1.5206,2.92%,开放申购,开放赎回,
2020-06-02,1.4201,1.5201,-0.04%,开放申购,开放赎回,
2020-06-03,1.4217,1.5217,0.11%,开放申购,开放赎回,
2020-06-04,1.4228,1.5228,0.08%,开放申购,开放赎回,
2020-06-05,1.4253,1.5253,0.18%,开放申购,开放赎回,
2020-06-08,1.4229,1.5229,-0.17%,开放申购,开放赎回,
2020-06-09,1.4317,1.5317,0.62%,开放申购,开放赎回,
2020-06-10,1.4333,1.5333,0.11%,开放申购,开放赎回,
2020-06-11,1.4277,1.5277,-0.39%,开放申购,开放赎回,
2020-06-12,1.4298,1.5298,0.15%,开放申购,开放赎回,
2020-06-15,1.4294,1.5294,-0.03%,开放申购,开放赎回,
2020-06-16,1.4557,1.5557,1.84%,开放申购,开放赎回,
2020-06-17,1.4655,1.5655,0.67%,开放申购,开放赎回,
2020-06-18,1.4661,1.5661,0.04%,开放申购,开放赎回,
2020-06-19,1.481,1.581,1.02%,开放申购,开放赎回,
2020-06-22,1.4807,1.5807,-0.02%,开放申购,开放赎回,
2020-06-23,1.4857,1.5857,0.34%,开放申购,开放赎回,
2020-06-24,1.4829,1.5829,-0.19%,开放申购,开放赎回,
2020-06-29,1.4765,1.5765,-0.43%,开放申购,开放赎回,
2020-06-30,1.5025,1.6025,1.76%,开放申购,开放赎回,
2020-07-01,1.507,1.607,0.30%,开放申购,开放赎回,
2020-07-02,1.5312,1.6312,1.61%,开放申购,开放赎回,
2020-07-03,1.5509,1.6509,1.29%,开放申购,开放赎回,
2020-07-06,1.616,1.716,4.20%,开放申购,开放赎回,
2020-07-07,1.6373,1.7373,1.32%,开放申购,开放赎回,
2020-07-08,1.6775,1.7775,2.46%,开放申购,开放赎回,
2020-07-09,1.7179,1.8179,2.41%,开放申购,开放赎回,
2020-07-10,1.7134,1.8134,-0.26%,开放申购,开放赎回,
2020-07-13,1.7709,1.8709,3.36%,开放申购,开放赎回,
2020-07-14,1.7469,1.8469,-1.36%,开放申购,开放赎回,
2020-07-15,1.7059,1.8059,-2.35%,开放申购,开放赎回,
2020-07-16,1.631,1.731,-4.39%,开放申购,开放赎回,
2020-07-17,1.6368,1.7368,0.36%,开放申购,开放赎回,
2020-07-20,1.6831,1.7831,2.83%,开放申购,开放赎回,
2020-07-21,1.6923,1.7923,0.55%,开放申购,开放赎回,
2020-07-22,1.7073,1.8073,0.89%,开放申购,开放赎回,
2020-07-23,1.7074,1.8074,0.01%,开放申购,开放赎回,
2020-07-24,1.6238,1.7238,-4.90%,开放申购,开放赎回,
2020-07-27,1.6272,1.7272,0.21%,开放申购,开放赎回,
2020-07-28,1.642,1.742,0.91%,开放申购,开放赎回,
2020-07-29,1.686,1.786,2.68%,开放申购,开放赎回,
2020-07-30,1.6814,1.7814,-0.27%,开放申购,开放赎回,
2020-07-31,1.6981,1.7981,0.99%,开放申购,开放赎回,
2020-08-03,1.7382,1.8382,2.36%,开放申购,开放赎回,
2020-08-04,1.7279,1.8279,-0.59%,开放申购,开放赎回,
2020-08-05,1.7461,1.8461,1.05%,开放申购,开放赎回,
2020-08-06,1.7454,1.8454,-0.04%,开放申购,开放赎回,
2020-08-07,1.7252,1.8252,-1.16%,开放申购,开放赎回,
2020-08-10,1.7348,1.8348,0.56%,开放申购,开放赎回,
2020-08-11,1.7035,1.8035,-1.80%,开放申购,开放赎回,
2020-08-12,1.6849,1.7849,-1.09%,开放申购,开放赎回,
2020-08-13,1.6918,1.7918,0.41%,开放申购,开放赎回,
2020-08-14,1.7101,1.8101,1.08%,开放申购,开放赎回,
2020-08-17,1.7407,1.8407,1.79%,开放申购,开放赎回,
2020-08-18,1.7522,1.8522,0.66%,开放申购,开放赎回,
2020-08-19,1.7213,1.8213,-1.76%,开放申购,开放赎回,
2020-08-20,1.703,1.803,-1.06%,开放申购,开放赎回,
2020-08-21,1.7153,1.8153,0.72%,开放申购,开放赎回,
2020-08-24,1.7276,1.8276,0.72%,开放申购,开放赎回,
2020-08-25,1.7186,1.8186,-0.52%,开放申购,开放赎回,
2020-08-26,1.6873,1.7873,-1.82%,开放申购,开放赎回,
2020-08-27,1.7007,1.8007,0.79%,开放申购,开放赎回,
2020-08-28,1.7294,1.8294,1.69%,开放申购,开放赎回,
2020-08-31,1.7238,1.8238,-0.32%,开放申购,开放赎回,
2020-09-01,1.7341,1.8341,0.60%,开放申购,开放赎回,
2020-09-02,1.7358,1.8358,0.10%,开放申购,开放赎回,
2020-09-03,1.7219,1.8219,-0.80%,开放申购,开放赎回,
2020-09-04,1.7114,1.8114,-0.61%,开放申购,开放赎回,
2020-09-07,1.677,1.777,-2.01%,开放申购,开放赎回,
2020-09-08,1.6885,1.7885,0.69%,开放申购,开放赎回,
2020-09-09,1.6454,1.7454,-2.55%,开放申购,开放赎回,
2020-09-10,1.6173,1.7173,-1.71%,开放申购,开放赎回,
2020-09-11,1.6357,1.7357,1.14%,开放申购,开放赎回,
2020-09-14,1.6452,1.7452,0.58%,开放申购,开放赎回,
2020-09-15,1.6544,1.7544,0.56%,开放申购,开放赎回,
2020-09-16,1.6461,1.7461,-0.50%,开放申购,开放赎回,
2020-09-17,1.6504,1.7504,0.26%,开放申购,开放赎回,
2020-09-18,1.6757,1.7757,1.53%,开放申购,开放赎回,
2020-09-21,1.6698,1.7698,-0.35%,开放申购,开放赎回,
2020-09-22,1.6485,1.7485,-1.28%,开放申购,开放赎回,
2020-09-23,1.6568,1.7568,0.50%,开放申购,开放赎回,
2020-09-24,1.6204,1.7204,-2.20%,开放申购,开放赎回,
2020-09-25,1.6186,1.7186,-0.11%,开放申购,开放赎回,
2020-09-28,1.605,1.705,-0.84%,开放申购,开放赎回,
2020-09-29,1.6178,1.7178,0.80%,开放申购,开放赎回,
2020-09-30,1.6082,1.7082,-0.59%,开放申购,开放赎回,
2020-10-09,1.6493,1.7493,2.56%,开放申购,开放赎回,
2020-10-12,1.6947,1.7947,2.75%,开放申购,开放赎回,
2020-10-13,1.6973,1.7973,0.15%,开放申购,开放赎回,
2020-10-14,1.6869,1.7869,-0.61%,开放申购,开放赎回,
2020-10-15,1.6756,1.7756,-0.67%,开放申购,开放赎回,
2020-10-16,1.6677,1.7677,-0.47%,开放申购,开放赎回,
2020-10-19,1.6502,1.7502,-1.05%,开放申购,开放赎回,
2020-10-20,1.6663,1.7663,0.98%,开放申购,开放赎回,
2020-10-21,1.6484,1.7484,-1.07%,开放申购,开放赎回,
2020-10-22,1.6405,1.7405,-0.48%,开放申购,开放赎回,
2020-10-23,1.6152,1.7152,-1.54%,开放申购,开放赎回,
2020-10-26,1.6153,1.7153,0.01%,开放申购,开放赎回,
2020-10-27,1.6172,1.7172,0.12%,开放申购,开放赎回,
2020-10-28,1.6235,1.7235,0.39%,开放申购,开放赎回,
2020-10-29,1.626,1.726,0.15%,开放申购,开放赎回,
2020-10-30,1.5904,1.6904,-2.19%,开放申购,开放赎回,
2020-11-02,1.5982,1.6982,0.49%,开放申购,开放赎回,
2020-11-03,1.6225,1.7225,1.52%,开放申购,开放赎回,
2020-11-04,1.6206,1.7206,-0.12%,开放申购,开放赎回,
2020-11-05,1.6501,1.7501,1.82%,开放申购,开放赎回,
2020-11-06,1.6374,1.7374,-0.77%,开放申购,开放赎回,
2020-11-09,1.6675,1.7675,1.84%,开放申购,开放赎回,
2020-11-10,1.6552,1.7552,-0.74%,开放申购,开放赎回,
2020-11-11,1.6361,1.7361,-1.15%,开放申购,开放赎回,
2020-11-12,1.6412,1.7412,0.31%,开放申购,开放赎回,
2020-11-13,1.6392,1.7392,-0.12%,开放申购,开放赎回,
2020-11-16,1.6594,1.7594,1.23%,开放申购,开放赎回,
2020-11-17,1.6471,1.7471,-0.74%,开放申购,开放赎回,
2020-11-18,1.6485,1.7485,0.08%,开放申购,开放赎回,
2020-11-19,1.6536,1.7536,0.31%,开放申购,开放赎回,
2020-11-20,1.6695,1.7695,0.96%,开放申购,开放赎回,
2020-11-23,1.6826,1.7826,0.78%,开放申购,开放赎回,
2020-11-24,1.6831,1.7831,0.03%,开放申购,开放赎回,
2020-11-25,1.6523,1.7523,-1.83%,开放申购,开放赎回,
2020-11-26,1.6482,1.7482,-0.25%,开放申购,开放赎回,
2020-11-27,1.6524,1.7524,0.25%,开放申购,开放赎回,
2020-11-30,1.645,1.745,-0.45%,开放申购,开放赎回,
2020-12-01,1.6716,1.7716,1.62%,开放申购,开放赎回,
2020-12-02,1.6736,1.7736,0.12%,开放申购,开放赎回,
2020-12-03,1.675,1.775,0.08%,开放申购,开放赎回,
2020-12-04,1.681,1.781,0.36%,开放申购,开放赎回,
2020-12-07,1.671,1.771,-0.59%,开放申购,开放赎回,
2020-12-08,1.671,1.771,0.00%,开放申购,开放赎回,
2020-12-09,1.6425,1.7425,-1.71%,开放申购,开放赎回,
2020-12-10,1.6462,1.7462,0.23%,开放申购,开放赎回,
2020-12-11,1.6209,1.7209,-1.54%,开放申购,开放赎回,
2020-12-14,1.6333,1.7333,0.77%,开放申购,开放赎回,
2020-12-15,1.6351,1.7351,0.11%,开放申购,开放赎回,
2020-12-16,1.6278,1.7278,-0.45%,开放申购,开放赎回,
2020-12-17,1.6464,1.7464,1.14%,开放申购,开放赎回,
2020-12-18,1.6421,1.7421,-0.26%,开放申购,开放赎回,
2020-12-21,1.6691,1.7691,1.64%,开放申购,开放赎回,
2020-12-22,1.6324,1.7324,-2.20%,开放申购,开放赎回,
2020-12-23,1.6467,1.7467,0.88%,开放申购,开放赎回,
2020-12-24,1.6214,1.7214,-1.54%,开放申购,开放赎回,
2020-12-25,1.6397,1.7397,1.13%,开放申购,开放赎回,
2020-12-28,1.631,1.731,-0.53%,开放申购,开放赎回,
2020-12-29,1.6203,1.7203,-0.66%,开放申购,开放赎回,
2020-12-30,1.6375,1.7375,1.06%,开放申购,开放赎回,
2020-12-31,1.6618,1.7618,1.48%,开放申购,开放赎回,
2021-01-04,1.6907,1.7907,1.74%,开放申购,开放赎回,
2021-01-05,1.7046,1.8046,0.82%,开放申购,开放赎回,
2021-01-06,1.7018,1.8018,-0.16%,开放申购,开放赎回,
2021-01-07,1.7042,1.8042,0.14%,开放申购,开放赎回,
2021-01-08,1.7096,1.8096,0.32%,开放申购,开放赎回,
2021-01-11,1.6835,1.7835,-1.53%,开放申购,开放赎回,
2021-01-12,1.7058,1.8058,1.32%,开放申购,开放赎回,
2021-01-13,1.6939,1.7939,-0.70%,开放申购,开放赎回,
2021-01-14,1.6797,1.7797,-0.84%,开放申购,开放赎回,
2021-01-15,1.6738,1.7738,-0.35%,开放申购,开放赎回,
2021-01-18,1.6982,1.7982,1.46%,开放申购,开放赎回,
2021-01-19,1.6884,1.7884,-0.58%,开放申购,开放赎回,
2021-01-20,1.7035,1.8035,0.89%,开放申购,开放赎回,
2021-01-21,1.7256,1.8256,1.30%,开放申购,开放赎回,
2021-01-22,1.7288,1.8288,0.19%,开放申购,开放赎回,
2021-01-25,1.7306,1.8306,0.10%,开放申购,开放赎回,
2021-01-26,1.7021,1.8021,-1.65%,开放申购,开放赎回,
2021-01-27,1.7081,1.8081,0.35%,开放申购,开放赎回,
2021-01-28,1.672,1.772,-2.11%,开放申购,开放赎回,
2021-01-29,1.6544,1.7544,-1.05%,开放申购,开放赎回,
2021-02-01,1.6662,1.7662,0.71%,开放申购,开放赎回,
2021-02-02,1.6815,1.7815,0.92%,开放申购,开放赎回,
2021-02-03,1.6676,1.7676,-0.83%,开放申购,开放赎回,
2021-02-04,1.6494,1.7494,-1.09%,开放申购,开放赎回,
2021-02-05,1.6272,1.7272,-1.35%,开放申购,开放赎回,
2021-02-08,1.6482,1.7482,1.29%,开放申购,开放赎回,
2021-02-09,1.682,1.782,2.05%,开放申购,开放赎回,
2021-02-10,1.6987,1.7987,0.99%,开放申购,开放赎回,
2021-02-18,1.7211,1.8211,1.32%,开放申购,开放赎回,
2021-02-19,1.7436,1.8436,1.31%,开放申购,开放赎回,
2021-02-22,1.7323,1.8323,-0.65%,开放申购,开放赎回,
2021-02-23,1.7259,1.8259,-0.37%,开放申购,开放赎回,
2021-02-24,1.7021,1.8021,-1.38%,开放申购,开放赎回,
2021-02-25,1.693,1.793,-0.53%,开放申购,开放赎回,
2021-02-26,1.6596,1.7596,-1.97%,开放申购,开放赎回,
2021-03-01,1.6902,1.7902,1.84%,开放申购,开放赎回,
2021-03-02,1.6764,1.7764,-0.82%,开放申购,开放赎回,
2021-03-03,1.6992,1.7992,1.36%,开放申购,开放赎回,
2021-03-04,1.6691,1.7691,-1.77%,开放申购,开放赎回,
2021-03-05,1.6697,1.7697,0.04%,开放申购,开放赎回,
2021-03-08,1.6335,1.7335,-2.17%,开放申购,开放赎回,
2021-03-09,1.5969,1.6969,-2.24%,开放申购,开放赎回,
2021-03-10,1.5853,1.6853,-0.73%,开放申购,开放赎回,
2021-03-11,1.6227,1.7227,2.36%,开放申购,开放赎回,
2021-03-12,1.6251,1.7251,0.15%,开放申购,开放赎回,
2021-03-15,1.6131,1.7131,-0.74%,开放申购,开放赎回,
2021-03-16,1.6185,1.7185,0.33%,开放申购,开放赎回,
2021-03-17,1.6261,1.7261,0.47%,开放申购,开放赎回,
2021-03-18,1.6381,1.7381,0.74%,开放申购,开放赎回,
2021-03-19,1.6216,1.7216,-1.01%,开放申购,开放赎回,
2021-03-22,1.6462,1.7462,1.52%,开放申购,开放赎回,
2021-03-23,1.6248,1.7248,-1.30%,开放申购,开放赎回,
2021-03-24,1.6062,1.7062,-1.14%,开放申购,开放赎回,
2021-03-25,1.6099,1.7099,0.23%,开放申购,开放赎回,
2021-03-26,1.6333,1.7333,1.45%,开放申购,开放赎回,
2021-03-29,1.6339,1.7339,0.04%,开放申购,开放赎回,
2021-03-30,1.6402,1.7402,0.39%,开放申购,开放赎回,
2021-03-31,1.6339,1.7339,-0.38%,开放申购,开放赎回,
2021-04-01,1.6482,1.7482,0.88%,开放申购,开放赎回,
2021-04-02,1.6518,1.7518,0.22%,开放申购,开放赎回,
2021-04-06,1.6561,1.7561,0.26%,开放申购,开放赎回,
2021-04-07,1.6573,1.7573,0.07%,开放申购,开放赎回,
2021-04-08,1.6597,1.7597,0.14%,开放申购,开放赎回,
2021-04-09,1.6545,1.7545,-0.31%,开放申购,开放赎回,
2021-04-12,1.6278,1.7278,-1.61%,开放申购,开放赎回,
2021-04-13,1.6239,1.7239,-0.24%,开放申购,开放赎回,
2021-04-14,1.6405,1.7405,1.02%,开放申购,开放赎回,
2021-04-15,1.6405,1.7405,0.00%,开放申购,开放赎回,
2021-04-16,1.6562,1.7562,0.96%,开放申购,开放赎回,
2021-04-19,1.6773,1.7773,1.27%,开放申购,开放赎回,
2021-04-20,1.6784,1.7784,0.07%,开放申购,开放赎回,
2021-04-21,1.6763,1.7763,-0.13%,开放申购,开放赎回,
2021-04-22,1.6825,1.7825,0.37%,开放申购,开放赎回,
2021-04-23,1.687,1.787,0.27%,开放申购,开放赎回,
2021-04-26,1.6823,1.7823,-0.28%,开放申购,开放赎回,
2021-04-27,1.6833,1.7833,0.06%,开放申购,开放赎回,
2021-04-28,1.6942,1.7942,0.65%,开放申购,开放赎回,
2021-04-29,1.6949,1.7949,0.04%,开放申购,开放赎回,
2021-04-30,1.6938,1.7938,-0.06%,开放申购,开放赎回,
2021-05-06,1.6949,1.7949,0.06%,开放申购,开放赎回,
2021-05-07,1.6839,1.7839,-0.65%,开放申购,开放赎回,
2021-05-10,1.6917,1.7917,0.46%,开放申购,开放赎回,
2021-05-11,1.6871,1.7871,-0.27%,开放申购,开放赎回,
2021-05-12,1.7013,1.8013,0.84%,开放申购,开放赎回,
2021-05-13,1.6836,1.7836,-1.04%,开放申购,开放赎回,
2021-05-14,1.7054,1.8054,1.29%,开放申购,开放赎回,
2021-05-17,1.7186,1.8186,0.77%,开放申购,开放赎回,
2021-05-18,1.7241,1.8241,0.32%,开放申购,开放赎回,
2021-05-19,1.7207,1.8207,-0.20%,开放申购,开放赎回,
2021-05-20,1.7127,1.8127,-0.46%,开放申购,开放赎回,
2021-05-21,1.708,1.808,-0.27%,开放申购,开放赎回,
2021-05-24,1.7121,1.8121,0.24%,开放申购,开放赎回,
2021-05-25,1.7312,1.8312,1.12%,开放申购,开放赎回,
2021-05-26,1.7336,1.8336,0.14%,开放申购,开放赎回,
2021-05-27,1.7481,1.8481,0.84%,开放申购,开放赎回,
2021-05-28,1.7442,1.8442,-0.22%,开放申购,开放赎回,
2021-05-31,1.7597,1.8597,0.89%,开放申购,开放赎回,
2021-06-01,1.7626,1.8626,0.16%,开放申购,开放赎回,
2021-06-02,1.7485,1.8485,-0.80%,开放申购,开放赎回,
2021-06-03,1.7458,1.8458,-0.15%,开放申购,开放赎回,
2021-06-04,1.7524,1.8524,0.38%,开放申购,开放赎回,
2021-06-07,1.7597,1.8597,0.42%,开放申购,开放赎回,
2021-06-08,1.7508,1.8508,-0.51%,开放申购,开放赎回,
2021-06-09,1.7533,1.8533,0.14%,开放申购,开放赎回,
2021-06-10,1.7718,1.8718,1.06%,开放申购,开放赎回,
2021-06-11,1.76,1.86,-0.67%,开放申购,开放赎回,
2021-06-15,1.7442,1.8442,-0.90%,开放申购,开放赎回,
2021-06-16,1.7201,1.8201,-1.38%,开放申购,开放赎回,
2021-06-17,1.7334,1.8334,0.77%,开放申购,开放赎回,
2021-06-18,1.7455,1.8455,0.70%,开放申购,开放赎回,
2021-06-21,1.758,1.858,0.72%,开放申购,开放赎回,
2021-06-22,1.7668,1.8668,0.50%,开放申购,开放赎回,
2021-06-23,1.7802,1.8802,0.76%,开放申购,开放赎回,
2021-06-24,1.7719,1.8719,-0.47%,开放申购,开放赎回,
2021-06-25,1.7875,1.8875,0.88%,开放申购,开放赎回,
2021-06-28,1.7916,1.8916,0.23%,开放申购,开放赎回,
2021-06-29,1.7763,1.8763,-0.85%,开放申购,开放赎回,
2021-06-30,1.7871,1.8871,0.61%,开放申购,开放赎回,
2021-07-01,1.7645,1.8645,-1.26%,开放申购,开放赎回,
2021-07-02,1.75,1.85,-0.82%,开放申购,开放赎回,
2021-07-05,1.7637,1.8637,0.78%,开放申购,开放赎回,
2021-07-06,1.7633,1.8633,-0.02%,开放申购,开放赎回,
2021-07-07,1.7784,1.8784,0.86%,开放申购,开放赎回,
2021-07-08,1.7755,1.8755,-0.16%,开放申购,开放赎回,
2021-07-09,1.79,1.89,0.82%,开放申购,开放赎回,
2021-07-12,1.8149,1.9149,1.39%,开放申购,开放赎回,
2021-07-13,1.8297,1.9297,0.82%,开放申购,开放赎回,
2021-07-14,1.8149,1.9149,-0.81%,开放申购,开放赎回,
2021-07-15,1.8234,1.9234,0.47%,开放申购,开放赎回,
2021-07-16,1.8229,1.9229,-0.03%,开放申购,开放赎回,
2021-07-19,1.8142,1.9142,-0.48%,开放申购,开放赎回,
2021-07-20,1.8174,1.9174,0.18%,开放申购,开放赎回,
2021-07-21,1.8382,1.9382,1.14%,开放申购,开放赎回,
2021-07-22,1.8494,1.9494,0.61%,开放申购,开放赎回,
2021-07-23,1.84,1.94,-0.51%,开放申购,开放赎回,
2021-07-26,1.8105,1.9105,-1.60%,开放申购,开放赎回,
2021-07-27,1.7742,1.8742,-2.00%,开放申购,开放赎回,
2021-07-28,1.7497,1.8497,-1.38%,开放申购,开放赎回,
2021-07-29,1.7837,1.8837,1.94%,开放申购,开放赎回,
2021-07-30,1.7859,1.8859,0.12%,开放申购,开放赎回,
2021-08-02,1.8118,1.9118,1.45%,开放申购,开放赎回,
2021-08-03,1.7979,1.8979,-0.77%,开放申购,开放赎回,
2021-08-04,1.8269,1.9269,1.61%,开放申购,开放赎回,
2021-08-05,1.822,1.922,-0.27%,开放申购,开放赎回,
2021-08-06,1.8286,1.9286,0.36%,开放申购,开放赎回,
2021-08-09,1.8389,1.9389,0.56%,开放申购,开放赎回,
2021-08-10,1.8486,1.9486,0.53%,开放申购,开放赎回,
2021-08-11,1.8623,1.9623,0.74%,开放申购,开放赎回,
2021-08-12,1.8681,1.9681,0.31%,开放申购,开放赎回,
2021-08-13,1.8669,1.9669,-0.06%,开放申购,开放赎回,
2021-08-16,1.8581,1.9581,-0.47%,开放申购,开放赎回,
2021-08-17,1.819,1.919,-2.10%,开放申购,开放赎回,
2021-08-18,1.8304,1.9304,0.63%,开放申购,开放赎回,
2021-08-19,1.8319,1.9319,0.08%,开放申购,开放赎回,
2021-08-20,1.8252,1.9252,-0.37%,开放申购,开放赎回,
2021-08-23,1.8513,1.9513,1.43%,开放申购,开放赎回,
2021-08-24,1.8679,1.9679,0.90%,开放申购,开放赎回,
2021-08-25,1.8832,1.9832,0.82%,开放申购,开放赎回,
2021-08-26,1.8751,1.9751,-0.43%,开放申购,开放赎回,
2021-08-27,1.8903,1.9903,0.81%,开放申购,开放赎回,
2021-08-30,1.9017,2.0017,0.60%,开放申购,开放赎回,
2021-08-31,1.9089,2.0089,0.38%,开放申购,开放赎回,
2021-09-01,1.8933,1.9933,-0.82%,开放申购,开放赎回,
2021-09-02,1.9218,2.0218,1.51%,开放申购,开放赎回,
2021-09-03,1.9148,2.0148,-0.36%,开放申购,开放赎回,
2021-09-06,1.934,2.034,1.00%,开放申购,开放赎回,
2021-09-07,1.9706,2.0706,1.89%,开放申购,开放赎回,
2021-09-08,1.9823,2.0823,0.59%,开放申购,开放赎回,
2021-09-09,2.001,2.101,0.94%,开放申购,开放赎回,
2021-09-10,1.9995,2.0995,-0.07%,开放申购,开放赎回,
2021-09-13,2.0097,2.1097,0.51%,开放申购,开放赎回,
2021-09-14,1.9865,2.0865,-1.15%,开放申购,开放赎回,
2021-09-15,1.9957,2.0957,0.46%,开放申购,开放赎回,
2021-09-16,1.9587,2.0587,-1.85%,开放申购,开放赎回,
2021-09-17,1.9454,2.0454,-0.68%,开放申购,开放赎回,
2021-09-22,1.9602,2.0602,0.76%,开放申购,开放赎回,
2021-09-23,1.9725,2.0725,0.63%,开放申购,开放赎回,
2021-09-24,1.9423,2.0423,-1.53%,开放申购,开放赎回,
2021-09-27,1.8896,1.9896,-2.71%,开放申购,开放赎回,
2021-09-28,1.8956,1.9956,0.32%,开放申购,开放赎回,
2021-09-29,1.8485,1.9485,-2.48%,开放申购,开放赎回,
2021-09-30,1.8714,1.9714,1.24%,开放申购,开放赎回,
2021-10-08,1.8684,1.9684,-0.16%,开放申购,开放赎回,
2021-10-11,1.8682,1.9682,-0.01%,开放申购,开放赎回,
2021-10-12,1.8333,1.9333,-1.87%,开放申购,开放赎回,
2021-10-13,1.841,1.941,0.42%,开放申购,开放赎回,
2021-10-14,1.8478,1.9478,0.37%,开放申购,开放赎回,
2021-10-15,1.8521,1.9521,0.23%,开放申购,开放赎回,
2021-10-18,1.8626,1.9626,0.57%,开放申购,开放赎回,
2021-10-19,1.876,1.976,0.72%,开放申购,开放赎回,
2021-10-20,1.8754,1.9754,-0.03%,开放申购,开放赎回,
2021-10-21,1.8701,1.9701,-0.28%,开放申购,开放赎回,
2021-10-22,1.8523,1.9523,-0.95%,开放申购,开放赎回,
2021-10-25,1.8718,1.9718,1.05%,开放申购,开放赎回,
2021-10-26,1.8713,1.9713,-0.03%,开放申购,开放赎回,
2021-10-27,1.8576,1.9576,-0.73%,开放申购,开放赎回,
2021-10-28,1.8335,1.9335,-1.30%,开放申购,开放赎回,
2021-10-29,1.8516,1.9516,0.99%,开放申购,开放赎回,
2021-11-01,1.8613,1.9613,0.52%,开放申购,开放赎回,
2021-11-02,1.8422,1.9422,-1.03%,开放申购,开放赎回,
2021-11-03,1.8506,1.9506,0.46%,开放申购,开放赎回,
2021-11-04,1.8646,1.9646,0.76%,开放申购,开放赎回,
2021-11-05,1.8446,1.9446,-1.07%,开放申购,开放赎回,
2021-11-08,1.8532,1.9532,0.47%,开放申购,开放赎回,
2021-11-09,1.8668,1.9668,0.73%,开放申购,开放赎回,
2021-11-10,1.8617,1.9617,-0.27%,开放申购,开放赎回,
2021-11-11,1.8763,1.9763,0.78%,开放申购,开放赎回,
2021-11-12,1.8856,1.9856,0.50%,开放申购,开放赎回,
2021-11-15,1.871,1.971,-0.77%,开放申购,开放赎回,
2021-11-16,1.8581,1.9581,-0.69%,开放申购,开放赎回,
2021-11-17,1.8726,1.9726,0.78%,开放申购,开放赎回,
2021-11-18,1.8679,1.9679,-0.25%,开放申购,开放赎回,
2021-11-19,1.8894,1.9894,1.15%,开放申购,开放赎回,
2021-11-22,1.9106,2.0106,1.12%,开放申购,开放赎回,
2021-11-23,1.9128,2.0128,0.12%,开放申购,开放赎回,
2021-11-24,1.9115,2.0115,-0.07%,开放申购,开放赎回,
2021-11-25,1.9063,2.0063,-0.27%,开放申购,开放赎回,
2021-11-26,1.903,2.003,-0.17%,开放申购,开放赎回,
2021-11-29,1.9037,2.0037,0.04%,开放申购,开放赎回,
2021-11-30,1.9112,2.0112,0.39%,开放申购,开放赎回,
2021-12-01,1.9166,2.0166,0.28%,开放申购,开放赎回,
2021-12-02,1.9057,2.0057,-0.57%,开放申购,开放赎回,
2021-12-03,1.9237,2.0237,0.94%,开放申购,开放赎回,
2021-12-06,1.9085,2.0085,-0.79%,开放申购,开放赎回,
2021-12-07,1.8997,1.9997,-0.46%,开放申购,开放赎回,
2021-12-08,1.9241,2.0241,1.28%,开放申购,开放赎回,
2021-12-09,1.9297,2.0297,0.29%,开放申购,开放赎回,
2021-12-10,1.9216,2.0216,-0.42%,开放申购,开放赎回,
2021-12-13,1.9328,2.0328,0.58%,开放申购,开放赎回,
2021-12-14,1.9257,2.0257,-0.37%,开放申购,开放赎回,
2021-12-15,1.9233,2.0233,-0.12%,开放申购,开放赎回,
2021-12-16,1.9397,2.0397,0.85%,开放申购,开放赎回,
2021-12-17,1.9235,2.0235,-0.84%,开放申购,开放赎回,
2021-12-20,1.8944,1.9944,-1.51%,开放申购,开放赎回,
2021-12-21,1.9143,2.0143,1.05%,开放申购,开放赎回,
2021-12-22,1.9211,2.0211,0.36%,开放申购,开放赎回,
2021-12-23,1.93,2.03,0.46%,开放申购,开放赎回,
2021-12-24,1.9155,2.0155,-0.75%,开放申购,开放赎回,
2021-12-27,1.9141,2.0141,-0.07%,开放申购,开放赎回,
2021-12-28,1.9173,2.0173,0.17%,开放申购,开放赎回,
2021-12-29,1.908,2.008,-0.49%,开放申购,开放赎回,
2021-12-30,1.9238,2.0238,0.83%,开放申购,开放赎回,
2021-12-31,1.9359,2.0359,0.63%,开放申购,开放赎回,
2022-01-04,1.935,2.035,-0.05%,开放申购,开放赎回,
2022-01-05,1.9022,2.0022,-1.70%,开放申购,开放赎回,
2022-01-06,1.904,2.004,0.09%,开放申购,开放赎回,
2022-01-07,1.8908,1.9908,-0.69%,开放申购,开放赎回,
2022-01-10,1.8946,1.9946,0.20%,开放申购,开放赎回,
2022-01-11,1.8808,1.9808,-0.73%,开放申购,开放赎回,
2022-01-12,1.8963,1.9963,0.82%,开放申购,开放赎回,
2022-01-13,1.8716,1.9716,-1.30%,开放申购,开放赎回,
2022-01-14,1.8671,1.9671,-0.24%,开放申购,开放赎回,
2022-01-17,1.8865,1.9865,1.04%,开放申购,开放赎回,
2022-01-18,1.8879,1.9879,0.07%,开放申购,开放赎回,
2022-01-19,1.8769,1.9769,-0.58%,开放申购,开放赎回,
2022-01-20,1.8616,1.9616,-0.82%,开放申购,开放赎回,
2022-01-21,1.8414,1.9414,-1.09%,开放申购,开放赎回,
2022-01-24,1.8419,1.9419,0.03%,开放申购,开放赎回,
2022-01-25,1.7832,1.8832,-3.19%,开放申购,开放赎回,
2022-01-26,1.7926,1.8926,0.53%,开放申购,开放赎回,
2022-01-27,1.7486,1.8486,-2.45%,开放申购,开放赎回,
2022-01-28,1.7421,1.8421,-0.37%,开放申购,开放赎回,
2022-02-07,1.766,1.866,1.37%,开放申购,开放赎回,
2022-02-08,1.7826,1.8826,0.94%,开放申购,开放赎回,
2022-02-09,1.8081,1.9081,1.43%,开放申购,开放赎回,
2022-02-10,1.8077,1.9077,-0.02%,开放申购,开放赎回,
2022-02-11,1.7839,1.8839,-1.32%,开放申购,开放赎回,
2022-02-14,1.7715,1.8715,-0.70%,开放申购,开放赎回,
2022-02-15,1.7873,1.8873,0.89%,开放申购,开放赎回,
2022-02-16,1.7905,1.8905,0.18%,开放申购,开放赎回,
2022-02-17,1.7897,1.8897,-0.04%,开放申购,开放赎回,
2022-02-18,1.8063,1.9063,0.93%,开放申购,开放赎回,
2022-02-21,1.8144,1.9144,0.45%,开放申购,开放赎回,
2022-02-22,1.7939,1.8939,-1.13%,开放申购,开放赎回,
2022-02-23,1.8194,1.9194,1.42%,开放申购,开放赎回,
2022-02-24,1.7887,1.8887,-1.69%,开放申购,开放赎回,
2022-02-25,1.8024,1.9024,0.77%,开放申购,开放赎回,
2022-02-28,1.8109,1.9109,0.47%,开放申购,开放赎回,
2022-03-01,1.8159,1.9159,0.28%,开放申购,开放赎回,
2022-03-02,1.8165,1.9165,0.03%,开放申购,开放赎回,
2022-03-03,1.8129,1.9129,-0.20%,开放申购,开放赎回,
2022-03-04,1.799,1.899,-0.77%,开放申购,开放赎回,
2022-03-07,1.7628,1.8628,-2.01%,开放申购,开放赎回,
2022-03-08,1.7053,1.8053,-3.26%,开放申购,开放赎回,
2022-03-09,1.6721,1.7721,-1.95%,开放申购,开放赎回,
2022-03-10,1.7007,1.8007,1.71%,开放申购,开放赎回,
2022-03-11,1.7153,1.8153,0.86%,开放申购,开放赎回,
2022-03-14,1.6781,1.7781,-2.17%,开放申购,开放赎回,
2022-03-15,1.5874,1.6874,-5.40%,开放申购,开放赎回,
2022-03-16,1.6351,1.7351,3.00%,开放申购,开放赎回,
2022-03-17,1.663,1.763,1.71%,开放申购,开放赎回,
2022-03-18,1.6796,1.7796,1.00%,开放申购,开放赎回,
2022-03-21,1.6857,1.7857,0.36%,开放申购,开放赎回,
2022-03-22,1.686,1.786,0.02%,开放申购,开放赎回,
2022-03-23,1.6961,1.7961,0.60%,开放申购,开放赎回,
2022-03-24,1.6828,1.7828,-0.78%,开放申购,开放赎回,
2022-03-25,1.6638,1.7638,-1.13%,开放申购,开放赎回,
2022-03-28,1.6676,1.7676,0.23%,开放申购,开放赎回,
2022-03-29,1.6602,1.7602,-0.44%,开放申购,开放赎回,
2022-03-30,1.692,1.792,1.92%,开放申购,开放赎回,
2022-03-31,1.6788,1.7788,-0.78%,开放申购,开放赎回,
2022-04-01,1.689,1.789,0.61%,开放申购,开放赎回,
2022-04-06,1.6868,1.7868,-0.13%,开放申购,开放赎回,
2022-04-07,1.6528,1.7528,-2.02%,开放申购,开放赎回,
2022-04-08,1.6532,1.7532,0.02%,开放申购,开放赎回,
2022-04-11,1.6044,1.7044,-2.95%,开放申购,开放赎回,
2022-04-12,1.6291,1.7291,1.54%,开放申购,开放赎回,
2022-04-13,1.6087,1.7087,-1.25%,开放申购,开放赎回,
2022-04-14,1.6293,1.7293,1.28%,开放申购,开放赎回,
2022-04-15,1.615,1.715,-0.88%,开放申购,开放赎回,
2022-04-18,1.6161,1.7161,0.07%,开放申购,开放赎回,
2022-04-19,1.6209,1.7209,0.30%,开放申购,开放赎回,
2022-04-20,1.5867,1.6867,-2.11%,开放申购,开放赎回,
2022-04-21,1.5371,1.6371,-3.13%,开放申购,开放赎回,
2022-04-22,1.5322,1.6322,-0.32%,开放申购,开放赎回,
2022-04-25,1.4385,1.5385,-6.12%,开放申购,开放赎回,
2022-04-26,1.4036,1.5036,-2.43%,开放申购,开放赎回,
2022-04-27,1.4551,1.5551,3.67%,开放申购,开放赎回,
2022-04-28,1.4505,1.5505,-0.32%,开放申购,开放赎回,
2022-04-29,1.5049,1.6049,3.75%,开放申购,开放赎回,
2022-05-05,1.52,1.62,1.00%,开放申购,开放赎回,
2022-05-06,1.4884,1.5884,-2.08%,开放申购,开放赎回,
2022-05-09,1.4999,1.5999,0.77%,开放申购,开放赎回,
2022-05-10,1.5212,1.6212,1.42%,开放申购,开放赎回,
2022-05-11,1.5341,1.6341,0.85%,开放申购,开放赎回,
2022-05-12,1.535,1.635,0.06%,开放申购,开放赎回,
2022-05-13,1.5494,1.6494,0.94%,开放申购,开放赎回,
2022-05-16,1.5478,1.6478,-0.10%,开放申购,开放赎回,
2022-05-17,1.5545,1.6545,0.43%,开放申购,开放赎回,
2022-05-18,1.5502,1.6502,-0.28%,开放申购,开放赎回,
2022-05-19,1.5607,1.6607,0.68%,开放申购,开放赎回,
2022-05-20,1.5844,1.6844,1.52%,开放申购,开放赎回,
2022-05-23,1.5939,1.6939,0.60%,开放申购,开放赎回,
2022-05-24,1.5385,1.6385,-3.48%,开放申购,开放赎回,
2022-05-25,1.5633,1.6633,1.61%,开放申购,开放赎回,
2022-05-26,1.5809,1.6809,1.13%,开放申购,开放赎回,
2022-05-27,1.579,1.679,-0.12%,开放申购,开放赎回,
2022-05-30,1.5904,1.6904,0.72%,开放申购,开放赎回,
2022-05-31,1.6123,1.7123,1.38%,开放申购,开放赎回,
2022-06-01,1.6117,1.7117,-0.04%,开放申购,开放赎回,
2022-06-02,1.6273,1.7273,0.97%,开放申购,开放赎回,
2022-06-06,1.6556,1.7556,1.74%,开放申购,开放赎回,
2022-06-07,1.6557,1.7557,0.01%,开放申购,开放赎回,
2022-06-08,1.6642,1.7642,0.51%,开放申购,开放赎回,
2022-06-09,1.6431,1.7431,-1.27%,开放申购,开放赎回,
2022-06-10,1.6734,1.7734,1.84%,开放申购,开放赎回,
2022-06-13,1.6719,1.7719,-0.09%,开放申购,开放赎回,
2022-06-14,1.6823,1.7823,0.62%,开放申购,开放赎回,
2022-06-15,1.6807,1.7807,-0.10%,开放申购,开放赎回,
2022-06-16,1.6815,1.7815,0.05%,开放申购,开放赎回,
2022-06-17,1.6952,1.7952,0.81%,开放申购,开放赎回,
2022-06-20,1.6992,1.7992,0.24%,开放申购,开放赎回,
2022-06-21,1.686,1.786,-0.78%,开放申购,开放赎回,
2022-06-22,1.6613,1.7613,-1.47%,开放申购,开放赎回,
2022-06-23,1.6931,1.7931,1.91%,开放申购,开放赎回,
2022-06-24,1.7111,1.8111,1.06%,开放申购,开放赎回,
2022-06-27,1.7215,1.8215,0.61%,开放申购,开放赎回,
2022-06-28,1.7458,1.8458,1.41%,开放申购,开放赎回,
2022-06-29,1.7151,1.8151,-1.76%,开放申购,开放赎回,
2022-06-30,1.7355,1.8355,1.19%,开放申购,开放赎回,
2022-07-01,1.7314,1.8314,-0.24%,开放申购,开放赎回,
2022-07-04,1.7529,1.8529,1.24%,开放申购,开放赎回,
2022-07-05,1.7497,1.8497,-0.18%,开放申购,开放赎回,
2022-07-06,1.7266,1.8266,-1.32%,开放申购,开放赎回,
2022-07-07,1.7364,1.8364,0.57%,开放申购,开放赎回,
2022-07-08,1.7248,1.8248,-0.67%,开放申购,开放赎回,
2022-07-11,1.7028,1.8028,-1.28%,开放申购,开放赎回,
2022-07-12,1.6832,1.7832,-1.15%,开放申购,开放赎回,
2022-07-13,1.6906,1.7906,0.44%,开放申购,开放赎回,
2022-07-14,1.6999,1.7999,0.55%,开放申购,开放赎回,
2022-07-15,1.6742,1.7742,-1.51%,开放申购,开放赎回,
2022-07-18,1.7038,1.8038,1.77%,开放申购,开放赎回,
2022-07-19,1.71,1.81,0.36%,开放申购,开放赎回,
2022-07-20,1.7294,1.8294,1.13%,开放申购,开放赎回,
2022-07-21,1.7142,1.8142,-0.88%,开放申购,开放赎回,
2022-07-22,1.6987,1.7987,-0.90%,开放申购,开放赎回,
2022-07-25,1.6837,1.7837,-0.88%,开放申购,开放赎回,
2022-07-26,1.7036,1.8036,1.18%,开放申购,开放赎回,
2022-07-27,1.7101,1.8101,0.38%,开放申购,开放赎回,
2022-07-28,1.7151,1.8151,0.29%,开放申购,开放赎回,
2022-07-29,1.7013,1.8013,-0.80%,开放申购,开放赎回,
2022-08-01,1.715,1.815,0.81%,开放申购,开放赎回,
2022-08-02,1.6706,1.7706,-2.59%,开放申购,开放赎回,
2022-08-03,1.6586,1.7586,-0.72%,开放申购,开放赎回,
2022-08-04,1.6668,1.7668,0.49%,开放申购,开放赎回,
2022-08-05,1.696,1.796,1.75%,开放申购,开放赎回,
2022-08-08,1.7097,1.8097,0.81%,开放申购,开放赎回,
2022-08-09,1.7143,1.8143,0.27%,开放申购,开放赎回,
2022-08-10,1.7093,1.8093,-0.29%,开放申购,开放赎回,
2022-08-11,1.7396,1.8396,1.77%,开放申购,开放赎回,
2022-08-12,1.7351,1.8351,-0.26%,开放申购,开放赎回,
2022-08-15,1.7407,1.8407,0.32%,开放申购,开放赎回,
2022-08-16,1.7466,1.8466,0.34%,开放申购,开放赎回,
2022-08-17,1.754,1.854,0.42%,开放申购,开放赎回,
2022-08-18,1.7479,1.8479,-0.35%,开放申购,开放赎回,
2022-08-19,1.728,1.828,-1.14%,开放申购,开放赎回,
2022-08-22,1.7489,1.8489,1.21%,开放申购,开放赎回,
2022-08-23,1.7472,1.8472,-0.10%,开放申购,开放赎回,
2022-08-24,1.6998,1.7998,-2.71%,开放申购,开放赎回,
2022-08-25,1.7093,1.8093,0.56%,开放申购,开放赎回,
2022-08-26,1.7035,1.8035,-0.34%,开放申购,开放赎回,
2022-08-29,1.7068,1.8068,0.19%,开放申购,开放赎回,
2022-08-30,1.7006,1.8006,-0.36%,开放申购,开放赎回,
2022-08-31,1.6671,1.7671,-1.97%,开放申购,开放赎回,
2022-09-01,1.6597,1.7597,-0.44%,开放申购,开放赎回,
2022-09-02,1.6654,1.7654,0.34%,开放申购,开放赎回,
2022-09-05,1.6738,1.7738,0.50%,开放申购,开放赎回,
2022-09-06,1.7018,1.8018,1.67%,开放申购,开放赎回,
2022-09-07,1.7046,1.8046,0.16%,开放申购,开放赎回,
2022-09-08,1.6973,1.7973,-0.43%,开放申购,开放赎回,
2022-09-09,1.7088,1.8088,0.68%,开放申购,开放赎回,
2022-09-13,1.7047,1.8047,-0.24%,开放申购,开放赎回,
2022-09-14,1.6919,1.7919,-0.75%,开放申购,开放赎回,
2022-09-15,1.655,1.755,-2.18%,开放申购,开放赎回,
2022-09-16,1.6158,1.7158,-2.37%,开放申购,开放赎回,
2022-09-19,1.6049,1.7049,-0.67%,开放申购,开放赎回,
2022-09-20,1.6165,1.7165,0.72%,开放申购,开放赎回,
2022-09-21,1.622,1.722,0.34%,开放申购,开放赎回,
2022-09-22,1.6188,1.7188,-0.20%,开放申购,开放赎回,
2022-09-23,1.5994,1.6994,-1.20%,开放申购,开放赎回,
2022-09-26,1.5783,1.6783,-1.32%,开放申购,开放赎回,
2022-09-27,1.6074,1.7074,1.84%,开放申购,开放赎回,
2022-09-28,1.5691,1.6691,-2.38%,开放申购,开放赎回,
2022-09-29,1.5696,1.6696,0.03%,开放申购,开放赎回,
2022-09-30,1.5548,1.6548,-0.94%,开放申购,开放赎回,
2022-10-10,1.5346,1.6346,-1.30%,开放申购,开放赎回,
2022-10-11,1.5472,1.6472,0.82%,开放申购,开放赎回,
2022-10-12,1.5821,1.6821,2.26%,开放申购,开放赎回,
2022-10-13,1.5848,1.6848,0.17%,开放申购,开放赎回,
2022-10-14,1.6218,1.7218,2.33%,开放申购,开放赎回,
2022-10-17,1.6329,1.7329,0.68%,开放申购,开放赎回,
2022-10-18,1.6378,1.7378,0.30%,开放申购,开放赎回,
2022-10-19,1.6219,1.7219,-0.97%,开放申购,开放赎回,
2022-10-20,1.6158,1.7158,-0.38%,开放申购,开放赎回,
2022-10-21,1.6179,1.7179,0.13%,开放申购,开放赎回,
2022-10-24,1.6024,1.7024,-0.96%,开放申购,开放赎回,
2022-10-25,1.5956,1.6956,-0.42%,开放申购,开放赎回,
2022-10-26,1.6219,1.7219,1.65%,开放申购,开放赎回,
2022-10-27,1.6201,1.7201,-0.11%,开放申购,开放赎回,
2022-10-28,1.5734,1.6734,-2.88%,开放申购,开放赎回,
2022-10-31,1.58,1.68,0.42%,开放申购,开放赎回,
2022-11-01,1.6146,1.7146,2.19%,开放申购,开放赎回,
2022-11-02,1.6293,1.7293,0.91%,开放申购,开放赎回,
2022-11-03,1.6292,1.7292,-0.01%,开放申购,开放赎回,
2022-11-04,1.6645,1.7645,2.17%,开放申购,开放赎回,
2022-11-07,1.6664,1.7664,0.11%,开放申购,开放赎回,
2022-11-08,1.6646,1.7646,-0.11%,开放申购,开放赎回,
2022-11-09,1.6613,1.7613,-0.20%,开放申购,开放赎回,
2022-11-10,1.6534,1.7534,-0.48%,开放申购,开放赎回,
2022-11-11,1.6662,1.7662,0.77%,开放申购,开放赎回,
2022-11-14,1.6635,1.7635,-0.16%,开放申购,开放赎回,
2022-11-15,1.691,1.791,1.65%,开放申购,开放赎回,
2022-11-16,1.6827,1.7827,-0.49%,开放申购,开放赎回,
2022-11-17,1.686,1.786,0.20%,开放申购,开放赎回,
2022-11-18,1.6799,1.7799,-0.36%,开放申购,开放赎回,
2022-11-21,1.6793,1.7793,-0.04%,开放申购,开放赎回,
2022-11-22,1.6626,1.7626,-0.99%,开放申购,开放赎回,
2022-11-23,1.6602,1.7602,-0.14%,开放申购,开放赎回,
2022-11-24,1.6614,1.7614,0.07%,开放申购,开放赎回,
2022-11-25,1.6531,1.7531,-0.50%,开放申购,开放赎回,
2022-11-28,1.6447,1.7447,-0.51%,开放申购,开放赎回,
2022-11-29,1.6725,1.7725,1.69%,开放申购,开放赎回,
2022-11-30,1.6705,1.7705,-0.12%,开放申购,开放赎回,
2022-12-01,1.6787,1.7787,0.49%,开放申购,开放赎回,
2022-12-02,1.6744,1.7744,-0.26%,开放申购,开放赎回,
2022-12-05,1.6858,1.7858,0.68%,开放申购,开放赎回,
2022-12-06,1.6853,1.7853,-0.03%,开放申购,开放赎回,
2022-12-07,1.6827,1.7827,-0.15%,开放申购,开放赎回,
2022-12-08,1.678,1.778,-0.28%,开放申购,开放赎回,
2022-12-09,1.6822,1.7822,0.25%,开放申购,开放赎回,
2022-12-12,1.6726,1.7726,-0.57%,开放申购,开放赎回,
2022-12-13,1.6642,1.7642,-0.50%,开放申购,开放赎回,
2022-12-14,1.6575,1.7575,-0.40%,开放申购,开放赎回,
2022-12-15,1.6589,1.7589,0.08%,开放申购,开放赎回,
2022-12-16,1.6516,1.7516,-0.44%,开放申购,开放赎回,
2022-12-19,1.6163,1.7163,-2.14%,开放申购,开放赎回,
2022-12-20,1.6013,1.7013,-0.93%,开放申购,开放赎回,
2022-12-21,1.593,1.693,-0.52%,开放申购,开放赎回,
2022-12-22,1.5758,1.6758,-1.08%,开放申购,开放赎回,
2022-12-23,1.5717,1.6717,-0.26%,开放申购,开放赎回,
2022-12-26,1.5923,1.6923,1.31%,开放申购,开放赎回,
2022-12-27,1.6033,1.7033,0.69%,开放申购,开放赎回,
2022-12-28,1.5972,1.6972,-0.38%,开放申购,开放赎回,
2022-12-29,1.5961,1.6961,-0.07%,开放申购,开放赎回,
2022-12-30,1.5979,1.6979,0.11%,开放申购,开放赎回,
2022-12-31,1.5978,1.6978,-0.01%,开放申购,开放赎回,
2023-01-03,1.6214,1.7214,1.47%,开放申购,开放赎回,
2023-01-04,1.6205,1.7205,-0.06%,开放申购,开放赎回,
2023-01-05,1.6355,1.7355,0.93%,开放申购,开放赎回,
2023-01-06,1.6361,1.7361,0.04%,开放申购,开放赎回,
2023-01-09,1.643,1.743,0.42%,开放申购,开放赎回,
2023-01-10,1.6451,1.7451,0.13%,开放申购,开放赎回,
2023-01-11,1.6364,1.7364,-0.53%,开放申购,开放赎回,
2023-01-12,1.6367,1.7367,0.02%,开放申购,开放赎回,
2023-01-13,1.6476,1.7476,0.67%,开放申购,开放赎回,
2023-01-16,1.6654,1.7654,1.08%,开放申购,开放赎回,
2023-01-17,1.6671,1.7671,0.10%,开放申购,开放赎回,
2023-01-18,1.672,1.772,0.29%,开放申购,开放赎回,
2023-01-19,1.6856,1.7856,0.81%,开放申购,开放赎回,
2023-01-20,1.6978,1.7978,0.72%,开放申购,开放赎回,
2023-01-30,1.706,1.806,0.48%,开放申购,开放赎回,
2023-01-31,1.7077,1.8077,0.10%,开放申购,开放赎回,
2023-02-01,1.7274,1.8274,1.15%,开放申购,开放赎回,
2023-02-02,1.7285,1.8285,0.06%,开放申购,开放赎回,
2023-02-03,1.7216,1.8216,-0.40%,开放申购,开放赎回,
2023-02-06,1.7109,1.8109,-0.62%,开放申购,开放赎回,
2023-02-07,1.7147,1.8147,0.22%,开放申购,开放赎回,
2023-02-08,1.7021,1.8021,-0.73%,开放申购,开放赎回,
2023-02-09,1.7245,1.8245,1.32%,开放申购,开放赎回,
2023-02-10,1.7194,1.8194,-0.30%,开放申购,开放赎回,
2023-02-13,1.732,1.832,0.73%,开放申购,开放赎回,
2023-02-14,1.7353,1.8353,0.19%,开放申购,开放赎回,
2023-02-15,1.732,1.832,-0.19%,开放申购,开放赎回,
2023-02-16,1.7077,1.8077,-1.40%,开放申购,开放赎回,
2023-02-17,1.6942,1.7942,-0.79%,开放申购,开放赎回,
2023-02-20,1.7222,1.8222,1.65%,开放申购,开放赎回,
2023-02-21,1.7317,1.8317,0.55%,开放申购,开放赎回,
2023-02-22,1.7295,1.8295,-0.13%,开放申购,开放赎回,
2023-02-23,1.7256,1.8256,-0.23%,开放申购,开放赎回,
2023-02-24,1.7205,1.8205,-0.30%,开放申购,开放赎回,
2023-02-27,1.7117,1.8117,-0.51%,开放申购,开放赎回,
2023-02-28,1.7246,1.8246,0.75%,开放申购,开放赎回,
2023-03-01,1.7363,1.8363,0.68%,开放申购,开放赎回,
2023-03-02,1.7311,1.8311,-0.30%,开放申购,开放赎回,
2023-03-03,1.7333,1.8333,0.13%,开放申购,开放赎回,
2023-03-06,1.7345,1.8345,0.07%,开放申购,开放赎回,
2023-03-07,1.7061,1.8061,-1.64%,开放申购,开放赎回,
2023-03-08,1.7103,1.8103,0.25%,开放申购,开放赎回,
2023-03-09,1.7064,1.8064,-0.23%,开放申购,开放赎回,
2023-03-10,1.6855,1.7855,-1.22%,开放申购,开放赎回,
2023-03-13,1.6957,1.7957,0.61%,开放申购,开放赎回,
2023-03-14,1.6815,1.7815,-0.84%,开放申购,开放赎回,
2023-03-15,1.6906,1.7906,0.54%,开放申购,开放赎回,
2023-03-16,1.669,1.769,-1.28%,开放申购,开放赎回,
2023-03-17,1.68,1.78,0.66%,开放申购,开放赎回,
2023-03-20,1.6742,1.7742,-0.35%,开放申购,开放赎回,
2023-03-21,1.6932,1.7932,1.13%,开放申购,开放赎回,
2023-03-22,1.7022,1.8022,0.53%,开放申购,开放赎回,
2023-03-23,1.7114,1.8114,0.54%,开放申购,开放赎回,
2023-03-24,1.7125,1.8125,0.06%,开放申购,开放赎回,
2023-03-27,1.7126,1.8126,0.01%,开放申购,开放赎回,
2023-03-28,1.7046,1.8046,-0.47%,开放申购,开放赎回,
2023-03-29,1.6996,1.7996,-0.29%,开放申购,开放赎回,
2023-03-30,1.7064,1.8064,0.40%,开放申购,开放赎回,
2023-03-31,1.7202,1.8202,0.81%,开放申购,开放赎回,
2023-04-03,1.739,1.839,1.09%,开放申购,开放赎回,
2023-04-04,1.7378,1.8378,-0.07%,开放申购,开放赎回,
2023-04-06,1.7397,1.8397,0.11%,开放申购,开放赎回,
2023-04-07,1.752,1.852,0.71%,开放申购,开放赎回,
2023-04-10,1.7384,1.8384,-0.78%,开放申购,开放赎回,
2023-04-11,1.7409,1.8409,0.14%,开放申购,开放赎回,
2023-04-12,1.7467,1.8467,0.33%,开放申购,开放赎回,
2023-04-13,1.7367,1.8367,-0.57%,开放申购,开放赎回,
2023-04-14,1.7436,1.8436,0.40%,开放申购,开放赎回,
2023-04-17,1.7508,1.8508,0.41%,开放申购,开放赎回,
2023-04-18,1.7484,1.8484,-0.14%,开放申购,开放赎回,
2023-04-19,1.7397,1.8397,-0.50%,开放申购,开放赎回,
2023-04-20,1.7385,1.8385,-0.07%,开放申购,开放赎回,
2023-04-21,1.6969,1.7969,-2.39%,开放申购,开放赎回,
2023-04-24,1.686,1.786,-0.64%,开放申购,开放赎回,
2023-04-25,1.6629,1.7629,-1.37%,开放申购,开放赎回,
2023-04-26,1.6691,1.7691,0.37%,开放申购,开放赎回,
2023-04-27,1.6733,1.7733,0.25%,开放申购,开放赎回,
2023-04-28,1.695,1.795,1.30%,开放申购,开放赎回,
2023-05-04,1.7005,1.8005,0.32%,开放申购,开放赎回,
2023-05-05,1.6852,1.7852,-0.90%,开放申购,开放赎回,
2023-05-08,1.6979,1.7979,0.75%,开放申购,开放赎回,
2023-05-09,1.6811,1.7811,-0.99%,开放申购,开放赎回,
2023-05-10,1.679,1.779,-0.12%,开放申购,开放赎回,
2023-05-11,1.6742,1.7742,-0.29%,开放申购,开放赎回,
2023-05-12,1.6583,1.7583,-0.95%,开放申购,开放赎回,
2023-05-15,1.6758,1.7758,1.06%,开放申购,开放赎回,
2023-05-16,1.6637,1.7637,-0.72%,开放申购,开放赎回,
2023-05-17,1.6665,1.7665,0.17%,开放申购,开放赎回,
2023-05-18,1.6689,1.7689,0.14%,开放申购,开放赎回,
2023-05-19,1.6672,1.7672,-0.10%,开放申购,开放赎回,
2023-05-22,1.6671,1.7671,-0.01%,开放申购,开放赎回,
2023-05-23,1.651,1.751,-0.97%,开放申购,开放赎回,
2023-05-24,1.639,1.739,-0.73%,开放申购,开放赎回,
2023-05-25,1.6345,1.7345,-0.27%,开放申购,开放赎回,
2023-05-26,1.6467,1.7467,0.75%,开放申购,开放赎回,
2023-05-29,1.6448,1.7448,-0.12%,开放申购,开放赎回,
2023-05-30,1.6546,1.7546,0.60%,开放申购,开放赎回,
2023-05-31,1.6521,1.7521,-0.15%,开放申购,开放赎回,
2023-06-01,1.6533,1.7533,0.07%,开放申购,开放赎回,
2023-06-02,1.6673,1.7673,0.85%,开放申购,开放赎回,
2023-06-05,1.6656,1.7656,-0.10%,开放申购,开放赎回,
2023-06-06,1.6363,1.7363,-1.76%,开放申购,开放赎回,
2023-06-07,1.6367,1.7367,0.02%,开放申购,开放赎回,
2023-06-08,1.6331,1.7331,-0.22%,开放申购,开放赎回,
2023-06-09,1.6469,1.7469,0.85%,开放申购,开放赎回,
2023-06-12,1.6513,1.7513,0.27%,开放申购,开放赎回,
2023-06-13,1.6563,1.7563,0.30%,开放申购,开放赎回,
2023-06-14,1.6568,1.7568,0.03%,开放申购,开放赎回,
2023-06-15,1.6714,1.7714,0.88%,开放申购,开放赎回,
2023-06-16,1.6856,1.7856,0.85%,开放申购,开放赎回,
2023-06-19,1.6815,1.7815,-0.24%,开放申购,开放赎回,
2023-06-20,1.6806,1.7806,-0.05%,开放申购,开放赎回,
2023-06-21,1.6458,1.7458,-2.07%,开放申购,开放赎回,
2023-06-26,1.6187,1.7187,-1.65%,开放申购,开放赎回,
2023-06-27,1.6345,1.7345,0.98%,开放申购,开放赎回,
2023-06-28,1.6336,1.7336,-0.06%,开放申购,开放赎回,
2023-06-29,1.6342,1.7342,0.04%,开放申购,开放赎回,
2023-06-30,1.6503,1.7503,0.99%,开放申购,开放赎回,
2023-07-03,1.6618,1.7618,0.70%,开放申购,开放赎回,
2023-07-04,1.6654,1.7654,0.22%,开放申购,开放赎回,
2023-07-05,1.6566,1.7566,-0.53%,开放申购,开放赎回,
2023-07-06,1.6488,1.7488,-0.47%,开放申购,开放赎回,
2023-07-07,1.6426,1.7426,-0.38%,开放申购,开放赎回,
2023-07-10,1.6485,1.7485,0.36%,开放申购,开放赎回,
2023-07-11,1.6606,1.7606,0.73%,开放申购,开放赎回,
2023-07-12,1.6435,1.7435,-1.03%,开放申购,开放赎回,
2023-07-13,1.665,1.765,1.31%,开放申购,开放赎回,
2023-07-14,1.662,1.762,-0.18%,开放申购,开放赎回,
2023-07-17,1.6572,1.7572,-0.29%,开放申购,开放赎回,
2023-07-18,1.6544,1.7544,-0.17%,开放申购,开放赎回,
2023-07-19,1.6523,1.7523,-0.13%,开放申购,开放赎回,
2023-07-20,1.6352,1.7352,-1.03%,开放申购,开放赎回,
2023-07-21,1.6354,1.7354,0.01%,开放申购,开放赎回,
2023-07-24,1.6331,1.7331,-0.14%,开放申购,开放赎回,
2023-07-25,1.6592,1.7592,1.60%,开放申购,开放赎回,
2023-07-26,1.6553,1.7553,-0.24%,开放申购,开放赎回,
2023-07-27,1.6449,1.7449,-0.63%,开放申购,开放赎回,
2023-07-28,1.6666,1.7666,1.32%,开放申购,开放赎回,
2023-07-31,1.6786,1.7786,0.72%,开放申购,开放赎回,
2023-08-01,1.6814,1.7814,0.17%,开放申购,开放赎回,
2023-08-02,1.6757,1.7757,-0.34%,开放申购,开放赎回,
2023-08-03,1.6812,1.7812,0.33%,开放申购,开放赎回,
2023-08-04,1.6895,1.7895,0.49%,开放申购,开放赎回,
2023-08-07,1.6798,1.7798,-0.57%,开放申购,开放赎回,
2023-08-08,1.6734,1.7734,-0.38%,开放申购,开放赎回,
2023-08-09,1.6618,1.7618,-0.69%,开放申购,开放赎回,
2023-08-10,1.6644,1.7644,0.16%,开放申购,开放赎回,
2023-08-11,1.6336,1.7336,-1.85%,开放申购,开放赎回,
2023-08-14,1.6344,1.7344,0.05%,开放申购,开放赎回,
2023-08-15,1.6248,1.7248,-0.59%,开放申购,开放赎回,
2023-08-16,1.6128,1.7128,-0.74%,开放申购,开放赎回,
2023-08-17,1.6236,1.7236,0.67%,开放申购,开放赎回,
2023-08-18,1.5986,1.6986,-1.54%,开放申购,开放赎回,
2023-08-21,1.581,1.681,-1.10%,开放申购,开放赎回,
2023-08-22,1.5888,1.6888,0.49%,开放申购,开放赎回,
2023-08-23,1.5595,1.6595,-1.84%,开放申购,开放赎回,
2023-08-24,1.5655,1.6655,0.38%,开放申购,开放赎回,
2023-08-25,1.5466,1.6466,-1.21%,开放申购,开放赎回,
2023-08-28,1.5633,1.6633,1.08%,开放申购,开放赎回,
2023-08-29,1.5967,1.6967,2.14%,开放申购,开放赎回,
2023-08-30,1.5978,1.6978,0.07%,开放申购,开放赎回,
2023-08-31,1.5884,1.6884,-0.59%,开放申购,开放赎回,
2023-09-01,1.5914,1.6914,0.19%,开放申购,开放赎回,
2023-09-04,1.6122,1.7122,1.31%,开放申购,开放赎回,
2023-09-05,1.6015,1.7015,-0.66%,开放申购,开放赎回,
2023-09-06,1.602,1.702,0.03%,开放申购,开放赎回,
2023-09-07,1.5788,1.6788,-1.45%,开放申购,开放赎回,
2023-09-08,1.5804,1.6804,0.10%,开放申购,开放赎回,
2023-09-11,1.5976,1.6976,1.09%,开放申购,开放赎回,
2023-09-12,1.5966,1.6966,-0.06%,开放申购,开放赎回,
2023-09-13,1.5818,1.6818,-0.93%,开放申购,开放赎回,
2023-09-14,1.5783,1.6783,-0.22%,开放申购,开放赎回,
2023-09-15,1.5789,1.6789,0.04%,开放申购,开放赎回,
2023-09-18,1.583,1.683,0.26%,开放申购,开放赎回,
2023-09-19,1.5746,1.6746,-0.53%,开放申购,开放赎回,
2023-09-20,1.565,1.665,-0.61%,开放申购,开放赎回,
2023-09-21,1.5547,1.6547,-0.66%,开放申购,开放赎回,
2023-09-22,1.5776,1.6776,1.47%,开放申购,开放赎回,
2023-09-25,1.5691,1.6691,-0.54%,开放申购,开放赎回,
2023-09-26,1.564,1.664,-0.33%,开放申购,开放赎回,
2023-09-27,1.5714,1.6714,0.47%,开放申购,开放赎回,
2023-09-28,1.5756,1.6756,0.27%,开放申购,开放赎回,
2023-10-09,1.5668,1.6668,-0.56%,开放申购,开放赎回,
2023-10-10,1.5595,1.6595,-0.47%,开放申购,开放赎回,
2023-10-11,1.5593,1.6593,-0.01%,开放申购,开放赎回,
2023-10-12,1.5703,1.6703,0.71%,开放申购,开放赎回,
2023-10-13,1.5603,1.6603,-0.64%,开放申购,开放赎回,
2023-10-16,1.5463,1.6463,-0.90%,开放申购,开放赎回,
2023-10-17,1.5501,1.6501,0.25%,开放申购,开放赎回,
2023-10-18,1.5315,1.6315,-1.20%,开放申购,开放赎回,
2023-10-19,1.5157,1.6157,-1.03%,开放申购,开放赎回,
2023-10-20,1.5049,1.6049,-0.71%,开放申购,开放赎回,
2023-10-23,1.4696,1.5696,-2.35%,开放申购,开放赎回,
2023-10-24,1.486,1.586,1.12%,开放申购,开放赎回,
2023-10-25,1.4922,1.5922,0.42%,开放申购,开放赎回,
2023-10-26,1.4981,1.5981,0.40%,开放申购,开放赎回,
2023-10-27,1.5231,1.6231,1.67%,开放申购,开放赎回,
2023-10-30,1.5375,1.6375,0.95%,开放申购,开放赎回,
2023-10-31,1.5326,1.6326,-0.32%,开放申购,开放赎回,
2023-11-01,1.5278,1.6278,-0.31%,开放申购,开放赎回,
2023-11-02,1.5144,1.6144,-0.88%,开放申购,开放赎回,
2023-11-03,1.528,1.628,0.90%,开放申购,开放赎回,
2023-11-06,1.5529,1.6529,1.63%,开放申购,开放赎回,
2023-11-07,1.5546,1.6546,0.11%,开放申购,开放赎回,
2023-11-08,1.5536,1.6536,-0.06%,开放申购,开放赎回,
2023-11-09,1.5495,1.6495,-0.26%,开放申购,开放赎回,
2023-11-10,1.5444,1.6444,-0.33%,开放申购,开放赎回,
2023-11-13,1.5528,1.6528,0.54%,开放申购,开放赎回,
2023-11-14,1.5594,1.6594,0.43%,开放申购,开放赎回,
2023-11-15,1.5682,1.6682,0.56%,开放申购,开放赎回,
2023-11-16,1.5537,1.6537,-0.92%,开放申购,开放赎回,
2023-11-17,1.5595,1.6595,0.37%,开放申购,开放赎回,
2023-11-20,1.5669,1.6669,0.47%,开放申购,开放赎回,
2023-11-21,1.5619,1.6619,-0.32%,开放申购,开放赎回,
2023-11-22,1.5437,1.6437,-1.17%,开放申购,开放赎回,
2023-11-23,1.5569,1.6569,0.86%,开放申购,开放赎回,
2023-11-24,1.5429,1.6429,-0.90%,开放申购,开放赎回,
2023-11-27,1.542,1.642,-0.06%,开放申购,开放赎回,
2023-11-28,1.5485,1.6485,0.42%,开放申购,开放赎回,
2023-11-29,1.5387,1.6387,-0.63%,开放申购,开放赎回,
2023-11-30,1.5367,1.6367,-0.13%,开放申购,开放赎回,
2023-12-01,1.5424,1.6424,0.37%,开放申购,开放赎回,
2023-12-04,1.5404,1.6404,-0.13%,开放申购,开放赎回,
2023-12-05,1.5146,1.6146,-1.67%,开放申购,开放赎回,
2023-12-06,1.5202,1.6202,0.37%,开放申购,开放赎回,
2023-12-07,1.5199,1.6199,-0.02%,开放申购,开放赎回,
2023-12-08,1.524,1.624,0.27%,开放申购,开放赎回,
2023-12-11,1.5416,1.6416,1.15%,开放申购,开放赎回,
2023-12-12,1.542,1.642,0.03%,开放申购,开放赎回,
2023-12-13,1.5265,1.6265,-1.01%,开放申购,开放赎回,
2023-12-14,1.5217,1.6217,-0.31%,开放申购,开放赎回,
2023-12-15,1.5113,1.6113,-0.68%,开放申购,开放赎回,
2023-12-18,1.4946,1.5946,-1.11%,开放申购,开放赎回,
2023-12-19,1.4931,1.5931,-0.10%,开放申购,开放赎回,
2023-12-20,1.4748,1.5748,-1.23%,开放申购,开放赎回,
2023-12-21,1.4824,1.5824,0.52%,开放申购,开放赎回,
2023-12-22,1.4753,1.5753,-0.48%,开放申购,开放赎回,
2023-12-25,1.4762,1.5762,0.06%,开放申购,开放赎回,
2023-12-26,1.4612,1.5612,-1.02%,开放申购,开放赎回,
2023-12-27,1.4683,1.5683,0.49%,开放申购,开放赎回,
2023-12-28,1.494,1.594,1.75%,开放申购,开放赎回,
2023-12-29,1.5063,1.6063,0.82%,开放申购,开放赎回,
2023-12-31,1.5063,1.6063,0.00%,开放申购,开放赎回,
2024-01-02,1.5011,1.6011,-0.35%,开放申购,开放赎回,
2024-01-03,1.4987,1.5987,-0.16%,开放申购,开放赎回,
2024-01-04,1.4865,1.5865,-0.81%,开放申购,开放赎回,
2024-01-05,1.4672,1.5672,-1.30%,开放申购,开放赎回,
2024-01-08,1.4368,1.5368,-2.07%,开放申购,开放赎回,
2024-01-09,1.4401,1.5401,0.23%,开放申购,开放赎回,
2024-01-10,1.4344,1.5344,-0.40%,开放申购,开放赎回,
2024-01-11,1.4517,1.5517,1.21%,开放申购,开放赎回,
2024-01-12,1.4471,1.5471,-0.32%,开放申购,开放赎回,
2024-01-15,1.4436,1.5436,-0.24%,开放申购,开放赎回,
2024-01-16,1.4425,1.5425,-0.08%,开放申购,开放赎回,
2024-01-17,1.4088,1.5088,-2.34%,开放申购,开放赎回,
2024-01-18,1.4089,1.5089,0.01%,开放申购,开放赎回,
2024-01-19,1.3972,1.4972,-0.83%,开放申购,开放赎回,
2024-01-22,1.3335,1.4335,-4.56%,开放申购,开放赎回,
2024-01-23,1.3567,1.4567,1.74%,开放申购,开放赎回,
2024-01-24,1.3745,1.4745,1.31%,开放申购,开放赎回,
2024-01-25,1.4123,1.5123,2.75%,开放申购,开放赎回,
2024-01-26,1.4,1.5,-0.87%,开放申购,开放赎回,
2024-01-29,1.3738,1.4738,-1.87%,开放申购,开放赎回,
2024-01-30,1.3438,1.4438,-2.18%,开放申购,开放赎回,
2024-01-31,1.3124,1.4124,-2.34%,开放申购,开放赎回,
2024-02-01,1.3074,1.4074,-0.38%,开放申购,开放赎回,
2024-02-02,1.2761,1.3761,-2.39%,开放申购,开放赎回,
2024-02-05,1.2493,1.3493,-2.10%,开放申购,开放赎回,
2024-02-06,1.3406,1.4406,7.31%,开放申购,开放赎回,
2024-02-07,1.4208,1.5208,5.98%,开放申购,开放赎回,
2024-02-08,1.4318,1.5318,0.77%,开放申购,开放赎回,
2024-02-19,1.4291,1.5291,-0.19%,开放申购,开放赎回,
2024-02-20,1.4292,1.5292,0.01%,开放申购,开放赎回,
2024-02-21,1.4288,1.5288,-0.03%,开放申购,开放赎回,
2024-02-22,1.4385,1.5385,0.68%,开放申购,开放赎回,
2024-02-23,1.4441,1.5441,0.39%,开放申购,开放赎回,
2024-02-26,1.4434,1.5434,-0.05%,开放申购,开放赎回,
2024-02-27,1.4729,1.5729,2.04%,开放申购,开放赎回,
2024-02-28,1.4409,1.5409,-2.17%,开放申购,开放赎回,
2024-02-29,1.4832,1.5832,2.94%,开放申购,开放赎回,
2024-03-01,1.4918,1.5918,0.58%,开放申购,开放赎回,
2024-03-04,1.4943,1.5943,0.17%,开放申购,开放赎回,
2024-03-05,1.4847,1.5847,-0.64%,开放申购,开放赎回,
2024-03-06,1.4842,1.5842,-0.03%,开放申购,开放赎回,
2024-03-07,1.4652,1.5652,-1.28%,开放申购,开放赎回,
2024-03-08,1.4841,1.5841,1.29%,开放申购,开放赎回,
2024-03-11,1.508,1.608,1.61%,开放申购,开放赎回,
2024-03-12,1.5034,1.6034,-0.31%,开放申购,开放赎回,
2024-03-13,1.5011,1.6011,-0.15%,开放申购,开放赎回,
2024-03-14,1.4951,1.5951,-0.40%,开放申购,开放赎回,
2024-03-15,1.5113,1.6113,1.08%,开放申购,开放赎回,
2024-03-18,1.5309,1.6309,1.30%,开放申购,开放赎回,
2024-03-19,1.5177,1.6177,-0.86%,开放申购,开放赎回,
2024-03-20,1.5217,1.6217,0.26%,开放申购,开放赎回,
2024-03-21,1.5144,1.6144,-0.48%,开放申购,开放赎回,
2024-03-22,1.493,1.593,-1.41%,开放申购,开放赎回,
2024-03-25,1.4694,1.5694,-1.58%,开放申购,开放赎回,
2024-03-26,1.4667,1.5667,-0.18%,开放申购,开放赎回,
2024-03-27,1.4332,1.5332,-2.28%,开放申购,开放赎回,
2024-03-28,1.4506,1.5506,1.21%,开放申购,开放赎回,
2024-03-29,1.4672,1.5672,1.14%,开放申购,开放赎回,
2024-04-01,1.4976,1.5976,2.07%,开放申购,开放赎回,
2024-04-02,1.4924,1.5924,-0.35%,开放申购,开放赎回,
2024-04-03,1.4907,1.5907,-0.11%,开放申购,开放赎回,
2024-04-08,1.4706,1.5706,-1.35%,开放申购,开放赎回,
2024-04-09,1.482,1.582,0.78%,开放申购,开放赎回,
2024-04-10,1.4642,1.5642,-1.20%,开放申购,开放赎回,
2024-04-11,1.4714,1.5714,0.49%,开放申购,开放赎回,
2024-04-12,1.4649,1.5649,-0.44%,开放申购,开放赎回,
2024-04-15,1.4813,1.5813,1.12%,开放申购,开放赎回,
2024-04-16,1.4423,1.5423,-2.63%,开放申购,开放赎回,
2024-04-17,1.4814,1.5814,2.71%,开放申购,开放赎回,
2024-04-18,1.4841,1.5841,0.18%,开放申购,开放赎回,
2024-04-19,1.4748,1.5748,-0.63%,开放申购,开放赎回,
2024-04-22,1.4625,1.5625,-0.83%,开放申购,开放赎回,
2024-04-23,1.4468,1.5468,-1.07%,开放申购,开放赎回,
2024-04-24,1.4612,1.5612,1.00%,开放申购,开放赎回,
2024-04-25,1.4603,1.5603,-0.06%,开放申购,开放赎回,
2024-04-26,1.4904,1.5904,2.06%,开放申购,开放赎回,
2024-04-29,1.5185,1.6185,1.89%,开放申购,开放赎回,
2024-04-30,1.5086,1.6086,-0.65%,开放申购,开放赎回,
2024-05-06,1.5316,1.6316,1.52%,开放申购,开放赎回,
2024-05-07,1.5312,1.6312,-0.03%,开放申购,开放赎回,
2024-05-08,1.513,1.613,-1.19%,开放申购,开放赎回,
2024-05-09,1.5389,1.6389,1.71%,开放申购,开放赎回,
2024-05-10,1.5338,1.6338,-0.33%,开放申购,开放赎回,
2024-05-13,1.5259,1.6259,-0.52%,开放申购,开放赎回,
2024-05-14,1.5248,1.6248,-0.07%,开放申购,开放赎回,
2024-05-15,1.5108,1.6108,-0.92%,开放申购,开放赎回,
2024-05-16,1.5059,1.6059,-0.32%,开放申购,开放赎回,
2024-05-17,1.5237,1.6237,1.18%,开放申购,开放赎回,
2024-05-20,1.5323,1.6323,0.56%,开放申购,开放赎回,
2024-05-21,1.521,1.621,-0.74%,开放申购,开放赎回,
2024-05-22,1.5192,1.6192,-0.12%,开放申购,开放赎回,
2024-05-23,1.4913,1.5913,-1.84%,开放申购,开放赎回,
2024-05-24,1.4789,1.5789,-0.83%,开放申购,开放赎回,
2024-05-27,1.4943,1.5943,1.04%,开放申购,开放赎回,
2024-05-28,1.4799,1.5799,-0.96%,开放申购,开放赎回,
2024-05-29,1.4838,1.5838,0.26%,开放申购,开放赎回,
2024-05-30,1.4798,1.5798,-0.27%,开放申购,开放赎回,
2024-05-31,1.4803,1.5803,0.03%,开放申购,开放赎回,
2024-06-03,1.4712,1.5712,-0.61%,开放申购,开放赎回,
2024-06-04,1.4896,1.5896,1.25%,开放申购,开放赎回,
2024-06-05,1.4735,1.5735,-1.08%,开放申购,开放赎回,
2024-06-06,1.4616,1.5616,-0.81%,开放申购,开放赎回,
2024-06-07,1.4575,1.5575,-0.28%,开放申购,开放赎回,
2024-06-11,1.4601,1.5601,0.18%,开放申购,开放赎回,
2024-06-12,1.4648,1.5648,0.32%,开放申购,开放赎回,
2024-06-13,1.4553,1.5553,-0.65%,开放申购,开放赎回,
2024-06-14,1.4608,1.5608,0.38%,开放申购,开放赎回,
2024-06-17,1.4591,1.5591,-0.12%,开放申购,开放赎回,
2024-06-18,1.4659,1.5659,0.47%,开放申购,开放赎回,
2024-06-19,1.45,1.55,-1.08%,开放申购,开放赎回,
2024-06-20,1.4303,1.5303,-1.36%,开放申购,开放赎回,
2024-06-21,1.4329,1.5329,0.18%,开放申购,开放赎回,
2024-06-24,1.404,1.504,-2.02%,开放申购,开放赎回,
2024-06-25,1.3921,1.4921,-0.85%,开放申购,开放赎回,
2024-06-26,1.4123,1.5123,1.45%,开放申购,开放赎回,
2024-06-27,1.388,1.488,-1.72%,开放申购,开放赎回,
2024-06-28,1.3925,1.4925,0.32%,开放申购,开放赎回,
2024-06-30,1.3925,1.4925,0.00%,开放申购,开放赎回,
2024-07-01,1.4086,1.5086,1.16%,开放申购,开放赎回,
2024-07-02,1.3944,1.4944,-1.01%,开放申购,开放赎回,
2024-07-03,1.3842,1.4842,-0.73%,开放申购,开放赎回,
2024-07-04,1.364,1.464,-1.46%,开放申购,开放赎回,
2024-07-05,1.3734,1.4734,0.69%,开放申购,开放赎回,
2024-07-08,1.3513,1.4513,-1.61%,开放申购,开放赎回,
2024-07-09,1.3768,1.4768,1.89%,开放申购,开放赎回,
2024-07-10,1.3684,1.4684,-0.61%,开放申购,开放赎回,
2024-07-11,1.3944,1.4944,1.90%,开放申购,开放赎回,
2024-07-12,1.3896,1.4896,-0.34%,开放申购,开放赎回,
2024-07-15,1.3799,1.4799,-0.70%,开放申购,开放赎回,
2024-07-16,1.3841,1.4841,0.30%,开放申购,开放赎回,
2024-07-17,1.3731,1.4731,-0.79%,开放申购,开放赎回,
2024-07-18,1.379,1.479,0.43%,开放申购,开放赎回,
2024-07-19,1.3776,1.4776,-0.10%,开放申购,开放赎回,
2024-07-22,1.3758,1.4758,-0.13%,开放申购,开放赎回,
2024-07-23,1.3375,1.4375,-2.78%,开放申购,开放赎回,
2024-07-24,1.3228,1.4228,-1.10%,开放申购,开放赎回,
2024-07-25,1.3219,1.4219,-0.07%,开放申购,开放赎回,
2024-07-26,1.3414,1.4414,1.48%,开放申购,开放赎回,
2024-07-29,1.3341,1.4341,-0.54%,开放申购,开放赎回,
2024-07-30,1.3318,1.4318,-0.17%,开放申购,开放赎回,
2024-07-31,1.3826,1.4826,3.81%,开放申购,开放赎回,
2024-08-01,1.3736,1.4736,-0.65%,开放申购,开放赎回,
2024-08-02,1.3563,1.4563,-1.26%,开放申购,开放赎回,
2024-08-05,1.3308,1.4308,-1.88%,开放申购,开放赎回,
2024-08-06,1.346,1.446,1.14%,开放申购,开放赎回,
2024-08-07,1.3464,1.4464,0.03%,开放申购,开放赎回,
2024-08-08,1.3477,1.4477,0.10%,开放申购,开放赎回,
2024-08-09,1.3381,1.4381,-0.71%,开放申购,开放赎回,
2024-08-12,1.3364,1.4364,-0.13%,开放申购,开放赎回,
2024-08-13,1.3411,1.4411,0.35%,开放申购,开放赎回,
2024-08-14,1.3237,1.4237,-1.30%,开放申购,开放赎回,
2024-08-15,1.3322,1.4322,0.64%,开放申购,开放赎回,
2024-08-16,1.325,1.425,-0.54%,开放申购,开放赎回,
2024-08-19,1.3283,1.4283,0.25%,开放申购,开放赎回,
2024-08-20,1.3065,1.4065,-1.64%,开放申购,开放赎回,
2024-08-21,1.3025,1.4025,-0.31%,开放申购,开放赎回,
2024-08-22,1.2879,1.3879,-1.12%,开放申购,开放赎回,
2024-08-23,1.289,1.389,0.09%,开放申购,开放赎回,
2024-08-26,1.2909,1.3909,0.15%,开放申购,开放赎回,
2024-08-27,1.2776,1.3776,-1.03%,开放申购,开放赎回,
2024-08-28,1.2789,1.3789,0.10%,开放申购,开放赎回,
2024-08-29,1.2946,1.3946,1.23%,开放申购,开放赎回,
2024-08-30,1.3165,1.4165,1.69%,开放申购,开放赎回,
2024-09-02,1.2916,1.3916,-1.89%,开放申购,开放赎回,
2024-09-03,1.3049,1.4049,1.03%,开放申购,开放赎回,
2024-09-04,1.301,1.401,-0.30%,开放申购,开放赎回,
2024-09-05,1.3063,1.4063,0.41%,开放申购,开放赎回,
2024-09-06,1.2892,1.3892,-1.31%,开放申购,开放赎回,
2024-09-09,1.281,1.381,-0.64%,开放申购,开放赎回,
2024-09-10,1.2812,1.3812,0.02%,开放申购,开放赎回,
2024-09-11,1.2831,1.3831,0.15%,开放申购,开放赎回,
2024-09-12,1.2782,1.3782,-0.38%,开放申购,开放赎回,
2024-09-13,1.266,1.366,-0.95%,开放申购,开放赎回,
2024-09-18,1.269,1.369,0.24%,开放申购,开放赎回,
2024-09-19,1.2846,1.3846,1.23%,开放申购,开放赎回,
2024-09-20,1.2788,1.3788,-0.45%,开放申购,开放赎回,
2024-09-23,1.2778,1.3778,-0.08%,开放申购,开放赎回,
2024-09-24,1.3305,1.4305,4.12%,开放申购,开放赎回,
2024-09-25,1.342,1.442,0.86%,开放申购,开放赎回,
2024-09-26,1.3978,1.4978,4.16%,开放申购,开放赎回,
2024-09-27,1.4696,1.5696,5.14%,开放申购,开放赎回,
2024-09-30,1.6124,1.7124,9.72%,开放申购,开放赎回,
2024-10-08,1.7169,1.8169,6.48%,开放申购,开放赎回,
2024-10-09,1.6056,1.7056,-6.48%,开放申购,开放赎回,
2024-10-10,1.5938,1.6938,-0.73%,开放申购,开放赎回,
2024-10-11,1.5344,1.6344,-3.73%,开放申购,开放赎回,
2024-10-14,1.5711,1.6711,2.39%,开放申购,开放赎回,
2024-10-15,1.5349,1.6349,-2.30%,开放申购,开放赎回,
2024-10-16,1.5319,1.6319,-0.20%,开放申购,开放赎回,
2024-10-17,1.521,1.621,-0.71%,开放申购,开放赎回,
2024-10-18,1.5805,1.6805,3.91%,开放申购,开放赎回,
2024-10-21,1.5974,1.6974,1.07%,开放申购,开放赎回,
2024-10-22,1.6106,1.7106,0.83%,开放申购,开放赎回,
2024-10-23,1.6167,1.7167,0.38%,开放申购,开放赎回,
2024-10-24,1.6033,1.7033,-0.83%,开放申购,开放赎回,
2024-10-25,1.6257,1.7257,1.40%,开放申购,开放赎回,
2024-10-28,1.6453,1.7453,1.21%,开放申购,开放赎回,
2024-10-29,1.6263,1.7263,-1.15%,开放申购,开放赎回,
2024-10-30,1.6329,1.7329,0.41%,开放申购,开放赎回,
2024-10-31,1.6497,1.7497,1.03%,开放申购,开放赎回,
2024-11-01,1.6312,1.7312,-1.12%,开放申购,开放赎回,
2024-11-04,1.6568,1.7568,1.57%,开放申购,开放赎回,
2024-11-05,1.7054,1.8054,2.93%,开放申购,开放赎回,
2024-11-06,1.709,1.809,0.21%,开放申购,开放赎回,
2024-11-07,1.7393,1.8393,1.77%,开放申购,开放赎回,
2024-11-08,1.7348,1.8348,-0.26%,开放申购,开放赎回,
2024-11-11,1.7634,1.8634,1.65%,开放申购,开放赎回,
2024-11-12,1.7454,1.8454,-1.02%,开放申购,开放赎回,
2024-11-13,1.7445,1.8445,-0.05%,开放申购,开放赎回,
2024-11-14,1.6961,1.7961,-2.77%,开放申购,开放赎回,
2024-11-15,1.6554,1.7554,-2.40%,开放申购,开放赎回,
2024-11-18,1.631,1.731,-1.47%,开放申购,开放赎回,
2024-11-19,1.6585,1.7585,1.69%,开放申购,开放赎回,
2024-11-20,1.6734,1.7734,0.90%,开放申购,开放赎回,
2024-11-21,1.6715,1.7715,-0.11%,开放申购,开放赎回,
2024-11-22,1.6089,1.7089,-3.75%,开放申购,开放赎回,
2024-11-25,1.6047,1.7047,-0.26%,开放申购,开放赎回,
2024-11-26,1.5929,1.6929,-0.74%,开放申购,开放赎回,
2024-11-27,1.6232,1.7232,1.90%,开放申购,开放赎回,
2024-11-28,1.6109,1.7109,-0.76%,开放申购,开放赎回,
2024-11-29,1.6362,1.7362,1.57%,开放申购,开放赎回,
2024-12-02,1.6606,1.7606,1.49%,开放申购,开放赎回,
2024-12-03,1.6575,1.7575,-0.19%,开放申购,开放赎回,
2024-12-04,1.6433,1.7433,-0.86%,开放申购,开放赎回,
2024-12-05,1.6495,1.7495,0.38%,开放申购,开放赎回,
2024-12-06,1.6702,1.7702,1.25%,开放申购,开放赎回,
2024-12-09,1.6614,1.7614,-0.53%,开放申购,开放赎回,
2024-12-10,1.6737,1.7737,0.74%,开放申购,开放赎回,
2024-12-11,1.6883,1.7883,0.87%,开放申购,开放赎回,
2024-12-12,1.7025,1.8025,0.84%,开放申购,开放赎回,
2024-12-13,1.6723,1.7723,-1.77%,开放申购,开放赎回,
2024-12-16,1.6519,1.7519,-1.22%,开放申购,开放赎回,
2024-12-17,1.6349,1.7349,-1.03%,开放申购,开放赎回,
2024-12-18,1.6456,1.7456,0.65%,开放申购,开放赎回,
2024-12-19,1.6492,1.7492,0.22%,开放申购,开放赎回,
2024-12-20,1.6534,1.7534,0.25%,开放申购,开放赎回,
2024-12-23,1.6271,1.7271,-1.59%,开放申购,开放赎回,
2024-12-24,1.6476,1.7476,1.26%,开放申购,开放赎回,
2024-12-25,1.6328,1.7328,-0.90%,开放申购,开放赎回,
2024-12-26,1.6452,1.7452,0.76%,开放申购,开放赎回,
2024-12-27,1.6486,1.7486,0.21%,开放申购,开放赎回,
2024-12-30,1.6486,1.7486,0.00%,开放申购,开放赎回,
2024-12-31,1.6024,1.7024,-2.80%,开放申购,开放赎回,
2025-01-02,1.5541,1.6541,-3.01%,开放申购,开放赎回,
2025-01-03,1.5228,1.6228,-2.01%,开放申购,开放赎回,
2025-01-06,1.5225,1.6225,-0.02%,开放申购,开放赎回,
2025-01-07,1.5378,1.6378,1.00%,开放申购,开放赎回,
2025-01-08,1.5317,1.6317,-0.40%,开放申购,开放赎回,
2025-01-09,1.5303,1.6303,-0.09%,开放申购,开放赎回,
2025-01-10,1.5072,1.6072,-1.51%,开放申购,开放赎回,
2025-01-13,1.5103,1.6103,0.21%,开放申购,开放赎回,
2025-01-14,1.561,1.661,3.36%,开放申购,开放赎回,
2025-01-15,1.5478,1.6478,-0.85%,开放申购,开放赎回,
2025-01-16,1.5538,1.6538,0.39%,开放申购,开放赎回,
2025-01-17,1.5651,1.6651,0.73%,开放申购,开放赎回,
2025-01-20,1.5724,1.6724,0.47%,开放申购,开放赎回,
2025-01-21,1.5776,1.6776,0.33%,开放申购,开放赎回,
2025-01-22,1.5706,1.6706,-0.44%,开放申购,开放赎回,
2025-01-23,1.5647,1.6647,-0.38%,开放申购,开放赎回,
2025-01-24,1.5824,1.6824,1.13%,开放申购,开放赎回,
2025-01-27,1.5662,1.6662,-1.02%,开放申购,开放赎回,
2025-02-05,1.5727,1.6727,0.42%,开放申购,开放赎回,
2025-02-06,1.6084,1.7084,2.27%,开放申购,开放赎回,
2025-02-07,1.6312,1.7312,1.42%,开放申购,开放赎回,
2025-02-10,1.6459,1.7459,0.90%,开放申购,开放赎回,
2025-02-11,1.6378,1.7378,-0.49%,开放申购,开放赎回,
2025-02-12,1.6596,1.7596,1.33%,开放申购,开放赎回,
2025-02-13,1.6486,1.7486,-0.66%,开放申购,开放赎回,
2025-02-14,1.6617,1.7617,0.79%,开放申购,开放赎回,
2025-02-17,1.6618,1.7618,0.01%,开放申购,开放赎回,
2025-02-18,1.633,1.733,-1.73%,开放申购,开放赎回,
2025-02-19,1.6604,1.7604,1.68%,开放申购,开放赎回,
2025-02-20,1.6641,1.7641,0.22%,开放申购,开放赎回,
2025-02-21,1.6907,1.7907,1.60%,开放申购,开放赎回,
2025-02-24,1.6872,1.7872,-0.21%,开放申购,开放赎回,
2025-02-25,1.6698,1.7698,-1.03%,开放申购,开放赎回,
2025-02-26,1.6886,1.7886,1.13%,开放申购,开放赎回,
2025-02-27,1.6824,1.7824,-0.37%,开放申购,开放赎回,
2025-02-28,1.6372,1.7372,-2.69%,开放申购,开放赎回,
2025-03-03,1.644,1.744,0.42%,开放申购,开放赎回,
2025-03-04,1.6578,1.7578,0.84%,开放申购,开放赎回,
2025-03-05,1.6612,1.7612,0.21%,开放申购,开放赎回,
2025-03-06,1.6873,1.7873,1.57%,开放申购,开放赎回,
2025-03-07,1.6782,1.7782,-0.54%,开放申购,开放赎回,
2025-03-10,1.6779,1.7779,-0.02%,开放申购,开放赎回,
2025-03-11,1.6862,1.7862,0.49%,开放申购,开放赎回,
2025-03-12,1.6852,1.7852,-0.06%,开放申购,开放赎回,
2025-03-13,1.6726,1.7726,-0.75%,开放申购,开放赎回,
2025-03-14,1.7011,1.8011,1.70%,开放申购,开放赎回,
2025-03-17,1.7032,1.8032,0.12%,开放申购,开放赎回,
2025-03-18,1.7097,1.8097,0.38%,开放申购,开放赎回,
2025-03-19,1.7013,1.8013,-0.49%,开放申购,开放赎回,
2025-03-20,1.6902,1.7902,-0.65%,开放申购,开放赎回,
2025-03-21,1.6668,1.7668,-1.38%,开放申购,开放赎回,
2025-03-24,1.6659,1.7659,-0.05%,开放申购,开放赎回,
2025-03-25,1.6602,1.7602,-0.34%,开放申购,开放赎回,
2025-03-26,1.6608,1.7608,0.04%,开放申购,开放赎回,
2025-03-27,1.6632,1.7632,0.14%,开放申购,开放赎回,
2025-03-28,1.6522,1.7522,-0.66%,开放申购,开放赎回,
2025-03-31,1.6366,1.7366,-0.94%,开放申购,开放赎回,
2025-04-01,1.646,1.746,0.57%,开放申购,开放赎回,
2025-04-02,1.6477,1.7477,0.10%,开放申购,开放赎回,
2025-04-03,1.6335,1.7335,-0.86%,开放申购,开放赎回,
2025-04-07,1.4848,1.5848,-9.10%,开放申购,开放赎回,
2025-04-08,1.4948,1.5948,0.67%,开放申购,开放赎回,
2025-04-09,1.5252,1.6252,2.03%,开放申购,开放赎回,
2025-04-10,1.5531,1.6531,1.83%,开放申购,开放赎回,
2025-04-11,1.563,1.663,0.64%,开放申购,开放赎回,
2025-04-14,1.575,1.675,0.77%,开放申购,开放赎回,
2025-04-15,1.5683,1.6683,-0.43%,开放申购,开放赎回,
2025-04-16,1.5561,1.6561,-0.78%,开放申购,开放赎回,
2025-04-17,1.5566,1.6566,0.03%,开放申购,开放赎回,
2025-04-18,1.5576,1.6576,0.06%,开放申购,开放赎回,
2025-04-21,1.5794,1.6794,1.40%,开放申购,开放赎回,
2025-04-22,1.5747,1.6747,-0.30%,开放申购,开放赎回,
2025-04-23,1.5775,1.6775,0.18%,开放申购,开放赎回,
2025-04-24,1.5699,1.6699,-0.48%,开放申购,开放赎回,
2025-04-25,1.5757,1.6757,0.37%,开放申购,开放赎回,
2025-04-28,1.5679,1.6679,-0.50%,开放申购,开放赎回,
2025-04-29,1.5698,1.6698,0.12%,开放申购,开放赎回,
2025-04-30,1.577,1.677,0.46%,开放申购,开放赎回,
2025-05-06,1.606,1.706,1.84%,开放申购,开放赎回,
2025-05-07,1.6085,1.7085,0.16%,开放申购,开放赎回,
2025-05-08,1.6151,1.7151,0.41%,开放申购,开放赎回,
2025-05-09,1.6012,1.7012,-0.86%,开放申购,开放赎回,
2025-05-12,1.6205,1.7205,1.21%,开放申购,开放赎回,
2025-05-13,1.6172,1.7172,-0.20%,开放申购,开放赎回,
2025-05-14,1.6222,1.7222,0.31%,开放申购,开放赎回,
2025-05-15,1.5999,1.6999,-1.37%,开放申购,开放赎回,
2025-05-16,1.6001,1.7001,0.01%,开放申购,开放赎回,
2025-05-19,1.6015,1.7015,0.09%,开放申购,开放赎回,
2025-05-20,1.6087,1.7087,0.45%,开放申购,开放赎回,
2025-05-21,1.6116,1.7116,0.18%,开放申购,开放赎回,
2025-05-22,1.5978,1.6978,-0.86%,开放申购,开放赎回,
2025-05-23,1.5846,1.6846,-0.83%,开放申购,开放赎回,
2025-05-26,1.5895,1.6895,0.31%,开放申购,开放赎回,
2025-05-27,1.5848,1.6848,-0.30%,开放申购,开放赎回,
2025-05-28,1.5815,1.6815,-0.21%,开放申购,开放赎回,
2025-05-29,1.6039,1.7039,1.42%,开放申购,开放赎回,
2025-05-30,1.5919,1.6919,-0.75%,开放申购,开放赎回,
2025-06-03,1.5984,1.6984,0.41%,开放申购,开放赎回,
2025-06-04,1.6105,1.7105,0.76%,开放申购,开放赎回,
2025-06-05,1.6197,1.7197,0.57%,开放申购,开放赎回,
2025-06-06,1.6186,1.7186,-0.07%,开放申购,开放赎回,
2025-06-09,1.6305,1.7305,0.74%,开放申购,开放赎回,
2025-06-10,1.6175,1.7175,-0.80%,开放申购,开放赎回,
2025-06-11,1.6275,1.7275,0.62%,开放申购,开放赎回,
2025-06-12,1.6292,1.7292,0.10%,开放申购,开放赎回,
2025-06-13,1.6152,1.7152,-0.86%,开放申购,开放赎回,
2025-06-16,1.6224,1.7224,0.45%,开放申购,开放赎回,
2025-06-17,1.6184,1.7184,-0.25%,开放申购,开放赎回,
2025-06-18,1.6176,1.7176,-0.05%,开放申购,开放赎回,
2025-06-19,1.5997,1.6997,-1.11%,开放申购,开放赎回,
2025-06-20,1.5909,1.6909,-0.55%,开放申购,开放赎回,
2025-06-23,1.6004,1.7004,0.60%,开放申购,开放赎回,
2025-06-24,1.6251,1.7251,1.54%,开放申购,开放赎回,
2025-06-25,1.6516,1.7516,1.63%,开放申购,开放赎回,
2025-06-26,1.6455,1.7455,-0.37%,开放申购,开放赎回,
2025-06-27,1.6531,1.7531,0.46%,开放申购,开放赎回,
2025-06-30,1.6673,1.7673,0.86%,开放申购,开放赎回,
2025-07-01,1.6723,1.7723,0.30%,开放申购,开放赎回,
2025-07-02,1.6613,1.7613,-0.66%,开放申购,开放赎回,
2025-07-03,1.6693,1.7693,0.48%,开放申购,开放赎回,
2025-07-04,1.6668,1.7668,-0.15%,开放申购,开放赎回,
2025-07-07,1.6641,1.7641,-0.16%,开放申购,开放赎回,
2025-07-08,1.6851,1.7851,1.26%,开放申购,开放赎回,
2025-07-09,1.6791,1.7791,-0.36%,开放申购,开放赎回,
2025-07-10,1.6874,1.7874,0.49%,开放申购,开放赎回,
2025-07-11,1.6999,1.7999,0.74%,开放申购,开放赎回,
2025-07-14,1.6982,1.7982,-0.10%,开放申购,开放赎回,
2025-07-15,1.6976,1.7976,-0.04%,开放申购,开放赎回,
2025-07-16,1.6975,1.7975,-0.01%,开放申购,开放赎回,
2025-07-17,1.7153,1.8153,1.05%,开放申购,开放赎回,
2025-07-18,1.72,1.82,0.27%,开放申购,开放赎回,
2025-07-21,1.7367,1.8367,0.97%,开放申购,开放赎回,
2025-07-22,1.7508,1.8508,0.81%,开放申购,开放赎回,
2025-07-23,1.7466,1.8466,-0.24%,开放申购,开放赎回,
2025-07-24,1.7726,1.8726,1.49%,开放申购,开放赎回,
2025-07-25,1.7745,1.8745,0.11%,开放申购,开放赎回,
2025-07-28,1.781,1.881,0.37%,开放申购,开放赎回,
2025-07-29,1.7897,1.8897,0.49%,开放申购,开放赎回,
2025-07-30,1.7787,1.8787,-0.61%,开放申购,开放赎回,
2025-07-31,1.7551,1.8551,-1.33%,开放申购,开放赎回,
2025-08-01,1.7517,1.8517,-0.19%,开放申购,开放赎回,
2025-08-04,1.7647,1.8647,0.74%,开放申购,开放赎回,
2025-08-05,1.7758,1.8758,0.63%,开放申购,开放赎回,
2025-08-06,1.7906,1.8906,0.83%,开放申购,开放赎回,
2025-08-07,1.7851,1.8851,-0.31%,开放申购,开放赎回,
2025-08-08,1.7818,1.8818,-0.18%,开放申购,开放赎回,
2025-08-11,1.8002,1.9002,1.03%,开放申购,开放赎回,
2025-08-12,1.8074,1.9074,0.40%,开放申购,开放赎回,
2025-08-13,1.8318,1.9318,1.35%,开放申购,开放赎回,
2025-08-14,1.8111,1.9111,-1.13%,开放申购,开放赎回,
2025-08-15,1.8487,1.9487,2.08%,开放申购,开放赎回,
2025-08-18,1.8753,1.9753,1.44%,开放申购,开放赎回,
2025-08-19,1.872,1.972,-0.18%,开放申购,开放赎回,
2025-08-20,1.8912,1.9912,1.03%,开放申购,开放赎回,
2025-08-21,1.8849,1.9849,-0.33%,开放申购,开放赎回,
2025-08-22,1.9168,2.0168,1.69%,开放申购,开放赎回,
2025-08-25,1.9515,2.0515,1.81%,开放申购,开放赎回,
2025-08-26,1.9551,2.0551,0.18%,开放申购,开放赎回,
2025-08-27,1.9281,2.0281,-1.38%,开放申购,开放赎回,
2025-08-28,1.9665,2.0665,1.99%,开放申购,开放赎回,
2025-08-29,1.9754,2.0754,0.45%,开放申购,开放赎回,
2025-09-01,1.9928,2.0928,0.88%,开放申购,开放赎回,
2025-09-02,1.953,2.053,-2.00%,开放申购,开放赎回,
2025-09-03,1.9282,2.0282,-1.27%,开放申购,开放赎回,
2025-09-04,1.8823,1.9823,-2.38%,开放申购,开放赎回,
2025-09-05,1.9405,2.0405,3.09%,开放申购,开放赎回,
2025-09-08,1.9611,2.0611,1.06%,开放申购,开放赎回,
2025-09-09,1.9442,2.0442,-0.86%,开放申购,开放赎回,
2025-09-10,1.9453,2.0453,0.06%,开放申购,开放赎回,
2025-09-11,1.9969,2.0969,2.65%,开放申购,开放赎回,
2025-09-12,2.004,2.104,0.36%,开放申购,开放赎回,
2025-09-15,2.0008,2.1008,-0.16%,开放申购,开放赎回,
2025-09-16,2.015,2.115,0.71%,开放申购,开放赎回,
2025-09-17,2.0337,2.1337,0.93%,开放申购,开放赎回,
2025-09-18,2.017,2.117,-0.82%,开放申购,开放赎回,
2025-09-19,2.0098,2.1098,-0.36%,开放申购,开放赎回,
2025-09-22,2.0239,2.1239,0.70%,开放申购,开放赎回,
2025-09-23,2.0116,2.1116,-0.61%,开放申购,开放赎回,
2025-09-24,2.0511,2.1511,1.96%,开放申购,开放赎回,
2025-09-25,2.0564,2.1564,0.26%,开放申购,开放赎回,
2025-09-26,2.0298,2.1298,-1.29%,开放申购,开放赎回,
2025-09-29,2.0593,2.1593,1.45%,开放申购,开放赎回,
2025-09-30,2.0762,2.1762,0.82%,开放申购,开放赎回,
2025-10-09,2.1127,2.2127,1.76%,开放申购,开放赎回,
2025-10-10,2.0721,2.1721,-1.92%,开放申购,开放赎回,
2025-10-13,2.0661,2.1661,-0.29%,开放申购,开放赎回,
2025-10-14,2.017,2.117,-2.38%,开放申购,开放赎回,
2025-10-15,2.0438,2.1438,1.33%,开放申购,开放赎回,
2025-10-16,2.0268,2.1268,-0.83%,开放申购,开放赎回,
2025-10-17,1.9698,2.0698,-2.81%,开放申购,开放赎回,
2025-10-20,1.984,2.084,0.72%,开放申购,开放赎回,
2025-10-21,2.0156,2.1156,1.59%,开放申购,开放赎回,
2025-10-22,2.0005,2.1005,-0.75%,开放申购,开放赎回,
2025-10-23,2.004,2.104,0.17%,开放申购,开放赎回,
2025-10-24,2.0353,2.1353,1.56%,开放申购,开放赎回,
2025-10-27,2.068,2.168,1.61%,开放申购,开放赎回,
2025-10-28,2.058,2.158,-0.48%,开放申购,开放赎回,
2025-10-29,2.0954,2.1954,1.82%,开放申购,开放赎回,
2025-10-30,2.0704,2.1704,-1.19%,开放申购,开放赎回,
2025-10-31,2.0559,2.1559,-0.70%,开放申购,开放赎回,
2025-11-03,2.0562,2.1562,0.01%,开放申购,开放赎回,
2025-11-04,2.0229,2.1229,-1.62%,开放申购,开放赎回,
2025-11-05,2.0283,2.1283,0.27%,开放申购,开放赎回,
2025-11-06,2.0596,2.1596,1.54%,开放申购,开放赎回,
2025-11-07,2.0549,2.1549,-0.23%,开放申购,开放赎回,
2025-11-10,2.0589,2.1589,0.19%,开放申购,开放赎回,
2025-11-11,2.0451,2.1451,-0.67%,开放申购,开放赎回,
2025-11-12,2.0323,2.1323,-0.63%,开放申购,开放赎回,
2025-11-13,2.0622,2.1622,1.47%,开放申购,开放赎回,
2025-11-14,2.0305,2.1305,-1.54%,开放申购,开放赎回,
2025-11-17,2.0303,2.1303,-0.01%,开放申购,开放赎回,
2025-11-18,2.0079,2.1079,-1.10%,开放申购,开放赎回,
2025-11-19,2.0007,2.1007,-0.36%,开放申购,开放赎回,
2025-11-20,1.9846,2.0846,-0.80%,开放申购,开放赎回,
2025-11-21,1.9195,2.0195,-3.28%,开放申购,开放赎回,
2025-11-24,1.9332,2.0332,0.71%,开放申购,开放赎回,
2025-11-25,1.9561,2.0561,1.18%,开放申购,开放赎回,
2025-11-26,1.9589,2.0589,0.14%,开放申购,开放赎回,
2025-11-27,1.9552,2.0552,-0.19%,开放申购,开放赎回,
2025-11-28,1.9765,2.0765,1.09%,开放申购,开放赎回,
2025-12-01,1.9953,2.0953,0.95%,开放申购,开放赎回,
2025-12-02,1.9788,2.0788,-0.83%,开放申购,开放赎回,
2025-12-03,1.9672,2.0672,-0.59%,开放申购,开放赎回,
2025-12-04,1.9723,2.0723,0.26%,开放申购,开放赎回,
2025-12-05,1.9954,2.0954,1.17%,开放申购,开放赎回,
2025-12-08,2.015,2.115,0.98%,开放申购,开放赎回,
2025-12-09,2.0013,2.1013,-0.68%,开放申购,开放赎回,
2025-12-10,2.0101,2.1101,0.44%,开放申购,开放赎回,
2025-12-11,1.9912,2.0912,-0.94%,开放申购,开放赎回,
2025-12-12,2.0172,2.1172,1.31%,开放申购,开放赎回,
2025-12-15,2.0013,2.1013,-0.79%,开放申购,开放赎回,
2025-12-16,1.9708,2.0708,-1.52%,开放申购,开放赎回,
2025-12-17,2.0077,2.1077,1.87%,开放申购,开放赎回,
2025-12-18,1.9981,2.0981,-0.48%,开放申购,开放赎回,
2025-12-19,2.0168,2.1168,0.94%,开放申购,开放赎回,
2025-12-22,2.0399,2.1399,1.15%,开放申购,开放赎回,
2025-12-23,2.0401,2.1401,0.01%,开放申购,开放赎回,
2025-12-24,2.0661,2.1661,1.27%,开放申购,开放赎回,
2025-12-25,2.0819,2.1819,0.76%,开放申购,开放赎回,
