Date,Open,High,Low,Close,Volume,Dividends,Stock Splits
2020-09-30,110.68554238257224,114.06087381847615,110.52018216302427,112.65042877197266,142675200,0.0,0.0
2020-10-01,114.43053032893032,114.50834954010315,112.66991334832385,113.60372161865234,116120400,0.0,0.0
2020-10-02,109.81010332254507,112.22244654459766,109.15838422824464,109.93655395507812,144712000,0.0,0.0
2020-10-05,110.80228919258478,113.46753391146844,110.4521101876222,113.32162475585938,106243800,0.0,0.0
2020-10-06,112.54345848013617,112.9520056398048,109.18758468115252,110.07276153564452,161498200,0.0,0.0
2020-10-07,111.49291934511136,112.39754721573829,111.01628226939263,111.94036865234376,96849000,0.0,0.0
2020-10-08,113.07842855908564,113.22433769308869,111.46371367294668,111.8333511352539,83477200,0.0,0.0
2020-10-09,112.13490552618048,113.80798131062522,111.78472652844798,113.77880096435548,100506900,0.0,0.0
2020-10-12,116.78448940909738,121.76480690611336,116.02577075981998,121.00608825683594,240226800,0.0,0.0
2020-10-13,121.85234309102312,121.9690718867462,116.38567436315012,117.79611206054688,262330500,0.0,0.0
2020-10-14,117.6988482441124,119.67346409750246,116.35650041512618,117.8836669921875,150712000,0.0,0.0
2020-10-15,115.48107199261852,117.89340826459105,114.92662307822374,117.41677856445312,112559200,0.0,0.0
2020-10-16,117.97122507402564,118.23386306147653,115.56861068687554,115.77288055419922,115393800,0.0,0.0
2020-10-19,116.68723164895508,117.1346809665428,112.50454937346234,112.8158187866211,120639300,0.0,0.0
2020-10-20,113.0297966240417,115.73395813213436,112.4753478178989,114.30406188964844,124423700,0.0,0.0
2020-10-21,113.4869934138899,115.47133878200704,113.27299429263483,113.6815414428711,89946000,0.0,0.0
2020-10-22,114.24569636322538,114.81960369273568,111.46372301440654,112.59207916259766,101988000,0.0,0.0
2020-10-23,113.2146263110706,113.3702647242428,111.16219112016252,111.90145874023438,82572600,0.0,0.0
2020-10-26,110.89956637288807,113.37027065181736,109.80039043082108,111.91119384765624,111850700,0.0,0.0
2020-10-27,112.33915946139578,114.08032494762836,111.4150806612359,113.41887664794922,92276800,0.0,0.0
2020-10-28,111.9111833730848,112.28081345722651,108.06894369566764,108.1662139892578,143937800,0.0,0.0
2020-10-29,109.30430584931332,113.73989680449657,109.13893817712592,112.17382049560548,146129200,0.0,0.0
2020-10-30,108.03002883521329,108.93465662193633,104.78115517571706,105.89005279541016,190272600,0.0,0.0
2020-11-02,106.13323338437137,107.66039994190102,104.39206773628062,105.80250549316406,122866900,0.0,0.0
2020-11-03,106.66825263139128,108.44832081758368,105.76362465230213,107.42697143554688,107624400,0.0,0.0
2020-11-04,111.02601237155882,112.43645025464208,109.2848465676762,111.81391143798828,138235500,0.0,0.0
2020-11-05,114.73205582071998,116.35650010587015,113.68152628924996,115.7825927734375,126387100,0.0,0.0
2020-11-06,115.2905480316919,116.1480139366498,113.15661816090342,115.6510772705078,114457900,0.205,0.0
2020-11-09,117.41471118065078,118.86655905479424,113.0786522061061,113.34173583984376,154515300,0.0,0.0
2020-11-10,112.59144977903752,114.57921088296683,111.20780194427196,113.00069427490234,138023400,0.0,0.0
2020-11-11,114.18947371911923,116.5669949893343,113.45867669287836,116.43058013916016,112295000,0.0,0.0
2020-11-12,116.55724363092018,117.44394006005354,115.5341249324846,116.1577377319336,103162300,0.0,0.0
2020-11-13,116.38188117132358,116.60598812783084,114.85207947853073,116.20648956298828,81581900,0.0,0.0
2020-11-16,115.87518485821025,117.892184530153,115.12490311645672,117.21985626220705,91183000,0.0,0.0
2020-11-17,116.48904444010536,117.5803631991879,115.91414693604456,116.33313751220705,74271000,0.0,0.0
2020-11-18,115.57310891661412,116.75212717189736,114.97872676825747,115.0079574584961,76322100,0.0,0.0
2020-11-19,114.57922192592288,116.01158523354933,113.8191942363378,115.6023406982422,74113000,0.0,0.0
2020-11-20,115.60234248642784,115.72901129196754,114.28690935456356,114.33562469482422,73604300,0.0,0.0
2020-11-23,114.17972274018632,114.60845935593927,110.8375441873294,110.93498229980467,127959300,0.0,0.0
2020-11-24,110.99345018861624,112.883773343832,109.70724035208704,112.22118377685548,113874200,0.0,0.0
2020-11-25,112.5914676385363,113.76073993620844,112.22119237816696,113.05917358398438,76499200,0.0,0.0
2020-11-27,113.58533560344574,114.48177809334692,113.24429850772805,113.60482025146484,46691300,0.0,0.0
2020-11-30,113.97510835344,117.87269259432198,113.81920141545976,116.0018539428711,169410200,0.0,0.0
2020-12-01,117.91167207901552,120.3086855509802,116.93727599606798,119.57788848876952,127728200,0.0,0.0
2020-12-02,118.89578518676296,120.21122560718796,117.79472048917064,119.92864990234376,89004200,0.0,0.0
2020-12-03,120.35738030969706,120.61072532946784,119.08092403824772,119.792236328125,78967600,0.0,0.0
2020-12-04,119.46094065635504,119.7142856820755,118.40859125787108,119.11990356445312,78260400,0.0,0.0
2020-12-07,119.17837220495473,121.38050924323434,119.11991082393762,120.58150482177734,86712000,0.0,0.0
2020-12-08,121.18564255631568,121.78002475694832,119.93840933537945,121.19538116455078,82225500,0.0,0.0
2020-12-09,121.34152267781415,122.72516309946796,117.90190627108922,118.66193389892578,115089200,0.0,0.0
2020-12-10,117.4147062587099,120.6984231266018,117.07366917962338,120.08454895019533,81312200,0.0,0.0
2020-12-11,119.29530252010171,119.61685498411975,117.46344071723956,119.27581787109376,86939800,0.0,0.0
2020-12-14,119.46093825563229,120.19173519532912,118.42808095975704,118.66193389892578,79184500,0.0,0.0
2020-12-15,121.15638849281328,124.62524311960809,120.95176623601054,124.60575103759766,157243700,0.0,0.0
2020-12-16,124.14779181691584,125.0832036047306,123.31954931044656,124.53754425048828,98208600,0.0,0.0
2020-12-17,125.59964613576102,126.26224318770603,124.76166492977713,125.40476989746094,94359800,0.0,0.0
2020-12-18,125.65809026652522,125.7945050852739,122.89080229894454,123.41697692871094,192541500,0.0,0.0
2020-12-21,121.8189749541549,125.02473843111304,120.28917365326492,124.94678497314452,121251600,0.0,0.0
2020-12-22,128.24022015212188,130.96853111723706,126.33039801611169,128.50331115722656,168904800,0.0,0.0
2020-12-23,128.77615987072127,129.03923604675438,127.4314888319266,127.6068878173828,88223700,0.0,0.0
2020-12-24,127.95768251910688,130.04288924480903,127.74331422195132,128.59103393554688,54930100,0.0,0.0
2020-12-28,130.5593044830477,133.82352163941158,130.09158377292042,133.19017028808594,124486200,0.0,0.0
2020-12-29,134.5153654533124,135.23640894920797,130.90034989432698,131.41677856445312,121047300,0.0,0.0
2020-12-30,132.10859581206566,132.5081016930773,129.9844050523243,130.2962188720703,96452100,0.0,0.0
2020-12-31,130.64698149385816,131.2900862451404,128.34740697226323,129.29257202148438,99116600,0.0,0.0
2021-01-04,130.10134836082602,130.18904042592823,123.51442981152032,126.0965805053711,143301900,0.0,0.0
2021-01-05,125.58989445727472,128.36692888537684,125.14166577453908,127.65560913085938,97664900,0.0,0.0
2021-01-06,124.44983890451066,127.69457886274444,123.14414460239529,123.35851287841795,155088000,0.0,0.0
2021-01-07,125.0734730800105,128.25975221212653,124.58627507251094,127.56792449951172,109578200,0.0,0.0
2021-01-08,129.0392361452558,129.23412721104498,126.8955682344821,128.66897583007812,105158200,0.0,0.0
2021-01-11,125.8822038307644,126.83710761276024,125.20986830687416,125.67757415771484,100384500,0.0,0.0
2021-01-12,125.20986790485576,126.3694013561782,123.61185929052172,125.50218963623048,91951100,0.0,0.0
2021-01-13,125.46322047371515,128.08434802714223,125.20014426532036,127.53868865966795,88636800,0.0,0.0
2021-01-14,127.4509903383349,127.64586655028748,125.46321431935364,125.60938262939452,90221800,0.0,0.0
2021-01-15,125.48269022260448,126.88582255672144,123.748266884071,123.88468170166016,111598500,0.0,0.0
2021-01-19,124.50832983471444,125.41452591995925,123.68984069637378,124.55705261230467,90757300,0.0,0.0
2021-01-20,125.36579577837638,129.09773432738962,125.25861162121556,128.64950561523438,104319500,0.0,0.0
2021-01-21,130.3741523744166,136.09385058361056,130.16952272801234,133.36553955078125,120150900,0.0,0.0
2021-01-22,132.7906739013892,136.26927444924834,131.56294040290453,135.50924682617188,114459400,0.0,0.0
2021-01-25,139.40681893054085,141.3750878076961,133.04400046392547,139.26065063476562,157611700,0.0,0.0
2021-01-26,139.92324336849194,140.60531745751035,137.75033002105468,139.4945068359375,98390600,0.0,0.0
2021-01-27,139.7576013848175,140.60533595593498,136.81493637532154,138.4226837158203,140843800,0.0,0.0
2021-01-28,135.9477307492471,138.35448999967485,133.19992695994156,133.57994079589844,142621100,0.0,0.0
2021-01-29,132.35222218300785,133.2389261898638,126.8761209359315,128.58131408691406,177523800,0.0,0.0
2021-02-01,130.32547623427098,131.9137466089755,127.57767214071627,130.7054901123047,106239800,0.0,0.0
2021-02-02,132.25476545115475,132.81991691760996,131.16344668453948,131.53372192382812,83305400,0.0,0.0
2021-02-03,132.28399787741546,132.29375135316877,130.18905238870838,130.51060485839844,89880900,0.0,0.0
2021-02-04,132.8101805826387,133.8820072844467,131.14395684543172,133.8722686767578,84183100,0.0,0.0
2021-02-05,134.03326822644928,134.10157011842293,132.57924349365368,133.45750427246094,75693800,0.205,0.0
2021-02-08,132.74517291566528,133.652723200127,131.66197638343067,133.6039276123047,71297200,0.0,0.0
2021-02-09,133.32091738610043,134.55050063798447,132.56952194364052,132.72564697265625,76774200,0.0,0.0
2021-02-10,133.1842959871747,133.68199010871433,131.15452174777565,132.12062072753906,73046600,0.0,0.0
2021-02-11,132.61824693347916,133.09641965172585,130.53969283038143,131.86685180664062,64280000,0.0,0.0
2021-02-12,131.10571594692075,132.25721410503192,130.46165008374714,132.10107421875,60145100,0.0,0.0
2021-02-16,132.21823340832208,132.72566588298457,129.5834202876407,129.97377014160156,80576300,0.0,0.0
2021-02-17,128.0805609185362,129.02713844569294,126.34354574073312,127.68045806884766,97918500,0.0,0.0
2021-02-18,126.08009517884663,126.86077987924487,124.33332637686648,126.57778930664062,96856700,0.0,0.0
2021-02-19,127.0949773643316,127.55362902270863,125.68974801869317,126.73390197753906,87668800,0.0,0.0
2021-02-22,124.91881659012454,126.5875301611266,122.56701700171384,122.95735931396484,103916400,0.0,0.0
2021-02-23,120.7714294215421,123.65018945773068,115.5311022034767,122.82071685791016,158273000,0.0,0.0
2021-02-24,121.922963593051,122.52798712933732,119.27840529901452,122.32305908203124,111039900,0.0,0.0
2021-02-25,121.66924076662798,123.406256322551,117.62921364696236,118.06834411621094,148199500,0.0,0.0
2021-02-26,119.62969515081252,121.83512279314836,118.27326144324364,118.33181762695312,164560400,0.0,0.0
2021-03-01,120.76168897682948,124.84075076896436,119.82487191939816,124.70413208007812,116307900,0.0,0.0
2021-03-02,125.30914836930084,125.61166008144252,121.99125035893012,122.09859466552734,102260900,0.0,0.0
2021-03-03,121.79608848285189,122.67435679168018,118.89780678629856,119.11249542236328,112966300,0.0,0.0
2021-03-04,118.80997834389994,120.61530301450836,115.75556433244158,117.22909545898438,178155000,0.0,0.0
2021-03-05,118.05857574839612,118.99539275523834,114.73091692483256,118.48794555664062,153766600,0.0,0.0
2021-03-08,118.00977583585376,118.0780851740985,113.4037534708948,113.55013275146484,154376600,0.0,0.0
2021-03-09,116.1556711821871,119.11250177531362,115.92146876906158,118.16592407226562,129525800,0.0,0.0
2021-03-10,118.7514470176131,119.21985186652402,116.56553290549272,117.0827407836914,111943300,0.0,0.0
2021-03-11,119.58090377809478,120.23472282472083,118.3318144218062,119.01490783691406,103026500,0.0,0.0
2021-03-12,117.49257678888104,118.24397951783548,116.2825224501718,118.10736083984376,88105100,0.0,0.0
2021-03-15,118.47821018844054,121.00566362104152,117.51211122320834,120.99590301513672,92403800,0.0,0.0
2021-03-16,122.66457779013874,124.14787681040364,121.70824712129856,122.5377197265625,115227900,0.0,0.0
2021-03-17,121.05444515870832,122.82073491932012,119.38573166517872,121.74729919433594,111932600,0.0,0.0
2021-03-18,119.91268883951182,120.2054474121064,117.41451014863442,117.61943817138672,121229700,0.0,0.0
2021-03-19,117.00466041109058,118.49771283246504,116.78997177230154,117.0924835205078,185549500,0.0,0.0
2021-03-22,117.424287649785,120.87880505575174,117.35597829903826,120.41039276123048,111912300,0.0,0.0
2021-03-23,120.35184141166212,121.23986295215124,119.19057502893877,119.58091735839844,95467100,0.0,0.0
2021-03-24,119.8541271151827,119.9321970521026,117.17053445612297,117.19004821777344,88530500,0.0,0.0
2021-03-25,116.6533460379,118.7221549060971,116.1263850777415,117.67798614501952,98844700,0.0,0.0
2021-03-26,117.44377912870549,118.54649658241551,116.04831056099164,118.28301239013672,94071200,0.0,0.0
2021-03-29,118.71239516993988,119.61993781154604,117.81461313280424,118.45867156982422,80819200,0.0,0.0
2021-03-30,117.20958959587136,117.49258758203952,115.98977454091904,117.0046615600586,85671900,0.0,0.0
2021-03-31,118.7123990051535,120.53723750663126,118.22447299809998,119.20032501220705,118323800,0.0,0.0
2021-04-01,120.67385866207344,121.181298412614,119.53210619432762,120.02979278564452,75089100,0.0,0.0
2021-04-05,120.87879330428332,123.11349534026344,120.09810870436394,122.85977172851562,88651200,0.0,0.0
2021-04-06,123.44528283557896,124.0600669394036,122.61581009211896,123.16228485107422,80171300,0.0,0.0
2021-04-07,122.7914492201614,124.83097616492763,122.11810901104752,124.81146240234376,83466700,0.0,0.0
2021-04-08,125.83613440452882,127.24136391246265,125.41652511857986,127.21208953857422,88844600,0.0,0.0
2021-04-09,126.66562120912812,129.827372873995,126.34358818949852,129.78834533691406,106686700,0.0,0.0
2021-04-12,129.31992075985053,129.64195373047176,127.4755609392533,128.07083129882812,91420000,0.0,0.0
2021-04-13,129.2418559434714,131.40824882078488,128.74416183713194,131.1837921142578,91266500,0.0,0.0
2021-04-14,131.68146867778168,131.7400174141813,128.48067537183306,128.84173583984375,87222800,0.0,0.0
2021-04-15,130.5885182593821,131.7400164409198,130.41285716116144,131.25209045410156,89347100,0.0,0.0
2021-04-16,131.05695257379082,131.41801312050643,130.06157916706454,130.9203338623047,84922400,0.0,0.0
2021-04-19,130.2859926417197,132.1986690764981,130.12009959176393,131.58387756347656,94264200,0.0,0.0
2021-04-20,131.7595722507606,132.25725152749462,128.6270800410305,129.89569091796875,94812300,0.0,0.0
2021-04-21,129.16375927769226,130.52019283566136,128.12935863654846,130.27622985839844,68847100,0.0,0.0
2021-04-22,129.8273652126756,130.9105617092093,128.2367363124183,128.75393676757812,84566500,0.0,0.0
2021-04-23,128.9686026596944,131.85711621347775,128.9686026596944,131.07644653320312,78657500,0.0,0.0
2021-04-26,131.5741564734911,131.7985983145687,130.33481998608113,131.46681213378906,66905100,0.0,0.0
2021-04-27,131.74979898431587,132.14014879502187,130.87153796829216,131.144775390625,66015800,0.0,0.0
2021-04-28,131.06666151490975,131.75952289031963,129.86636789108016,130.3542938232422,107760100,0.0,0.0
2021-04-29,133.174532153205,133.7600493468008,129.25160269288304,130.25672912597656,151101000,0.0,0.0
2021-04-30,128.59775679529238,130.33477191318826,127.9049103139399,128.28549194335938,109839500,0.0,0.0
2021-05-03,128.85149050777056,130.83248375117557,128.64656992797262,129.33941650390625,75135100,0.0,0.0
2021-05-04,128.02202969252124,128.31478827842903,123.64044873461124,124.76268005371094,137564700,0.0,0.0
2021-05-05,126.08007345167024,127.29988843260809,124.8797796797169,125.00664520263672,84000900,0.0,0.0
2021-05-06,124.80172333933864,126.6168088244582,124.0600736654329,126.6070556640625,78128300,0.0,0.0
2021-05-07,127.9071301715626,128.307897749906,126.567931949762,127.28152465820312,78973300,0.22,0.0
2021-05-10,126.49953067035334,126.62659678553494,123.9579995481262,123.99710083007812,88071200,0.0,0.0
2021-05-11,120.72243768449368,123.43013604181222,120.0088523827375,123.07823944091795,126142800,0.0,0.0
2021-05-12,120.62466291192348,121.83677249441271,119.50052559675296,120.00882720947266,112172300,0.0,0.0
2021-05-13,121.77815750326876,123.3128473997713,121.46535470454872,122.15938568115234,105861300,0.0,0.0
2021-05-14,123.41059429901937,125.0137095412098,123.01958894433238,124.58360290527344,81918000,0.0,0.0
2021-05-17,123.96777091361952,124.07529756948796,122.35487853339956,123.43013763427734,74244600,0.0,0.0
2021-05-18,123.71360121948956,124.13393060717104,121.97363548465174,122.04206085205078,63342900,0.0,0.0
2021-05-19,120.39008503908885,122.1104965529405,120.09682917810171,121.88567352294922,92612000,0.0,0.0
2021-05-20,122.41352498808428,124.84752169451296,122.2864439727993,124.44673919677734,76857100,0.0,0.0
2021-05-21,124.94527129274346,125.12122331133726,122.39397075203622,122.60902404785156,79295400,0.0,0.0
2021-05-24,123.17598087438682,125.06257461018312,123.10755550398204,124.24146270751952,63092900,0.0,0.0
2021-05-25,124.94527412511384,125.43403637255952,123.47900975619554,124.04596710205078,72009500,0.0,0.0
2021-05-26,124.10462749099422,124.52495694971884,123.57677137135352,123.99710083007812,56575900,0.0,0.0
2021-05-27,123.5963170673582,124.7693256123678,122.2669034055172,122.46240234375,94625600,0.0,0.0
2021-05-28,122.74587286479516,122.97070334084246,121.7488164135996,121.80746459960938,71311100,0.0,0.0
2021-06-01,122.266889117196,122.53081339874824,121.152528892321,121.48487854003906,67637100,0.0,0.0
2021-06-02,121.4848962778378,122.42330463275812,121.26007323809792,122.24735260009766,59278900,0.0,0.0
2021-06-03,121.87589598051592,122.04207082094376,120.36075313288092,120.76153564453124,76229200,0.0,0.0
2021-06-04,121.27961809499506,123.32261707615766,121.0645647856299,123.05868530273438,75169300,0.0,0.0
2021-06-07,123.33236757280564,123.47899548431124,122.0225084677144,123.06844329833984,71057600,0.0,0.0
2021-06-08,123.75269852496304,125.57087420996749,123.37147042485412,123.8895492553711,74403800,0.0,0.0
2021-06-09,124.34897738790404,124.87683339071532,123.67449347467762,124.2707748413086,56877900,0.0,0.0
2021-06-10,124.16326489562331,125.30695678436513,123.10756020588629,123.27373504638672,71186400,0.0,0.0
2021-06-11,123.68428231014268,124.57381958141004,123.26395290484824,124.48583984375,53522400,0.0,0.0
2021-06-14,124.9452691740398,127.60408885976288,124.2121370186317,127.54544067382812,96906500,0.0,0.0
2021-06-15,127.01758291150882,127.66274274142094,126.4799497199154,126.72432708740234,62746300,0.0,0.0
2021-06-16,127.43793846524323,127.94624770017089,125.57090622064683,127.22288513183594,91815000,0.0,0.0
2021-06-17,126.8807541337841,129.56890564121335,126.73411873855628,128.82598876953125,96721700,0.0,0.0
2021-06-18,127.7702868246808,128.55228257491908,127.31085611782876,127.52590942382812,108953300,0.0,0.0
2021-06-21,127.36945962838168,129.43200476469517,126.30397811416483,129.32447814941406,79663300,0.0,0.0
2021-06-22,129.1583218804352,131.0644622285742,128.65978254011517,130.96670532226562,74783600,0.0,0.0
2021-06-23,130.76147177632404,131.29910507401638,130.2336082056393,130.6930389404297,60214200,0.0,0.0
2021-06-24,131.42616459271213,131.6118938058328,129.9403458033597,130.40956115722656,68711000,0.0,0.0
2021-06-25,130.45846741177152,130.87878947575115,129.8230770780785,130.1163330078125,70783700,0.0,0.0
2021-06-28,130.40956533844553,132.20817950576375,130.35091714623502,131.74874877929688,62111300,0.0,0.0
2021-06-29,131.76828191642397,133.4202753370262,131.3284056301101,133.2638702392578,64556100,0.0,0.0
2021-06-30,133.1074588952949,134.31957597270352,132.81420307964328,133.87969970703125,63261400,0.0,0.0
2021-07-01,133.52782483763312,134.24140270940268,132.70670539157666,134.18275451660156,52485800,0.0,0.0
2021-07-02,134.79857347065126,136.85134968212856,134.65195299080864,136.812255859375,78852600,0.0,0.0
2021-07-06,136.91977180863466,139.9304881404482,136.91977180863466,138.82591247558594,108181800,0.0,0.0
2021-07-07,140.3117092164722,141.63135302793145,139.45151098591106,141.3185577392578,104911600,0.0,0.0
2021-07-08,138.39579381995796,140.8200131513889,137.50625661436462,140.01846313476562,105575500,0.0,0.0
2021-07-09,139.53948199823574,142.3742535997312,139.44172508137947,141.84640502929688,99890800,0.0,0.0
2021-07-12,142.92166987013806,143.02919651124512,140.76136732266437,141.2501220703125,76299700,0.0,0.0
2021-07-13,140.79068067157974,144.1435457407315,140.39968286953984,142.36447143554688,100827100,0.0,0.0
2021-07-14,144.76915921032543,146.20609933179037,144.35859210509756,145.7955322265625,127050800,0.0,0.0
2021-07-15,145.88349585060286,146.62639756196444,143.78184186951628,145.1405792236328,106820300,0.0,0.0
2021-07-16,145.12104675803545,146.3917969988858,142.59907080876903,143.09759521484375,93251400,0.0,0.0
2021-07-19,140.51701186307943,140.82982210985173,138.48379000590003,139.24624633789062,121434600,0.0,0.0
2021-07-20,140.23353355980825,143.79166790162552,139.74477876057173,142.86302185058594,96350000,0.0,0.0
2021-07-21,142.25699437204696,142.8435061950867,141.3772415531026,142.12991333007812,74993500,0.0,0.0
2021-07-22,142.65770872029785,144.86687435461474,142.53062773911225,143.4983673095703,77338200,0.0,0.0
2021-07-23,144.23153179548808,145.3752161371665,143.6156960285799,145.21881103515625,71447400,0.0,0.0
2021-07-26,144.93533686845095,146.46024929276885,144.37814929731337,145.63914489746094,72434100,0.0,0.0
2021-07-27,145.76622426436333,145.85421146271116,142.27652280868347,143.46908569335938,104818600,0.0,0.0
2021-07-28,141.55315500100113,143.66457920057397,139.33420415472008,141.71932983398438,118931200,0.0,0.0
2021-07-29,141.4358404689946,143.2540085881392,141.32831383609212,142.36447143554688,56699500,0.0,0.0
2021-07-30,141.13283410460213,143.03897475076792,140.86890234879084,142.5795440673828,70440600,0.0,0.0
2021-08-02,143.06829681635188,143.6450238649846,141.98326063074202,142.2471923828125,62880000,0.0,0.0
2021-08-03,142.53067920795002,144.71052154385873,141.91484335749328,144.0458221435547,64786600,0.0,0.0
2021-08-04,143.9578450260043,144.4661392860283,142.99010513855148,143.64503479003906,56368300,0.0,0.0
2021-08-05,143.67439141744188,144.51505047243285,142.88261083733968,143.75259399414062,46397700,0.0,0.0
2021-08-06,143.2728671370131,144.01688208379585,142.56800458197282,143.06727600097656,54126800,0.22,0.0
2021-08-09,143.12602882681142,143.61551593971976,142.46033352347743,143.01834106445312,48908700,0.0,0.0
2021-08-10,143.36095456781464,144.60425572712768,142.24492480830875,142.5386199951172,69023100,0.0,0.0
2021-08-11,142.97918986758629,143.63510081183065,142.4701190832618,142.79318237304688,48493500,0.0,0.0
2021-08-12,143.11621825238865,145.91608462298464,142.77357136091953,145.7594451904297,72282600,0.0,0.0
2021-08-13,145.83775545751928,146.29787442461313,145.15247665694042,145.96502685546875,59375000,0.0,0.0
2021-08-16,145.4168108670683,148.01110127736936,143.3903421833443,147.94256591796875,103296000,0.0,0.0
2021-08-17,147.07128740440294,148.49079698288415,145.95525743273268,147.03213500976562,92229700,0.0,0.0
2021-08-18,146.65034281258323,147.55099731267805,143.07707790614015,143.2826690673828,86326000,0.0,0.0
2021-08-19,141.98063903235334,144.88819384716103,141.46178385753225,143.6155242919922,86960300,0.0,0.0
2021-08-20,144.3399424051891,145.37765255184942,143.6938159198485,145.0741729736328,60549600,0.0,0.0
2021-08-23,145.191637464402,147.03211343952145,144.78047016020776,146.5622100830078,60131800,0.0,0.0
2021-08-24,146.30769726540868,147.68805452972137,146.01400200564578,146.47412109375,48606400,0.0,0.0
2021-08-25,146.66012547582167,147.15941188820682,144.6923926717211,145.24061584472656,58991300,0.0,0.0
2021-08-26,145.23080193918472,145.9846011797584,144.40845240898733,144.4378204345703,48597200,0.0,0.0
2021-08-27,144.37910942757367,145.62241083209685,143.7427821789538,145.47557067871094,55802400,0.0,0.0
2021-08-30,145.8671589433328,150.26275857372073,145.48535959462373,149.90052795410156,90956700,0.0,0.0
2021-08-31,149.4502459137336,149.58730174177512,148.10904073436492,148.6376953125,86453100,0.0,0.0
2021-09-01,149.61660833919711,151.72139660647437,149.13690566906416,149.30332946777344,80313700,0.0,0.0
2021-09-02,150.63473278654652,151.46686670695442,149.1956397332981,150.4193572998047,71115500,0.0,0.0
2021-09-03,150.5270554483364,151.37877309131167,149.87114457990415,151.0557098388672,57808700,0.0,0.0
2021-09-07,151.7116554847735,153.953500162786,151.14384857194918,153.39549255371094,82278300,0.0,0.0
2021-09-08,153.67933999735516,153.73807604944514,150.74241788918883,151.84866333007812,74420200,0.0,0.0
2021-09-09,152.2207080167917,152.82766725771464,150.7130793411324,150.83056640625,57305700,0.0,0.0
2021-09-10,151.74096513145994,152.21086845375513,145.57342614175107,145.83775329589844,140893200,0.0,0.0
2021-09-13,147.46288779538614,148.23627083685082,145.6224115283593,146.4055938720703,102404300,0.0,0.0
2021-09-14,147.1887688532645,147.8936314335505,143.8210954003336,145.00564575195312,109296300,0.0,0.0
2021-09-15,145.43641106239744,146.29791317586614,143.2924550814451,145.8965301513672,83281300,0.0,0.0
2021-09-16,145.3189280621593,145.83778317678434,144.12457838073104,145.66156005859375,68034100,0.0,0.0
2021-09-17,145.69096176910773,145.69096176910773,142.69528787817018,142.98898315429688,129868800,0.0,0.0
2021-09-20,140.77644264481384,141.7945688763103,138.29963999887133,139.9345245361328,123478900,0.0,0.0
2021-09-21,140.90376327110957,141.55968919492042,139.77794880575027,140.41427612304688,75834000,0.0,0.0
2021-09-22,141.41282856542696,143.35119341343096,140.67859787200524,142.7834014892578,76404300,0.0,0.0
2021-09-23,143.56657471032472,143.9875414258644,142.57781604781135,143.7427978515625,64838200,0.0,0.0
2021-09-24,142.5973998615385,144.36934095121416,142.49949645653314,143.83090209960938,53477900,0.0,0.0
2021-09-27,142.41137995898362,142.89108270101565,140.79607848273122,142.3134765625,74150700,0.0,0.0
2021-09-28,140.2380609198885,141.7065222907774,138.7108634842379,138.92623901367188,108972300,0.0,0.0
2021-09-29,139.47441206188378,141.4127761919981,139.04366115786812,139.82684326171875,74602000,0.0,0.0
2021-09-30,140.63944453543033,141.34430719144615,138.30948103704677,138.5248565673828,89056700,0.0,0.0
2021-10-01,138.91641944607758,139.91497721524382,136.18508826736803,139.65065002441406,94639600,0.0,0.0
2021-10-04,138.77936976647533,139.219920083201,135.36275955212915,136.21446228027344,98322000,0.0,0.0
2021-10-05,136.55708754274536,139.24926602115937,136.42981614361935,138.1430206298828,80861100,0.0,0.0
2021-10-06,136.53749464772653,139.16113759906187,135.4606173539954,139.01429748535156,83221100,0.0,0.0
2021-10-07,140.05204653772714,141.18766019383065,139.7191988951329,140.27720642089844,61732700,0.0,0.0
2021-10-08,141.00164657806616,141.14848672637,139.5625533728477,139.89540100097656,58773200,0.0,0.0
2021-10-11,139.27868768386213,141.7652760088396,138.8283529013419,139.8073272705078,64452200,0.0,0.0
2021-10-12,140.2184588719824,140.23804253698972,138.07450316144806,138.5346221923828,73035900,0.0,0.0
2021-10-13,138.27029833211344,138.4269228251495,136.27318293183075,137.94723510742188,78762700,0.0,0.0
2021-10-14,139.1220034728704,140.8547917318437,138.53461306502766,140.7373046875,69907100,0.0,0.0
2021-10-15,140.74710694789957,141.85333749485733,140.4925641281013,141.7946014404297,67940300,0.0,0.0
2021-10-18,140.43384767473086,143.75256965473264,140.1499517260529,143.4686737060547,85589200,0.0,0.0
2021-10-19,143.91899723333478,146.03358517080088,143.46867744948042,145.6322021484375,76378900,0.0,0.0
2021-10-20,145.57343525852468,146.60136097751123,145.00562852862774,146.1216583251953,58418800,0.0,0.0
2021-10-21,145.68117088609765,146.4937213905625,144.76093260542746,146.3370819091797,61421000,0.0,0.0
2021-10-22,146.5426644796855,147.0223523235176,145.5147384832475,145.56369018554688,58883400,0.0,0.0
2021-10-25,145.55384660101817,146.22934104854468,144.51613655500375,145.5146942138672,50720600,0.0,0.0
2021-10-26,146.190204285219,147.6684497999659,145.87692540269924,146.180419921875,60893400,0.0,0.0
2021-10-27,146.2195625180611,146.5817781309956,145.36785988744936,145.7202911376953,56094900,0.0,0.0
2021-10-28,146.6698822235755,149.9494359455481,146.57197885481827,149.362060546875,100077900,0.0,0.0
2021-10-29,144.12454451670374,146.78735482622835,143.3315780160653,146.65029907226562,124953200,0.0,0.0
2021-11-01,145.85734043683098,146.55240360585222,144.69235899634896,145.82797241210938,74588300,0.0,0.0
2021-11-02,145.5342868243143,148.3831049138377,145.5244875234558,146.86569213867188,69122000,0.0,0.0
2021-11-03,147.22793195599735,148.77471301203136,146.66992441982393,148.3048095703125,54511500,0.0,0.0
2021-11-04,148.3928782793543,149.22499720293538,147.47264034437023,147.78591918945312,60394600,0.0,0.0
2021-11-05,148.9133997765836,149.2173222899692,147.11926062749689,148.3153533935547,65463900,0.22,0.0
2021-11-08,148.44281334152436,148.5996814029073,147.2173096615232,147.4918212890625,55020900,0.0,0.0
2021-11-09,147.25653727259368,148.46242885300364,147.11928144197597,147.85458374023438,56787900,0.0,0.0
2021-11-10,147.080046521764,147.18789143862284,144.9525740344218,145.0211944580078,65187100,0.0,0.0
2021-11-11,146.0408338404559,146.50160947604698,144.7859042685968,144.97218322753906,41000000,0.0,0.0
2021-11-12,145.52120275202367,147.45259776115682,144.58982294106508,147.05064392089844,63804000,0.0,0.0
2021-11-15,147.42315376898895,148.9035714659964,146.50157280893995,147.06040954589844,59222800,0.0,0.0
2021-11-16,147.00163818021238,148.52126592519502,146.41339035642437,148.04086303710938,59256200,0.0,0.0
2021-11-17,148.04084690898938,151.9624587476381,148.03104826490704,150.4820556640625,88807000,0.0,0.0
2021-11-18,150.69773469090467,155.56052464418286,150.0506651936485,154.7761993408203,137827700,0.0,0.0
2021-11-19,154.56050917485408,157.86447707717755,153.46246272837266,157.4036865234375,117305600,0.0,0.0
2021-11-22,158.51154126985364,162.4527653050192,157.84487444666516,157.86448669433594,117467900,0.0,0.0
2021-11-23,157.96248573911777,158.62916738585517,155.94285847475925,158.24681091308594,96041900,0.0,0.0
2021-11-24,157.59978226969068,158.96254184147045,156.5115343411642,158.76646423339844,69463600,0.0,0.0
2021-11-26,156.4429214975391,157.30566600685046,153.2958211322195,153.73699951171875,76959800,0.0,0.0
2021-11-29,156.2467709377295,158.03111100301652,155.67813558592673,157.0997314453125,88748200,0.0,0.0
2021-11-30,156.85468549511577,162.27631303141865,156.78605010261836,162.0606231689453,174048100,0.0,0.0
2021-12-01,164.19786850812946,166.96261178270726,161.30568303306617,161.54098510742188,152052500,0.0,0.0
2021-12-02,155.62915443498412,160.98214564054786,154.70757335862984,160.55076599121094,136739200,0.0,0.0
2021-12-03,160.8057129483763,161.7272942117962,156.58997682835107,158.66842651367188,118023100,0.0,0.0
2021-12-06,161.0703866988541,164.59004449763117,161.06058805531697,162.08021545410156,107497000,0.0,0.0
2021-12-07,165.76652602150847,168.21753329951792,165.0410224817036,167.8253631591797,120405400,0.0,0.0
2021-12-08,168.75675548519916,172.51170037671412,167.3547715631022,171.64894104003906,116998900,0.0,0.0
2021-12-09,171.48226135181784,173.28619895569602,170.5116571715878,171.1391143798828,108923700,0.0,0.0
2021-12-10,171.77639006130698,176.10976886642817,171.26657639018677,175.93328857421875,115402700,0.0,0.0
2021-12-13,177.57057822727617,178.56079478498526,172.0901293051936,172.2960205078125,153237000,0.0,0.0
2021-12-14,171.81561944442183,174.25682821034476,168.83520101609776,170.9136505126953,139380400,0.0,0.0
2021-12-15,171.6783640596761,175.9823324841572,168.93323276156414,175.7862548828125,131063300,0.0,0.0
2021-12-16,175.7666178333374,177.59016769208043,167.40378290602789,168.88418579101562,150185800,0.0,0.0
2021-12-17,166.59985400570395,170.07048857395336,166.36456688905028,167.78614807128906,195432700,0.0,0.0
2021-12-20,164.98220734461725,167.23713712314685,164.17828470413107,166.42340087890625,107499100,0.0,0.0
2021-12-21,168.19793052968907,169.80579079626787,165.8057448980021,169.59991455078125,91185900,0.0,0.0
2021-12-22,169.64891396436306,172.4136573675495,168.77635596770887,172.19796752929688,92135300,0.0,0.0
2021-12-23,172.4038581227058,173.38426103506748,171.83522263836468,172.82542419433594,68356600,0.0,0.0
2021-12-27,173.61955533140323,176.8842989595941,173.5999580433746,176.7960662841797,74919600,0.0,0.0
2021-12-28,176.62940424561387,177.77647393560375,175.03134260309423,175.7764434814453,79144300,0.0,0.0
2021-12-29,175.81561615578534,177.09014264446807,174.64893456137017,175.86463928222656,62348900,0.0,0.0
2021-12-30,175.95292543158308,177.03137470215592,174.5999645211849,174.7078094482422,59773000,0.0,0.0
2021-12-31,174.59994765921613,175.71760635907094,173.7862114626908,174.09014892578125,64062300,0.0,0.0
2022-01-03,174.34503855048575,179.2960758764328,174.22739499699918,178.443115234375,104487900,0.0,0.0
2022-01-04,179.051009669682,179.3549322145944,175.6097854694808,176.1784210205078,99310400,0.0,0.0
2022-01-05,176.09015720859438,176.6391804132829,171.21755382734324,171.4920654296875,94537600,0.0,0.0
2022-01-06,169.31559735445745,171.86465117218228,168.27637255423144,168.6293182373047,96904000,0.0,0.0
2022-01-07,169.50188137744055,170.72738518026193,167.67833112045182,168.79598999023438,86709100,0.0,0.0
2022-01-10,165.76649860978034,169.1194742164662,164.8743285177746,168.8155517578125,106765600,0.0,0.0
2022-01-11,168.94303442923228,171.74697235390423,167.4724300834058,171.64894104003906,76138300,0.0,0.0
2022-01-12,172.66856783412447,173.70779259806037,171.39405592953122,172.0901336669922,74805200,0.0,0.0
2022-01-13,172.33519403667106,173.15872875555698,168.42338168232487,168.8155517578125,84505800,0.0,0.0
2022-01-14,167.98225196839817,170.37443776083572,167.73715121031665,169.67835998535156,80440800,0.0,0.0
2022-01-18,168.1488926576498,169.15870642783565,166.09005558435084,166.472412109375,90956700,0.0,0.0
2022-01-19,166.66850497918634,167.72734198246087,162.68807131265714,162.97238159179688,94815000,0.0,0.0
2022-01-20,163.7076835662155,166.35476859042288,160.9625522612085,161.2860870361328,91420500,0.0,0.0
2022-01-21,161.19783827212862,163.0704113462842,159.1193889725066,159.22723388671875,122848900,0.0,0.0
2022-01-24,156.88406222991276,159.11937944541725,151.6683120872291,158.45269775390625,162294600,0.0,0.0
2022-01-25,155.86446306866296,159.5703851718754,153.94288158687402,156.64878845214844,115798400,0.0,0.0
2022-01-26,160.29587965880856,161.1684376714049,154.72719817611775,156.560546875,108275300,0.0,0.0
2022-01-27,159.26645936487785,160.6292188937634,155.17818077822113,156.09976196289062,121954600,0.0,0.0
2022-01-28,162.4625632621154,167.01163189910224,159.6095873711376,166.9920196533203,179935700,0.0,0.0
2022-01-31,166.82538585540124,171.5705330064948,166.18811489980484,171.35484313964844,115541600,0.0,0.0
2022-02-01,170.5999083862923,171.41364461299403,168.93322639800166,171.1881561279297,86213900,0.0,0.0
2022-02-02,171.32540739423024,172.43326746235795,169.93323706636977,172.39404296875,84914300,0.0,0.0
2022-02-03,171.06071151115776,172.7862303680274,168.746959829252,169.5116729736328,89418100,0.0,0.0
2022-02-04,168.52999503096257,170.9056058671137,167.54834310749567,169.2269744873047,82465400,0.22,0.0
2022-02-07,169.68837067678015,170.75836779564654,167.81341170266444,168.51039123535156,77251200,0.0,0.0
2022-02-08,168.57911066263827,172.1327014444133,168.28461203735645,171.6222381591797,74829200,0.0,0.0
2022-02-09,172.81984799977465,173.4088302479398,171.6909391445202,173.04562377929688,71285000,0.0,0.0
2022-02-10,170.9449013357311,172.260311595142,168.40242591370043,168.9619598388672,90865900,0.0,0.0
2022-02-11,169.16812106483786,169.90436019586866,164.95682484720066,165.5458221435547,98670700,0.0,0.0
2022-02-14,164.2990984096048,166.46855602542965,163.50396264767951,165.78140258789062,86185500,0.0,0.0
2022-02-15,167.8330301983069,169.7766968085891,167.1262396166007,169.61962890625,62527400,0.0,0.0
2022-02-16,168.69689508661867,170.1595469185717,166.92991856527323,169.38404846191406,61177400,0.0,0.0
2022-02-17,167.89194849865083,168.75580709374077,165.37892165346722,165.78140258789062,69589300,0.0,0.0
2022-02-18,166.70415983864797,167.4109355405672,163.1407580714809,164.2303924560547,82772700,0.0,0.0
2022-02-22,161.95294792646703,163.63157949063682,159.17487088048674,161.30506896972656,91162800,0.0,0.0
2022-02-23,162.50267977205857,163.10148814384206,156.8189207831809,157.133056640625,90009200,0.0,0.0
2022-02-24,149.78045618194105,159.86202589264877,149.2110962540396,159.75404357910156,141147500,0.0,0.0
2022-02-25,160.83386973446065,162.09038317154068,157.91836192123637,161.82534790039062,91974200,0.0,0.0
2022-02-28,160.06819209824778,162.3848916978169,159.44974647016767,162.09039306640625,95056600,0.0,0.0
2022-03-01,161.67810566233612,163.54325372947446,158.9981994943142,160.20562744140625,83474400,0.0,0.0
2022-03-02,161.37376901896334,164.2892766091773,159.96018776566925,163.5039520263672,79724800,0.0,0.0
2022-03-03,165.3789292736247,165.81085859107165,162.51250696008478,163.18002319335938,76678400,0.0,0.0
2022-03-04,161.47191984720897,162.5124684222201,159.1257725009118,160.17613220214844,83737200,0.0,0.0
2022-03-07,160.3626714753167,161.99221739182056,156.121927641353,156.37716674804688,96418800,0.0,0.0
2022-03-08,155.90598466141114,159.89148955943892,152.94139129743706,154.55130004882812,131148300,0.0,0.0
2022-03-09,158.51714506516998,160.4117410265014,156.4851334154229,159.96017456054688,91454900,0.0,0.0
2022-03-10,157.26064889872916,157.447165177113,153.11807622105542,155.61148071289062,105342000,0.0,0.0
2022-03-11,156.0139261115159,156.357510261072,151.66521547258807,151.8909912109375,96970100,0.0,0.0
2022-03-14,148.67115704099865,151.29216546010153,147.34593614351098,147.85638427734375,108732100,0.0,0.0
2022-03-15,148.13127588452474,152.71560375350202,147.62082764624324,152.24440002441406,92964300,0.0,0.0
2022-03-16,154.16846031293665,157.0643309184818,151.62598505111097,156.66184997558594,102300200,0.0,0.0
2022-03-17,155.6998128738619,158.04596038224682,154.73779817864818,157.6729278564453,75615400,0.0,0.0
2022-03-18,157.5649494858825,161.4621089351798,156.8287105215893,160.97128295898438,123511700,0.0,0.0
2022-03-21,160.50992724401203,163.29783055310392,160.01910120084528,162.3456268310547,95811400,0.0,0.0
2022-03-22,162.4732228455479,166.31148589554496,161.88424061211234,165.72250366210938,81532000,0.0,0.0
2022-03-23,164.90773681905242,169.4724129582103,164.57396373096856,167.08700561523438,98062700,0.0,0.0
2022-03-24,167.9213927494687,170.94488277941835,167.08699751675573,170.8761749267578,90131400,0.0,0.0
2022-03-25,170.6896371902022,172.0639438588756,169.58036574981767,171.51422119140625,80546200,0.0,0.0
2022-03-28,169.01102337849983,172.5057021088352,168.84414433562662,172.3780975341797,90371900,0.0,0.0
2022-03-29,173.4481284807928,175.725553780917,173.10454422150926,175.67648315429688,100589400,0.0,0.0
2022-03-30,175.27400355883873,176.31455249572932,173.45794099468702,174.50831604003906,92633200,0.0,0.0
2022-03-31,174.57696610798493,174.76348236111616,171.20008125648198,171.40623474121094,103049300,0.0,0.0
2022-04-01,170.83689401317795,171.67130419323556,168.78524495629924,171.11175537109375,78751300,0.0,0.0
2022-04-04,171.36701159217134,175.21508596620356,171.23939202795495,175.16600036621094,76468400,0.0,0.0
2022-04-05,174.24320968187874,175.02853418606793,171.21972007698278,171.8479766845703,73401800,0.0,0.0
2022-04-06,169.19753570311426,170.44423791053993,167.00845598396842,168.67726135253906,89058800,0.0,0.0
2022-04-07,168.01958300227122,170.17921470325928,166.7336211021802,168.98159790039062,77594700,0.0,0.0
2022-04-08,168.6281714448174,168.6281714448174,166.09550760626425,166.96917724609375,76575500,0.0,0.0
2022-04-11,165.61452852614607,165.92864940184566,162.46341876782265,162.70883178710938,72246700,0.0,0.0
2022-04-12,164.93716605572558,166.75321318939567,163.5824815614611,164.58377075195312,79265200,0.0,0.0
2022-04-13,164.31870136319566,167.9017245978023,163.71008201389617,167.27346801757812,70618900,0.0,0.0
2022-04-14,167.48947048590375,168.12755331525187,162.01185016741871,162.25726318359375,75329400,0.0,0.0
2022-04-18,160.91236643083627,163.54320112838587,160.5687972770834,162.04127502441406,69023900,0.0,0.0
2022-04-19,161.99218535509698,164.74081340994962,160.90255125037683,164.32850646972656,67723800,0.0,0.0
2022-04-20,165.66357789841544,165.78138631816157,163.05239509202772,164.16165161132812,67929800,0.0,0.0
2022-04-21,165.81083486701775,168.38275818896258,162.865879009956,163.36651611328125,87227800,0.0,0.0
2022-04-22,163.40578453855588,164.78990235630212,158.53678444420197,158.8214569091797,84882400,0.0,0.0
2022-04-25,158.1637473249091,160.1761366901005,155.5525646879934,159.89146423339844,96046400,0.0,0.0
2022-04-26,159.27305079434743,159.36139588708184,153.84451596249764,153.9230499267578,95623200,0.0,0.0
2022-04-27,153.04938688433683,156.85818695569935,152.52911245475866,153.69728088378906,88063200,0.0,0.0
2022-04-28,156.3280759248776,161.5013859909982,156.01394010524191,160.6375274658203,130216800,0.0,0.0
2022-04-29,158.87053962186658,163.1505424974972,154.36476100370217,154.75741577148438,131747600,0.0,0.0
2022-05-02,153.8347327666244,155.32683342203026,150.4578465843878,155.06179809570312,123055300,0.0,0.0
2022-05-03,155.24826451156082,157.76130632227486,153.4518544553603,156.55386352539062,88966500,0.0,0.0
2022-05-04,156.74039514151906,163.42544380743908,156.33791416985588,162.97389221191406,108256500,0.0,0.0
2022-05-05,160.84369897364428,161.06947475751667,152.10698649205247,153.8936004638672,130525300,0.0,0.0
2022-05-06,153.37255959944574,156.7445813601952,151.57349495754403,154.62109375,116124600,0.23,0.0
2022-05-09,152.3108102727315,153.19560424531912,148.92897809122042,149.4893341064453,131577900,0.0,0.0
2022-05-10,152.89085370033473,154.0902301343912,150.3446276636097,151.89791870117188,115366700,0.0,0.0
2022-05-11,150.90497555260774,152.82200644382692,143.3449779602957,144.0233154296875,142689800,0.0,0.0
2022-05-12,140.3563740008872,143.7283801675573,136.45348852465227,140.14991760253906,182602000,0.0,0.0
2022-05-13,142.14558429881745,145.59625448116793,140.69060910842344,144.62298583984375,113990900,0.0,0.0
2022-05-16,143.08936935150413,145.02606620057162,141.7425200447831,143.07952880859375,86643800,0.0,0.0
2022-05-17,146.3434146138869,147.23803400578663,144.20026129048028,146.7169952392578,78336300,0.0,0.0
2022-05-18,144.36741964547258,144.86879239266452,137.53490151723796,138.43936157226562,109742900,0.0,0.0
2022-05-19,137.51521156545672,139.2651179150192,134.29066402238703,135.02798461914062,136095600,0.0,0.0
2022-05-20,136.73857261689477,138.3213549245238,130.36812621760984,135.26393127441406,137426100,0.0,0.0
2022-05-23,135.46055909436765,140.83808619870993,135.32292649026942,140.6906280517578,117726300,0.0,0.0
2022-05-24,138.4294957252956,139.56988862899178,135.00833201503448,137.9871063232422,104132700,0.0,0.0
2022-05-25,136.08973078213927,139.39292808535322,136.00125589921703,138.1444091796875,92482700,0.0,0.0
2022-05-26,135.067317332939,141.89981931591748,134.82154377239428,141.3492889404297,90601500,0.0,0.0
2022-05-27,142.93207874444667,147.1495466635664,142.80427168601537,147.1102294921875,90978500,0.0,0.0
2022-05-31,146.5498682074242,148.11298447709316,144.35755721198225,146.32374572753906,103718400,0.0,0.0
2022-06-01,147.36583831364814,149.17474333360954,145.18336763808455,146.1959686279297,74286600,0.0,0.0
2022-06-02,145.3308082766631,148.712654512819,144.37720576236944,148.65367126464844,72348100,0.0,0.0
2022-06-03,144.4165336112239,145.46845161750497,142.01779633681872,142.9222412109375,88570300,0.0,0.0
2022-06-06,144.54434106770898,146.05831455755788,142.4503455918654,143.6693878173828,71598400,0.0,0.0
2022-06-07,141.9096766255686,146.48105939148104,141.66390303598558,146.1959686279297,67808200,0.0,0.0
2022-06-08,146.06817770971523,147.33636297180345,144.96711670692042,145.4586639404297,53950200,0.0,0.0
2022-06-09,144.5935022148915,145.4487894010345,140.12042043523653,140.2285614013672,69473000,0.0,0.0
2022-06-10,137.9084627463307,138.38034379484614,134.7428980025847,134.8117218017578,91437900,0.0,0.0
2022-06-13,130.62372056907952,132.9143318379119,129.21790307407372,129.6504669189453,122207100,0.0,0.0
2022-06-14,130.8793342743823,131.62648045825296,129.25721986088914,130.5155792236328,84784300,0.0,0.0
2022-06-15,132.01969996284308,135.01813996515114,129.92571973239964,133.1404266357422,91533000,0.0,0.0
2022-06-16,129.84709891808183,130.1518557555823,126.85848380018383,127.86124420166016,108123900,0.0,0.0
2022-06-17,127.87109072638007,130.8301993524765,127.61547659200777,129.3358917236328,134520300,0.0,0.0
2022-06-21,131.16442036715884,134.74288249152107,131.06611995214928,133.572998046875,81000500,0.0,0.0
2022-06-22,132.5112527755898,135.4310435768621,131.64614013134977,133.06179809570312,73409200,0.0,0.0
2022-06-23,134.5069656450009,136.24703170777948,133.33708105988757,135.9324493408203,72433800,0.0,0.0
2022-06-24,137.53489628676303,139.51092556990343,137.4071042192977,139.26515197753906,89116800,0.0,0.0
2022-06-27,140.28756352140977,141.06421647374572,138.5868144624807,139.26515197753906,70207900,0.0,0.0
2022-06-28,139.7272161311599,140.995401345449,134.99853432316218,135.1165008544922,67083400,0.0,0.0
2022-06-29,135.13613945781051,138.29186353568556,134.35948661563768,136.87620544433594,66242400,0.0,0.0
2022-06-30,134.9296996947126,136.0307605677301,131.50853555295868,134.40866088867188,98964500,0.0,0.0
2022-07-01,133.7401565905966,136.6894398129789,133.36659091632603,136.581298828125,71051600,0.0,0.0
2022-07-05,135.44091845782265,139.2159973193288,134.61510776869383,139.16683959960938,73353800,0.0,0.0
2022-07-06,138.96039485817002,141.68355545577728,138.69495517869038,140.50384521484375,74064300,0.0,0.0
2022-07-07,140.8675883216018,144.07248562850194,140.857762778016,143.87586975097656,66253700,0.0,0.0
2022-07-08,142.8042772492725,145.0555716697527,142.54867812328092,144.55418395996094,64547800,0.0,0.0
2022-07-11,143.20734636825597,144.1609490492264,141.34929872199135,142.42086791992188,63141600,0.0,0.0
2022-07-12,143.2958190916168,145.94034514627222,142.597830542374,143.39413452148438,77588800,0.0,0.0
2022-07-13,140.5726447543378,143.9741422785196,139.71734260162484,143.03038024902344,71185600,0.0,0.0
2022-07-14,141.64422349086814,146.4318877608006,140.82825345087886,145.9600067138672,78140700,0.0,0.0
2022-07-15,147.24784996064128,148.30959351033036,145.6945593046606,147.63125610351562,76259900,0.0,0.0
2022-07-18,148.1916489524308,149.00761906982018,144.219939344917,144.5836944580078,81420900,0.0,0.0
2022-07-19,145.41928800129,148.67332730777346,144.42636828869274,148.4472198486328,82982400,0.0,0.0
2022-07-20,148.56520429371037,151.1212554478555,147.8278835762641,150.45274353027344,64823400,0.0,0.0
2022-07-21,151.88808810670997,152.9400063380094,149.37136878805202,152.72372436523438,65086600,0.0,0.0
2022-07-22,152.76305700528843,153.63801052887143,150.81653405410532,151.4850311279297,66675400,0.0,0.0
2022-07-25,151.40635064916066,152.4189365975324,149.70560167774437,150.36427307128906,53623900,0.0,0.0
2022-07-26,149.68594024499822,150.50191035513055,148.25063089528444,149.037109375,55138700,0.0,0.0
2022-07-27,150.0005248051165,154.67022256546406,149.5876270137746,154.13934326171875,78620700,0.0,0.0
2022-07-28,154.32617098055007,154.97501695314946,151.79962590663797,154.68992614746094,81378700,0.0,0.0
2022-07-29,158.51414571337114,160.8637407183258,156.80355606508954,159.76266479492188,101786900,0.0,0.0
2022-08-01,158.28802433199732,160.82440969031893,158.17005780397355,158.77957153320312,67829400,0.0,0.0
2022-08-02,157.39337573631735,159.66432076960265,156.93132029655163,157.3048858642578,59907000,0.0,0.0
2022-08-03,158.1208945604064,163.77368717681702,158.0324196674791,163.32147216796875,82507500,0.0,0.0
2022-08-04,163.2034670413035,164.36352602829535,161.65017636428277,163.00685119628906,55474100,0.0,0.0
2022-08-05,160.673712879285,163.27268651132164,160.46696968304354,162.78045654296875,56697000,0.23,0.0
2022-08-08,163.7845816314674,165.20220622926757,161.64830554399492,162.30789184570312,60276900,0.0,0.0
2022-08-09,161.47110884266755,163.24313957743516,160.71307055191537,162.35711669921875,63135500,0.0,0.0
2022-08-10,165.07424565037454,166.7084528561764,164.30636805182522,166.61001586914062,70170500,0.0,0.0
2022-08-11,167.4172371966445,168.33279265478845,165.57630211146738,165.87164306640625,57149200,0.0,0.0
2022-08-12,167.18098503009688,169.4944567489093,166.76749865896252,169.42555236816406,68039400,0.0,0.0
2022-08-15,168.85456522976827,170.69550042466776,168.6872088503834,170.4986114501953,54091700,0.0,0.0
2022-08-16,170.09497999617207,171.01053551269388,168.992389717206,170.34109497070312,56377100,0.0,0.0
2022-08-17,170.0850959069714,173.41255926953514,169.88820698365328,171.83743286132812,79542000,0.0,0.0
2022-08-18,171.049901871482,172.18202470973495,170.42968734841074,171.4436798095703,62290100,0.0,0.0
2022-08-19,170.34111293537595,171.04008614629294,168.64784053029155,168.85458374023438,70346300,0.0,0.0
2022-08-22,167.05299243394208,167.22034880392278,164.54261684090196,164.9659423828125,69026800,0.0,0.0
2022-08-23,164.4835473638596,166.0882216660332,164.06022183299058,164.63121032714844,54147100,0.0,0.0
2022-08-24,164.71984652905635,165.4975632823113,163.66646716905697,164.92657470703125,53841500,0.0,0.0
2022-08-25,166.15713573322356,167.49600175790545,165.73382519932846,167.38771057128906,51218200,0.0,0.0
2022-08-26,167.91934018438116,168.3918767523516,161.01826634968077,161.07733154296875,78961000,0.0,0.0
2022-08-29,158.645710009374,160.36851486839709,157.33639153558275,158.8721466064453,73314000,0.0,0.0
2022-08-30,159.61048321715364,160.0337937500244,155.26901159376436,156.44052124023438,77906200,0.0,0.0
2022-08-31,157.81875651310324,158.084564879281,154.69802058402368,154.7767791748047,87991100,0.0,0.0
2022-09-01,154.2058307640191,155.95816855506837,152.26644314892485,155.5053253173828,74229900,0.0,0.0
2022-09-02,157.26744570942157,157.86796676025835,152.56172928679763,153.388671875,76957800,0.0,0.0
2022-09-06,154.03842495785003,154.64878522236114,151.30162793601315,152.12857055664062,73714800,0.0,0.0
2022-09-07,152.41409323627113,154.2353350897476,151.22289011406963,153.536376953125,87449600,0.0,0.0
2022-09-08,152.23685741248187,153.93012940950055,150.30730966413597,152.05966186523438,84923800,0.0,0.0
2022-09-09,153.05400095933032,155.36748802177215,152.34518854112125,154.92446899414062,68028800,0.0,0.0
2022-09-12,157.10993674145692,161.70736223015916,156.82445000741808,160.8902587890625,104956000,0.0,0.0
2022-09-13,157.41511914732905,158.04517283101427,150.98659772699438,151.4492950439453,122656600,0.0,0.0
2022-09-14,152.3845305395428,154.6586453659871,151.22287515005883,152.89645385742188,87965400,0.0,0.0
2022-09-15,152.24671887947383,152.82756164210238,149.0275457934619,150.0021514892578,90481100,0.0,0.0
2022-09-16,148.8601620780663,148.9979858391176,146.06428503412624,148.3580780029297,162278800,0.0,0.0
2022-09-19,146.98970508767258,152.15811955641868,146.78297692105565,152.07936096191406,81474200,0.0,0.0
2022-09-20,151.0161367015711,155.6234166633189,150.7011173572486,154.4617462158203,107689800,0.0,0.0
2022-09-21,154.8949011643533,156.27315389590652,151.21303113007994,151.33116149902344,101696800,0.0,0.0
2022-09-22,150.0120183626199,152.06953614035308,148.56486097289033,150.36642456054688,86652500,0.0,0.0
2022-09-23,148.84048424162157,149.11613179254852,146.25135007934554,148.09228515625,96029900,0.0,0.0
2022-09-26,147.3342661670832,151.38039679019585,147.31457276382835,148.42701721191406,93339400,0.0,0.0
2022-09-27,150.36639273150132,152.3156188966605,147.6197415235521,149.401611328125,84442700,0.0,0.0
2022-09-28,145.34566573388943,148.29904557000611,142.58917488251384,147.511474609375,146691400,0.0,0.0
2022-09-29,143.8295935811918,144.4399538960587,138.49380784574632,140.26583862304688,128138200,0.0,0.0
2022-09-30,139.084506748129,140.8762311475777,135.85547916959945,136.0523681640625,124925300,0.0,0.0
2022-10-03,136.0621976067289,140.84667290730152,135.55027429699052,140.23629760742188,114311700,0.0,0.0
2022-10-04,142.77621059568105,143.9477202186119,142.01817230643195,143.82958984375,87830100,0.0,0.0
2022-10-05,141.83111532059078,145.08967450416395,140.7875754267863,144.12489318847656,79471000,0.0,0.0
2022-10-06,143.54409774342406,145.24720918960443,142.9632699990137,143.1699981689453,68402200,0.0,0.0
2022-10-07,140.32491832079495,140.87622852536393,137.282940601211,137.91299438476562,85925600,0.0,0.0
2022-10-10,138.23785400390625,139.68501122355408,136.41661224606074,138.23785400390625,74899000,0.0,0.0
2022-10-11,137.7259221748937,139.15340092464973,136.07203689531147,136.82022094726562,77033700,0.0,0.0
2022-10-12,136.9679019716922,138.17878336551573,136.01297472776957,136.19017028808594,70433700,0.0,0.0
2022-10-13,132.89222092327284,141.35856536929484,132.281845691729,140.7678985595703,113224000,0.0,0.0
2022-10-14,142.06742450695816,142.2741677227646,136.04253393109235,136.22958374023438,88598000,0.0,0.0
2022-10-17,138.8777573464222,140.67930564113678,138.09018646721276,140.19692993164062,85250900,0.0,0.0
2022-10-18,143.22906350371468,144.420251464502,138.4248948126108,141.51609802246094,99136600,0.0,0.0
2022-10-19,139.488098622933,142.69743186765362,139.30104887468818,141.62437438964844,61758300,0.0,0.0
2022-10-20,140.7974520498777,143.6228470143876,140.43319169039492,141.1616973876953,64522000,0.0,0.0
2022-10-21,140.6497525827841,145.5523727061492,140.43317024697296,144.98138427734375,86548600,0.0,0.0
2022-10-24,144.90265893368223,147.89541049964913,143.73114921809554,147.12753295898438,75981900,0.0,0.0
2022-10-25,147.75759083673032,150.12030373846804,147.03893927663933,149.97262573242188,74732300,0.0,0.0
2022-10-26,148.61407962000084,149.62807215966112,145.73944336708044,147.0290985107422,88194300,0.0,0.0
2022-10-27,145.76896174416086,146.7337280888014,141.89018794295697,142.54977416992188,109180200,0.0,0.0
2022-10-28,145.89695747516933,155.05243775655637,145.52287291944214,153.31979370117188,164762400,0.0,0.0
2022-10-31,150.77988145527678,151.84309994681692,149.55914577499016,150.9570770263672,97943200,0.0,0.0
2022-11-01,152.67003329657965,153.0342786292701,146.81250027183614,148.30886840820312,80379300,0.0,0.0
2022-11-02,146.63529551052576,149.80525751264736,142.7466820050657,142.77621459960938,93604600,0.0,0.0
2022-11-03,139.8523615595117,140.58086724418428,136.59380191372105,136.72178649902344,97918500,0.0,0.0
2022-11-04,140.11394767074316,140.68588340372804,132.51117923439392,136.45555114746094,140814800,0.23,0.0
2022-11-07,135.2032111952328,137.2148342852633,133.78323487446542,136.988037109375,83374600,0.0,0.0
2022-11-08,138.4572998817349,139.46310374939873,135.5779105819191,137.55995178222656,89908500,0.0,0.0
2022-11-09,136.57387654941147,136.6231842073022,132.71824941976038,132.99435424804688,74917800,0.0,0.0
2022-11-10,139.27576104009148,144.82745361328125,137.55995404597397,144.82745361328125,118854000,0.0,0.0
2022-11-11,143.79208769866335,147.92380470701315,142.36224081918826,147.6181182861328,93979700,0.0,0.0
2022-11-14,146.89827154979093,148.19005093835904,145.37967994364752,146.21786499023438,73374100,0.0,0.0
2022-11-15,150.1030594439155,151.45400187502815,146.49395589081533,147.953369140625,89868300,0.0,0.0
2022-11-16,147.05603190661645,147.78573098764542,145.24160962263343,146.7207489013672,64218300,0.0,0.0
2022-11-17,144.39358466739876,149.3733571163338,144.11747984279026,148.62393188476562,80389400,0.0,0.0
2022-11-18,150.1918083587428,150.57638399086812,147.88435456599078,149.1859893798828,74829600,0.0,0.0
2022-11-21,148.07169232238655,148.27876337571865,145.66562358265233,145.9515838623047,58724100,0.0,0.0
2022-11-22,146.06995217218372,148.32809838668408,144.8866286056601,148.0914306640625,51804100,0.0,0.0
2022-11-23,147.3715896104273,149.71849566611712,147.26311878314957,148.9690704345703,58301400,0.0,0.0
2022-11-25,146.24744752036312,146.80952774156987,145.0739944661959,146.05023193359375,35195900,0.0,0.0
2022-11-28,143.12155936225687,144.60069908904606,141.38604083292904,142.21435546875,69246000,0.0,0.0
2022-11-29,142.28334655275705,142.79611910491008,138.39815293017466,139.2067413330078,83763800,0.0,0.0
2022-11-30,139.4335572359168,146.6517658940868,138.59538713539368,145.9713592529297,111380900,0.0,0.0
2022-12-01,146.14886675776248,147.05607061526013,144.57111175984417,146.24746704101562,71250400,0.0,0.0
2022-12-02,143.93014669455255,145.94176987503505,143.62444521311474,145.75440979003906,65447400,0.0,0.0
2022-12-05,145.71498109956457,148.82116833526126,143.74279490633833,144.59083557128906,68826400,0.0,0.0
2022-12-06,145.02469664926164,145.25149381357704,139.94630895435972,140.92254638671875,64727200,0.0,0.0
2022-12-07,140.21258159638873,141.37616424281495,138.05303527991336,138.97996520996094,69721100,0.0,0.0
2022-12-08,140.38017739203008,141.52404869832506,139.13770582962303,140.6661376953125,62128300,0.0,0.0
2022-12-09,140.36045763658447,143.54554848860332,138.94048147476286,140.18296813964844,76097000,0.0,0.0
2022-12-12,140.71546075742316,142.4904310742392,139.09826892356506,142.48057556152344,70462700,0.0,0.0
2022-12-13,147.4209143273598,147.8843792751259,142.2340701831816,143.44696044921875,93886200,0.0,0.0
2022-12-14,143.32862218685506,144.6204015969479,139.19689014923398,141.2183837890625,82291200,0.0,0.0
2022-12-15,139.14757356682156,139.827980094081,134.1382196907759,134.6016845703125,98931900,0.0,0.0
2022-12-16,134.78908000788886,135.73572104040244,131.8702375566982,132.63938903808594,160156900,0.0,0.0
2022-12-19,133.23101376151752,133.31975851229708,129.49372825060226,130.52911376953125,79592600,0.0,0.0
2022-12-20,129.5627197772006,131.39685280851097,128.08358072119486,130.46006774902344,77432800,0.0,0.0
2022-12-21,131.13064842267107,134.90738657654524,130.9038512362098,133.56629943847656,85928000,0.0,0.0
2022-12-22,132.48159480562174,132.68866590052642,128.48791532003168,130.3910675048828,77852100,0.0,0.0
2022-12-23,129.09928483618836,130.5784242340089,127.83708708710822,130.02621459960938,63814900,0.0,0.0
2022-12-27,129.55288050582337,129.58246208692498,126.9298699732108,128.22164916992188,69007800,0.0,0.0
2022-12-28,127.8666776669259,129.2077647504938,124.11952877613886,124.28716278076172,85438400,0.0,0.0
2022-12-29,126.2100295230018,128.66539876390968,125.95365078301222,127.80750274658205,75703700,0.0,0.0
2022-12-30,126.62418137813752,128.14275768545937,125.6578071138234,128.12303161621094,77034200,0.0,0.0
2023-01-03,128.46820186736826,129.07957474592163,122.4431727057536,123.33065795898438,112117500,0.0,0.0
2023-01-04,125.1253349737568,126.87072372434358,123.34050912530462,124.60270690917967,89113600,0.0,0.0
2023-01-05,125.36199835089351,125.99309725880704,123.02496279365803,123.28134155273438,80962700,0.0,0.0
2023-01-06,124.2575639751336,128.47803270861587,123.1531372583934,127.81735229492188,87754700,0.0,0.0
2023-01-09,128.6555533163335,131.55466910779157,128.08361757784448,128.33999633789062,70790800,0.0,0.0
2023-01-10,128.44846138243565,129.43455432577363,126.33822308555574,128.91192626953125,63896200,0.0,0.0
2023-01-11,129.42466143241492,131.65322542393002,128.64565485266922,131.63351440429688,69458900,0.0,0.0
2023-01-12,132.0181065351313,132.3928115608032,129.61203773839415,131.5546417236328,71379600,0.0,0.0
2023-01-13,130.19384999657817,133.04365799858422,129.82900042275443,132.88587951660156,57809700,0.0,0.0
2023-01-17,132.95493555995287,135.38071617959395,132.26467339365607,134.04949951171875,63646600,0.0,0.0
2023-01-18,134.91723044564642,136.68233001992917,133.15211582478094,133.32962036132812,69672800,0.0,0.0
2023-01-19,132.2153258346004,134.35514542774973,131.9096394708051,133.38877868652344,58280400,0.0,0.0
2023-01-20,133.3986444948596,136.1005444209002,132.35338844252215,135.95262145996094,80223600,0.0,0.0
2023-01-23,136.19914460303502,141.32683964763805,135.9822029643826,139.14756774902344,81760300,0.0,0.0
2023-01-24,138.35870860544605,141.1690797184196,138.34885309206118,140.54783630371094,66435100,0.0,0.0
2023-01-25,138.93063463423644,140.44921115138996,136.87955949987148,139.88714599609375,65799300,0.0,0.0
2023-01-26,141.17890975078,142.24389182095663,139.9265676340099,141.9579315185547,54105100,0.0,0.0
2023-01-27,141.16907645645273,145.18246711281154,141.09018721144076,143.90054321289062,70555800,0.0,0.0
2023-01-30,142.9440557695909,143.52584706043817,140.863398823187,141.0113067626953,64015300,0.0,0.0
2023-01-31,140.71548650765396,142.33267863745013,140.3013291990389,142.2833709716797,65874500,0.0,0.0
2023-02-01,141.967813832125,144.57109881294525,139.35467333783802,143.40750122070312,77663600,0.0,0.0
2023-02-02,146.82923768896234,149.07752846410273,146.10939403157928,148.72254943847656,118339000,0.0,0.0
2023-02-03,145.97131216518497,155.19128562284567,145.77409661965578,152.35133361816406,154357300,0.0,0.0
2023-02-06,150.44820252682044,150.97083056548323,148.68308779153134,149.619873046875,69858300,0.0,0.0
2023-02-07,148.54504029445562,153.07120329051187,148.54504029445562,152.499267578125,83322600,0.0,0.0
2023-02-08,151.74001538718375,152.43027756762845,149.06769638917788,149.80726623535156,64120100,0.0,0.0
2023-02-09,151.64138491373802,152.1837390894266,148.32811173185976,148.7718505859375,56007100,0.0,0.0
2023-02-10,147.60648709847575,149.46316214008027,147.3694580195322,149.1372528076172,57450700,0.23,0.0
2023-02-13,149.07798723256394,152.34693578344766,149.04836048379,151.94203186035156,62199000,0.0,0.0
2023-02-14,150.2334863638484,151.8630330104811,148.98911761787627,151.3000946044922,61707600,0.0,0.0
2023-02-15,151.21121650909475,153.57157647071767,150.98407305919312,153.4036865234375,65573800,0.0,0.0
2023-02-16,151.60620973926373,154.39124418106178,151.44820546398805,151.80374145507812,68167900,0.0,0.0
2023-02-17,150.46064065840176,151.10257366904202,148.97924287733272,150.6581573486328,59144100,0.0,0.0
2023-02-21,148.33729678255915,149.4236611977066,146.56950203742764,146.6386260986328,58867200,0.0,0.0
2023-02-22,147.0237810788301,148.09038924690807,145.33499611487431,147.06329345703125,51011300,0.0,0.0
2023-02-23,148.22867140254277,148.47557105445037,145.41402441253163,147.54722595214844,48394200,0.0,0.0
2023-02-24,145.28565848787133,145.36466819935794,143.91289677361027,144.890625,55469600,0.0,0.0
2023-02-27,145.87816880166045,147.32005405148948,145.62138356873174,146.08555603027344,44998500,0.0,0.0
2023-02-28,145.2263730908277,147.2311969873109,145.0091001993268,145.5819091796875,50547000,0.0,0.0
2023-03-01,145.0091039171703,145.40413732845008,143.2116672358624,143.50794982910156,55479000,0.0,0.0
2023-03-02,142.58948505088003,144.8905915062189,142.11542689154663,144.1005096435547,52238100,0.0,0.0
2023-03-03,146.20407279147852,149.23600736765022,145.50288630750634,149.15699768066406,70732300,0.0,0.0
2023-03-06,151.8827898611123,154.3616721188966,151.55689556759242,151.92230224609375,87558000,0.0,0.0
2023-03-07,151.79388801539042,152.11979733212814,149.25576768015293,149.71994018554688,56182000,0.0,0.0
2023-03-08,150.91494388116536,151.5667625921133,149.94710144553787,150.9741973876953,47204800,0.0,0.0
2023-03-09,151.65561114338573,152.6234533766544,148.3669065925505,148.72244262695312,53833600,0.0,0.0
2023-03-10,148.3471863994858,149.06812912915592,145.77942411442874,146.65838623046875,68572400,0.0,0.0
2023-03-13,145.97695730432906,151.24086003469367,145.86832084762136,148.60397338867188,84457100,0.0,0.0
2023-03-14,149.4039106364519,151.49761478500946,148.238551555895,150.69766235351562,73695900,0.0,0.0
2023-03-15,149.31503194180715,151.34948260848185,148.06077752387876,151.09271240234375,77167900,0.0,0.0
2023-03-16,150.27296556048162,154.51964139483346,149.75941020923207,153.91720581054688,76161100,0.0,0.0
2023-03-17,154.1443976469308,154.79621636647911,152.36671707978053,153.07778930664062,98944600,0.0,0.0
2023-03-20,153.14690680049927,155.8628026785515,152.23830291826783,155.447998046875,73641400,0.0,0.0
2023-03-21,155.36903302560913,157.42322503802845,154.59869218400178,157.30471801757812,73938300,0.0,0.0
2023-03-22,157.32443633451206,160.1292123200188,155.85290921676807,155.87266540527344,75701800,0.0,0.0
2023-03-23,156.86027933820688,159.54654859691777,155.72453196517867,156.9590301513672,67622100,0.0,0.0
2023-03-24,156.88988831142535,158.35152977877317,155.89241931505222,158.2626495361328,59196500,0.0,0.0
2023-03-27,157.95649464031004,158.7762031421057,155.91215866543004,156.31707763671875,52390300,0.0,0.0
2023-03-28,156.01093927220384,156.52449472162644,154.04561279409856,155.6949005126953,45992200,0.0,0.0
2023-03-29,157.39358278783644,159.05275625859912,157.37384166607825,158.77622985839844,51305700,0.0,0.0
2023-03-30,159.5267880006936,160.45513302219786,159.27001781009866,160.34649658203125,49501700,0.0,0.0
2023-03-31,160.42548165834214,162.95373107479804,159.9020557277269,162.85496520996094,68749800,0.0,0.0
2023-04-03,162.23282167038158,164.22775993608963,162.18343872786127,164.1092529296875,56976200,0.0,0.0
2023-04-04,164.53391473562277,164.7709287291007,163.0623875580335,163.57594299316406,46278300,0.0,0.0
2023-04-05,162.69699871298138,163.00315186770885,159.79345641920935,161.72914123535156,51511700,0.0,0.0
2023-04-06,160.41565544340602,162.91429410929996,159.99099522034615,162.61801147460938,45390100,0.0,0.0
2023-04-10,159.4181788200064,160.02061462402344,158.0948001913657,160.02061462402344,47716900,0.0,0.0
2023-04-11,160.33664331436313,160.34651387560373,158.5194503856298,158.8058624267578,47644200,0.0,0.0
2023-04-12,159.22063801456596,160.05021717246308,157.79849370413783,158.11453247070312,50133100,0.0,0.0
2023-04-13,159.62556544083142,163.74384976611952,159.4181631056541,163.50682067871094,68445600,0.0,0.0
2023-04-14,162.54882677930067,164.25738296375815,161.78838681581487,163.16114807128906,49386500,0.0,0.0
2023-04-17,163.04264500551295,163.33892759169828,161.99579292794192,163.180908203125,41516200,0.0,0.0
2023-04-18,164.04012619342146,165.33387789076258,163.5956947875371,164.40553283691406,49923000,0.0,0.0
2023-04-19,163.74384033117565,166.0745734796078,163.4870550672227,165.5511474609375,47720200,0.0,0.0
2023-04-20,164.03022972696172,165.78815383509277,163.50680373238094,164.58328247070312,52456400,0.0,0.0
2023-04-21,163.00312223043315,164.38575399057277,162.4500695263773,162.97349548339844,58337300,0.0,0.0
2023-04-24,162.953784226715,163.5463494699089,161.85754907549833,163.27969360351562,41949600,0.0,0.0
2023-04-25,163.1414017604714,164.2475072794641,161.69950129216383,161.739013671875,48714100,0.0,0.0
2023-04-26,161.0378252295865,163.23029532612622,160.78105501874768,161.72914123535156,45498800,0.0,0.0
2023-04-27,163.14140369362494,166.4696059197472,163.14140369362494,166.32147216796875,64902300,0.0,0.0
2023-04-28,166.40046934782268,167.7436038513408,165.79803368662212,167.57569885253906,55275900,0.0,0.0
2023-05-01,167.18067853080987,168.33616700655767,166.548616072207,167.48683166503906,52472900,0.0,0.0
2023-05-02,167.98062504743248,168.237410301642,165.46224586153255,166.44984436035156,48425700,0.0,0.0
2023-05-03,167.39796271242133,168.80035091617836,165.08698560494395,165.37338256835938,65136000,0.0,0.0
2023-05-04,162.84513031273676,164.96846124572582,162.27232132426357,163.7339630126953,81235400,0.0,0.0
2023-05-05,168.85960390825258,172.13843848392673,168.64233101133158,171.41749572753906,113453200,0.0,0.0
2023-05-08,170.34101852570507,171.69403898381825,169.9756118311756,171.34837341308594,55962800,0.0,0.0
2023-05-09,170.9039412906591,171.38785496168964,169.47192632998963,169.6398162841797,45326900,0.0,0.0
2023-05-10,170.87432663815136,171.87179587293446,169.76820587698572,171.40762329101562,53724500,0.0,0.0
2023-05-11,171.6940265101682,172.4248398461332,170.0348529885771,171.5952606201172,49514700,0.0,0.0
2023-05-12,171.70401959715826,172.13916641173466,169.11293731632776,170.66561889648438,45533100,0.24,0.0
2023-05-15,171.249125704419,171.29857695594924,169.5777729993573,170.17115783691406,37266700,0.0,0.0
2023-05-16,170.09203885254627,171.2293421857262,169.9041331509732,170.17115783691406,42110300,0.0,0.0
2023-05-17,169.81510548834717,171.0216283275313,168.5393327985131,170.78428649902344,57951600,0.0,0.0
2023-05-18,171.09087517456516,173.30616130301183,170.6755118549318,173.11825561523438,65496700,0.0,0.0
2023-05-19,174.44345770293714,174.44345770293714,173.00946211256743,173.22703552246094,55809500,0.0,0.0
2023-05-22,172.06006024351018,172.7820152807016,171.5359102025042,172.2776336669922,43570900,0.0,0.0
2023-05-23,171.2194603598222,171.46670153051892,169.38986966050507,169.66677856445312,50747300,0.0,0.0
2023-05-24,169.20194113871565,170.51726580029353,168.6382391925545,169.94366455078125,45143500,0.0,0.0
2023-05-25,170.50737715893996,171.98092464144923,169.7953214946183,171.0809783935547,56058300,0.0,0.0
2023-05-26,171.40736336995897,173.83032378662378,171.1996741500605,173.4940643310547,54835000,0.0,0.0
2023-05-30,175.00716998790764,177.01476677794446,174.6214744245607,175.34341430664062,55964400,0.0,0.0
2023-05-31,175.3731100748192,177.37082297149755,174.80939295881248,175.2939910888672,99625300,0.0,0.0
2023-06-01,175.73899077622127,178.13228308457525,174.97748387661747,178.1026153564453,68901800,0.0,0.0
2023-06-02,179.03227450268932,179.77399801140302,177.28180279681203,178.95315551757812,61996900,0.0,0.0
2023-06-05,180.6146272002442,182.9090174472027,176.0752677783844,177.59828186035156,121946500,0.0,0.0
2023-06-06,177.98396853821802,178.1323071989488,175.47198988688834,177.23236083984375,64848400,0.0,0.0
2023-06-07,176.47083445864072,179.21027045240393,175.36319900574065,175.85768127441406,61944600,0.0,0.0
2023-06-08,175.93678298136524,178.84434109966037,175.50165126625262,178.57733154296875,50214900,0.0,0.0
2023-06-09,179.4970774647442,180.21901740774703,178.63668307937917,178.96304321289062,48900000,0.0,0.0
2023-06-12,179.26960009694577,181.8606822718443,178.9729077272824,181.76177978515625,54274900,0.0,0.0
2023-06-13,180.782712398369,182.11780541012087,180.42668457715504,181.28707885742188,54929100,0.0,0.0
2023-06-14,181.3464274280608,182.35517550952275,180.01133431975106,181.92002868652344,57462900,0.0,0.0
2023-06-15,181.9299404833556,184.46168752877136,181.7519190024484,183.95730590820312,65433200,0.0,0.0
2023-06-16,184.66937243020823,184.92651290759443,182.2365277422246,182.8793487548828,101256200,0.0,0.0
2023-06-20,182.37496829785863,184.0463209118931,182.37496829785863,182.9683380126953,49799100,0.0,0.0
2023-06-21,182.85953033754495,183.36391189129432,180.575024752965,181.92991638183597,49515700,0.0,0.0
2023-06-22,181.7123518491607,184.98582209518955,181.6431170872681,184.93637084960935,51245300,0.0,0.0
2023-06-23,183.5023838322858,185.49019723798705,182.9683344997437,184.61990356445312,53117000,0.0,0.0
2023-06-26,184.76824612936457,185.97478407089304,183.18589683511047,183.2254638671875,48088700,0.0,0.0
2023-06-27,183.83864388833905,186.3110555900437,183.6210704513568,185.9846954345703,50730800,0.0,0.0
2023-06-28,185.8561194768788,187.80438104509085,185.52977442185303,187.16156005859372,51216800,0.0,0.0
2023-06-29,186.9934209820816,187.9725013298976,186.85496654717443,187.49778747558597,46347300,0.0,0.0
2023-06-30,189.51529419368583,192.3338342950544,189.14936702429085,191.8294677734375,85213200,0.0,0.0
2023-07-03,191.6415766685233,191.7404791738125,189.64386376682967,190.33615112304688,31458200,0.0,0.0
2023-07-05,189.45593906907268,190.8503675642152,188.51641070905347,189.2185821533203,46920300,0.0,0.0
2023-07-06,187.7450368621044,189.90098754652763,187.1121001189567,189.69329833984372,45094300,0.0,0.0
2023-07-07,189.2977302172838,190.54382026308585,188.1406433696669,188.5757751464844,46815000,0.0,0.0
2023-07-10,187.17140054824452,187.8933554393597,184.97589833035343,186.5285797119141,59922200,0.0,0.0
2023-07-11,187.07253909809663,187.21099353236755,184.54079224834237,186.00445556640625,46638100,0.0,0.0
2023-07-12,187.5868087386057,189.5845215693785,186.39016995526785,187.6758270263672,60750200,0.0,0.0
2023-07-13,188.39776494849255,189.08015296828228,187.68570919657316,188.43731689453125,41342300,0.0,0.0
2023-07-14,188.13073248396137,189.07024584013212,187.53736277551772,188.58566284179688,41616200,0.0,0.0
2023-07-17,189.7822957354681,192.17560328436687,189.69329254549467,191.8492431640625,50520200,0.0,0.0
2023-07-18,191.2162905465396,192.1854715232971,190.29654572205703,191.5920867919922,48288200,0.0,0.0
2023-07-19,190.9690618542327,196.0424397664868,190.5240157315845,192.94699096679688,80507300,0.0,0.0
2023-07-20,192.9370956401489,194.3018715848771,190.3756810082794,190.9987335205078,59581200,0.0,0.0
2023-07-21,191.95803606721276,192.8184304455329,189.11969738642372,189.8218688964844,71951700,0.0,0.0
2023-07-24,191.2756603671028,192.7591073714878,190.12845772868155,190.62294006347656,45377800,0.0,0.0
2023-07-25,191.1965442835888,192.2942956871053,190.791065141208,191.48333740234372,37283200,0.0,0.0
2023-07-26,191.53276478098635,193.48102617402893,191.18663623876355,192.3536071777344,47471900,0.0,0.0
2023-07-27,193.85684188907683,195.02381285425056,190.42513357699175,191.08773803710935,47460200,0.0,0.0
2023-07-28,192.5217427199515,194.4601200346163,191.99759267326004,193.6689453125,48291400,0.0,0.0
2023-07-31,193.89637842130432,194.32164100543085,193.10520379928343,194.28207397460935,38824100,0.0,0.0
2023-08-01,194.07440747187567,194.55899044039091,193.12499487022708,193.45135498046875,35175100,0.0,0.0
2023-08-02,192.88764791924385,193.026102358892,189.73286353794575,190.45480346679688,50389300,0.0,0.0
2023-08-03,189.45595867004647,190.247118290272,188.58566497931545,189.06036376953125,61235200,0.0,0.0
2023-08-04,183.47270249377223,185.31217710978223,179.9124241755589,179.98165893554688,115956800,0.0,0.0
2023-08-07,180.12011470756278,181.10907923772604,175.3928654606145,176.87631225585938,97576100,0.0,0.0
2023-08-08,177.70702446409274,178.28062565603474,175.6203088706347,177.81581115722656,67823000,0.0,0.0
2023-08-09,178.87402014653773,178.93335560733482,175.05661623443876,176.22360229492188,60378500,0.0,0.0
2023-08-10,177.49935830249015,178.7553475423464,175.64011515660735,176.0060272216797,54686900,0.0,0.0
2023-08-11,175.60001780962375,176.88739582771854,174.83748251539495,176.06544494628906,52036700,0.24,0.0
2023-08-14,176.24371615843643,177.94703359876078,175.59011444303226,177.71926879882812,43675600,0.0,0.0
2023-08-15,177.14486608365337,177.73903700795614,175.33261529851168,175.72872924804688,43622600,0.0,0.0
2023-08-16,175.4118348409486,176.80814628515878,174.78794103749047,174.85726928710938,46964900,0.0,0.0
2023-08-17,175.42173612638558,175.78814227993055,171.79723460866867,172.31219482421875,66062900,0.0,0.0
2023-08-18,170.62871045348956,173.40155375891743,170.29201204567954,172.79747009277344,61172200,0.0,0.0
2023-08-21,173.37184868637627,174.42156439236868,172.05474771785234,174.13436889648438,46311900,0.0,0.0
2023-08-22,175.34251507159627,175.95649623435884,174.54037449165708,175.5108642578125,42038900,0.0,0.0
2023-08-23,176.78837280424742,179.78898080878903,176.60021337314086,179.36314392089844,52722800,0.0,0.0
2023-08-24,178.91750900229638,179.3433458832632,174.30270712253693,174.66912841796875,54945800,0.0,0.0
2023-08-25,175.6594223889941,177.41224254469248,174.1145567754665,176.8774871826172,51449600,0.0,0.0
2023-08-28,178.34314839003864,178.83829845949455,176.81809282485807,178.4421844482422,43820700,0.0,0.0
2023-08-29,177.9569059889832,183.10646293821267,177.75884901223952,182.3340301513672,53003900,0.0,0.0
2023-08-30,183.14609871926743,186.027875570887,182.9480417259573,185.82980346679688,60813900,0.0,0.0
2023-08-31,186.0179606639307,187.28554353881967,185.6614520359444,186.04766845703125,60794500,0.0,0.0
2023-09-01,187.65196121049496,188.0777829772235,186.45369150574663,187.62225341796875,45766500,0.0,0.0
2023-09-05,186.453699999912,188.1372071331358,185.7902007519677,187.85992431640625,45280000,0.0,0.0
2023-09-06,186.57252563325392,187.01817274977,179.70975345688714,181.1357879638672,81755800,0.0,0.0
2023-09-07,173.48075801343515,176.4813811102254,171.8566665123906,175.83767700195312,112488800,0.0,0.0
2023-09-08,176.6200091931817,178.49167556913386,176.06542850593996,176.45164489746094,65551300,0.0,0.0
2023-09-11,178.3233437087065,178.5511084974291,175.619813594627,177.62022399902344,58953100,0.0,0.0
2023-09-12,177.7489799506068,178.3827714442694,173.12428004812202,174.5899200439453,90370200,0.0,0.0
2023-09-13,174.7978655233742,175.58021106580875,172.29240747476095,172.5201873779297,84267900,0.0,0.0
2023-09-14,172.31221179761187,174.39184798430878,171.89628758242847,174.03533935546875,60895800,0.0,0.0
2023-09-15,174.76816613453047,174.78797636853713,172.1339792213286,173.3124237060547,109259500,0.0,0.0
2023-09-18,174.76816076178545,177.64004017321716,174.46117014263496,176.24371337890625,67257600,0.0,0.0
2023-09-19,175.7980702206982,177.88760394386657,175.4118538031827,177.33303833007812,51826900,0.0,0.0
2023-09-20,177.52118590379774,177.95692035427507,173.69862701203755,173.7877655029297,58436200,0.0,0.0
2023-09-21,172.85685511620576,174.58987998681354,172.17354574949883,172.24285888671875,63149100,0.0,0.0
2023-09-22,172.97572753179696,175.36235454947433,172.36174626663464,173.0945587158203,56725400,0.0,0.0
2023-09-25,172.51027081019092,175.2534062611611,172.46075278406465,174.37203979492188,46172700,0.0,0.0
2023-09-26,173.12426626356617,173.50057001651604,169.99491440180657,170.29200744628906,64588900,0.0,0.0
2023-09-27,170.94558441007192,171.36150860467507,167.41022120055555,168.77682495117188,66921800,0.0,0.0
2023-09-28,167.69742105029528,170.36133082824708,165.9941036111019,169.03433227539062,56294400,0.0,0.0
2023-09-29,170.35139588582132,171.3912138204146,168.6876841683166,169.54925537109375,51861100,0.0,0.0
2023-10-02,169.55917827580257,172.6093042881744,169.2719827950215,172.06463623046875,52164500,0.0,0.0
2023-10-03,170.58908076573104,171.9458021063211,169.1630613901914,170.72772216796875,49594600,0.0,0.0
2023-10-04,169.43043127173715,172.5201776911012,169.31160010164683,171.9755096435547,53020300,0.0,0.0
2023-10-05,172.10423261632292,173.74813426454526,171.00499899742474,173.21337890625,48527900,0.0,0.0
2023-10-06,172.1141617663429,176.26352163595584,171.5001654241457,175.76837158203125,57266700,0.0,0.0
2023-10-09,175.09495269037183,177.3132302836497,174.09475506108697,177.25381469726562,42390800,0.0,0.0
2023-10-10,176.37245706568626,177.97673842144718,176.2239029815132,176.65963745117188,43698000,0.0,0.0
2023-10-11,176.4714829606774,178.10548726772782,175.87731193966172,178.05596923828125,47551100,0.0,0.0
2023-10-12,178.3233466007442,180.57131695227565,177.30332359387822,178.95713806152344,56743100,0.0,0.0
2023-10-13,179.6602366589199,180.1652842541005,176.41205364228972,177.11517333984375,51427100,0.0,0.0
2023-10-16,175.0355274416581,177.34292828713865,174.79784999846223,176.98641967773438,52517000,0.0,0.0
2023-10-17,174.93649062028842,176.6893258679855,173.10444466932296,175.431640625,57549400,0.0,0.0
2023-10-18,173.87689630601963,175.85749653944856,173.4114540423014,174.13436889648438,54764400,0.0,0.0
2023-10-19,174.33241738277906,176.11496052795673,173.4906713911534,173.758056640625,59302900,0.0,0.0
2023-10-20,173.60950111647475,173.71843472751576,170.96540176933075,171.2030792236328,64244000,0.0,0.0
2023-10-23,169.25220619662628,172.3221276665047,168.28170114730867,171.32192993164062,55980100,0.0,0.0
2023-10-24,171.3714282347356,171.98540943587548,169.78694209599936,171.7576446533203,43816600,0.0,0.0
2023-10-25,170.2127862637829,171.38133313025827,168.99470625930118,169.4403533935547,57157000,0.0,0.0
2023-10-26,168.71741923518283,169.71763198356828,164.06301189675906,165.27117919921875,70625300,0.0,0.0
2023-10-27,165.29099661436564,167.321114882013,165.2117707914918,166.58828735351562,58499100,0.0,0.0
2023-10-30,167.38051344932887,169.5096524459554,167.23195938000526,168.63818359375,51131000,0.0,0.0
2023-10-31,167.70733154956028,169.24228464861295,166.27138428536674,169.11355590820312,44846000,0.0,0.0
2023-11-01,169.34129385969914,172.53995851269775,168.4698250558493,172.28248596191406,56934900,0.0,0.0
2023-11-02,173.8174769968696,176.0555497728662,173.75806140886317,175.84759521484375,77334800,0.0,0.0
2023-11-03,172.5498964006483,175.10487249469713,171.66852990822986,174.93650817871094,79829200,0.0,0.0
2023-11-06,174.66913933099835,177.68954259678722,174.50079012453784,177.49148559570312,63841300,0.0,0.0
2023-11-07,177.4419743130807,180.6703624855209,177.23401974281032,180.05638122558594,70530000,0.0,0.0
2023-11-08,180.581241871906,181.67056299140015,179.82860407252238,181.11599731445312,49340300,0.0,0.0
2023-11-09,181.18530832204868,182.3340449245472,180.04645416963675,180.64064025878903,53763500,0.0,0.0
2023-11-10,182.425536381392,185.00371491529177,181.98922784820687,184.8351287841797,66133400,0.24,0.0
2023-11-13,184.26000678217756,184.46823531200093,182.66352248721637,183.24856567382807,43627500,0.0,0.0
2023-11-14,186.1242211071054,186.53078271340212,184.7359804157126,185.8664093017578,60108400,0.0,0.0
2023-11-15,186.2729495954029,187.909091303821,186.20353000343164,186.4315948486328,53790500,0.0,0.0
2023-11-16,187.97853127837135,189.35686136039257,187.0662415372727,188.1173553466797,54412900,0.0,0.0
2023-11-17,188.6527845861859,188.7816980324533,186.9868960375892,188.0974884033203,50922700,0.0,0.0
2023-11-20,188.2958266614519,190.29887250675844,188.2859160609316,189.8427276611328,46505100,0.0,0.0
2023-11-21,189.80306012274144,189.9121372454657,188.14708208188244,189.03952026367188,38134500,0.0,0.0
2023-11-22,189.88238464889707,191.31028267101584,189.22792193208025,189.70388793945312,39617700,0.0,0.0
2023-11-24,189.26757546541884,189.2973223945837,187.66118076777323,188.3751373291016,24048300,0.0,0.0
2023-11-27,188.3255839995523,189.06928760823715,187.31414285514808,188.19667053222656,40552600,0.0,0.0
2023-11-28,188.18670843994423,189.47579736841817,187.8098938728267,188.80149841308597,38415400,0.0,0.0
2023-11-29,189.2973512852548,190.47736342450784,187.3835612736981,187.7801971435547,43014200,0.0,0.0
2023-11-30,188.24626953606747,188.72225077951296,186.6101275124571,188.3553466796875,48794400,0.0,0.0
2023-12-01,188.73211185944243,189.95178132302283,187.64134070945283,189.6344757080078,45704800,0.0,0.0
2023-12-04,188.38506152852517,188.45448112204545,185.87630278327032,187.8396759033203,43389500,0.0,0.0
2023-12-05,188.61313058416235,192.7679414338868,188.58336852388663,191.79617309570312,66628400,0.0,0.0
2023-12-06,192.8175368647406,193.1249319103576,190.4971854261922,190.70542907714844,41089700,0.0,0.0
2023-12-07,192.0044117201268,193.3629052381858,191.96473906125271,192.6390380859375,47477700,0.0,0.0
2023-12-08,192.56962283922067,194.3446036620394,192.04407357743747,194.06695556640625,53406400,0.0,0.0
2023-12-11,191.48877730415995,191.8655919183663,189.8129630007935,191.5581817626953,60943700,0.0,0.0
2023-12-12,191.45905774250065,193.08528901898003,190.1104746012234,193.07537841796875,52696900,0.0,0.0
2023-12-13,193.45216455954895,196.3377379763236,193.214189106248,196.29808044433597,70404200,0.0,0.0
2023-12-14,196.3575823214872,197.9441408874326,194.51319682969316,196.4468231201172,66831600,0.0,0.0
2023-12-15,195.87168903034603,196.73438033852585,195.34613971264017,195.91136169433597,128538400,0.0,0.0
2023-12-18,194.44380135244515,194.97927647202485,192.75807604734507,194.2454833984375,55751900,0.0,0.0
2023-12-19,194.51318587990949,195.29654695271063,194.2454483684032,195.28663635253903,40714100,0.0,0.0
2023-12-20,195.24696511767544,196.0204155959587,193.19435119628903,193.19435119628903,52242800,0.0,0.0
2023-12-21,194.45368523269556,195.42545358966169,191.875506993429,193.04559326171875,46482500,0.0,0.0
2023-12-22,193.5413924757588,193.7694724442452,191.3499546254364,191.97467041015625,37149600,0.0,0.0
2023-12-26,191.9846022868164,192.2622504150879,191.21115176796184,191.42930603027344,28919300,0.0,0.0
2023-12-27,190.8739947779816,191.87551008122907,189.4857391150024,191.5284423828125,48087700,0.0,0.0
2023-12-28,192.51016078496025,193.02579953233345,191.54830289093405,191.95486450195312,34049900,0.0,0.0
2023-12-29,192.2721748362989,192.7679772625201,190.1203941221817,190.91368103027344,42672100,0.0,0.0
2024-01-02,185.57883023572916,186.85800888690832,182.34620407017263,184.08151245117188,82488700,0.0,0.0
2024-01-03,182.67340858873573,184.31947592788424,181.8900324473893,182.70315551757807,58414500,0.0,0.0
2024-01-04,180.6208032204985,181.552914127362,179.36147605378457,180.38282775878903,71983600,0.0,0.0
2024-01-05,180.46214807824285,181.2256728170181,178.65742022872922,179.658935546875,62379700,0.0,0.0
2024-01-08,180.56129720920063,184.04183940945515,179.9762540642685,184.00216674804688,59144500,0.0,0.0
2024-01-09,182.37593441619447,183.5956039593173,181.1959224035276,183.585693359375,42841800,0.0,0.0
2024-01-10,182.80234296869347,184.83512061558696,182.375945055311,184.62689208984372,46792900,0.0,0.0
2024-01-11,184.97392753345,185.47965559618967,182.07844372761645,184.0319061279297,49128400,0.0,0.0
2024-01-12,184.49797017252533,185.17226924419936,183.63527891547236,184.3591461181641,40477800,0.0,0.0
2024-01-16,180.63073389939075,182.71309489982517,179.41104910197012,182.08839416503903,65603000,0.0,0.0
2024-01-17,179.74819585869176,181.39424823145328,178.786338048284,181.14634704589844,47317400,0.0,0.0
2024-01-18,184.52771753168437,187.55211493445296,184.26990575318283,187.04640197753903,78005800,0.0,0.0
2024-01-19,187.74052319933503,190.33852272040096,187.23481023986653,189.9517974853516,68903000,0.0,0.0
2024-01-22,190.68558968364889,193.69015075906108,190.64591702187172,192.26223754882807,60133900,0.0,0.0
2024-01-23,193.3827518428589,194.10661903356933,192.20273983497611,193.54139709472656,42355600,0.0,0.0
2024-01-24,193.77940103141137,194.73134826169684,192.7084660713482,192.86712646484372,53631300,0.0,0.0
2024-01-25,193.581074455708,194.62226243680655,191.48878789336808,192.53988647460935,54822100,0.0,0.0
2024-01-26,192.63905549468925,193.1249321296598,190.3286146537771,190.80458068847656,44594000,0.0,0.0
2024-01-29,190.39800942846196,190.5864167388377,187.98841731539085,190.120361328125,47145600,0.0,0.0
2024-01-30,189.33701232459805,190.18979301004532,185.89614265093053,186.4613494873047,55859400,0.0,0.0
2024-01-31,185.4697494385244,185.5292584344751,182.8023453182215,182.85191345214844,55467800,0.0,0.0
2024-02-01,182.4453590429028,185.38050055962896,182.2767880551107,185.291259765625,64885400,0.0,0.0
2024-02-02,178.35001646911297,185.7573045610492,177.7451370154647,184.28973388671875,102551700,0.0,0.0
2024-02-05,186.57042555488331,187.6611968198497,184.27982102914157,186.1043701171875,69668800,0.0,0.0
2024-02-06,185.291266866256,187.7206955127049,185.2020260688322,187.71078491210935,43490800,0.0,0.0
2024-02-07,189.0395243124124,189.4460858813363,187.02656792958788,187.81985473632807,53439000,0.0,0.0
2024-02-08,187.8000228857875,187.9487575459241,185.77715585449096,186.739013671875,40962000,0.0,0.0
2024-02-09,187.30492339729363,188.63538073939827,186.65956394365637,187.5035095214844,45155200,0.24,0.0
2024-02-12,187.0765772861258,187.32479480430877,185.45819421957455,185.8156280517578,41781900,0.0,0.0
2024-02-13,184.44549399150463,184.8823592862032,182.2015977323704,183.7206878662109,56529500,0.0,0.0
2024-02-14,183.99870756617025,184.20720181831388,181.13923662251403,182.8370361328125,54630500,0.0,0.0
2024-02-15,182.24128500065143,183.17458519121212,180.05697410890977,182.549072265625,65434500,0.0,0.0
2024-02-16,182.11221816970055,183.53203018346477,180.3746956259296,181.0101318359375,49752500,0.0,0.0
2024-02-20,180.49382826711656,181.12926445278407,178.7165976564194,180.26547241210935,53665600,0.0,0.0
2024-02-21,180.64278508736416,181.5860086349742,179.37191259479573,181.02008056640625,41371400,0.0,0.0
2024-02-22,182.1717814956972,183.6412399886709,181.1590650140456,183.0554351806641,52292200,0.0,0.0
2024-02-23,183.6908798817894,183.72066477086588,180.9307023940782,181.21864318847656,45119700,0.0,0.0
2024-02-26,180.94064867140932,181.45693020455124,179.36197373162466,179.86834716796875,40867400,0.0,0.0
2024-02-27,179.8087756065873,182.60866132395924,178.27974721589908,181.32786560058597,54318900,0.0,0.0
2024-02-28,181.2087048057168,181.814356133641,178.84568442217187,180.12648010253906,48953900,0.0,0.0
2024-02-29,179.97758519757838,181.26831948615475,178.2499855974841,179.46128845214844,136682600,0.0,0.0
2024-03-01,178.26981201401622,179.24282037465971,176.11528592616577,178.3790283203125,73563100,0.0,0.0
2024-03-04,174.8940486462885,175.63870116419773,172.55087478393426,173.85154724121094,81510100,0.0,0.0
2024-03-05,169.5424796657224,170.8133520831047,168.41060844555398,168.90704345703125,95132400,0.0,0.0
2024-03-06,169.84035496658896,170.01907946057096,167.47731930724007,167.9141845703125,68587700,0.0,0.0
2024-03-07,167.94396839769192,169.51270494606766,167.28868565722726,167.7950439453125,71765100,0.0,0.0
2024-03-08,167.7950495135339,172.46153602621885,167.7354797306053,169.51271057128906,76267000,0.0,0.0
2024-03-11,171.70695829072324,173.13669366515666,170.8233045037464,171.518310546875,60139500,0.0,0.0
2024-03-12,171.91542637381357,172.7891567808166,169.79068527950514,171.99485778808594,59825400,0.0,0.0
2024-03-13,171.53817270319811,171.9551763303205,169.54249409126064,169.9098663330078,52488700,0.0,0.0
2024-03-14,171.67717059661035,173.06718266017282,170.82330171470906,171.7665252685547,72913500,0.0,0.0
2024-03-15,169.94956266563446,171.38922119140625,169.0758321837892,171.38922119140625,121752700,0.0,0.0
2024-03-18,174.31819990832292,176.44294118443133,172.282813299669,172.48138427734375,75604200,0.0,0.0
2024-03-19,173.09698537547163,175.35080494990183,171.79632784991836,174.8245849609375,55215200,0.0,0.0
2024-03-20,174.46712406809783,177.39608764648438,173.84161109695287,177.39608764648438,53423100,0.0,0.0
2024-03-21,175.78765774149878,176.22452301821235,169.62192763151074,170.1481475830078,106181300,0.0,0.0
2024-03-22,170.53533912024872,171.81614985448238,168.84746321582597,171.0516357421875,71160100,0.0,0.0
2024-03-25,169.3538335652694,170.71406054011143,168.24180892635405,169.6318359375,54288300,0.0,0.0
2024-03-26,168.78791039294236,170.19778406175462,168.37090678526505,168.49998474121094,57388400,0.0,0.0
2024-03-27,169.19496313782787,172.3622205398845,168.8970991381061,172.07427978515625,60273300,0.0,0.0
2024-03-28,170.5254338962422,171.00200728609337,169.29426955996547,170.25735473632812,65672700,0.0,0.0
2024-04-01,169.9694362083208,170.02900599080004,168.2716216576847,168.8177032470703,46240500,0.0,0.0
2024-04-02,167.87446369081778,168.13260444031488,167.0305181193942,167.63616943359375,49329500,0.0,0.0
2024-04-03,167.58651513316036,169.46303876556578,167.37802092400054,168.4403839111328,47691700,0.0,0.0
2024-04-04,169.07585346888487,170.6942366833166,167.61634826660156,167.61634826660156,53704400,0.0,0.0
2024-04-05,168.38081863168355,169.1751176568126,167.74538244157907,168.3708953857422,42104800,0.0,0.0
2024-04-08,167.82481355698678,167.99359963764888,167.04045292920483,167.2489471435547,37425500,0.0,0.0
2024-04-09,167.49718091534808,168.86734648560252,167.1496854743383,168.46026611328125,42373800,0.0,0.0
2024-04-10,167.59644125136458,167.88436685482412,165.9184887053628,166.58370971679688,49709300,0.0,0.0
2024-04-11,167.13973556457643,174.20898041040104,166.96102623293754,173.79196166992188,91070300,0.0,0.0
2024-04-12,173.0175330436537,177.0883063929916,172.96790166012116,175.2912139892578,101670900,0.0,0.0
2024-04-15,174.10968609239896,175.37063525095596,171.27007724910962,171.45872497558594,73531800,0.0,0.0
2024-04-16,170.52542991803605,172.5210932508517,167.0702464097302,168.17233276367188,73711200,0.0,0.0
2024-04-17,168.40072200975763,169.4333003933425,166.8022003173828,166.8022003173828,50901200,0.0,0.0
2024-04-18,166.83194578270678,167.4375970919546,165.36250241682455,165.8489990234375,43122900,0.0,0.0
2024-04-19,165.02495745131748,165.21359005742565,162.91013914340203,163.82357788085938,68149400,0.0,0.0
2024-04-22,164.33986695337822,166.06745127090076,163.5952143613438,164.65757751464844,48116400,0.0,0.0
2024-04-23,164.17107024309314,165.85894631264824,163.74412823991457,165.7100067138672,49537800,0.0,0.0
2024-04-24,165.35256706337344,168.09289802448964,165.02493328758231,167.8148956298828,48251800,0.0,0.0
2024-04-25,168.3212618473153,169.39356334150216,166.9510963019663,168.67869567871094,50558300,0.0,0.0
2024-04-26,168.66876193087458,170.1183436596222,167.97374080476908,168.0928955078125,44838400,0.0,0.0
2024-04-29,172.13389200399433,174.77493022282954,171.8658279731322,172.26296997070312,68169400,0.0,0.0
2024-04-30,172.09416491333778,173.74233280675443,168.78790588015656,169.1155548095703,65934800,0.0,0.0
2024-05-01,168.37089789825708,171.47858587357683,167.90424778215495,168.0928955078125,50383100,0.0,0.0
2024-05-02,171.2800137361139,172.18352915382397,169.67156903864844,171.7963104248047,94214900,0.0,0.0
2024-05-03,185.31919936550048,185.66670996286237,181.3576573355521,182.0725250244141,163224100,0.0,0.0
2024-05-06,181.04984964293004,182.8866500436298,179.13360267463952,180.41441345214844,78569700,0.0,0.0
2024-05-07,182.1420038655686,183.5816623782166,180.02720100491794,181.0994873046875,77305800,0.0,0.0
2024-05-08,181.5463043299869,181.7647369645701,180.15627709627628,181.4370880126953,45057100,0.0,0.0
2024-05-09,181.25836496086745,183.34339825305352,180.811576441112,183.2540435791016,48983000,0.0,0.0
2024-05-10,183.8306552529416,184.01955884654,181.07668601424152,181.99136352539065,50759500,0.25,0.0
2024-05-13,184.36755931231187,186.01796278299403,183.5522942832241,185.20269775390625,72044800,0.0,0.0
2024-05-14,186.42559324440316,187.2110330394528,185.21264749222252,186.34605407714844,52393600,0.0,0.0
2024-05-15,186.8232879601364,189.5474323621825,186.2864023770235,188.6228179931641,70400000,0.0,0.0
2024-05-16,189.36845732702145,189.99481870677727,188.5631442219314,188.7420959472656,52845200,0.0,0.0
2024-05-17,188.4140234778259,189.7065083736888,188.0859301078384,188.77194213867188,41282900,0.0,0.0
2024-05-20,188.23504809883084,190.8100656899344,187.91689147556076,189.9351501464844,44361300,0.0,0.0
2024-05-21,189.98487181213304,191.6153866469515,189.815856788038,191.2375946044922,42309400,0.0,0.0
2024-05-22,191.158046649762,191.70486886169917,189.1696132758398,189.79595947265625,34648500,0.0,0.0
2024-05-23,189.87550428926585,189.89539287135,185.55067067436465,185.7992248535156,51005900,0.0,0.0
2024-05-24,187.7280067652561,189.4778227162681,186.9525037733123,188.88128662109372,36327000,0.0,0.0
2024-05-28,190.40243380522855,191.88382214222983,188.00638309980087,188.8912353515625,52280100,0.0,0.0
2024-05-29,188.5134539967084,191.13818582461727,188.41402624535667,189.18951416015625,53068000,0.0,0.0
2024-05-30,189.6567821553814,191.06856812279528,189.52754429358757,190.1837158203125,49889100,0.0,0.0
2024-05-31,190.3328400080532,191.4563096895504,188.81168973037515,191.13815307617188,75158300,0.0,0.0
2024-06-03,191.7843976924141,193.8623221502784,191.40660565779223,192.90786743164065,50080500,0.0,0.0
2024-06-04,193.5143599019416,194.1904352235572,191.91367022597112,193.22604370117188,47471400,0.0,0.0
2024-06-05,194.26993008901428,195.7612550851036,193.7429964707061,194.7372131347656,54156800,0.0,0.0
2024-06-06,194.55826398135932,195.3635770625748,193.04705038431933,193.35525512695312,41181800,0.0,0.0
2024-06-07,193.52429170702464,195.80105664694403,193.01724660656404,195.7513427734375,53103900,0.0,0.0
2024-06-10,195.76126603853865,196.15896182874013,191.03873662001607,192.0031280517578,97010200,0.0,0.0
2024-06-11,192.5300553197752,205.9619324668351,192.51018190883104,205.9519805908203,172373300,0.0,0.0
2024-06-12,206.1707209873844,218.92652361101457,205.7034379048798,211.8377685546875,198134300,0.0,0.0
2024-06-13,213.49810017257707,215.49647028335949,210.37626033331,213.00099182128903,97862700,0.0,0.0
2024-06-14,212.613243693924,213.9256018265929,210.07798811856895,211.2611083984375,70122700,0.0,0.0
2024-06-17,212.1360280257328,217.6837594401996,211.4897931914233,215.4169464111328,93728300,0.0,0.0
2024-06-18,216.33160783720555,217.36560169939585,211.76815683093403,213.0506896972656,79943300,0.0,0.0
2024-06-20,212.6927826496957,213.00100258632773,207.64217489543017,208.4673614501953,86172500,0.0,0.0
2024-06-21,209.17327704334383,210.66460227969185,205.91224707350656,206.29005432128903,241805100,0.0,0.0
2024-06-24,206.51869484312465,211.46988977828624,205.39522511371305,206.93626403808597,80727000,0.0,0.0
2024-06-25,207.94042486793816,210.15753911842552,207.40355450398363,207.86090087890625,55549700,0.0,0.0
2024-06-26,210.2768291728298,213.6173978459433,209.42180221570723,212.01670837402344,66213200,0.0,0.0
2024-06-27,213.44838535845383,214.49231592564604,211.12192192565487,212.8618011474609,49772700,0.0,0.0
2024-06-28,214.52214161134157,214.8204096554565,209.08377504858177,209.40191650390625,82542700,0.0,0.0
2024-07-01,210.86342163866271,216.25207446959735,210.6944066158183,215.49647521972656,60402900,0.0,0.0
2024-07-02,214.8999260337406,219.10547344874152,213.85601067210808,218.99610900878903,58046200,0.0,0.0
2024-07-03,218.7276835478024,220.2687225341797,217.76329209306172,220.2687225341797,37369800,0.0,0.0
2024-07-05,220.36812707547224,225.14037030398515,220.36812707547224,225.031005859375,60412400,0.0,0.0
2024-07-08,225.77666754871936,226.53228195249957,221.9588790483477,226.50245666503903,59085900,0.0,0.0
2024-07-09,226.61183554393173,228.07333550260196,225.0608597111907,227.3574981689453,48076100,0.0,0.0
2024-07-10,227.9739037781008,231.7320418789461,227.9241899064988,231.6326141357422,62627700,0.0,0.0
2024-07-11,230.0518217466028,231.04603853364384,224.4643282580064,226.25392150878903,64710600,0.0,0.0
2024-07-12,227.59608461971035,231.2945719488415,227.3574671508641,229.2067108154297,53046500,0.0,0.0
2024-07-15,235.11237576276483,235.8580383346859,231.7419815445035,233.04440307617188,62631300,0.0,0.0
2024-07-16,233.64094209406048,234.9036016458956,230.9863851256273,233.4619903564453,43234300,0.0,0.0
2024-07-17,228.1230311101644,230.1214164943178,225.3292844594588,227.55633544921875,57345900,0.0,0.0
2024-07-18,228.94822726389444,229.10730558155055,220.9845567217071,222.8834991455078,66034600,0.0,0.0
2024-07-19,223.5198165983548,225.4883615119168,221.9887143107171,223.01275634765625,49151500,0.0,0.0
2024-07-22,225.6971439398997,226.4626951020567,221.799816014305,222.664794921875,48201800,0.0,0.0
2024-07-23,223.07241159149987,225.6275559695254,221.3921828247117,223.70870971679688,39960300,0.0,0.0
2024-07-24,222.70455320631825,223.4999296447353,215.8742889513949,217.276123046875,61777600,0.0,0.0
2024-07-25,217.663867640833,219.57277716709376,213.3787958392943,216.23220825195312,51391200,0.0,0.0
2024-07-26,217.4352041073067,218.2206438494584,214.76075857434796,216.69949340820312,41601300,0.0,0.0
2024-07-29,215.70527849563507,218.0317421116191,214.50226952108,216.97787475585935,36311800,0.0,0.0
2024-07-30,217.92238139381377,219.05578793157812,214.87012855591783,217.53463745117188,41643800,0.0,0.0
2024-07-31,220.1593561933901,222.5255968769169,219.3540430654452,220.795654296875,50036300,0.0,0.0
2024-08-01,223.0724051151817,223.1817695634113,215.7649211779852,217.09716796875,62501000,0.0,0.0
2024-08-02,217.88258518105536,224.29529507499743,216.45092586682145,218.58848571777344,105568600,0.0,0.0
2024-08-05,197.9386185328084,212.26528622278008,194.8664922700932,208.05975341796875,119548600,0.0,0.0
2024-08-06,204.1126785722213,208.77555702617025,199.90714644624572,206.0315093994141,69660500,0.0,0.0
2024-08-07,205.703426053809,212.40445197195865,205.19638100586545,208.60655212402344,63516400,0.0,0.0
2024-08-08,211.87754516998305,212.9612378528938,207.62229843313003,212.07638549804688,47161100,0.0,0.0
2024-08-09,210.8733840757052,215.5263113015057,210.7441310403627,214.98944091796875,42201600,0.0,0.0
2024-08-12,215.0690650325273,218.49311650663688,214.60124108809117,216.5222930908203,38028100,0.25,0.0
2024-08-13,217.99543949730665,220.86210287308924,217.99543949730665,220.24497985839844,44155300,0.0,0.0
2024-08-14,219.54821978702563,221.9968153653892,218.68223972219693,220.69288635253903,41960600,0.0,0.0
2024-08-15,223.5595616066544,224.3060872818483,221.72807374055304,223.6790008544922,46414000,0.0,0.0
2024-08-16,222.88270038911836,225.77922361016536,222.6139468974481,225.0028381347656,44340200,0.0,0.0
2024-08-19,224.6743562399008,224.94310972106825,222.00676340736013,224.84356689453125,40687800,0.0,0.0
2024-08-20,224.72413110884565,226.11763957317405,224.4056062095116,225.460693359375,30299000,0.0,0.0
2024-08-21,225.4706659840429,226.9238941294544,224.00747444255487,225.3512115478516,34765500,0.0,0.0
2024-08-22,226.7347608131935,227.28221598709212,222.86278176595104,223.4898681640625,43695300,0.0,0.0
2024-08-23,224.61464290366072,227.16278137803025,223.29080225181497,225.78916931152344,38677300,0.0,0.0
2024-08-26,225.7095414433551,226.22713682494347,222.85284141893555,226.12759399414065,30602200,0.0,0.0
2024-08-27,224.9530683997657,227.7898720189865,223.8482098014285,226.97366333007807,35934600,0.0,0.0
2024-08-28,226.86416416696267,228.7951795929336,224.6345354462772,225.4407958984375,38052200,0.0,0.0
2024-08-29,229.03408635152132,231.8410150307569,227.8197366882459,228.7255096435547,51906300,0.0,0.0
2024-08-30,229.123652992766,229.33267166766268,226.42620031745173,227.9391632080078,52990800,0.0,0.0
2024-09-03,227.4912604304481,227.9391727978887,220.1454429272487,221.738037109375,50190600,0.0,0.0
2024-09-04,220.6331648046219,220.75260404502964,216.47252073588623,219.8269195556641,43840200,0.0,0.0
2024-09-05,220.60331260233696,224.43546851590304,220.49382156548631,221.34983825683597,36615400,0.0,0.0
2024-09-06,222.9125480449781,224.1965806221913,218.75191919539128,219.79705810546875,48423000,0.0,0.0
2024-09-09,219.79706302441252,220.24497537072617,215.7061019102892,219.8866424560547,67180000,0.0,0.0
2024-09-10,217.905857501112,220.45399594379384,215.72600018375596,219.09034729003903,51591000,0.0,0.0
2024-09-11,220.43410202901995,222.05654079085224,216.8806326219321,221.6285400390625,44587100,0.0,0.0
2024-09-12,221.46928361366915,222.51442259643304,218.8017058249269,221.738037109375,37455600,0.0,0.0
2024-09-13,222.54426752163744,223.00212806640087,220.8820056188433,221.46926879882807,36766600,0.0,0.0
2024-09-16,215.5368837592455,216.21374159471785,212.9290256243428,215.3179168701172,59357400,0.0,0.0
2024-09-17,214.75053008791312,215.89519659483264,213.50632075947797,215.78570556640625,45519300,0.0,0.0
2024-09-18,216.54222516573407,221.6783256446234,216.53226176931295,219.6676788330078,59894900,0.0,0.0
2024-09-19,223.94775287051627,228.75538000957172,223.58941994126667,227.8097686767578,66781300,0.0,0.0
2024-09-20,228.90467282845125,232.01021467188832,226.5655530501552,227.1428680419922,318679900,0.0,0.0
2024-09-23,226.28686337720748,228.3870895913876,224.76395218553373,225.4208984375,54146000,0.0,0.0
2024-09-24,227.59078065470555,228.28755007923567,224.6843092769655,226.31671142578125,43556100,0.0,0.0
2024-09-25,223.8880032168873,226.2370711111093,222.9822303399746,225.3213348388672,42308700,0.0,0.0
2024-09-26,226.24703661091277,227.44147457763864,224.3657926365912,226.4660186767578,36636700,0.0,0.0
2024-09-27,227.40166606122023,228.45675318264773,226.24703611440785,226.73475646972656,34026000,0.0,0.0
2024-09-30,228.97434440874213,231.92063903808597,228.5861516719536,231.92063903808597,54541900,0.0,0.0
2024-10-01,228.45675818805825,228.5861456381701,222.70353511874544,225.1620941162109,63285000,0.0,0.0
2024-10-02,224.84356992020332,226.31670960653597,221.9868699797652,225.7294464111328,32880600,0.0,0.0
2024-10-03,224.09704443839323,225.759306386038,222.28548343692836,224.6245880126953,34044200,0.0,0.0
2024-10-04,226.84423896960536,226.94378179124595,223.0917145657714,225.7493438720703,37245100,0.0,0.0
2024-10-07,223.4600206171574,224.64451046166124,220.3047072265611,220.6630401611328,39505400,0.0,0.0
2024-10-08,223.26094483680063,224.933155033014,222.2158058701156,224.72413635253903,31855700,0.0,0.0
2024-10-09,224.18662246797504,228.68568791487783,223.78848153487695,228.4766540527344,33591100,0.0,0.0
2024-10-10,226.72481576308653,228.43684913724616,226.11764095959848,227.97897338867188,28183500,0.0,0.0
2024-10-11,228.23778864704397,228.3472796881356,226.28686151162023,226.4958953857422,31759200,0.0,0.0
2024-10-14,227.640569026446,230.65653166515415,227.54104137845857,230.22853088378903,39882100,0.0,0.0
2024-10-15,232.527799450427,236.38983016358188,231.29353829774288,232.7666931152344,64751400,0.0,0.0
2024-10-16,230.52712470524972,231.0447048824563,228.7752681420796,230.70628356933597,34082200,0.0,0.0
2024-10-17,232.348638945834,232.76670668063704,229.4521309302649,231.07456970214844,32993800,0.0,0.0
2024-10-18,235.0858880500012,235.0858880500012,232.92594240501305,233.91136169433597,46431500,0.0,0.0
2024-10-21,233.36389625282135,235.752787252213,233.36389625282135,235.38449096679688,36254500,0.0,0.0
2024-10-22,232.80651969699693,235.12572795126604,231.52250221800776,234.76739501953125,38846600,0.0,0.0
2024-10-23,232.99562158724072,234.05070868615385,226.70489182210235,229.6909942626953,52287000,0.0,0.0
2024-10-24,228.9146289407981,229.75074924052936,227.35190975750177,229.5019073486328,31109500,0.0,0.0
2024-10-25,228.6757506783198,232.13962556438537,228.5065400142299,230.3380126953125,38802300,0.0,0.0
2024-10-28,232.23917058038825,233.6426273223557,231.4727332926884,232.31878662109372,36087100,0.0,0.0
2024-10-29,232.02018805231756,233.24448591818896,231.24380255804743,232.5875396728516,35417200,0.0,0.0
2024-10-30,231.53245531359053,232.38847204702165,228.48663292359964,229.0340881347656,47070900,0.0,0.0
2024-10-31,228.27758291037028,228.76531846185907,224.32597264925337,224.8634796142578,64370100,0.0,0.0
2024-11-01,219.94634980146597,224.3060641552936,219.2495956140762,221.8773651123047,65276700,0.0,0.0
2024-11-04,219.96627293386248,221.75792231303785,218.69220372782075,220.9815368652344,44944500,0.0,0.0
2024-11-05,220.77253601507732,222.91257027302564,220.11558975602287,222.41488647460935,28111300,0.0,0.0
2024-11-06,221.578756649688,225.02273483375984,220.16533664224423,221.6882476806641,54561100,0.0,0.0
2024-11-07,223.5894200604507,226.8243646333076,223.52970043689453,226.42620849609372,42137700,0.0,0.0
2024-11-08,226.366414165256,227.8511489598711,225.60910803907555,226.15716552734372,38328800,0.25,0.0
2024-11-11,224.2040938441064,224.9016146506588,220.7164746065314,223.4368133544922,42005600,0.0,0.0
2024-11-12,223.75568869738083,224.79200315214243,222.5698957238352,223.4368133544922,40398300,0.0,0.0
2024-11-13,223.2175800878685,225.84824072641777,221.97200184604,224.3236541748047,48566200,0.0,0.0
2024-11-14,224.22402706703755,228.06039910056816,224.2040935569292,227.41270446777344,44923900,0.0,0.0
2024-11-15,225.59914322363005,226.11730807125568,223.4766880681117,224.2041015625,47923700,0.0,0.0
2024-11-18,224.45320372664565,228.92732633570628,224.3734848929754,227.21340942382807,44633700,0.0,0.0
2024-11-19,226.1770839408332,229.34584301691132,225.8582238051146,227.4724884033203,36211800,0.0,0.0
2024-11-20,227.25326410482543,229.11664435033197,225.0909420304879,228.18994140625,35169600,0.0,0.0
2024-11-21,228.07038183414417,229.3458528412815,224.91159698015457,227.71165466308597,42108300,0.0,0.0
2024-11-22,227.2532745036032,229.90386885981252,227.2532745036032,229.05686950683597,38168300,0.0,0.0
2024-11-25,230.64124862727573,232.42491005721112,228.92733167542056,232.04624938964844,90152800,0.0,0.0
2024-11-26,232.50463944229023,234.73672132395916,232.50463944229023,234.228515625,45986200,0.0,0.0
2024-11-27,233.6405889619916,234.8562745603856,232.98291999142185,234.0989532470703,33498400,0.0,0.0
2024-11-29,233.97938842310504,236.96877632211965,233.14236346053607,236.490478515625,28481400,0.0,0.0
2024-12-02,236.43067691527065,239.9382141945345,236.32106542499287,238.74246215820312,48137100,0.0,0.0
2024-12-03,238.96170621081689,241.9012679940841,238.0549215480856,241.79165649414065,38861000,0.0,0.0
2024-12-04,242.01088645785893,243.2465056559754,240.3966217802532,242.150390625,44383900,0.0,0.0
2024-12-05,243.12691898237583,243.6749612569442,241.2734979097132,242.1802673339844,40033900,0.0,0.0
2024-12-06,242.0507319698173,243.7646488451358,241.2236661935451,241.98097229003903,36870600,0.0,0.0
2024-12-09,240.97455722335047,246.3654236467989,240.89483838917155,245.8771514892578,44649200,0.0,0.0
2024-12-10,246.0166626912396,247.33200068563025,244.4721425450312,246.8935546875,36914800,0.0,0.0
2024-12-11,247.08288910248365,249.91283942191652,245.38889040813984,245.6180877685547,45205800,0.0,0.0
2024-12-12,246.0166482138882,247.8601100871407,244.81092178998352,247.08287048339844,32777500,0.0,0.0
2024-12-13,246.9433725816478,248.40815863747187,245.36895982515324,247.2522735595703,33155300,0.0,0.0
2024-12-16,247.1127786134494,250.490786396497,246.7739697560149,250.1519775390625,51694800,0.0,0.0
2024-12-17,249.1953766416157,252.93211150871377,248.8964348112852,252.58334350585935,51356400,0.0,0.0
2024-12-18,251.26802371656945,253.3805196542609,246.86366065893745,247.1725616455078,56774100,0.0,0.0
2024-12-19,246.6245097734382,251.1085917693189,246.2159564313249,248.90640258789065,60882300,0.0,0.0
2024-12-20,247.1625865233097,254.097973187486,244.82090844231297,253.58978271484372,147495300,0.0,0.0
2024-12-23,253.8687883386418,254.7456651132031,252.55345036958025,254.3670196533203,40858800,0.0,0.0
2024-12-24,254.5862615131284,257.2966260773909,254.386956808638,257.28668212890625,23234700,0.0,0.0
2024-12-26,257.27667867815336,259.1799258751944,256.7186620602343,258.1037292480469,27237100,0.0,0.0
2024-12-27,256.91793375888693,257.7848817480364,252.16481819720389,254.6858673095703,42355300,0.0,0.0
2024-12-30,251.33776924994547,252.60328106925755,249.86300878941356,251.3078765869141,35557500,0.0,0.0
2024-12-31,251.5470385357527,252.38406352835983,248.54767617168997,249.5341796875,39480700,0.0,0.0
2025-01-02,248.0494281352692,248.2188401577881,240.96459363401945,242.98741149902344,55740700,0.0,0.0
2025-01-03,242.4991607666016,243.3162522656288,241.0343593963996,242.4991607666016,40244100,0.0,0.0
2025-01-06,243.4457849039297,246.45510633108967,242.33971076643533,244.1333465576172,45045600,0.0,0.0
2025-01-07,242.12049100282684,244.681407317594,240.496267218822,241.3532257080078,40856000,0.0,0.0
2025-01-08,241.0642520177986,242.8479287466886,239.2008716539854,241.84149169921875,37628900,0.0,0.0
2025-01-10,239.16100228470236,239.3104808095479,232.17580437363205,236.0121917724609,61710900,0.0,0.0
2025-01-13,232.7039288898965,233.8398957390806,228.90740850459227,233.5708465576172,49630700,0.0,0.0
2025-01-14,233.91960476413303,235.28475371553364,231.6476711610837,232.45480346679688,39435300,0.0,0.0
2025-01-15,233.80999436776756,238.11472029161555,233.6007305222416,237.028564453125,39832000,0.0,0.0
2025-01-16,236.51041752509497,237.1680713225123,227.22337827123215,227.4525604248047,71759100,0.0,0.0
2025-01-17,231.2988874265024,231.46828423922307,227.6717642713697,229.1664581298828,68488300,0.0,0.0
2025-01-21,223.20762199269612,223.62613445935492,218.6039696546368,221.85243225097656,98070400,0.0,0.0
2025-01-22,219.01252087308487,223.3272060060417,219.01252087308487,223.03823852539065,64126500,0.0,0.0
2025-01-23,223.94501691407203,226.2269096463908,221.51364566438272,222.86883544921875,60234800,0.0,0.0
2025-01-24,223.9848686181573,224.831867935065,220.6267944226493,221.991943359375,54697900,0.0,0.0
2025-01-27,223.2275672861503,231.3287982977573,223.18770026542344,229.04690551757807,94863400,0.0,0.0
2025-01-28,230.03341371427896,239.3403714135585,229.9935466927377,237.4171905517578,75707600,0.0,0.0
2025-01-29,233.2918357915463,239.01153699982427,233.1822242894862,238.5133056640625,45486100,0.0,0.0
2025-01-30,237.82573898228924,239.93823493591583,236.37091202718116,236.7495574951172,55658300,0.0,0.0
2025-01-31,246.31561143302469,246.31561143302469,232.61424963136,235.16519165039065,100959800,0.0,0.0
2025-02-03,229.1764524471141,231.00994009075865,224.90161912474943,227.2034454345703,73063300,0.0,0.0
2025-02-04,226.44613087125,232.3053359547129,225.84824721606736,231.97650146484372,45067300,0.0,0.0
2025-02-05,227.72160926815613,231.84696405052935,227.46253445166025,231.64767456054688,39620300,0.0,0.0
2025-02-06,230.47183871784503,232.9729696905443,229.61488023403817,232.39501953125,29925300,0.0,0.0
2025-02-07,231.77721918613,233.17226081850333,226.45609706307516,226.8247985839844,39707200,0.0,0.0
2025-02-10,229.0094413336025,230.02693972945136,226.64521806905947,227.0941162109375,33115600,0.25,0.0
2025-02-11,227.64279618723117,234.6556296697615,227.57297502290857,232.052001953125,53718400,0.0,0.0
2025-02-12,230.63545743654387,236.38140252594317,230.11672290007743,236.29161071777344,45243300,0.0,0.0
2025-02-13,236.33153226758247,241.7482663414184,234.99480784534867,240.94024658203125,53614100,0.0,0.0
2025-02-14,240.66092045804317,244.9504238462646,240.40156080072012,244.00274658203125,40896200,0.0,0.0
2025-02-18,243.55383619329416,244.5813199542748,241.2494791133952,243.87306213378903,48822500,0.0,0.0
2025-02-19,244.0626007630516,245.40929524371265,242.56626341463,244.27207946777344,32204200,0.0,0.0
2025-02-20,244.34191013103748,246.1774135823035,243.69348816231408,245.229736328125,32316900,0.0,0.0
2025-02-21,245.34944139409683,248.08275639920348,244.6212281548445,244.95042419433597,53197400,0.0,0.0
2025-02-24,244.3319283268952,248.25234005966587,243.82317911276243,246.49664306640625,51326400,0.0,0.0
2025-02-25,247.3944454522674,249.38956194785015,244.3119941197594,246.4367828369141,48013300,0.0,0.0
2025-02-26,243.7333937698084,244.3818005030484,238.5460942392985,239.7730865478516,44433600,0.0,0.0
2025-02-27,238.82541422357912,241.86796980219768,236.4811463462344,236.72056579589844,41153600,0.0,0.0
2025-02-28,236.37142201455796,241.4988707612677,229.63790389196947,241.24948120117188,56833400,0.0,0.0
2025-03-03,241.19958958341564,243.43412542285543,235.5334663348245,237.4487762451172,47184000,0.0,0.0
2025-03-04,237.1295800554318,239.4838181516717,234.10696453181083,235.3539123535156,53798100,0.0,0.0
2025-03-05,234.8451569942085,235.97240266650644,228.67026910680244,235.1643829345703,47227600,0.0,0.0
2025-03-06,233.86756011302523,237.27920752401755,232.59068676229825,234.75538635253903,45170400,0.0,0.0
2025-03-07,234.53591456798168,240.78062356819368,234.1867631010968,238.4862518310547,46273600,0.0,0.0
2025-03-10,234.96486230654432,235.583358769024,223.6725108894593,226.92454528808597,72071200,0.0,0.0
2025-03-11,223.2635152882841,225.2885573705892,216.9190440448537,220.3007659912109,76137400,0.0,0.0
2025-03-12,219.60246770742089,221.20853706339403,214.38524243690583,216.4501800537109,62547500,0.0,0.0
2025-03-13,215.4227092543014,216.3105355217808,207.9110965632093,209.1680145263672,61368300,0.0,0.0
2025-03-14,210.7341834889886,213.42758776028128,209.0682630129612,212.96871948242188,60107600,0.0,0.0
2025-03-17,212.78914514941675,214.69448503570536,209.4573042902151,213.4774627685547,48073400,0.0,0.0
2025-03-18,213.6370660568716,214.62463892519543,210.97358751075308,212.170654296875,42432400,0.0,0.0
2025-03-19,213.6969181399133,218.22582565599035,213.2280645696868,214.7144317626953,54385400,0.0,0.0
2025-03-20,213.4674927164621,216.9589465476154,211.70181037410745,213.5772247314453,48862900,0.0,0.0
2025-03-21,211.04340788811464,218.30563028145065,210.764092813104,217.73703002929688,94127800,0.0,0.0
2025-03-24,220.460369765545,220.9391934559484,218.04628066528423,220.19102478027344,44299500,0.0,0.0
2025-03-25,220.23093972638688,223.5528105346996,219.5426220965296,223.2036590576172,34493600,0.0,0.0
2025-03-26,222.96422035625235,224.4705429297273,219.9316502269997,220.9890594482422,34466100,0.0,0.0
2025-03-27,220.8494059295757,224.4406214835582,220.0214308095873,223.30340576171875,37094800,0.0,0.0
2025-03-28,221.12873402087155,223.26350805320467,217.1484711493609,217.3679351806641,39818600,0.0,0.0
2025-03-31,216.4801074447652,225.06908447075045,215.7020132379398,221.58761596679688,65299300,0.0,0.0
2025-04-01,219.2732679074421,223.13381331282267,218.36548628233527,222.64501953125,36412700,0.0,0.0
2025-04-02,220.77959080525144,224.6401362151353,220.4803202973195,223.3433074951172,35905900,0.0,0.0
2025-04-03,205.03811566571247,206.9833664271943,200.75859747782036,202.69386291503903,103419000,0.0,0.0
2025-04-04,193.4165691841804,199.391948603074,186.88255957870848,187.92002868652344,125910900,0.0,0.0
2025-04-07,176.76731422169505,193.6759230716255,174.19361217758157,181.0169219970703,160466300,0.0,0.0
2025-04-08,186.244123618335,189.87523506652792,168.79683943762106,171.99899291992188,120859500,0.0,0.0
2025-04-09,171.53013119082922,200.1201531468693,171.47028013366514,198.3644561767578,184395900,0.0,0.0
2025-04-10,188.6083530498886,194.30440235729915,182.55316692796467,189.95504760742188,121880000,0.0,0.0
2025-04-11,185.64558871717136,199.05275825525484,185.6056778647687,197.6661529541016,87435900,0.0,0.0
2025-04-14,210.9237150406947,212.42005238891585,200.6688176319417,202.02549743652344,101352900,0.0,0.0
2025-04-15,201.36710824854453,203.01307326666696,199.31214069618733,201.64642333984372,51343900,0.0,0.0
2025-04-16,197.8756484915953,200.2099310657198,191.9002692932641,193.79563903808597,59732400,0.0,0.0
2025-04-17,196.71848747425943,198.34451232255947,193.9452767059697,196.4990234375,52164700,0.0,0.0
2025-04-21,192.79807124065383,193.32677585155807,189.3465132845993,192.68833923339844,46742500,0.0,0.0
2025-04-22,195.64111763020085,201.097762433896,195.49148998245192,199.25228881835935,52976400,0.0,0.0
2025-04-23,205.49700887470837,207.4921254657249,202.30482537338813,204.10043334960935,52929200,0.0,0.0
2025-04-24,204.38970763388747,208.32008954356945,202.44447210591892,207.8612060546875,47311000,0.0,0.0
2025-04-25,205.86608387594285,209.2378355121778,205.69650080604464,208.76898193359372,38222300,0.0,0.0
2025-04-28,209.48723454234343,210.9835719319316,206.95344326011443,209.62689208984372,38743100,0.0,0.0
2025-04-29,208.18042396697467,211.72175863443917,207.86119803545407,210.69427490234372,36827600,0.0,0.0
2025-04-30,208.78894157113288,213.0584895980106,206.16535854293036,211.9811248779297,52286500,0.0,0.0
2025-05-01,208.5694808389541,214.0360957896086,208.3899124386699,212.79913330078125,57365700,0.0,0.0
2025-05-02,205.58677037884885,206.4845819118293,201.66637387157863,204.8485870361328,101010600,0.0,0.0
2025-05-05,202.6040848015313,203.60164304236295,197.72602561272544,198.40435791015625,69018500,0.0,0.0
2025-05-06,197.72601327833053,200.16004244803628,196.53891661034845,198.0252685546875,51216500,0.0,0.0
2025-05-07,198.6836658614824,198.9530108388585,192.77812311451905,195.7707977294922,68536700,0.0,0.0
2025-05-08,197.2372161152265,199.56152863729463,194.20463054641704,197.00778198242188,50478900,0.0,0.0
2025-05-09,198.51409591462888,200.0503289543839,197.05765414160052,198.0452423095703,36453900,0.0,0.0
2025-05-12,210.7308445260501,211.0305074927824,206.5156271207593,210.5510406494141,63775800,0.26,0.0
2025-05-13,210.19144790738707,213.1580823159532,208.76307628033237,212.6886138916016,51909300,0.0,0.0
2025-05-14,212.18917192393891,213.69746987061376,210.34127831689767,212.08929443359372,49325800,0.0,0.0
2025-05-15,210.71086343228012,212.7185946451233,209.30245815432872,211.21029663085935,45029500,0.0,0.0
2025-05-16,212.11926693678467,212.32903558469047,209.53220664773164,211.0205078125,54737900,0.0,0.0
2025-05-19,207.67431083672196,209.2425231134968,204.02843943795537,208.54331970214844,46140500,0.0,0.0
2025-05-20,207.4345828831543,208.2336790492342,204.79757620413463,206.62550354003903,42496600,0.0,0.0
2025-05-21,204.93741112479617,206.8052863577864,200.4824756537251,201.86090087890625,59211800,0.0,0.0
2025-05-22,200.4824720941681,202.52015274475195,199.4736073247078,201.13172912597656,46742400,0.0,0.0
2025-05-23,193.4504526925712,197.4758830409797,193.2406992850713,195.04864501953125,78432900,0.0,0.0
2025-05-27,198.07520901450675,200.51244545494848,197.20618488735448,199.9830474853516,56288500,0.0,0.0
2025-05-28,200.3626002526684,202.50017366149785,199.6733800230216,200.1927947998047,45339700,0.0,0.0
2025-05-29,203.3492174371598,203.57895243464628,198.28495762525483,199.72332763671875,51396800,0.0,0.0
2025-05-30,199.143981266816,201.73105672211125,196.55692105301176,200.622314453125,70819900,0.0,0.0
2025-06-02,200.05295557621693,201.9008644592711,199.8931332988897,201.47134399414065,35423300,0.0,0.0
2025-06-03,201.1217444882778,203.5389992121068,200.7321872237246,203.03956604003903,46381600,0.0,0.0
2025-06-04,202.6799822074808,206.00620910456837,201.8709028727957,202.590087890625,43604000,0.0,0.0
2025-06-05,203.26931435006065,204.5178973620389,199.92310578136212,200.40257263183597,55126100,0.0,0.0
2025-06-06,202.76987228695745,205.4668084267123,201.82095228760733,203.68882751464844,46607700,0.0,0.0
2025-06-09,204.15830357568728,205.76647909477697,199.79326227022588,201.2216339111328,72862600,0.0,0.0
2025-06-10,200.3726011094186,204.11835001917973,200.34263633745985,202.44024658203125,54672600,0.0,0.0
2025-06-11,203.26930749599725,204.2681738718989,198.18508130061548,198.55465698242188,60989900,0.0,0.0
2025-06-12,198.85432303920933,199.45363372918547,197.13627162659284,198.97418212890625,43904600,0.0,0.0
2025-06-13,199.50357538920457,200.1428492549886,195.47814514596445,196.227294921875,51447300,0.0,0.0
2025-06-16,197.07634287373045,198.46476655376847,196.33717625414863,198.195068359375,43020700,0.0,0.0
2025-06-17,196.9764419642561,198.16509536417732,194.98870767431248,195.418212890625,38856200,0.0,0.0
2025-06-18,195.71787336797544,197.3460303816964,194.84886452825484,196.35714721679688,45394700,0.0,0.0
2025-06-20,198.01527480684123,201.4713439140944,196.6368343380514,200.7721405029297,96813500,0.0,0.0
2025-06-23,201.40143343464243,202.07067208145293,198.7344620242812,201.2715759277344,55814300,0.0,0.0
2025-06-24,202.36033429336192,203.2093768046809,199.9730442780961,200.07293701171875,54064000,0.0,0.0
2025-06-25,201.2216365357081,203.43912119943792,200.3925755811161,201.33151245117188,39525700,0.0,0.0
2025-06-26,201.20164572639828,202.41028074115465,199.23389299836737,200.7721405029297,50799100,0.0,0.0
2025-06-27,201.66113009938155,202.98962419564967,199.7732732765776,200.85205078125,73188600,0.0,0.0
2025-06-30,201.7809871041056,207.15489297707504,199.0341046248948,204.9374084472656,91912800,0.0,0.0
2025-07-01,206.4357061767528,209.95171998702364,205.90630823197935,207.58441162109372,78788900,0.0,0.0
2025-07-02,208.6731759252599,213.09814660534315,207.9040445567577,212.1991729736328,67941800,0.0,0.0
2025-07-03,211.90950026104147,214.4066662563,211.56988934364432,213.30792236328125,34955800,0.0,0.0
2025-07-07,212.43889126622693,215.9848699115094,208.563300132892,209.7119903564453,50229000,0.0,0.0
2025-07-08,209.86183643928916,211.1903153368944,208.213697736729,209.7719268798828,42848900,0.0,0.0
2025-07-09,209.2924745188519,211.09043707809712,206.98509558510867,210.9006500244141,48749400,0.0,0.0
2025-07-10,210.27134950514616,213.237983779078,209.7918979255535,212.1692047119141,44443600,0.0,0.0
2025-07-11,210.33129628612957,211.88952536572023,209.6220944658076,210.92062377929688,39765800,0.0,0.0
2025-07-14,209.69201166358403,210.670911689046,207.3047216270235,208.3834991455078,38840100,0.0,0.0
2025-07-15,208.9828312368767,211.64980271899068,208.6831682659836,208.8729553222656,42296300,0.0,0.0
2025-07-16,210.06160887608692,212.1592191902425,208.40348697906975,209.92176818847656,47490500,0.0,0.0
2025-07-17,210.3313009439948,211.5599023237274,209.35240091776063,209.78192138671875,48068100,0.0,0.0
2025-07-18,210.63095139102305,211.54990664350103,209.46227954032304,210.9405975341797,48974600,0.0,0.0
2025-07-21,211.8595616297783,215.53538252867688,211.39009321998003,212.23912048339844,51377400,0.0,0.0
2025-07-22,212.89838571641525,214.7063314773177,211.9894136266437,214.15695190429688,46404100,0.0,0.0
2025-07-23,214.75626907170556,214.90609293027535,212.1692088371252,213.9072265625,46989300,0.0,0.0
2025-07-24,213.65751035981805,215.44548969662856,213.28793468034505,213.5176696777344,46022600,0.0,0.0
2025-07-25,214.45660521718813,214.9960015887686,213.15807589620647,213.63754272460935,40268800,0.0,0.0
2025-07-28,213.78737619229815,214.6064539631857,212.81847455673216,213.80735778808597,37858000,0.0,0.0
2025-07-29,213.93719187335407,214.5664825639156,210.58101550100253,211.03050231933597,51411700,0.0,0.0
2025-07-30,211.65977882345743,212.14922883427735,207.48452469073797,208.81301879882807,45512500,0.0,0.0
2025-07-31,208.25365677749065,209.60211724381097,206.92516266487007,207.33470153808597,80698400,0.0,0.0
2025-08-01,210.63095505795985,213.33788973606852,201.27158167093611,202.1505889892578,104434500,0.0,0.0
2025-08-04,204.27816503495924,207.64435521756303,201.4513712516652,203.11949157714844,75109300,0.0,0.0
2025-08-05,203.1694082424696,205.1072113881769,201.93082373064988,202.68995666503903,44155100,0.0,0.0
2025-08-06,205.39689808550256,215.1358452662651,205.3569348951669,213.0082550048828,108483100,0.0,0.0
2025-08-07,218.63187314031333,220.5996410833085,216.33447747046455,219.7805633544922,90224800,0.0,0.0
2025-08-08,220.57966572513484,230.73813503605493,219.00145500716468,229.0900115966797,113854000,0.0,0.0
2025-08-11,227.9199981689453,229.55999755859372,224.75999450683597,227.17999267578125,61806100,0.26,0.0
2025-08-12,228.00999450683597,230.8000030517578,227.07000732421875,229.6499938964844,55626200,0.0,0.0
2025-08-13,231.07000732421875,235.0,230.42999267578125,233.3300018310547,69878500,0.0,0.0
2025-08-14,234.05999755859372,235.1199951171875,230.8500061035156,232.77999877929688,51916300,0.0,0.0
2025-08-15,234.0,234.27999877929688,229.33999633789065,231.58999633789065,56038700,0.0,0.0
2025-08-18,231.6999969482422,233.1199951171875,230.1100006103516,230.88999938964844,37476200,0.0,0.0
2025-08-19,231.27999877929688,232.8699951171875,229.3500061035156,230.55999755859372,39402600,0.0,0.0
2025-08-20,229.97999572753903,230.47000122070312,225.7700042724609,226.00999450683597,42263900,0.0,0.0
2025-08-21,226.2700042724609,226.5200042724609,223.77999877929688,224.8999938964844,30621200,0.0,0.0
2025-08-22,226.1699981689453,229.08999633789065,225.41000366210935,227.75999450683597,42477800,0.0,0.0
2025-08-25,226.47999572753903,229.3000030517578,226.22999572753903,227.16000366210935,30983100,0.0,0.0
2025-08-26,226.8699951171875,229.4900054931641,224.69000244140625,229.30999755859372,54575100,0.0,0.0
2025-08-27,228.6100006103516,230.8999938964844,228.25999450683597,230.4900054931641,31259500,0.0,0.0
2025-08-28,230.82000732421875,233.41000366210935,229.33999633789065,232.55999755859372,38074700,0.0,0.0
2025-08-29,232.50999450683597,233.3800048828125,231.3699951171875,232.13999938964844,39418400,0.0,0.0
2025-09-02,229.25,230.8500061035156,226.97000122070312,229.72000122070312,44075600,0.0,0.0
2025-09-03,237.2100067138672,238.8500061035156,234.3600006103516,238.47000122070312,66427800,0.0,0.0
2025-09-04,238.4499969482422,239.8999938964844,236.7400054931641,239.77999877929688,47549400,0.0,0.0
2025-09-05,240.0,241.32000732421875,238.4900054931641,239.69000244140625,54870400,0.0,0.0
2025-09-08,239.3000030517578,240.1499938964844,236.33999633789065,237.8800048828125,48999500,0.0,0.0
2025-09-09,237.0,238.77999877929688,233.3600006103516,234.3500061035156,66313900,0.0,0.0
2025-09-10,232.19000244140625,232.4199981689453,225.9499969482422,226.7899932861328,83440800,0.0,0.0
2025-09-11,226.8800048828125,230.4499969482422,226.6499938964844,230.02999877929688,50208600,0.0,0.0
2025-09-12,229.22000122070312,234.50999450683597,229.0200042724609,234.07000732421875,55824200,0.0,0.0
2025-09-15,237.0,238.19000244140625,235.02999877929688,236.6999969482422,42699500,0.0,0.0
2025-09-16,237.17999267578125,241.22000122070312,236.32000732421875,238.1499938964844,63421100,0.0,0.0
2025-09-17,238.97000122070312,240.1000061035156,237.72999572753903,238.9900054931641,46508000,0.0,0.0
2025-09-18,239.97000122070312,241.1999969482422,236.6499938964844,237.8800048828125,44249600,0.0,0.0
2025-09-19,241.22999572753903,246.3000030517578,240.2100067138672,245.5,163741300,0.0,0.0
2025-09-22,248.3000030517578,256.6400146484375,248.1199951171875,256.0799865722656,105517400,0.0,0.0
2025-09-23,255.8800048828125,257.3399963378906,253.5800018310547,254.42999267578125,60275200,0.0,0.0
2025-09-24,255.22000122070312,255.7400054931641,251.0399932861328,252.30999755859372,42303700,0.0,0.0
2025-09-25,253.2100067138672,257.1700134277344,251.7100067138672,256.8699951171875,55202100,0.0,0.0
2025-09-26,254.1000061035156,257.6000061035156,253.77999877929688,255.4600067138672,46076300,0.0,0.0
2025-09-29,254.55999755859372,255.0,253.00999450683597,254.42999267578125,40091100,0.0,0.0
